LPT nnnnn.nnnn
        YYYYMMDDHH _A_[km2] cen_lat.__ cen_lon.__ Nobj
LPT     0.0100
        2005060100  4657005      -4.97     155.50  1
        2005060103  4608381      -5.10     155.49  1
        2005060106  4505397      -5.19     155.45  1
        2005060109  4257667      -5.45     155.40  1
        2005060112  4073506      -5.60     155.39  1
        2005060115  3902403      -5.44     155.11  1
        2005060118  3706279      -5.49     154.94  1
        2005060121  3354468      -5.54     154.70  1
        2005060200   588335       8.37     148.31  1
        2005060203   568851       9.16     147.12  1
        2005060206   494628       9.91     145.63  1
        2005060209   480406      10.27     144.53  1
        2005060212   643034      10.26     144.18  1
        2005060215   824744      10.21     143.86  1
        2005060218   983893      10.09     143.71  1
        2005060221  1074454      10.07     143.30  1
        2005060300  1202501       9.97     143.18  1
        2005060303  1359765       9.81     143.27  1
        2005060306  1508446       9.72     143.07  1
        2005060309  1575520       9.69     142.75  1
        2005060312  1608306       9.68     142.35  1
        2005060315  1667589       9.68     142.23  1
        2005060318  1763135       9.74     141.98  1
        2005060321  1694692      10.05     141.33  1
        2005060400  1699734      10.24     140.79  1
        2005060403  1697139      10.43     140.38  1
        2005060406  1660927      10.53     140.02  1
        2005060409  1632842      10.67     139.68  1
        2005060412  1694788      10.70     139.40  1
        2005060415  1761568      10.69     139.32  1
        2005060418  1729473      10.73     138.99  1
        2005060421  1734654      10.88     138.59  1
        2005060500  1619897      11.06     138.10  1
        2005060503   997038      12.58     133.22  1
        2005060506   997367      13.05     132.23  1
        2005060509  1008068      13.54     131.58  1
        2005060512  1058174      13.90     131.14  1
        2005060515  1196465      14.22     130.67  1
        2005060518  1249841      14.57     130.42  1
        2005060521  1378878      15.03     130.49  1
        2005060600  2593635      20.91     134.68  1
        2005060603  2765975      20.91     134.64  1
        2005060606  2945766      20.98     134.75  1
        2005060609  3122422      21.06     134.83  1
        2005060612  3179095      21.11     134.95  1
        2005060615  3363768      20.97     134.74  1
        2005060618  3652894      20.54     133.83  1
        2005060621  3858487      20.25     133.21  1
        2005060700  4036831      19.95     132.59  1
        2005060703  4093130      19.81     132.12  1
        2005060706  4559835      19.68     130.18  1
        2005060709  4752027      19.48     129.73  1
        2005060712  4792455      19.26     129.53  1
        2005060715  4884140      19.06     129.08  1
        2005060718  5002433      18.79     128.50  1
        2005060721  5089803      18.55     128.20  1
        2005060800  5108427      18.41     127.74  1
        2005060803  5059760      18.36     127.46  1
        2005060806  5091998      18.20     126.85  1
        2005060809  5107609      18.01     126.00  1
        2005060812  4947488      17.66     125.29  1
        2005060815  6189013      16.28     118.55  1
        2005060818  6208832      15.97     117.36  1
        2005060821  6271832      15.61     116.14  1
        2005060900  6220688      15.32     114.92  1
        2005060903  6050589      15.07     113.79  1
        2005060906  5799313      15.04     112.89  1
        2005060909  5521479      14.86     111.21  1
        2005060912  4187893      12.93     103.00  1
        2005060915  4165078      12.86     102.41  1
        2005060918  4078594      12.85     101.73  1
        2005060921  4059005      12.86     101.03  1
        2005061000  4019432      12.84     100.52  1
        2005061003  4040974      12.98     100.03  1
        2005061006  4067735      13.06      99.54  1
        2005061009  3311839      12.95      96.17  1
        2005061012  3057036      13.16      95.37  1
        2005061015  2924218      13.29      94.97  1
        2005061018  2783498      13.39      94.58  1
        2005061021  2705507      13.52      94.30  1
        2005061100  2632021      13.65      94.09  1
        2005061103  2554596      13.68      93.90  1
        2005061106  2529932      13.80      93.79  1
        2005061109  2427663      14.01      93.68  1
        2005061112  2342112      13.90      93.48  1
        2005061115  2249760      13.71      93.30  1
        2005061118  5467460       3.30      89.75  1
        2005061121  5470938       3.07      89.76  1
        2005061200  5326743       2.67      89.79  1
        2005061203  3341489      -3.84      88.27  1
        2005061206  3265892      -3.95      88.68  1
        2005061209  3238626      -4.05      89.18  1
        2005061212  3320934      -4.21      89.60  1
        2005061215  3322075      -4.33      90.04  1
        2005061218  3292853      -4.51      90.55  1
        2005061221  3339303      -4.57      91.12  1
        2005061300  3324281      -4.64      91.64  1
        2005061303  3292435      -4.69      92.04  1
        2005061306  3087796      -4.73      92.93  1
        2005061309  2796433      -4.80      93.85  1
        2005061312  2788451      -4.81      94.32  1
        2005061315  2733600      -4.86      94.78  1
        2005061318  2673532      -4.89      95.15  1
        2005061321  2589089      -4.86      95.49  1
        2005061400  2533123      -4.81      95.69  1
        2005061403  2333654      -4.79      95.96  1
        2005061406  2061503      -4.75      96.34  1
        2005061409  1928993      -4.67      96.61  1
        2005061412  1937024      -4.55      96.85  1
        2005061415  2003363      -4.45      96.94  1
        2005061418  2080471      -4.35      96.97  1
        2005061421  2141356      -4.50      96.94  1
        2005061500  2165016      -4.72      96.82  1
        2005061503  2217734      -4.97      96.81  1
        2005061506  2343618      -5.08      96.73  1
        2005061509  2373128      -5.13      96.69  1
        2005061512  2383779      -5.14      96.74  1
        2005061515  2353410      -5.05      96.72  1
        2005061518  2410531      -4.92      96.62  1
        2005061521  2426081      -4.87      96.69  1
        2005061600  2405665      -4.83      96.81  1
        2005061603  2428277      -4.78      96.75  1
        2005061606  2390733      -4.85      96.83  1
        2005061609  2309252      -4.98      97.01  1
        2005061612  2300601      -5.07      97.14  1
        2005061615  2266538      -5.19      97.29  1
        2005061618  2281643      -5.26      97.46  1
        2005061621  2338954      -5.29      97.62  1
        2005061700  2358036      -5.31      97.86  1
        2005061703  2375348      -5.39      98.12  1
        2005061706  2393817      -5.37      98.32  1
        2005061709  2475192      -5.31      98.64  1
        2005061712  2462943      -5.30      98.84  1
        2005061715  2353857      -5.38      99.03  1
        2005061718  2274862      -5.39      99.17  1
        2005061721  2258193      -5.31      99.20  1
        2005061800  2162572      -5.24      99.12  1
        2005061803  1974957      -5.16      98.99  1
        2005061806  1842981      -4.88      98.66  1
        2005061809  1660012      -4.66      98.45  1
        2005061812  1615212      -4.45      98.26  1
        2005061815  1617258      -4.18      98.11  1
        2005061818  1557694      -3.95      98.05  1
        2005061821  1538576      -3.87      98.13  1
        2005061900  1557573      -3.40      97.77  1
        2005061903  3621612       7.77      95.84  1
        2005061906  3669214       7.72      95.78  1
        2005061909  3891285       6.98      95.85  1
        2005061912  3785979       5.82      95.76  1
        2005061915  3758730       5.24      95.76  1
        2005061918  3743758       5.09      95.72  1
        2005061921  3789608       4.88      95.66  1
        2005062000  3763695       4.99      95.48  1
        2005062003  3730326       5.19      95.27  1
        2005062006  3695677       5.27      95.14  1
        2005062009  3640814       4.98      95.05  1
        2005062012  3481932       4.99      94.75  1
        2005062015  3433487       5.08      94.62  1
        2005062018  3427557       5.09      94.63  1
        2005062021  3386115       5.00      94.66  1
        2005062100  3302458       5.32      94.50  1
        2005062103  3227077       5.34      94.40  1
        2005062106  3114594       5.27      94.37  1
        2005062109  2945735       5.33      94.31  1
        2005062112  2646171       5.43      94.18  1
        2005062115   735843      -3.91     101.03  1
        2005062118   526861      -4.35     101.97  1
        2005062121   417378      -4.61     102.85  1
        2005062203   345885      -4.34     105.26  1
        2005062206   506419      -3.67     106.19  1
        2005062209   709404      -2.99     106.81  1
        2005062212   787703      -1.96     107.23  1
        2005062215   951381      -1.00     107.57  1
        2005062218  1070221      -0.08     108.17  1
        2005062221  1331331       0.66     108.68  1
        2005062300  1539694       1.45     109.24  1
        2005062303  1742383       1.97     109.63  1
        2005062306  1955626       2.34     109.89  1
        2005062309  2087240       2.56     110.01  1
        2005062312  2079229       2.71     110.09  1
        2005062315  2055972       2.84     110.16  1
        2005062318  1999613       3.11     110.29  1
        2005062321  1849324       3.53     110.41  1
        2005062400  1699827       3.94     110.47  1
        2005062403  1475080       4.23     110.64  1
        2005062406  1361656       4.54     110.81  1
        2005062409  1238712       4.99     110.55  1
        2005062412  1009089       5.49     110.45  1
        2005062415   836188       6.10     109.99  1
        2005062418   770861       6.69     109.34  1
        2005062421   648603       7.48     108.15  1
        2005062500   529185       8.09     107.15  1
LPT     1.0100
        2005060812   331359     -13.45     178.56  1
        2005060815   370931     -13.60     178.28  1
        2005060818   481848     -14.04     177.77  1
        2005060821   605538     -14.55     177.23  1
        2005060900   973652     -15.08     176.94  1
        2005060903  1258738     -15.35     176.86  1
        2005060906  1482215     -15.49     176.95  1
        2005060909  1804379     -15.57     177.20  1
        2005060912  2142521     -15.58     177.56  1
        2005060915  2369106     -15.54     177.80  1
        2005060918  2660410     -15.55     177.92  1
        2005060921  2836969     -15.55     178.20  1
        2005061000  3033360     -15.50     178.45  1
        2005061003  3185930     -15.52     178.72  1
        2005061006  3332540     -15.57     178.77  1
        2005061009  3520395     -15.63     178.76  1
        2005061012  3687320     -15.73     178.66  1
        2005061015  3829412     -15.84     178.61  1
        2005061018  3965386     -16.11     178.54  1
        2005061021  4042050     -16.38     178.48  1
        2005061100  4118534     -16.74     178.44  1
        2005061103  4174551     -17.01     178.48  1
        2005061106  4204803     -17.32     178.60  1
        2005061109  4292281     -17.64     178.76  1
        2005061112  4341008     -17.83     178.92  1
        2005061115  4426022     -18.09     179.04  1
        2005061118  4504765     -18.28     179.16  1
        2005061121  4565547     -18.45     179.38  1
        2005061200  4559984     -18.53     179.53  1
        2005061203  4568815     -18.78     179.72  1
        2005061206  4571961     -19.00     179.94  1
        2005061209  4643192     -19.23     180.19  1
        2005061212  4605697     -19.48     180.49  1
        2005061215  4632469     -19.91     180.93  1
        2005061218  4633492     -20.28     181.29  1
        2005061221  4589165     -20.79     181.82  1
        2005061300  4482310     -21.16     182.03  1
        2005061303  4401247     -21.68     182.39  1
        2005061306  4235813     -22.12     182.52  1
        2005061309  4130063     -22.57     183.03  1
        2005061312  4016561     -23.01     183.49  1
        2005061315  3953648     -23.32     184.07  1
        2005061318  3888950     -23.74     184.72  1
        2005061321  3747165     -24.16     185.62  1
        2005061400  3610144     -24.36     186.49  1
        2005061403  3433877     -24.62     187.30  1
        2005061406  3323659     -24.84     187.96  1
        2005061409  3214000     -25.07     188.50  1
        2005061412  3120451     -25.20     189.17  1
        2005061415  3129614     -25.35     189.63  1
        2005061418  3084281     -25.43     190.10  1
        2005061421  3090683     -25.48     190.52  1
        2005061500  3036401     -25.66     190.86  1
        2005061503  3071768     -25.74     191.04  1
        2005061506  2978246     -25.73     191.47  1
        2005061509  2917906     -25.69     191.81  1
        2005061512  2786925     -25.78     192.18  1
        2005061515  2645059     -25.75     192.53  1
        2005061518  2401125     -25.79     193.06  1
        2005061521  2188993     -25.77     193.56  1
        2005061600  1838192     -25.61     194.14  1
        2005061603  1640643     -25.55     194.42  1
        2005061606  1200456     -24.93     195.17  1
        2005061609   951898     -24.14     195.86  1
        2005061612   698298     -23.58     196.37  1
        2005061615   520648     -23.28     196.73  1
        2005061618   345915     -23.40     197.03  1
LPT     2.0100
        2005061221   304217      21.07     118.52  1
        2005061300   432146      21.18     118.44  1
        2005061303   511054      21.27     118.35  1
        2005061306   591126      21.39     118.33  1
        2005061309   645178      21.52     118.32  1
        2005061312   684592      21.69     118.32  1
        2005061315   706971      21.81     118.42  1
        2005061318   719838      21.96     118.50  1
        2005061321   801821      22.02     118.69  1
        2005061400   923733      22.08     118.89  1
        2005061403  1052880      22.21     119.18  1
        2005061406  1256761      22.57     119.71  1
        2005061409  1477371      22.91     120.12  1
        2005061412  1645655      23.20     120.58  1
        2005061415  1748841      23.33     120.82  1
        2005061418  1886633      23.54     121.22  1
        2005061421  1990891      23.74     121.72  1
        2005061500  2061729      23.84     122.01  1
        2005061503  2145780      23.87     122.06  1
        2005061506  2244585      23.82     121.82  1
        2005061509  2377636      23.68     121.21  1
        2005061512  2388346      23.63     121.00  1
        2005061515  2415263      23.74     121.12  1
        2005061518  2407063      23.76     121.06  1
        2005061521  2384315      23.77     120.99  1
        2005061600  2424917      23.79     120.91  1
        2005061603  2441530      23.91     121.03  1
        2005061606  2458948      23.96     120.91  1
        2005061609  2442590      23.98     120.65  1
        2005061612  2409353      24.03     120.56  1
        2005061615  2352449      24.14     120.71  1
        2005061618  2295388      24.23     120.76  1
        2005061621  2259395      24.32     120.85  1
        2005061700  2200946      24.41     120.93  1
        2005061703  2088062      24.46     120.96  1
        2005061706  2007120      24.44     120.71  1
        2005061709  1854529      24.33     120.08  1
        2005061712  1557117      24.18     119.56  1
        2005061715  1351786      24.11     118.96  1
        2005061718  1267621      24.22     118.96  1
        2005061721  1262927      24.48     119.34  1
        2005061800  1246315      24.67     119.43  1
        2005061803  1165955      24.79     119.32  1
        2005061806  1065447      25.07     119.45  1
        2005061809   884782      25.49     120.15  1
        2005061812   402109      26.39     123.15  1
        2005061821   458333      26.86     122.40  1
        2005061900   628830      26.93     122.01  1
        2005061903   731780      27.09     121.75  1
        2005061906   763269      27.21     121.36  1
        2005061909   688027      27.28     121.01  1
        2005061912   637810      27.41     121.21  1
        2005061915   694287      27.59     121.50  1
        2005061918   729320      27.67     121.54  1
        2005061921   957346      27.72     121.84  1
        2005062000  1068146      27.71     121.84  1
        2005062003  1186839      27.67     121.40  1
        2005062006  1305901      27.60     120.91  1
        2005062009  1374432      27.64     120.88  1
        2005062012  1361652      27.67     121.15  1
        2005062015  1366018      27.65     121.35  1
        2005062018  1348181      27.66     121.86  1
        2005062021  1436984      27.72     122.25  1
        2005062100  1431577      27.71     122.11  1
        2005062103  1435891      27.59     121.52  1
        2005062106  1434850      27.51     121.28  1
        2005062109  1438039      27.36     120.83  1
        2005062112  1378351      27.09     120.04  1
        2005062115  1427610      26.78     119.23  1
        2005062118  1325523      26.55     118.52  1
        2005062121  1472239      26.40     118.27  1
        2005062200  1447208      26.25     117.99  1
        2005062203  1502636      26.02     117.53  1
        2005062206  1470236      25.84     117.09  1
        2005062209  1410390      25.67     116.79  1
        2005062212  1392591      25.70     116.89  1
        2005062215  1345741      25.67     116.88  1
        2005062218  1227825      25.50     116.55  1
        2005062221  1331043      25.55     116.86  1
        2005062300  1339595      25.53     116.97  1
        2005062303  1394342      25.48     117.07  1
        2005062306  1368868      25.33     116.88  1
        2005062309  1325382      25.16     116.74  1
        2005062312  1195673      25.00     116.59  1
        2005062315  1113979      24.99     116.76  1
        2005062318  1047397      24.93     116.87  1
        2005062321  1022353      24.74     116.71  1
        2005062400   835594      24.38     116.12  1
        2005062403   664518      24.16     115.92  1
        2005062406   503270      23.97     115.74  1
        2005062409   377900      23.89     115.73  1
LPT     3.0100
        2005061915   370928      11.51     266.62  1
        2005061918   461561      11.61     266.65  1
        2005061921   596778      11.69     266.55  1
        2005062000   703142      11.77     266.43  1
        2005062003   737861      11.79     266.26  1
        2005062006   779383      11.80     266.20  1
        2005062009   835230      11.82     266.18  1
        2005062012   922012      11.84     266.09  1
        2005062015  1001540      11.98     266.30  1
        2005062018  1120531      12.21     266.47  1
        2005062021  1236398      12.57     266.74  1
        2005062100  1311905      12.94     266.88  1
        2005062103  1432239      13.17     267.04  1
        2005062106  1487502      13.46     267.05  1
        2005062109  1549706      13.59     266.95  1
        2005062112  1605562      13.75     266.84  1
        2005062115  1563943      13.83     266.72  1
        2005062118  1495850      14.18     266.82  1
        2005062121  1456373      14.60     267.05  1
        2005062200  1521424      14.89     267.19  1
        2005062203  1595711      15.01     267.20  1
        2005062206  1678531      14.90     267.19  1
        2005062209  1675695      14.60     266.71  1
        2005062212  1705748      14.40     266.26  1
        2005062215  1606670      13.97     265.56  1
        2005062218  1520426      13.78     265.13  1
        2005062221  1459942      13.76     265.01  1
        2005062300  1466568      13.79     265.31  1
        2005062303  1411647      13.71     265.59  1
        2005062306  1469215      13.49     266.08  1
        2005062309  1547481      13.21     266.37  1
        2005062312  1430393      12.94     265.93  1
        2005062315  1354767      12.74     265.85  1
        2005062318  1368834      12.64     265.83  1
        2005062321  1425971      12.64     266.07  1
        2005062400  1353288      12.71     266.01  1
        2005062403  1299714      12.74     265.87  1
        2005062406  1204917      12.88     265.40  1
        2005062409  1197998      12.75     265.39  1
        2005062412  1129502      12.59     265.17  1
        2005062415   963810      12.40     265.09  1
        2005062418   909567      12.39     265.12  1
        2005062421   971023      12.49     265.12  1
        2005062500   923819      12.63     264.98  1
        2005062503   860998      12.72     264.74  1
        2005062506   760711      12.77     264.48  1
        2005062509   738085      12.78     264.07  1
        2005062512   744941      12.75     263.76  1
        2005062515   789594      12.67     263.70  1
        2005062518   846314      12.59     263.68  1
        2005062521   939746      12.57     263.76  1
        2005062600  1035270      12.60     263.86  1
        2005062603  1035181      12.62     263.85  1
        2005062606  1136354      12.55     264.02  1
        2005062609  1283921      12.41     264.30  1
        2005062612  1471047      12.21     264.43  1
        2005062615  1664961      12.05     264.77  1
        2005062618  1874200      12.09     264.81  1
        2005062621  2065056      12.06     264.92  1
        2005062700  2207075      12.01     264.86  1
        2005062703  2338344      11.99     264.70  1
        2005062706  2452644      11.94     264.68  1
        2005062709  2649677      11.91     264.78  1
        2005062712  2768260      11.88     264.67  1
        2005062715  2866589      11.92     264.65  1
        2005062718  3030769      12.05     264.79  1
        2005062721  3126250      11.98     264.95  1
        2005062800  3242892      11.77     265.25  1
        2005062803  3314564      11.63     265.47  1
        2005062806  3507198      11.44     265.92  1
        2005062809  3662346      11.37     266.17  1
        2005062812  3745046      11.30     266.47  1
        2005062815  3844342      11.33     266.74  1
        2005062818  3914649      11.39     267.05  1
        2005062821  3963227      11.44     267.28  1
        2005062900  3989246      11.43     267.52  1
        2005062903  3962190      11.37     267.66  1
        2005062906  4007345      11.37     267.76  1
        2005062909  4026825      11.47     267.74  1
        2005062912  4008843      11.44     267.76  1
        2005062915  4029605      11.43     267.89  1
        2005062918  4047692      11.51     267.78  1
        2005062921  4043313      11.37     267.99  1
        2005063000  3972094      11.18     267.93  1
        2005063003  3864640      11.02     267.84  1
        2005063006  3854747      10.78     268.14  1
        2005063009  3836947      10.69     268.13  1
        2005063012  3578510      10.42     268.12  1
        2005063015  3413098      10.25     268.31  1
        2005063018  3184495      10.05     268.80  1
        2005063021  2909510       9.81     269.16  1
        2005070100  2754181       9.88     269.07  1
        2005070103  2367993       9.93     269.08  1
        2005070106   692955      11.97     255.06  1
        2005070109   760990      11.95     254.71  1
        2005070112   833621      11.90     254.39  1
        2005070115   907780      11.87     254.24  1
        2005070118   902568      11.84     254.04  1
        2005070121   960693      11.86     254.13  1
        2005070200   996716      11.92     254.29  1
        2005070203  1025902      11.99     254.41  1
        2005070206  1036130      12.08     254.67  1
        2005070209  1058496      12.15     254.92  1
        2005070212  1069850      12.15     255.18  1
        2005070215  1052914      12.24     255.61  1
        2005070218   967305      12.36     256.12  1
        2005070221   821529      12.44     256.53  1
        2005070300   623571      12.59     257.37  1
LPT     4.0100
        2005062803   472770      13.33     119.50  1
        2005062806   598813      13.40     119.04  1
        2005062809   763300      13.38     118.75  1
        2005062812   784208      13.41     118.63  1
        2005062815   774417      13.42     118.47  1
        2005062818   816620      13.37     118.41  1
        2005062821   868977      13.42     118.16  1
        2005062900   821989      13.55     118.05  1
        2005062903   837683      13.77     117.89  1
        2005062906   890523      14.05     117.66  1
        2005062909   927056      14.26     117.37  1
        2005062912   886621      14.46     117.28  1
        2005062915   869018      14.57     117.16  1
        2005062918   886259      14.55     116.92  1
        2005062921   934518      14.44     116.82  1
        2005063000  1011346      14.30     116.75  1
        2005063003  1090495      14.15     116.88  1
        2005063006  1161266      14.05     117.13  1
        2005063009  2057667      10.01     122.13  1
        2005063012  2110446       9.63     122.55  1
        2005063015  2270933       9.30     122.80  1
        2005063018  2378886       9.06     122.77  1
        2005063021  2344341       8.90     122.69  1
        2005070100  2378214       8.67     122.75  1
        2005070103  2313878       8.44     122.90  1
        2005070106  2255689       8.03     123.28  1
        2005070109  2245132       7.61     123.92  1
        2005070112  2155866       6.60     125.49  1
        2005070115  2470111       6.64     125.65  1
        2005070118  2774483       6.82     125.52  1
        2005070121  2939167       6.72     125.94  1
        2005070200  3005877       6.40     126.76  1
        2005070203  3128299       6.55     126.75  1
        2005070206  3118504       6.29     127.28  1
        2005070209  2878790       5.52     128.74  1
        2005070212  2617773       4.68     130.72  2
        2005070215  2635046       4.22     132.03  1
        2005070218  2800821       4.12     132.67  1
        2005070221  2526391       3.08     135.30  1
        2005070300  2545217       2.90     136.01  1
        2005070303  2629130       2.78     136.48  1
        2005070306  2709024       2.73     136.71  1
        2005070309  2818000       2.73     136.84  1
        2005070312  2958508       2.72     136.84  1
        2005070315  3055834       2.79     136.75  1
        2005070318  3097842       2.89     136.65  1
        2005070321  3159925       3.02     136.61  1
        2005070400  3174314       3.15     136.50  1
        2005070403  3193334       3.26     136.37  1
        2005070406  3241389       3.38     136.10  1
        2005070409  3256450       3.48     135.96  1
        2005070412  3297784       3.47     135.96  1
        2005070415  3333511       3.48     135.86  1
        2005070418  3322234       3.40     136.00  1
        2005070421  3302410       3.52     135.81  1
        2005070500  3159563       3.48     135.90  1
        2005070503  2959043       3.36     136.07  1
        2005070506  2738222       3.21     135.94  1
        2005070509  2476831       3.09     136.10  1
        2005070512   804483       9.11     125.12  1
        2005070515   678629       9.57     124.18  1
        2005070518   655265       9.85     123.17  1
        2005070521   662283      10.15     122.11  1
        2005070600   711068      10.42     121.34  1
        2005070603   721257      10.60     121.02  1
        2005070606   806024      10.68     120.44  1
        2005070609   864815      10.81     120.05  1
        2005070612   815451      10.83     119.65  1
        2005070615   743933      10.93     119.27  1
        2005070618   710427      10.99     118.79  1
        2005070621   602620      11.08     118.32  1
        2005070700   494040      11.21     117.71  1
        2005070703   372552      11.43     117.50  1
        2005070706   327637      11.64     117.25  1
LPT     5.0100
        2005062409   349631      22.26      93.67  1
        2005062412   526117      22.08      93.37  1
        2005062415   706682      22.02      93.26  1
        2005062418   815487      22.01      93.12  1
        2005062421  1001046      21.86      93.22  1
        2005062500  1109588      21.71      93.02  1
        2005062503  1246517      21.37      92.77  1
        2005062506  1819177      19.54      94.03  1
        2005062509  2005216      19.87      93.38  1
        2005062512  2064835      19.95      92.98  1
        2005062515  2057212      19.99      92.78  1
        2005062518  2117990      19.99      92.82  1
        2005062521  2283138      19.93      92.94  1
        2005062600  2329530      19.93      92.49  1
        2005062603  2429121      19.92      92.07  1
        2005062606  2440671      19.97      91.98  1
        2005062609  2374872      19.98      91.57  1
        2005062612  2312745      20.08      91.23  1
        2005062615  2237496      20.03      91.00  1
        2005062618  2233249      19.98      90.94  1
        2005062621  2233273      19.93      90.74  1
        2005062700  2228595      19.90      90.43  1
        2005062703  2225735      19.85      90.17  1
        2005062706  2147156      19.82      90.02  1
        2005062709  2016035      19.77      89.88  1
        2005062712  1903364      19.74      89.69  1
        2005062715  1782474      19.72      89.52  1
        2005062718  1708042      19.69      89.44  1
        2005062721  1669826      19.66      89.53  1
        2005062800  1652590      19.57      89.43  1
        2005062803  1582591      19.52      89.47  1
        2005062806  1580848      19.63      89.62  1
        2005062809  1701159      19.88      88.70  1
        2005062812  1688833      19.95      88.59  1
        2005062815  1446841      19.90      90.07  1
        2005062818  1450320      19.92      90.25  1
        2005062821  1713715      20.07      88.53  1
        2005062900  1730626      20.05      87.83  1
        2005062903  1357639      19.80      90.45  1
        2005062906  1280519      19.73      90.95  1
        2005062909  1356458      19.67      91.11  1
        2005062912  1311090      19.62      91.32  1
        2005062915  1266479      19.56      91.55  1
        2005062918  1289344      19.51      91.72  1
        2005062921  1320380      19.54      91.73  1
        2005063000  1356885      19.52      91.79  1
        2005063003  1306395      19.55      91.95  1
        2005063006  1279719      19.52      92.28  1
        2005063009  1386389      19.53      92.32  1
        2005063012  1360392      19.42      92.54  1
        2005063015  1309000      19.30      92.66  1
        2005063018  1426082      19.13      93.03  1
        2005063021  1465428      19.04      93.12  1
        2005070100  1514098      19.13      93.00  1
        2005070103  1549413      19.16      93.04  1
        2005070106  1629920      19.26      92.97  1
        2005070109  1705368      19.21      93.04  1
        2005070112  1686262      19.23      92.99  1
        2005070115  1645102      19.27      92.87  1
        2005070118  1634475      19.39      92.65  1
        2005070121  1594908      19.65      92.33  1
        2005070200  1544338      19.86      92.03  1
        2005070203  1542062      20.10      91.74  1
        2005070206  1573686      20.27      91.53  1
        2005070209  1688507      20.49      91.21  1
        2005070212  2245697      20.93      87.16  1
        2005070215  2279456      20.98      87.30  1
        2005070218  2355258      20.96      87.18  1
        2005070221  2461461      20.98      87.13  1
        2005070300  2555516      20.99      87.08  1
        2005070303  2627737      21.01      87.01  1
        2005070306  2801037      21.05      87.01  1
        2005070309  2842460      21.01      87.36  1
        2005070312  2905983      21.03      87.37  1
        2005070315  2906085      21.01      87.59  1
        2005070318  3034240      21.00      87.66  1
        2005070321  3083081      21.03      87.54  1
        2005070400  3153835      20.97      87.54  1
        2005070403  3153914      20.85      87.74  1
        2005070406  3233527      20.82      87.89  1
        2005070409  3348822      20.66      88.27  1
        2005070412  3422636      20.58      88.28  1
        2005070415  3444660      20.42      88.48  1
        2005070418  3602621      20.24      88.68  1
        2005070421  3713931      19.99      89.24  1
        2005070500  3851812      19.64      89.63  1
        2005070503  3975125      19.28      89.90  1
        2005070506  4174080      18.97      90.06  1
        2005070509  4229247      18.70      90.23  1
        2005070512  4141461      18.34      90.50  1
        2005070515  4052449      18.12      90.71  1
        2005070518  3997957      17.94      90.80  1
        2005070521  3975703      17.85      90.84  1
        2005070600  3923146      17.61      90.98  1
        2005070603  3856562      17.34      91.15  1
        2005070606  3832698      17.12      91.33  1
        2005070609  3736292      16.85      91.51  1
        2005070612  3651082      16.63      91.57  1
        2005070615  3478056      16.36      91.70  1
        2005070618  3431984      16.21      91.76  1
        2005070621  3386770      16.09      91.74  1
        2005070700  3313536      15.90      91.73  1
        2005070703  3176640      15.79      91.60  1
        2005070706  3073417      15.59      91.65  1
        2005070709  2959535      15.40      91.56  1
        2005070712  2794618      15.32      91.27  1
        2005070715  2653895      15.25      91.16  1
        2005070718  2550276      15.10      91.14  1
        2005070721  2375647      14.98      91.05  1
        2005070800  2251330      14.79      90.81  1
        2005070803  2059373      14.71      90.54  1
        2005070806  1790462      14.74      90.48  1
        2005070809  1432810      14.76      90.44  1
        2005070812  1208796      14.98      90.24  1
        2005070815   969043      15.11      90.11  1
        2005070818   827505      15.12      90.08  1
        2005070821   775861      15.19      90.09  1
        2005070900   812160      15.25      90.00  1
        2005070903   743496      15.30      89.88  1
        2005070906   572442      15.22      90.01  1
        2005070909   348232      15.17      90.26  1
LPT     6.0100
        2005071003   361819      -3.12      84.97  1
        2005071006   446686      -3.04      85.50  1
        2005071009   497630      -2.94      86.06  1
        2005071012   574796      -2.84      86.63  1
        2005071015   702030      -2.84      86.99  1
        2005071018   816894      -2.84      87.46  1
        2005071021   941694      -2.92      87.86  1
        2005071100   977868      -2.99      88.28  1
        2005071103  1027090      -3.13      88.84  1
        2005071106  1145763      -3.14      89.52  1
        2005071109  1333841      -3.13      90.58  1
        2005071112  1602739      -3.12      91.48  1
        2005071115  1826119      -3.07      91.95  1
        2005071118  2031879      -2.96      92.05  1
        2005071121  2309283      -2.75      92.03  1
        2005071200  2528294      -2.48      92.12  1
        2005071203  2734188      -2.23      92.04  1
        2005071206  2920698      -2.06      91.96  1
        2005071209  4505203       0.69      86.16  1
        2005071212  4804876       0.73      86.23  1
        2005071215  5031756       0.74      86.20  1
        2005071218  5190389       0.71      86.32  1
        2005071221  5323355       0.61      86.37  1
        2005071300  5413178       0.56      86.46  1
        2005071303  5415589       0.42      86.75  1
        2005071306  5400179       0.22      87.17  1
        2005071309  5440896       0.01      87.62  1
        2005071312  5440249      -0.24      88.19  1
        2005071315  5410529      -0.47      88.78  1
        2005071318  5365635      -0.61      89.30  1
        2005071321  5406507      -0.71      89.74  1
        2005071400  5441189      -0.65      89.77  1
        2005071403  5404987      -0.58      89.81  1
        2005071406  5431031      -0.47      89.69  1
        2005071409  5542086      -0.30      89.58  1
        2005071412  5630982      -0.02      89.23  1
        2005071415  5711357       0.23      88.97  1
        2005071418  5810062       0.49      88.74  1
        2005071421  5976497       0.75      88.59  1
        2005071500  6000885       0.87      88.51  1
        2005071503  5974998       0.94      88.42  1
        2005071506  5868903       0.96      88.61  1
        2005071509  5849797       1.05      88.80  1
        2005071512  5803331       1.01      88.95  1
        2005071515  5789548       1.08      88.89  1
        2005071518  5827836       1.32      88.79  1
        2005071521  5964383       1.43      88.68  1
        2005071600  5967361       1.57      88.62  1
        2005071603  5842588       1.73      88.54  1
        2005071606  5805802       1.82      88.51  1
        2005071609  5795620       2.14      88.40  1
        2005071612  5716566       2.60      88.18  1
        2005071615  5476768       3.08      87.69  1
        2005071618  5170956       3.70      87.12  1
        2005071621  3088200       7.03      78.46  1
        2005071700  2688144       8.14      76.55  1
        2005071703  2429353       9.21      75.10  1
        2005071706  2361113       9.76      74.50  1
        2005071709  2279553      10.17      74.01  1
        2005071712  2200335      10.66      73.64  1
        2005071715  2104379      10.98      73.20  1
        2005071718  1998210      11.25      72.91  1
        2005071721  1840016      11.44      72.65  1
        2005071800  1612650      11.60      72.39  1
        2005071803  1469105      11.78      72.27  1
        2005071806  1335117      12.04      72.19  1
        2005071809  1276182      12.22      72.16  1
        2005071812  1201944      12.48      72.10  1
        2005071815  1105384      12.53      71.99  1
        2005071818   933348      12.65      71.82  1
        2005071821   746933      12.56      71.52  1
        2005071900   640438      12.68      71.49  1
        2005071903   527332      12.75      71.46  1
        2005071906   411101      12.92      71.53  1
        2005071909   408499      13.13      71.75  1
        2005071912   416261      13.42      72.02  1
        2005071915   444676      13.88      72.33  1
        2005071918   443646      14.41      72.81  1
        2005071921   372996      14.61      73.03  1
        2005072000   301091      14.74      73.07  1
LPT     7.0100
        2005071406   335183      20.10     154.59  1
        2005071409   487040      19.78     153.99  1
        2005071412   552489      19.55     153.56  1
        2005071415   659890      19.26     153.25  1
        2005071418   764019      18.96     152.89  1
        2005071421   849762      18.75     152.62  1
        2005071500   866105      18.56     152.39  1
        2005071503   893933      18.41     152.26  1
        2005071506   868405      18.25     152.19  1
        2005071509   826618      18.10     152.07  1
        2005071512   793828      17.89     152.06  1
        2005071515   808794      17.66     152.12  1
        2005071518   708288      17.41     151.99  1
        2005071521   602052      17.23     151.79  1
        2005071600   463941      17.01     151.57  1
        2005071603  1248358      17.97     141.46  1
        2005071606  1358647      18.13     139.68  1
        2005071609  1467477      18.26     138.21  1
        2005071612  1562912      18.32     137.27  1
        2005071615  1693559      18.20     137.34  1
        2005071618  1452439      18.61     134.65  1
        2005071621  1466885      18.70     133.95  1
        2005071700  1513507      18.80     133.24  1
        2005071703  1575450      18.88     132.65  1
        2005071706  1616997      18.96     132.15  1
        2005071709  1726955      19.11     131.60  1
        2005071712  1770251      19.27     130.94  1
        2005071715  1769512      19.34     130.62  1
        2005071718  1814038      19.39     130.42  1
        2005071721  1878355      19.48     130.12  1
        2005071800  1960281      19.67     129.59  1
        2005071803  2012060      19.82     129.09  1
        2005071806  2051478      20.02     128.47  1
        2005071809  2133329      20.28     127.79  1
        2005071812  2100173      20.58     126.93  1
        2005071815  2054761      20.79     126.23  1
        2005071818  2053533      20.97     125.74  1
        2005071821  2016314      21.17     125.29  1
        2005071900  1963964      21.52     124.57  1
        2005071903  1918721      21.84     124.04  1
        2005071906  1924539      22.08     123.60  1
        2005071909  1899342      22.36     123.23  1
        2005071912  1837118      22.64     122.82  1
        2005071915  1773349      22.79     122.56  1
        2005071918  1775133      22.93     122.34  1
        2005071921  1795807      23.02     122.12  1
        2005072000  1783991      23.17     121.90  1
        2005072003  1715943      23.34     121.69  1
        2005072006  1652668      23.48     121.47  1
        2005072009  1609675      23.59     121.34  1
        2005072012  1511195      23.68     121.11  1
        2005072015  1437251      23.80     120.89  1
        2005072018  1437737      23.82     120.79  1
        2005072021  1446331      23.81     120.69  1
        2005072100  1419579      23.80     120.58  1
        2005072103  1336387      23.80     120.42  1
        2005072106  1275718      23.88     120.25  1
        2005072109  1181694      23.91     120.09  1
        2005072112   998899      24.04     119.97  1
        2005072115   806249      24.10     119.88  1
        2005072118   658648      24.32     119.84  1
        2005072121   537210      24.43     119.75  1
        2005072200   456498      24.40     119.54  1
LPT     8.0100
        2005071600   316737      -0.11     157.71  1
        2005071603   444921      -0.00     157.82  1
        2005071606   509775       0.07     157.96  1
        2005071609   545282       0.26     158.17  1
        2005071612   637127       0.31     158.41  1
        2005071615   797612       0.22     158.50  1
        2005071618  1142318      -0.12     158.63  1
        2005071621  1251745      -0.15     158.70  1
        2005071700  1345786      -0.26     158.83  1
        2005071703  1521497      -0.30     158.92  1
        2005071706  1713424      -0.26     159.12  1
        2005071709  1992212      -0.31     159.16  1
        2005071712  2130876      -0.27     159.15  1
        2005071715  2276487      -0.24     159.00  1
        2005071718  2399838      -0.33     158.65  1
        2005071721  2394644      -0.43     158.31  1
        2005071800  2379358      -0.59     158.01  1
        2005071803  2248539      -0.86     157.70  1
        2005071806  2159229      -1.16     157.34  1
        2005071809  2014302      -1.54     157.13  1
        2005071812  1831434      -1.94     157.04  1
        2005071815  1739453      -2.28     157.07  1
        2005071818  1691452      -2.51     157.15  1
        2005071821  1406689      -2.85     157.68  1
        2005071900  1344925      -2.95     157.92  1
        2005071903  1306368      -2.94     158.29  1
        2005071906  1311771      -2.91     158.51  1
        2005071909  1348783      -2.86     158.74  1
        2005071912  1448311      -2.74     158.76  1
        2005071915  1585566      -2.71     158.50  1
        2005071918  1700506      -2.63     158.17  1
        2005071921  1585140      -2.56     157.62  1
        2005072000  2255273      -1.27     152.21  1
        2005072003  2921957       0.12     148.89  1
        2005072006  3311740       1.08     147.06  1
        2005072009  3588062       2.12     145.17  1
        2005072012  3710021       3.31     143.28  1
        2005072015  4078770       4.14     141.95  1
        2005072018  4421877       4.78     141.29  1
        2005072021  4376849       5.70     140.38  1
        2005072100  4036780       7.48     138.72  1
        2005072103  4266078       8.01     138.64  1
        2005072106  4439256       8.39     138.74  1
        2005072109  4561604       8.85     138.87  1
        2005072112  4749203       9.20     138.93  1
        2005072115  4905545       9.50     139.24  1
        2005072118  5107082       9.66     139.40  1
        2005072121  5261658       9.94     139.59  1
        2005072200  5382358      10.20     139.71  1
        2005072203  5571182      10.34     139.72  1
        2005072206  5757213      10.48     139.81  1
        2005072209  5947634      10.57     139.87  1
        2005072212  6109896      10.68     139.86  1
        2005072215  6249416      10.75     139.83  1
        2005072218  6847041      10.67     138.59  1
        2005072221  7382168      10.75     137.51  1
        2005072300  7729737      10.82     136.90  1
        2005072303  7920499      10.98     136.55  1
        2005072306  8141642      11.09     136.04  1
        2005072309  8321074      11.24     135.81  1
        2005072312  8472056      11.31     135.53  1
        2005072315  8518714      11.40     135.35  1
        2005072318  8567822      11.53     135.08  1
        2005072321  8662792      11.66     134.72  1
        2005072400  8731499      11.73     134.44  1
        2005072403 13781938      13.62     118.80  1
        2005072406 13936173      13.80     118.25  1
        2005072409 14064791      13.97     117.97  1
        2005072412 14123433      14.08     117.60  1
        2005072415 14156949      14.09     117.55  1
        2005072418 14201443      14.14     117.46  1
        2005072421 14347350      14.15     117.58  1
        2005072500 14717443      13.74     118.30  1
        2005072503 14996204      13.45     118.89  1
        2005072506 15137028      13.37     119.08  1
        2005072509 15249057      13.25     119.37  1
        2005072512 15085720      13.12     119.69  1
        2005072515 14988443      12.89     120.07  1
        2005072518 15024544      12.83     120.15  1
        2005072521 14947377      12.75     120.21  1
        2005072600 14464837      12.66     120.46  1
        2005072603 14197359      12.65     120.46  1
        2005072606 14182622      12.62     120.22  1
        2005072609 14015728      12.63     120.64  2
        2005072612 13891953      12.51     120.37  1
        2005072615 13868250      12.34     120.38  1
        2005072618 13961246      12.24     120.24  1
        2005072621 12381061      10.09     117.57  1
        2005072700 12344021      10.02     117.90  1
        2005072703 12294593       9.99     118.16  1
        2005072706 12419506      10.01     118.37  1
        2005072709 12473135       9.97     118.74  1
        2005072712 12553706       9.95     118.92  1
        2005072715 12429896       9.82     119.46  1
        2005072718 12465767       9.82     119.62  1
        2005072721 12509422       9.77     119.87  1
        2005072800 12475659       9.77     119.90  1
        2005072803 12458952       9.85     119.94  1
        2005072806 12565248       9.89     120.13  1
        2005072809 12624626       9.85     120.61  1
        2005072812 12764518       9.77     121.65  1
        2005072815 12964581       9.70     122.79  1
        2005072818 13064037       9.73     123.55  1
        2005072821 12982438       9.69     124.46  1
        2005072900 12706534       9.55     125.51  1
        2005072903 11634777       8.48     130.46  1
        2005072906 11559067       8.59     130.28  1
        2005072909 11295322       8.61     130.30  1
        2005072912 11074777       8.67     130.10  1
        2005072915  6396091       3.48     148.81  1
        2005072918  6325365       3.46     148.77  1
        2005072921  6278860       3.50     148.48  1
        2005073000  5664310       3.29     146.31  1
        2005073003  5600815       3.35     146.14  1
        2005073006  5582136       3.39     145.94  1
        2005073009  5588989       3.51     145.52  1
        2005073012  5617177       3.67     145.05  1
        2005073015  5633906       3.83     144.82  1
        2005073018  5700107       4.05     144.33  1
        2005073021  5684724       4.25     144.03  1
        2005073100  5603826       4.50     143.73  1
        2005073103  5591555       4.76     143.42  1
        2005073106  5599366       5.00     143.19  1
        2005073109  5586705       5.28     142.83  1
        2005073112  5545669       5.57     142.45  1
        2005073115  5569527       5.84     142.19  1
        2005073118  5567599       6.09     141.85  1
        2005073121  5569996       6.34     141.47  1
        2005080100  5611397       6.70     141.06  1
        2005080103  5651682       7.02     140.84  1
        2005080106  6964434       5.99     144.88  1
        2005080109  7305961       6.00     145.26  1
        2005080112  7688647       5.93     145.82  1
        2005080115  8058598       5.96     146.09  1
        2005080118  8285255       5.97     146.18  1
        2005080121  8296462       6.10     146.07  1
        2005080200  8147052       6.36     145.73  1
        2005080203  8107846       6.49     145.76  2
        2005080206  8051862       6.64     145.56  2
        2005080209  8097749       6.88     145.39  2
        2005080212  8285320       7.04     145.48  2
        2005080215  8622619       7.18     145.85  2
        2005080218  9093738       7.14     146.60  2
        2005080221  9445802       7.30     147.00  1
        2005080300  9468475       7.59     146.62  1
        2005080303  9669587       7.68     146.58  1
        2005080306  9654874       7.82     146.26  1
        2005080309  9799722       7.91     145.95  1
        2005080312  9917881       7.96     145.68  1
        2005080315  9943231       8.06     145.23  1
        2005080318  9749846       8.30     144.53  1
        2005080321  9592280       8.60     143.73  1
        2005080400  9288684       9.12     142.84  1
        2005080403  8906005       9.69     141.86  1
        2005080406  8637881      10.18     141.13  1
        2005080409  8616522      10.32     140.84  1
        2005080412  8569531      10.35     140.72  1
        2005080415  8600851      10.40     140.68  1
        2005080418  8576636      10.48     140.61  1
        2005080421  8594119      10.48     140.65  1
        2005080500  8610372      10.63     140.60  1
        2005080503  8592459      10.66     140.64  1
        2005080506  8653472      10.56     140.67  1
        2005080509  8745766      10.55     140.56  1
        2005080512  8779530      10.50     140.48  1
        2005080515  8715985      10.21     140.76  1
        2005080518  8641159       9.83     140.99  1
        2005080521  8607413       9.64     141.03  1
        2005080600  8429451       9.46     141.11  1
        2005080603  8285604       9.32     141.21  1
        2005080606  8181803       9.16     141.35  1
        2005080609  8163508       9.07     141.44  1
        2005080612  7976598       8.88     141.68  1
        2005080615  7744390       8.80     141.76  1
        2005080618  6197933       4.19     146.87  1
        2005080621  6213115       4.17     146.93  1
        2005080700  6092970       4.20     147.00  1
        2005080703  6076377       4.27     146.94  1
        2005080706  6079691       4.45     146.83  1
        2005080709  6142072       4.52     146.86  1
        2005080712  6104550       4.54     146.88  1
        2005080715  6225419       4.64     146.73  1
        2005080718  6332847       4.70     146.44  1
        2005080721  6424488       4.90     145.99  1
        2005080800  6489793       5.13     145.47  1
        2005080803  6497904       5.30     145.20  1
        2005080806  6638629       5.44     145.26  1
        2005080809  6746257       5.71     145.44  1
        2005080812  6674347       5.88     145.67  1
        2005080815  3272983      10.95     131.85  1
        2005080818  3236986      11.12     131.20  1
        2005080821  3189516      11.23     130.61  1
        2005080900  3125631      11.33     130.34  1
        2005080903  3186126      11.46     130.03  1
        2005080906  3163364      11.60     129.75  1
        2005080909  3196878      11.77     129.29  1
        2005080912  3219884      11.93     128.98  1
        2005080915  3177581      12.01     128.80  1
        2005080918  3162422      12.08     128.60  1
        2005080921  3177257      12.15     128.31  1
        2005081000  3159175      12.27     128.01  1
        2005081003  3157897      12.36     127.77  1
        2005081006  3189986      12.55     127.20  1
        2005081009  3237502      12.77     126.64  1
        2005081012  3249927      12.89     126.36  1
        2005081015  3321177      13.01     126.04  1
        2005081018  3472836      13.21     125.38  1
        2005081021  3624076      13.43     124.80  1
        2005081100  3754440      13.57     124.60  1
        2005081103  3879396      13.75     124.19  1
        2005081106  3998839      13.94     123.83  1
        2005081109  5894109      15.51     114.77  1
        2005081112  6001696      15.59     114.92  1
        2005081115  6187140      15.63     115.22  1
        2005081118  6329628      15.62     115.64  1
        2005081121  6561664      15.66     115.66  1
        2005081200  6596301      15.66     115.81  1
        2005081203  6619825      15.63     116.31  1
        2005081206  6723511      15.66     116.44  1
        2005081209  6868318      15.67     116.36  1
        2005081212  6952855      15.74     116.19  1
        2005081215  6982499      15.83     115.88  1
        2005081218  7035090      15.89     115.51  1
        2005081221  7070752      16.00     114.78  1
        2005081300  7001506      16.08     114.10  1
        2005081303  6899330      16.21     113.41  1
        2005081306  6839343      16.46     112.27  1
        2005081309  6786889      16.67     111.47  1
        2005081312  6670588      16.84     110.70  1
        2005081315  6739948      17.08     109.62  1
        2005081318  6806828      17.14     108.85  1
        2005081321  6799465      17.28     108.12  1
        2005081400  6713291      17.34     107.51  1
        2005081403  6649780      17.47     106.84  1
        2005081406  6679912      17.63     106.16  1
        2005081409  6767125      17.82     105.51  1
        2005081412  3503144      17.40      94.68  1
        2005081415  3448017      17.49      94.44  1
        2005081418  3467843      17.67      94.14  1
        2005081421  3551903      17.78      93.81  1
        2005081500  3522084      17.82      93.42  1
        2005081503  3424815      17.93      93.16  1
        2005081506  3404389      18.10      92.90  1
        2005081509  3387817      18.26      92.65  1
        2005081512  3279979      18.51      92.50  1
        2005081515  3130240      18.71      92.22  1
        2005081518  3048667      18.89      92.06  1
        2005081521  3009465      19.19      91.69  1
        2005081600  2900485      19.29      91.23  1
        2005081603  2713129      19.54      90.78  1
        2005081606  2611785      19.81      90.50  1
        2005081609  2475227      20.04      90.13  1
        2005081612  2333898      20.27      89.78  1
        2005081615  2135945      20.39      89.54  1
        2005081618  1842099      20.22      89.28  1
        2005081621  1677429      20.14      89.12  1
        2005081700  1442948      19.98      88.70  1
        2005081703  1147966      19.98      88.27  1
        2005081706   818878      20.10      88.30  1
LPT     8.0200
        2005071600   316737      -0.11     157.71  1
        2005071603   444921      -0.00     157.82  1
        2005071606   509775       0.07     157.96  1
        2005071609   545282       0.26     158.17  1
        2005071612   637127       0.31     158.41  1
        2005071615   797612       0.22     158.50  1
        2005071618  1142318      -0.12     158.63  1
        2005071621  1251745      -0.15     158.70  1
        2005071700  1345786      -0.26     158.83  1
        2005071703  1521497      -0.30     158.92  1
        2005071706  1713424      -0.26     159.12  1
        2005071709  1992212      -0.31     159.16  1
        2005071712  2130876      -0.27     159.15  1
        2005071715  2276487      -0.24     159.00  1
        2005071718  2399838      -0.33     158.65  1
        2005071721  2394644      -0.43     158.31  1
        2005071800  2379358      -0.59     158.01  1
        2005071803  2248539      -0.86     157.70  1
        2005071806  2159229      -1.16     157.34  1
        2005071809  2014302      -1.54     157.13  1
        2005071812  1831434      -1.94     157.04  1
        2005071815  1739453      -2.28     157.07  1
        2005071818  1691452      -2.51     157.15  1
        2005071821  1406689      -2.85     157.68  1
        2005071900  1344925      -2.95     157.92  1
        2005071903  1306368      -2.94     158.29  1
        2005071906  1311771      -2.91     158.51  1
        2005071909  1348783      -2.86     158.74  1
        2005071912  1448311      -2.74     158.76  1
        2005071915  1585566      -2.71     158.50  1
        2005071918  1700506      -2.63     158.17  1
        2005071921  1585140      -2.56     157.62  1
        2005072000  2255273      -1.27     152.21  1
        2005072003  2921957       0.12     148.89  1
        2005072006  3311740       1.08     147.06  1
        2005072009  3588062       2.12     145.17  1
        2005072012  3710021       3.31     143.28  1
        2005072015  4078770       4.14     141.95  1
        2005072018  4421877       4.78     141.29  1
        2005072021  4376849       5.70     140.38  1
        2005072100  4036780       7.48     138.72  1
        2005072103  4266078       8.01     138.64  1
        2005072106  4439256       8.39     138.74  1
        2005072109  4561604       8.85     138.87  1
        2005072112  4749203       9.20     138.93  1
        2005072115  4905545       9.50     139.24  1
        2005072118  5107082       9.66     139.40  1
        2005072121  5261658       9.94     139.59  1
        2005072200  5382358      10.20     139.71  1
        2005072203  5571182      10.34     139.72  1
        2005072206  5757213      10.48     139.81  1
        2005072209  5947634      10.57     139.87  1
        2005072212  6109896      10.68     139.86  1
        2005072215  6249416      10.75     139.83  1
        2005072218  6847041      10.67     138.59  1
        2005072221  7382168      10.75     137.51  1
        2005072300  7729737      10.82     136.90  1
        2005072303  7920499      10.98     136.55  1
        2005072306  8141642      11.09     136.04  1
        2005072309  8321074      11.24     135.81  1
        2005072312  8472056      11.31     135.53  1
        2005072315  8518714      11.40     135.35  1
        2005072318  8567822      11.53     135.08  1
        2005072321  8662792      11.66     134.72  1
        2005072400  8731499      11.73     134.44  1
        2005072403 13781938      13.62     118.80  1
        2005072406 13936173      13.80     118.25  1
        2005072409 14064791      13.97     117.97  1
        2005072412 14123433      14.08     117.60  1
        2005072415 14156949      14.09     117.55  1
        2005072418 14201443      14.14     117.46  1
        2005072421 14347350      14.15     117.58  1
        2005072500 14717443      13.74     118.30  1
        2005072503 14996204      13.45     118.89  1
        2005072506 15137028      13.37     119.08  1
        2005072509 15249057      13.25     119.37  1
        2005072512 15085720      13.12     119.69  1
        2005072515 14988443      12.89     120.07  1
        2005072518 15024544      12.83     120.15  1
        2005072521 14947377      12.75     120.21  1
        2005072600 14464837      12.66     120.46  1
        2005072603 14197359      12.65     120.46  1
        2005072606 14182622      12.62     120.22  1
        2005072609 14015728      12.63     120.64  2
        2005072612 13891953      12.51     120.37  1
        2005072615 13868250      12.34     120.38  1
        2005072618 13961246      12.24     120.24  1
        2005072621 12381061      10.09     117.57  1
        2005072700 12344021      10.02     117.90  1
        2005072703 12294593       9.99     118.16  1
        2005072706 12419506      10.01     118.37  1
        2005072709 12473135       9.97     118.74  1
        2005072712 12553706       9.95     118.92  1
        2005072715 12429896       9.82     119.46  1
        2005072718 12465767       9.82     119.62  1
        2005072721 12509422       9.77     119.87  1
        2005072800 12475659       9.77     119.90  1
        2005072803 12458952       9.85     119.94  1
        2005072806 12565248       9.89     120.13  1
        2005072809 12624626       9.85     120.61  1
        2005072812 12764518       9.77     121.65  1
        2005072815 12964581       9.70     122.79  1
        2005072818 13064037       9.73     123.55  1
        2005072821 12982438       9.69     124.46  1
        2005072900 12706534       9.55     125.51  1
        2005072903 11634777       8.48     130.46  1
        2005072906 11559067       8.59     130.28  1
        2005072909 11295322       8.61     130.30  1
        2005072912 11074777       8.67     130.10  1
        2005072915  4644827      15.68     105.62  1
        2005072918  4660959      15.86     105.34  1
        2005072921  4628070      15.98     105.03  1
        2005073000  4584846      16.06     104.86  1
        2005073003  4544313      16.22     104.50  1
        2005073006  4543239      16.33     104.42  1
        2005073009  4591717      16.43     104.36  1
        2005073012  4535753      16.51     104.21  1
        2005073015  4441750      16.62     103.94  1
        2005073018  4506264      16.69     103.57  1
        2005073021  4591098      16.84     102.90  1
        2005073100  4563187      16.89     102.56  1
        2005073103  4509433      16.92     102.43  1
        2005073106  4397444      16.91     102.42  1
        2005073109  4421293      16.95     102.26  1
        2005073112  4444574      16.95     101.88  1
        2005073115  4393931      16.90     101.61  1
        2005073118  4515576      17.01     100.69  1
        2005073121  4709309      17.15      99.41  1
        2005080100  5000636      17.28      97.75  1
        2005080103  5308068      17.46      95.81  1
        2005080106  5500942      17.57      94.55  1
        2005080109  5621179      17.67      93.48  1
        2005080112  5653845      17.68      93.02  1
        2005080115  5591537      17.67      92.63  1
        2005080118  5523268      17.69      92.19  1
        2005080121  5548776      17.76      91.56  1
        2005080200  5539245      17.80      91.08  1
        2005080203  5481061      17.87      90.49  1
        2005080206  5359934      18.00      89.93  1
        2005080209  5242917      18.10      89.61  1
        2005080212  5081937      18.18      89.14  1
        2005080215  4938847      18.23      88.78  1
        2005080218  4816413      18.27      88.49  1
        2005080221  4601564      18.30      88.14  1
        2005080300  4383887      18.21      88.26  2
        2005080303  4303547      18.27      87.99  2
        2005080306  4189901      18.38      87.88  2
        2005080309  4257157      18.57      87.46  1
        2005080312  4158463      18.70      87.29  1
        2005080315  4004575      18.81      87.16  1
        2005080318  3933230      18.87      87.18  1
        2005080321  3757259      18.83      87.41  1
        2005080400  3465555      18.73      88.03  1
        2005080403  2357905      17.87      92.97  1
        2005080406  2208557      17.92      92.93  1
        2005080409  2092261      18.03      92.73  1
        2005080412  1998196      18.19      92.48  1
        2005080415  1806727      18.25      92.20  1
        2005080418  1615410      18.53      91.73  1
        2005080421  1493168      18.64      91.40  1
        2005080500  1326101      18.62      91.21  1
        2005080503   999841      18.68      90.95  1
        2005080506   777055      18.81      90.74  1
        2005080509   531798      18.96      90.51  1
        2005080512   318482      19.00      90.55  1
LPT     8.0300
        2005080721   446951      23.93      92.60  1
        2005080800   647775      23.56      92.51  1
        2005080803   741653      23.34      92.29  1
        2005080806   897812      23.08      92.31  1
        2005080809  1020506      22.90      92.29  1
        2005080812  1087584      22.68      92.18  1
        2005080815  1144546      22.58      92.13  1
        2005080818  1224840      22.44      92.13  1
        2005080821  1223209      22.13      92.13  1
        2005080900  1323954      21.58      92.06  1
        2005080903  1353449      21.10      91.89  1
        2005080906  1401178      20.68      91.81  1
        2005080909  1423836      20.26      91.75  1
        2005080912  1394378      19.84      91.61  1
        2005080915  1423424      19.59      91.67  1
        2005080918  1465626      19.50      91.73  1
        2005080921  1546699      19.45      91.79  1
        2005081000  1594884      19.28      91.74  1
        2005081003  1613813      19.13      91.63  1
        2005081006  1666158      19.06      91.67  1
        2005081009  1734650      18.91      91.67  1
        2005081012  1715390      18.73      91.74  1
        2005081015  1677770      18.63      91.80  1
        2005081018  1716709      18.61      91.96  1
        2005081021  1770429      18.64      92.09  1
        2005081100  1701771      18.50      92.11  1
        2005081103  1549224      18.48      92.14  1
        2005081106  1524366      18.56      92.35  1
        2005081109  5894109      15.51     114.77  1
        2005081112  6001696      15.59     114.92  1
        2005081115  6187140      15.63     115.22  1
        2005081118  6329628      15.62     115.64  1
        2005081121  6561664      15.66     115.66  1
        2005081200  6596301      15.66     115.81  1
        2005081203  6619825      15.63     116.31  1
        2005081206  6723511      15.66     116.44  1
        2005081209  6868318      15.67     116.36  1
        2005081212  6952855      15.74     116.19  1
        2005081215  6982499      15.83     115.88  1
        2005081218  7035090      15.89     115.51  1
        2005081221  7070752      16.00     114.78  1
        2005081300  7001506      16.08     114.10  1
        2005081303  6899330      16.21     113.41  1
        2005081306  6839343      16.46     112.27  1
        2005081309  6786889      16.67     111.47  1
        2005081312  6670588      16.84     110.70  1
        2005081315  6739948      17.08     109.62  1
        2005081318  6806828      17.14     108.85  1
        2005081321  6799465      17.28     108.12  1
        2005081400  6713291      17.34     107.51  1
        2005081403  6649780      17.47     106.84  1
        2005081406  6679912      17.63     106.16  1
        2005081409  6767125      17.82     105.51  1
        2005081412  3503144      17.40      94.68  1
        2005081415  3448017      17.49      94.44  1
        2005081418  3467843      17.67      94.14  1
        2005081421  3551903      17.78      93.81  1
        2005081500  3522084      17.82      93.42  1
        2005081503  3424815      17.93      93.16  1
        2005081506  3404389      18.10      92.90  1
        2005081509  3387817      18.26      92.65  1
        2005081512  3279979      18.51      92.50  1
        2005081515  3130240      18.71      92.22  1
        2005081518  3048667      18.89      92.06  1
        2005081521  3009465      19.19      91.69  1
        2005081600  2900485      19.29      91.23  1
        2005081603  2713129      19.54      90.78  1
        2005081606  2611785      19.81      90.50  1
        2005081609  2475227      20.04      90.13  1
        2005081612  2333898      20.27      89.78  1
        2005081615  2135945      20.39      89.54  1
        2005081618  1842099      20.22      89.28  1
        2005081621  1677429      20.14      89.12  1
        2005081700  1442948      19.98      88.70  1
        2005081703  1147966      19.98      88.27  1
        2005081706   818878      20.10      88.30  1
LPT     9.0100
        2005081506   384867       9.45     270.42  1
        2005081509   405472       9.42     270.49  1
        2005081512   361283       9.42     270.29  1
        2005081515   345222       9.48     270.05  1
        2005081521   409076      10.21     268.17  1
        2005081600   343077      11.42     264.67  1
        2005081606   368952      12.44     262.42  1
        2005081609  1003434      12.00     266.54  1
        2005081612  1272044      11.90     267.18  1
        2005081615  1557618      11.62     268.24  1
        2005081618  1779371      11.46     268.89  1
        2005081621  1877172      11.41     269.46  1
        2005081700  1856925      11.37     269.89  1
        2005081703  1801038      11.34     270.63  1
        2005081706  1975059      11.20     271.53  1
        2005081709  2078245      11.14     271.82  1
        2005081712  2250878      10.91     272.40  1
        2005081715  2304832      10.77     272.82  1
        2005081718  2399791      10.62     273.34  1
        2005081721  2433543      10.56     273.72  1
        2005081800  2417604      10.55     273.79  1
        2005081803  2423809      10.52     273.95  1
        2005081806  2473193      10.50     274.01  1
        2005081809  2505455      10.45     274.07  1
        2005081812  2522626      10.40     274.17  1
        2005081815  2511997      10.42     274.03  1
        2005081818  2561256      10.42     273.99  1
        2005081821  2582444      10.44     273.93  1
        2005081900  2438231      10.47     273.50  1
        2005081903  2367821      10.56     273.21  1
        2005081906  2332957      10.67     272.77  1
        2005081909  2219148      10.82     271.74  1
        2005081912  2032096      10.95     270.34  1
        2005081915  1974695      11.17     268.93  1
        2005081918  1921798      11.40     267.60  1
        2005081921  1987611      11.50     266.80  1
        2005082000  2067667      11.71     265.73  1
        2005082003  2225124      11.84     264.93  1
        2005082006  2356354      12.00     264.17  1
        2005082009  2359721      12.20     263.32  1
        2005082012  2424920      12.30     262.86  1
        2005082015  2437684      12.45     262.17  1
        2005082018  2532626      12.58     261.79  1
        2005082021  2630010      12.68     261.60  1
        2005082100  2715257      12.79     261.48  1
        2005082103  2818821      12.80     261.43  1
        2005082106  2950224      12.81     261.52  1
        2005082109  3049212      12.88     261.40  1
        2005082112  3191545      12.91     261.31  1
        2005082115  3272480      12.92     261.28  1
        2005082118  3364467      12.89     261.49  1
        2005082121  3411409      12.91     261.54  1
        2005082200  3394424      13.05     261.46  1
        2005082203  3299885      13.17     261.32  1
        2005082206  3250813      13.25     261.25  1
        2005082209  3224818      13.40     261.17  1
        2005082212  3171495      13.58     261.06  1
        2005082215  3071523      13.74     260.91  1
        2005082218  2985944      13.89     260.85  1
        2005082221  3004658      13.95     261.15  1
        2005082300  2770157      14.37     260.48  1
        2005082303  2517968      14.69     259.73  1
        2005082306  2227183      14.99     259.06  1
        2005082309  2003120      15.13     258.56  1
        2005082312  1865785      15.26     258.03  1
        2005082315  1678117      15.37     257.49  1
        2005082318  1400031      15.46     257.05  1
        2005082321  1099998      15.51     256.54  1
        2005082400   900944      15.61     256.14  1
        2005082403   861263      15.68     256.69  1
        2005082406   631381      15.72     256.52  1
        2005082409   503495      15.72     257.49  1
        2005082512   323719      15.09     260.50  1
        2005082515   354858      14.75     259.78  1
        2005082518   346253      14.52     259.28  1
        2005082521   423570      14.35     258.98  1
        2005082600   403331      14.37     258.64  1
        2005082603   359166      14.38     258.40  1
        2005082606   317381      14.31     258.23  1
        2005082609   327145      14.29     258.07  1
LPT    10.0100
        2005081900   433332      -3.57     149.46  1
        2005081903   566620      -3.67     149.65  1
        2005081906   693770      -3.67     149.61  1
        2005081909   783945      -3.63     149.55  1
        2005081912   844899      -3.53     149.36  1
        2005081915   901224      -3.44     149.22  1
        2005081918   899820      -3.28     149.10  1
        2005081921   832076      -3.18     148.92  1
        2005082000   771227      -3.11     148.88  1
        2005082003   644137      -2.93     148.87  1
        2005082006   563248      -2.76     148.79  1
        2005082009   470760      -2.57     148.81  1
        2005082012   432997      -2.43     149.03  1
        2005082015   477828      -2.18     149.15  1
        2005082018   407679      -1.86     149.31  1
        2005082109   328333       0.31     148.49  1
        2005082112   462695       0.56     148.31  1
        2005082115   677322       0.69     148.07  1
        2005082118   827063       0.81     147.59  1
        2005082121   959020       1.04     146.78  1
        2005082200  1150372       1.18     145.90  1
        2005082203  1198143       1.46     145.00  1
        2005082206  1311486       1.61     144.23  1
        2005082209  1399352       1.71     143.47  1
        2005082212  1445512       1.83     142.83  1
        2005082215  1509449       1.88     142.22  1
        2005082218  1560199       2.00     141.73  1
        2005082221  1542262       2.14     141.03  1
        2005082300  1573681       2.27     140.57  1
        2005082303  1697520       2.44     140.37  1
        2005082306  1729682       2.55     140.08  1
        2005082309  1858867       2.69     139.91  1
        2005082312  1957212       2.81     139.66  1
        2005082315  2116410       2.93     139.32  1
        2005082318  2137753       3.02     138.76  1
        2005082321  2179976       3.10     138.22  1
        2005082400  2140804       3.12     137.75  1
        2005082403  2105360       3.18     137.34  1
        2005082406  2058399       3.22     136.90  1
        2005082409  1961957       3.35     136.42  1
        2005082412  1964068       3.47     136.14  1
        2005082415  2003780       3.64     136.01  1
        2005082418  2023924       3.95     135.69  1
        2005082421  2104841       4.24     135.68  1
        2005082500  2802231       6.56     140.49  1
        2005082503  2722671       7.72     142.14  1
        2005082506  2992041       8.41     143.30  1
        2005082509  3189213       9.26     144.65  1
        2005082512  3523577       9.73     145.34  1
        2005082515  3778005      10.13     145.86  1
        2005082518  4159718      10.37     146.21  1
        2005082521  4353591      10.60     146.52  1
        2005082600  4434916      10.90     146.80  1
        2005082603  4438368      11.19     147.17  1
        2005082606  4441642      11.43     147.28  1
        2005082609  4432324      11.74     147.71  1
        2005082612  4393992      11.99     148.04  1
        2005082615  4278598      12.30     148.82  1
        2005082618  3982371      12.79     150.43  1
        2005082621  3962321      12.82     150.15  1
        2005082700  3913112      12.72     149.62  1
        2005082703  3749506      12.68     149.13  1
        2005082706  3696164      12.73     148.84  1
        2005082709  3607190      12.77     148.41  1
        2005082712  3601931      12.94     148.20  1
        2005082715  2296559      11.36     141.53  1
        2005082718  2191329      11.56     141.20  1
        2005082721  2066172      11.81     140.75  1
        2005082800  1983486      12.06     140.38  1
        2005082803  1936244      12.32     140.13  1
        2005082806  1985517      12.45     139.94  1
        2005082809  1957561      12.75     139.84  1
        2005082812  1938717      13.04     139.69  1
        2005082815  1890124      13.30     139.50  1
        2005082818  1837673      13.48     139.33  1
        2005082821  1738668      13.90     139.02  1
        2005082900  1650604      14.29     138.73  1
        2005082903  1517875      14.70     138.41  1
        2005082906  1410887      15.10     138.07  1
        2005082909  1319954      15.60     137.71  1
        2005082912  1242561      16.12     137.31  1
        2005082915  1104040      16.66     137.02  1
        2005082918  1067969      17.03     136.69  1
        2005082921   971347      17.60     136.22  1
        2005083000   853303      18.15     135.76  1
        2005083003   795161      18.68     135.26  1
        2005083006   760699      19.03     134.91  1
        2005083009   786538      19.28     134.45  1
        2005083012   802812      19.53     133.95  1
        2005083015   778478      19.74     133.42  1
        2005083018   783756      19.85     133.14  1
        2005083021   807403      19.91     132.80  1
        2005083100   723985      20.06     132.29  1
        2005083103   665785      20.28     131.74  1
        2005083106   651986      20.46     131.07  1
        2005083109   630435      20.60     130.48  1
        2005083112   576471      20.73     129.84  1
        2005083115   524759      20.86     129.25  1
        2005083118   488217      21.00     128.82  1
        2005083121   505251      21.08     128.51  1
        2005090100   504172      21.39     127.55  1
        2005090103   518609      21.78     126.58  1
        2005090106   611533      22.17     125.67  1
        2005090109   660110      22.48     125.01  1
        2005090112   640685      22.82     124.30  1
        2005090115   599670      23.08     123.71  1
        2005090118   609608      23.24     123.35  1
        2005090121   557322      23.36     123.01  1
        2005090200   518276      23.55     122.55  1
        2005090203   503418      23.74     122.13  1
        2005090206   512514      23.94     121.65  1
        2005090209   532945      24.11     121.27  1
        2005090212   499310      24.42     120.75  1
        2005090215   480457      24.75     120.35  1
        2005090218   490828      24.96     120.04  1
        2005090221   544707      25.27     119.75  1
        2005090300   563617      25.70     119.34  1
        2005090303   635400      26.06     119.05  1
        2005090306   671210      26.34     118.78  1
        2005090309   694147      26.66     118.52  1
        2005090312   664528      27.01     118.21  1
        2005090315   646096      27.34     117.95  1
        2005090318   618262      27.54     117.80  1
        2005090321   598684      27.74     117.68  1
        2005090400   548687      27.90     117.52  1
        2005090403   417173      28.22     117.28  1
        2005090406   283780      28.50     117.07  1
LPT    10.0200
        2005081900   433332      -3.57     149.46  1
        2005081903   566620      -3.67     149.65  1
        2005081906   693770      -3.67     149.61  1
        2005081909   783945      -3.63     149.55  1
        2005081912   844899      -3.53     149.36  1
        2005081915   901224      -3.44     149.22  1
        2005081918   899820      -3.28     149.10  1
        2005081921   832076      -3.18     148.92  1
        2005082000   771227      -3.11     148.88  1
        2005082003   644137      -2.93     148.87  1
        2005082006   563248      -2.76     148.79  1
        2005082009   470760      -2.57     148.81  1
        2005082012   432997      -2.43     149.03  1
        2005082015   477828      -2.18     149.15  1
        2005082018   407679      -1.86     149.31  1
        2005082109   328333       0.31     148.49  1
        2005082112   462695       0.56     148.31  1
        2005082115   677322       0.69     148.07  1
        2005082118   827063       0.81     147.59  1
        2005082121   959020       1.04     146.78  1
        2005082200  1150372       1.18     145.90  1
        2005082203  1198143       1.46     145.00  1
        2005082206  1311486       1.61     144.23  1
        2005082209  1399352       1.71     143.47  1
        2005082212  1445512       1.83     142.83  1
        2005082215  1509449       1.88     142.22  1
        2005082218  1560199       2.00     141.73  1
        2005082221  1542262       2.14     141.03  1
        2005082300  1573681       2.27     140.57  1
        2005082303  1697520       2.44     140.37  1
        2005082306  1729682       2.55     140.08  1
        2005082309  1858867       2.69     139.91  1
        2005082312  1957212       2.81     139.66  1
        2005082315  2116410       2.93     139.32  1
        2005082318  2137753       3.02     138.76  1
        2005082321  2179976       3.10     138.22  1
        2005082400  2140804       3.12     137.75  1
        2005082403  2105360       3.18     137.34  1
        2005082406  2058399       3.22     136.90  1
        2005082409  1961957       3.35     136.42  1
        2005082412  1964068       3.47     136.14  1
        2005082415  2003780       3.64     136.01  1
        2005082418  2023924       3.95     135.69  1
        2005082421  2104841       4.24     135.68  1
        2005082500  2802231       6.56     140.49  1
        2005082503  2722671       7.72     142.14  1
        2005082506  2992041       8.41     143.30  1
        2005082509  3189213       9.26     144.65  1
        2005082512  3523577       9.73     145.34  1
        2005082515  3778005      10.13     145.86  1
        2005082518  4159718      10.37     146.21  1
        2005082521  4353591      10.60     146.52  1
        2005082600  4434916      10.90     146.80  1
        2005082603  4438368      11.19     147.17  1
        2005082606  4441642      11.43     147.28  1
        2005082609  4432324      11.74     147.71  1
        2005082612  4393992      11.99     148.04  1
        2005082615  4278598      12.30     148.82  1
        2005082618  3982371      12.79     150.43  1
        2005082621  3962321      12.82     150.15  1
        2005082700  3913112      12.72     149.62  1
        2005082703  3749506      12.68     149.13  1
        2005082706  3696164      12.73     148.84  1
        2005082709  3607190      12.77     148.41  1
        2005082712  3601931      12.94     148.20  1
        2005082715  1178811      16.31     159.85  1
        2005082718  1222599      16.28     159.99  1
        2005082721  1176876      16.23     160.15  1
        2005082800  1177261      16.03     160.34  1
        2005082803  3026727       5.94     159.96  1
        2005082806  3146988       5.64     160.14  1
        2005082809  3193397       5.60     160.32  1
        2005082812  3282133       5.37     160.47  1
        2005082815  3343411       5.10     160.58  1
        2005082818  3378061       4.85     160.60  1
        2005082821  2998545       4.14     160.64  1
        2005082900  2677114       3.64     160.57  1
        2005082903  2416013       3.37     160.62  1
        2005082906  2367985       3.71     160.52  1
        2005082909  2419059       4.38     160.27  1
        2005082912  2507767       4.93     159.83  1
        2005082915  2682588       5.76     159.18  1
        2005082918  2827928       6.35     158.63  1
        2005082921  2884618       6.87     157.92  1
        2005083000  2931575       7.40     157.15  1
        2005083003  3002982       7.86     156.55  1
        2005083006  3115977       8.20     155.94  1
        2005083009  3214779       8.61     155.31  1
        2005083012  3328933       8.95     154.82  1
        2005083015  3432384       9.21     154.42  1
        2005083018  3602399       9.45     153.78  1
        2005083021  3691633      10.01     152.63  1
        2005083100  3693065      10.53     151.64  1
        2005083103  3727396      10.91     151.14  1
        2005083106  3736711      11.21     150.70  1
        2005083109  3802930      11.52     150.20  1
        2005083112  3873985      11.74     149.70  1
        2005083115  3858455      11.95     149.22  1
        2005083118  3973030      12.03     148.76  1
        2005083121  4158513      12.28     147.94  1
        2005090100  4262625      12.42     147.53  1
        2005090103  4301019      12.58     147.16  1
        2005090106  4345952      12.70     146.96  1
        2005090109  4479729      12.92     146.58  1
        2005090112  4493849      13.03     146.39  1
        2005090115  4503857      13.22     146.08  1
        2005090118  4502918      13.42     145.75  1
        2005090121  4453624      13.67     145.38  1
        2005090200  4381441      13.96     145.03  1
        2005090203  4299470      14.21     144.78  1
        2005090206  4208689      14.40     144.55  1
        2005090209  4140381      14.73     144.08  1
        2005090212  4044268      14.98     143.60  1
        2005090215  3947320      15.12     143.26  1
        2005090218  3835472      15.35     142.93  1
        2005090221  3739662      15.70     142.49  1
        2005090300  3553707      16.09     141.95  1
        2005090303  3447455      16.43     141.52  1
        2005090306  3339186      16.76     141.08  1
        2005090309  3281902      17.12     140.58  1
        2005090312  3200503      17.45     140.09  1
        2005090315  3074148      17.68     139.77  1
        2005090318  3072669      17.85     139.58  1
        2005090321  3020726      18.27     138.99  1
        2005090400  2835650      18.68     138.38  1
        2005090403  2737854      18.99     137.98  1
        2005090406  2665715      19.29     137.59  1
        2005090409  2686839      19.57     137.31  1
        2005090412  2618965      20.06     136.86  1
        2005090415  2631324      20.36     136.66  1
        2005090418  2692372      20.70     136.52  1
        2005090421  4250427      17.49     141.18  1
        2005090500  4595444      17.48     141.20  1
        2005090503  4872522      17.49     141.25  1
        2005090506  5229811      17.38     141.24  1
        2005090509  5621411      17.34     141.10  1
        2005090512  5911124      17.20     141.13  1
        2005090515  6001245      17.17     141.14  1
        2005090518  6289682      17.07     141.08  1
        2005090521  6609016      17.12     140.82  1
        2005090600  6680170      17.29     140.54  1
        2005090603  6683278      17.43     140.28  1
        2005090606  3907498       7.92     145.45  1
        2005090609  3996987       7.68     145.15  1
        2005090612  4187649       7.62     144.80  1
        2005090615  4296288       7.40     144.75  1
        2005090618  4591922       7.49     144.44  1
        2005090621  4892006       7.33     144.47  1
        2005090700  5110437       7.09     144.66  1
        2005090703  5358648       6.84     144.87  1
        2005090706  5633996       6.70     144.97  1
        2005090709  5811937       6.56     144.99  1
        2005090712  5982750       6.58     144.90  1
        2005090715  6039807       6.57     144.82  1
        2005090718  6084351       6.59     144.58  1
        2005090721  5927081       6.60     144.18  1
        2005090800  5691463       6.69     143.78  1
        2005090803  5505660       6.77     143.58  1
        2005090806  5198605       6.81     143.62  1
        2005090809  2579923      11.75     136.29  1
        2005090812  2365376      11.97     135.54  1
        2005090815  2225643      12.10     134.94  1
        2005090818  2239811      12.10     134.69  1
        2005090821  2175621      12.12     134.21  1
        2005090900  2093796      12.09     133.72  1
        2005090903  2030591      12.08     133.29  1
        2005090906  2054259      12.04     132.81  1
        2005090909  2079576      11.99     132.30  1
        2005090912  8235705      13.05     104.91  1
        2005090915  8256606      13.03     104.67  1
        2005090918  8392223      13.07     104.73  1
        2005090921  8533413      13.09     104.15  1
        2005091000  8465867      13.20     103.52  1
        2005091003  8507037      13.28     102.99  1
        2005091006  8496755      13.35     102.62  1
        2005091009  8390562      13.54     101.59  1
        2005091012  8386296      13.56     101.19  1
        2005091015  8022463      13.58     100.02  1
        2005091018  8627927      12.69     102.88  1
        2005091021  8830653      12.26     104.09  1
        2005091100  8893320      12.05     104.64  1
        2005091103  8868772      11.87     105.00  1
        2005091106  8681597      11.82     105.18  1
        2005091109  8549172      11.74     105.67  2
        2005091112  8537459      11.62     106.07  2
        2005091115  8520837      11.41     106.94  2
        2005091118  8798962      11.29     107.60  2
        2005091121  8899106      11.15     108.17  2
        2005091200  8990468      11.00     108.88  2
        2005091203  9045405      10.88     109.36  2
        2005091206  9277736      10.80     109.93  2
        2005091209  9564742      10.75     110.37  2
        2005091212  9618699      10.63     111.03  2
        2005091215  9761801      10.64     111.28  1
        2005091218  9986527      10.60     111.84  1
        2005091221  9970021      10.50     112.61  1
        2005091300  9759938      10.45     113.18  1
        2005091303  9796570      10.35     113.92  2
        2005091306  9842553      10.38     114.38  2
        2005091309 10054864      10.43     114.58  2
        2005091312 10200826      10.42     115.12  2
        2005091315 10254281      10.32     115.82  2
        2005091318 10545528      10.24     116.62  2
        2005091321 10833007      10.41     116.57  1
        2005091400 10899802      10.51     116.38  1
        2005091403 10901042      10.53     116.54  1
        2005091406 10978671      10.66     116.57  1
        2005091409 11122420      10.78     116.57  1
        2005091412 11062178      10.79     116.82  1
        2005091415 10975217      10.74     117.15  1
        2005091418 10974587      10.74     117.23  1
        2005091421 10769011      10.76     117.14  1
        2005091500  7450704      14.65     104.41  1
        2005091503  7351788      14.73     104.01  1
        2005091506  7305423      14.78     103.87  1
        2005091509  7239227      14.83     103.71  1
        2005091512  7057050      14.86     103.49  1
        2005091515  6867220      14.82     103.53  1
        2005091518  6878120      14.85     103.55  1
        2005091521  6797305      14.85     103.56  1
        2005091600  6782941      14.84     103.53  1
        2005091603  6680120      14.88     103.35  1
        2005091606  6447184      14.87     103.21  1
        2005091609  6330211      14.79     103.42  1
        2005091612  6097709      14.66     103.53  1
        2005091615  5776038      14.56     103.95  2
        2005091618  5756525      14.58     104.00  2
        2005091621  5718219      14.45     104.34  2
        2005091700  5732421      14.30     104.40  2
        2005091703  5646029      14.23     104.68  2
        2005091706  5692420      14.20     104.71  2
        2005091709  5722789      14.22     104.70  2
        2005091712  5725318      14.20     104.51  2
        2005091715  5793738      14.20     104.39  2
        2005091718  5871745      14.24     104.24  2
        2005091721  5983587      14.24     104.19  2
        2005091800  6101874      14.28     103.92  2
        2005091803  6117277      14.29     103.89  2
        2005091806  6276709      14.34     104.00  2
        2005091809  6458870      14.41     103.94  1
        2005091812  6651961      14.43     103.95  1
        2005091815  6682917      14.44     103.87  1
        2005091818  6832638      14.42     104.08  1
        2005091821  7226483      14.33     105.53  1
        2005091900  7677274      14.26     106.43  1
        2005091903  7851941      14.25     106.99  1
        2005091906  7997373      14.21     107.39  1
        2005091909  8185286      14.28     107.67  1
        2005091912  8146532      14.30     107.58  1
        2005091915  8059962      14.34     107.34  1
        2005091918  8045419      14.34     107.04  1
        2005091921  7842392      14.30     107.03  1
        2005092000  7606053      14.38     106.72  1
        2005092003  7136640      14.57     106.37  1
        2005092006  1536863      13.58     127.19  1
        2005092009  1566375      13.75     127.16  1
        2005092012  1556238      13.91     127.06  1
        2005092015  1554148      14.09     126.85  1
        2005092018  1531384      14.24     126.60  1
        2005092021  1509654      14.46     126.39  1
        2005092100  1517209      14.66     126.14  1
        2005092103  1530104      14.83     125.82  1
        2005092106  1568638      15.06     125.50  1
        2005092109  1570883      15.35     125.24  1
        2005092112  1610592      15.69     124.95  1
        2005092115  1557255      16.06     124.65  1
        2005092118  1603894      16.24     124.49  1
        2005092121  1557246      16.52     124.18  1
        2005092200  1512187      16.79     123.74  1
        2005092203  1470628      17.09     123.31  1
        2005092206  1436073      17.37     122.98  1
        2005092209  1445867      17.71     122.56  1
        2005092212  1384474      17.95     122.28  1
        2005092215  1348648      18.13     122.10  1
        2005092218  1384465      18.33     121.84  1
        2005092221  1412105      18.44     121.61  1
        2005092300  1426787      18.61     121.27  1
        2005092303  1454504      18.69     120.96  1
        2005092306  1471819      18.72     120.74  1
        2005092309  1463491      18.75     120.50  1
        2005092312  1539051      18.78     120.21  1
        2005092315  1501358      18.83     120.02  1
        2005092318  1464534      18.87     119.76  1
        2005092321  1467912      18.91     119.54  1
        2005092400  1484744      18.90     119.29  1
        2005092403  1475958      18.91     119.07  1
        2005092406  1474346      18.93     118.87  1
        2005092409  1453923      18.93     118.66  1
        2005092412  1428691      18.90     118.40  1
        2005092415  1345787      18.88     118.18  1
        2005092418  1326820      18.88     117.94  1
        2005092421  1305897      18.85     117.69  1
        2005092500  1295832      18.83     117.41  1
        2005092503  1262317      18.83     117.07  1
        2005092506  1199104      18.79     116.77  1
        2005092509  1166356      18.78     116.54  1
        2005092512  1092868      18.74     116.20  1
        2005092515  1067157      18.77     115.94  1
        2005092518  1076633      18.77     115.68  1
        2005092521  1035997      18.74     115.41  1
        2005092600  1039376      18.78     115.05  1
        2005092603   981612      18.80     114.81  1
        2005092606   969972      18.79     114.42  1
        2005092609   964082      18.80     114.04  1
        2005092612  1018226      18.79     113.47  1
        2005092615   934489      18.74     112.86  1
        2005092618   988574      18.74     112.35  1
        2005092621  1060569      18.68     111.81  1
        2005092700  1078242      18.66     111.29  1
        2005092703  1059384      18.64     110.70  1
        2005092706  1126191      18.60     110.07  1
        2005092709  1140102      18.59     109.61  1
        2005092712  1124326      18.55     109.13  1
        2005092715  1085000      18.52     108.67  1
        2005092718  1107316      18.47     108.11  1
        2005092721  1113158      18.36     107.51  1
        2005092800  1113458      18.31     106.97  1
        2005092803  1093181      18.28     106.43  1
        2005092806  1121499      18.20     105.75  1
        2005092809  1182972      18.21     105.25  1
        2005092812  1220655      18.27     104.93  1
        2005092815  1177596      18.36     104.62  1
        2005092818  1126096      18.39     104.34  1
        2005092821  1060153      18.41     104.02  1
        2005092900   969829      18.46     103.75  1
        2005092903   829699      18.52     103.43  1
        2005092906   872044      18.54     102.95  1
        2005092909   872754      18.55     102.31  1
        2005092912   825072      18.58     101.87  1
        2005092915   705466      18.65     101.29  1
        2005092918   670797      18.72     100.81  1
        2005092921   585468      18.87     100.27  1
        2005093000   439728      18.99      99.82  1
        2005093003   362877      19.07      99.34  1
        2005093006   396264      19.15      99.01  1
        2005093009   356792      19.18      98.65  1
        2005093012   323061      19.27      98.25  1
LPT    10.0300
        2005081900   433332      -3.57     149.46  1
        2005081903   566620      -3.67     149.65  1
        2005081906   693770      -3.67     149.61  1
        2005081909   783945      -3.63     149.55  1
        2005081912   844899      -3.53     149.36  1
        2005081915   901224      -3.44     149.22  1
        2005081918   899820      -3.28     149.10  1
        2005081921   832076      -3.18     148.92  1
        2005082000   771227      -3.11     148.88  1
        2005082003   644137      -2.93     148.87  1
        2005082006   563248      -2.76     148.79  1
        2005082009   470760      -2.57     148.81  1
        2005082012   432997      -2.43     149.03  1
        2005082015   477828      -2.18     149.15  1
        2005082018   407679      -1.86     149.31  1
        2005082109   328333       0.31     148.49  1
        2005082112   462695       0.56     148.31  1
        2005082115   677322       0.69     148.07  1
        2005082118   827063       0.81     147.59  1
        2005082121   959020       1.04     146.78  1
        2005082200  1150372       1.18     145.90  1
        2005082203  1198143       1.46     145.00  1
        2005082206  1311486       1.61     144.23  1
        2005082209  1399352       1.71     143.47  1
        2005082212  1445512       1.83     142.83  1
        2005082215  1509449       1.88     142.22  1
        2005082218  1560199       2.00     141.73  1
        2005082221  1542262       2.14     141.03  1
        2005082300  1573681       2.27     140.57  1
        2005082303  1697520       2.44     140.37  1
        2005082306  1729682       2.55     140.08  1
        2005082309  1858867       2.69     139.91  1
        2005082312  1957212       2.81     139.66  1
        2005082315  2116410       2.93     139.32  1
        2005082318  2137753       3.02     138.76  1
        2005082321  2179976       3.10     138.22  1
        2005082400  2140804       3.12     137.75  1
        2005082403  2105360       3.18     137.34  1
        2005082406  2058399       3.22     136.90  1
        2005082409  1961957       3.35     136.42  1
        2005082412  1964068       3.47     136.14  1
        2005082415  2003780       3.64     136.01  1
        2005082418  2023924       3.95     135.69  1
        2005082421  2104841       4.24     135.68  1
        2005082500  2802231       6.56     140.49  1
        2005082503  2722671       7.72     142.14  1
        2005082506  2992041       8.41     143.30  1
        2005082509  3189213       9.26     144.65  1
        2005082512  3523577       9.73     145.34  1
        2005082515  3778005      10.13     145.86  1
        2005082518  4159718      10.37     146.21  1
        2005082521  4353591      10.60     146.52  1
        2005082600  4434916      10.90     146.80  1
        2005082603  4438368      11.19     147.17  1
        2005082606  4441642      11.43     147.28  1
        2005082609  4432324      11.74     147.71  1
        2005082612  4393992      11.99     148.04  1
        2005082615  4278598      12.30     148.82  1
        2005082618  3982371      12.79     150.43  1
        2005082621  3962321      12.82     150.15  1
        2005082700  3913112      12.72     149.62  1
        2005082703  3749506      12.68     149.13  1
        2005082706  3696164      12.73     148.84  1
        2005082709  3607190      12.77     148.41  1
        2005082712  3601931      12.94     148.20  1
        2005082715  1178811      16.31     159.85  1
        2005082718  1222599      16.28     159.99  1
        2005082721  1176876      16.23     160.15  1
        2005082800  1177261      16.03     160.34  1
        2005082803  3026727       5.94     159.96  1
        2005082806  3146988       5.64     160.14  1
        2005082809  3193397       5.60     160.32  1
        2005082812  3282133       5.37     160.47  1
        2005082815  3343411       5.10     160.58  1
        2005082818  3378061       4.85     160.60  1
        2005082821  2998545       4.14     160.64  1
        2005082900  2677114       3.64     160.57  1
        2005082903  2416013       3.37     160.62  1
        2005082906  2367985       3.71     160.52  1
        2005082909  2419059       4.38     160.27  1
        2005082912  2507767       4.93     159.83  1
        2005082915  2682588       5.76     159.18  1
        2005082918  2827928       6.35     158.63  1
        2005082921  2884618       6.87     157.92  1
        2005083000  2931575       7.40     157.15  1
        2005083003  3002982       7.86     156.55  1
        2005083006  3115977       8.20     155.94  1
        2005083009  3214779       8.61     155.31  1
        2005083012  3328933       8.95     154.82  1
        2005083015  3432384       9.21     154.42  1
        2005083018  3602399       9.45     153.78  1
        2005083021  3691633      10.01     152.63  1
        2005083100  3693065      10.53     151.64  1
        2005083103  3727396      10.91     151.14  1
        2005083106  3736711      11.21     150.70  1
        2005083109  3802930      11.52     150.20  1
        2005083112  3873985      11.74     149.70  1
        2005083115  3858455      11.95     149.22  1
        2005083118  3973030      12.03     148.76  1
        2005083121  4158513      12.28     147.94  1
        2005090100  4262625      12.42     147.53  1
        2005090103  4301019      12.58     147.16  1
        2005090106  4345952      12.70     146.96  1
        2005090109  4479729      12.92     146.58  1
        2005090112  4493849      13.03     146.39  1
        2005090115  4503857      13.22     146.08  1
        2005090118  4502918      13.42     145.75  1
        2005090121  4453624      13.67     145.38  1
        2005090200  4381441      13.96     145.03  1
        2005090203  4299470      14.21     144.78  1
        2005090206  4208689      14.40     144.55  1
        2005090209  4140381      14.73     144.08  1
        2005090212  4044268      14.98     143.60  1
        2005090215  3947320      15.12     143.26  1
        2005090218  3835472      15.35     142.93  1
        2005090221  3739662      15.70     142.49  1
        2005090300  3553707      16.09     141.95  1
        2005090303  3447455      16.43     141.52  1
        2005090306  3339186      16.76     141.08  1
        2005090309  3281902      17.12     140.58  1
        2005090312  3200503      17.45     140.09  1
        2005090315  3074148      17.68     139.77  1
        2005090318  3072669      17.85     139.58  1
        2005090321  3020726      18.27     138.99  1
        2005090400  2835650      18.68     138.38  1
        2005090403  2737854      18.99     137.98  1
        2005090406  2665715      19.29     137.59  1
        2005090409  2686839      19.57     137.31  1
        2005090412  2618965      20.06     136.86  1
        2005090415  2631324      20.36     136.66  1
        2005090418  2692372      20.70     136.52  1
        2005090421  4250427      17.49     141.18  1
        2005090500  4595444      17.48     141.20  1
        2005090503  4872522      17.49     141.25  1
        2005090506  5229811      17.38     141.24  1
        2005090509  5621411      17.34     141.10  1
        2005090512  5911124      17.20     141.13  1
        2005090515  6001245      17.17     141.14  1
        2005090518  6289682      17.07     141.08  1
        2005090521  6609016      17.12     140.82  1
        2005090600  6680170      17.29     140.54  1
        2005090603  6683278      17.43     140.28  1
        2005090606  2714810      29.62     133.22  1
        2005090609  2653216      30.37     133.00  1
        2005090612  2519670      31.12     132.86  1
        2005090615  2402522      31.61     132.76  1
        2005090618  2442327      31.93     132.81  1
        2005090621  2494851      32.53     132.90  1
        2005090700  2420387      33.11     132.97  1
        2005090703  2432884      33.60     133.13  1
        2005090706  2431954      34.04     133.28  1
        2005090709  2466406      34.58     133.53  1
        2005090712  2458008      35.15     133.78  1
        2005090715  2343543      35.44     133.82  1
        2005090718  2313170      35.88     134.02  1
        2005090721  2305481      36.55     134.43  1
        2005090800  2424442      38.31     135.78  1
        2005090803  2308274      39.03     136.29  1
        2005090806  2181286      39.52     136.63  1
        2005090809  2076149      40.06     137.10  1
        2005090812  1907140      40.56     137.47  1
        2005090815  1720440      41.11     137.89  1
        2005090818  1581850      41.58     138.39  1
        2005090821  1414862      42.17     138.95  1
        2005090900  1182659      43.13     140.01  1
        2005090903   949356      44.29     141.34  1
        2005090906   739731      45.52     142.86  1
        2005090909   577279      46.60     144.33  1
        2005090912   501243      47.08     145.00  1
        2005090915   470876      47.25     145.26  1
        2005090918   468646      47.26     145.27  1
        2005090921   424062      47.46     145.59  1
        2005091000   350947      47.78     146.11  1
        2005091003   288890      48.02     146.57  1
        2005091006   221550      48.29     147.05  1
LPT    10.0400
        2005082812   319069      -0.12      68.62  1
        2005082815   473529       0.02      68.85  1
        2005082818   656517       0.04      69.18  1
        2005082821   802415       0.09      69.58  1
        2005082900  1046271       0.05      70.21  1
        2005082903  1353251      -0.05      70.81  1
        2005082906  1650794      -0.14      71.34  1
        2005082909  1915058      -0.21      71.95  1
        2005082912  2203824      -0.40      72.38  1
        2005082915  2438542      -0.55      72.65  1
        2005082918  2668607      -0.66      72.96  1
        2005082921  2844788      -0.72      73.22  1
        2005083000  3058040      -0.84      73.66  1
        2005083003  3243582      -0.96      74.15  1
        2005083006  3376826      -1.04      74.62  1
        2005083009  3534669      -1.09      75.12  1
        2005083012  3737818      -1.15      75.72  1
        2005083015  3870724      -1.31      76.29  1
        2005083018  4051368      -1.44      77.08  1
        2005083021  4253239      -1.51      77.93  1
        2005083100  4354465      -1.58      78.58  1
        2005083103  4451740      -1.63      79.23  1
        2005083106  4506923      -1.64      79.69  1
        2005083109  4641297      -1.62      80.18  1
        2005083112  4784753      -1.60      80.69  1
        2005083115  4947554      -1.51      81.16  1
        2005083118  5075875      -1.45      81.58  1
        2005083121  5150018      -1.48      82.08  1
        2005090100  5266581      -1.48      82.69  1
        2005090103  5278391      -1.50      83.29  1
        2005090106  5137889      -1.58      84.08  1
        2005090109  5038462      -1.62      84.85  1
        2005090112  5008991      -1.61      85.46  1
        2005090115  4912432      -1.61      86.11  1
        2005090118  4847296      -1.61      86.72  1
        2005090121  4783112      -1.62      87.16  1
        2005090200  4771987      -1.63      87.57  1
        2005090203  4653347      -1.68      88.08  1
        2005090206  4557251      -1.63      88.51  1
        2005090209  4584910      -1.60      88.78  1
        2005090212  4634037      -1.58      88.87  1
        2005090215  4614692      -1.57      89.03  1
        2005090218  4675379      -1.50      89.09  1
        2005090221  4677190      -1.41      89.11  1
        2005090300  4657417      -1.32      89.06  1
        2005090303  4609381      -1.25      89.01  1
        2005090306  4529668      -1.17      89.07  1
        2005090309  5450332      -0.69      85.66  1
        2005090312  5676125      -0.50      84.82  1
        2005090315  5880231      -0.38      84.04  1
        2005090318  6063039      -0.31      83.73  1
        2005090321  6242206      -0.18      83.63  1
        2005090400  6305603      -0.08      83.58  1
        2005090403  6285573       0.09      83.35  1
        2005090406  6122615       0.24      83.42  1
        2005090409  6170175       0.62      83.19  1
        2005090412  6410849       1.23      82.68  1
        2005090415  6281980       1.49      82.45  1
        2005090418  6265599       1.79      82.27  1
        2005090421  6464499       2.02      82.26  1
        2005090500  6485655       2.09      82.17  1
        2005090503  6433104       2.14      82.08  1
        2005090506  6526811       2.17      81.94  1
        2005090509  6615080       2.34      81.95  1
        2005090512  6673954       2.40      82.03  1
        2005090515  6640910       2.39      82.19  1
        2005090518  6582222       2.28      82.44  1
        2005090521  6481222       2.42      82.72  1
        2005090600  6415135       2.37      83.20  1
        2005090603  6295246       2.26      83.65  1
        2005090606  6248469       2.28      84.02  1
        2005090609  6241185       2.40      84.14  1
        2005090612  6247482       2.38      84.18  1
        2005090615  6144094       2.27      84.26  1
        2005090618  5947397       2.12      84.35  1
        2005090621  5809440       2.08      84.36  1
        2005090700  5666559       2.01      84.44  1
        2005090703  5516952       2.02      84.46  1
        2005090706  5384088       2.03      84.59  1
        2005090709  5352445       2.14      84.56  1
        2005090712  5240996       2.19      84.63  1
        2005090715  4876962       1.92      84.91  1
        2005090718  1922554      13.21      80.62  1
        2005090721  1757537      13.74      80.27  1
        2005090800  1702803      14.18      80.22  1
        2005090803  1669975      14.49      79.99  1
        2005090806  1880549      14.74      80.35  1
        2005090809  2083098      15.07      80.75  1
        2005090812  2210227      15.30      81.09  1
        2005090815  1989145      15.57      80.54  1
        2005090818  4212446      12.83      93.16  1
        2005090821  4734848      12.92      93.71  1
        2005090900  5137448      13.07      94.25  1
        2005090903  5291496      13.17      94.68  1
        2005090906  5527743      13.35      95.02  1
        2005090909  5897508      13.52      95.07  1
        2005090912  8235705      13.05     104.91  1
        2005090915  8256606      13.03     104.67  1
        2005090918  8392223      13.07     104.73  1
        2005090921  8533413      13.09     104.15  1
        2005091000  8465867      13.20     103.52  1
        2005091003  8507037      13.28     102.99  1
        2005091006  8496755      13.35     102.62  1
        2005091009  8390562      13.54     101.59  1
        2005091012  8386296      13.56     101.19  1
        2005091015  8022463      13.58     100.02  1
        2005091018  8627927      12.69     102.88  1
        2005091021  8830653      12.26     104.09  1
        2005091100  8893320      12.05     104.64  1
        2005091103  8868772      11.87     105.00  1
        2005091106  8681597      11.82     105.18  1
        2005091109  8549172      11.74     105.67  2
        2005091112  8537459      11.62     106.07  2
        2005091115  8520837      11.41     106.94  2
        2005091118  8798962      11.29     107.60  2
        2005091121  8899106      11.15     108.17  2
        2005091200  8990468      11.00     108.88  2
        2005091203  9045405      10.88     109.36  2
        2005091206  9277736      10.80     109.93  2
        2005091209  9564742      10.75     110.37  2
        2005091212  9618699      10.63     111.03  2
        2005091215  9761801      10.64     111.28  1
        2005091218  9986527      10.60     111.84  1
        2005091221  9970021      10.50     112.61  1
        2005091300  9759938      10.45     113.18  1
        2005091303  9796570      10.35     113.92  2
        2005091306  9842553      10.38     114.38  2
        2005091309 10054864      10.43     114.58  2
        2005091312 10200826      10.42     115.12  2
        2005091315 10254281      10.32     115.82  2
        2005091318 10545528      10.24     116.62  2
        2005091321 10833007      10.41     116.57  1
        2005091400 10899802      10.51     116.38  1
        2005091403 10901042      10.53     116.54  1
        2005091406 10978671      10.66     116.57  1
        2005091409 11122420      10.78     116.57  1
        2005091412 11062178      10.79     116.82  1
        2005091415 10975217      10.74     117.15  1
        2005091418 10974587      10.74     117.23  1
        2005091421 10769011      10.76     117.14  1
        2005091500  7450704      14.65     104.41  1
        2005091503  7351788      14.73     104.01  1
        2005091506  7305423      14.78     103.87  1
        2005091509  7239227      14.83     103.71  1
        2005091512  7057050      14.86     103.49  1
        2005091515  6867220      14.82     103.53  1
        2005091518  6878120      14.85     103.55  1
        2005091521  6797305      14.85     103.56  1
        2005091600  6782941      14.84     103.53  1
        2005091603  6680120      14.88     103.35  1
        2005091606  6447184      14.87     103.21  1
        2005091609  6330211      14.79     103.42  1
        2005091612  6097709      14.66     103.53  1
        2005091615  5776038      14.56     103.95  2
        2005091618  5756525      14.58     104.00  2
        2005091621  5718219      14.45     104.34  2
        2005091700  5732421      14.30     104.40  2
        2005091703  5646029      14.23     104.68  2
        2005091706  5692420      14.20     104.71  2
        2005091709  5722789      14.22     104.70  2
        2005091712  5725318      14.20     104.51  2
        2005091715  5793738      14.20     104.39  2
        2005091718  5871745      14.24     104.24  2
        2005091721  5983587      14.24     104.19  2
        2005091800  6101874      14.28     103.92  2
        2005091803  6117277      14.29     103.89  2
        2005091806  6276709      14.34     104.00  2
        2005091809  6458870      14.41     103.94  1
        2005091812  6651961      14.43     103.95  1
        2005091815  6682917      14.44     103.87  1
        2005091818  6832638      14.42     104.08  1
        2005091821  7226483      14.33     105.53  1
        2005091900  7677274      14.26     106.43  1
        2005091903  7851941      14.25     106.99  1
        2005091906  7997373      14.21     107.39  1
        2005091909  8185286      14.28     107.67  1
        2005091912  8146532      14.30     107.58  1
        2005091915  8059962      14.34     107.34  1
        2005091918  8045419      14.34     107.04  1
        2005091921  7842392      14.30     107.03  1
        2005092000  7606053      14.38     106.72  1
        2005092003  7136640      14.57     106.37  1
        2005092006  1536863      13.58     127.19  1
        2005092009  1566375      13.75     127.16  1
        2005092012  1556238      13.91     127.06  1
        2005092015  1554148      14.09     126.85  1
        2005092018  1531384      14.24     126.60  1
        2005092021  1509654      14.46     126.39  1
        2005092100  1517209      14.66     126.14  1
        2005092103  1530104      14.83     125.82  1
        2005092106  1568638      15.06     125.50  1
        2005092109  1570883      15.35     125.24  1
        2005092112  1610592      15.69     124.95  1
        2005092115  1557255      16.06     124.65  1
        2005092118  1603894      16.24     124.49  1
        2005092121  1557246      16.52     124.18  1
        2005092200  1512187      16.79     123.74  1
        2005092203  1470628      17.09     123.31  1
        2005092206  1436073      17.37     122.98  1
        2005092209  1445867      17.71     122.56  1
        2005092212  1384474      17.95     122.28  1
        2005092215  1348648      18.13     122.10  1
        2005092218  1384465      18.33     121.84  1
        2005092221  1412105      18.44     121.61  1
        2005092300  1426787      18.61     121.27  1
        2005092303  1454504      18.69     120.96  1
        2005092306  1471819      18.72     120.74  1
        2005092309  1463491      18.75     120.50  1
        2005092312  1539051      18.78     120.21  1
        2005092315  1501358      18.83     120.02  1
        2005092318  1464534      18.87     119.76  1
        2005092321  1467912      18.91     119.54  1
        2005092400  1484744      18.90     119.29  1
        2005092403  1475958      18.91     119.07  1
        2005092406  1474346      18.93     118.87  1
        2005092409  1453923      18.93     118.66  1
        2005092412  1428691      18.90     118.40  1
        2005092415  1345787      18.88     118.18  1
        2005092418  1326820      18.88     117.94  1
        2005092421  1305897      18.85     117.69  1
        2005092500  1295832      18.83     117.41  1
        2005092503  1262317      18.83     117.07  1
        2005092506  1199104      18.79     116.77  1
        2005092509  1166356      18.78     116.54  1
        2005092512  1092868      18.74     116.20  1
        2005092515  1067157      18.77     115.94  1
        2005092518  1076633      18.77     115.68  1
        2005092521  1035997      18.74     115.41  1
        2005092600  1039376      18.78     115.05  1
        2005092603   981612      18.80     114.81  1
        2005092606   969972      18.79     114.42  1
        2005092609   964082      18.80     114.04  1
        2005092612  1018226      18.79     113.47  1
        2005092615   934489      18.74     112.86  1
        2005092618   988574      18.74     112.35  1
        2005092621  1060569      18.68     111.81  1
        2005092700  1078242      18.66     111.29  1
        2005092703  1059384      18.64     110.70  1
        2005092706  1126191      18.60     110.07  1
        2005092709  1140102      18.59     109.61  1
        2005092712  1124326      18.55     109.13  1
        2005092715  1085000      18.52     108.67  1
        2005092718  1107316      18.47     108.11  1
        2005092721  1113158      18.36     107.51  1
        2005092800  1113458      18.31     106.97  1
        2005092803  1093181      18.28     106.43  1
        2005092806  1121499      18.20     105.75  1
        2005092809  1182972      18.21     105.25  1
        2005092812  1220655      18.27     104.93  1
        2005092815  1177596      18.36     104.62  1
        2005092818  1126096      18.39     104.34  1
        2005092821  1060153      18.41     104.02  1
        2005092900   969829      18.46     103.75  1
        2005092903   829699      18.52     103.43  1
        2005092906   872044      18.54     102.95  1
        2005092909   872754      18.55     102.31  1
        2005092912   825072      18.58     101.87  1
        2005092915   705466      18.65     101.29  1
        2005092918   670797      18.72     100.81  1
        2005092921   585468      18.87     100.27  1
        2005093000   439728      18.99      99.82  1
        2005093003   362877      19.07      99.34  1
        2005093006   396264      19.15      99.01  1
        2005093009   356792      19.18      98.65  1
        2005093012   323061      19.27      98.25  1
LPT    11.0100
        2005091815   422894      13.91     307.07  1
        2005091818   498244      14.07     306.70  1
        2005091821   613803      14.25     306.51  1
        2005091900   715619      14.46     306.31  1
        2005091903   890101      14.73     306.00  1
        2005091906   980335      14.90     305.75  1
        2005091909  1050060      15.12     305.53  1
        2005091912  1051357      15.30     305.36  1
        2005091915  1078788      15.47     305.22  1
        2005091918  1107896      15.58     305.15  1
        2005091921  1120167      15.78     304.99  1
        2005092000  1136972      15.96     304.89  1
        2005092003  1195121      16.15     304.83  1
        2005092006  1256305      16.31     304.70  1
        2005092009  1307862      16.46     304.69  1
        2005092012  1344599      16.60     304.65  1
        2005092015  1413280      16.80     304.69  1
        2005092018  1466321      17.00     304.68  1
        2005092021  1550133      17.19     304.62  1
        2005092100  1589826      17.45     304.60  1
        2005092103  1653571      17.64     304.63  1
        2005092106  1667265      17.82     304.68  1
        2005092109  1710962      18.01     304.70  1
        2005092112  1719958      18.21     304.73  1
        2005092115  1735426      18.49     304.72  1
        2005092118  1805447      18.83     304.78  1
        2005092121  1895929      19.14     304.88  1
        2005092200  1956634      19.40     304.97  1
        2005092203  2024116      19.69     305.10  1
        2005092206  2028100      20.00     305.20  1
        2005092209  2031148      20.26     305.23  1
        2005092212  2034609      20.54     305.27  1
        2005092215  2064744      20.85     305.26  1
        2005092218  2053840      21.23     305.24  1
        2005092221  2073298      21.62     305.24  1
        2005092300  2095472      21.96     305.24  1
        2005092303  2141855      22.32     305.18  1
        2005092306  2115862      22.63     305.09  1
        2005092309  2067177      22.93     304.99  1
        2005092312  1992167      23.27     304.85  1
        2005092315  1937798      23.60     304.74  1
        2005092318  1879246      24.00     304.61  1
        2005092321  1827730      24.31     304.50  1
        2005092400  1767964      24.62     304.39  1
        2005092403  1702624      24.94     304.27  1
        2005092406  1625841      25.31     304.13  1
        2005092409  1593288      25.66     303.97  1
        2005092412  1507854      26.15     303.75  1
        2005092415  1445336      26.67     303.56  1
        2005092418  1376259      27.19     303.35  1
        2005092421  1233163      27.85     303.10  1
        2005092500  1190820      28.82     302.90  1
        2005092503  1192327      29.89     302.76  1
        2005092506  1198015      30.79     302.77  1
        2005092509  1248946      31.59     302.98  1
        2005092512  1334470      32.42     303.34  1
        2005092515  1362786      33.21     303.75  1
        2005092518  1405016      34.02     304.35  1
        2005092521  1439600      34.65     304.92  1
        2005092600  1528938      35.27     305.61  1
        2005092603  1662322      35.76     306.32  1
        2005092606  1646785      36.10     306.80  1
        2005092609  1700834      36.28     307.16  1
        2005092612  1783104      36.45     307.58  1
        2005092615  1776813      36.57     307.80  1
        2005092618  1774408      36.73     308.11  1
        2005092621  1732193      36.85     308.31  1
        2005092700  1713073      37.01     308.52  1
        2005092703  1686475      37.13     308.75  1
        2005092706  1648355      37.22     308.97  1
        2005092709  1608242      37.26     309.15  1
        2005092712  1548706      37.29     309.34  1
        2005092715  1480499      37.30     309.51  1
        2005092718  1381534      37.28     309.70  1
        2005092721  1270819      37.26     309.87  1
        2005092800  1107046      37.09     309.88  1
        2005092803   873090      36.90     309.96  1
        2005092806   651101      36.73     310.01  1
        2005092809   471140      36.62     310.00  1
        2005092812   251535      36.49     309.91  1
LPT    12.0100
        2005092121   493424       9.69     150.39  1
        2005092200   716351       9.72     150.37  1
        2005092203  1000404      10.10     150.81  1
        2005092206  1552636      11.49     151.91  1
        2005092209  1856315      11.78     152.19  1
        2005092212  2181631      12.08     152.50  1
        2005092215  2385750      11.90     152.61  1
        2005092218  2559758      11.60     152.61  1
        2005092221  2547946      11.12     152.70  1
        2005092300  2515866      10.64     152.84  1
        2005092303  2558120      10.36     152.94  1
        2005092306  2551931      10.06     152.96  1
        2005092309  2478483       9.50     152.86  1
        2005092312  2588583       9.04     152.77  1
        2005092315  2780655       8.49     152.85  1
        2005092318  3097622       7.92     153.01  1
        2005092321  3314707       7.34     153.13  1
        2005092400  3366415       7.08     153.20  1
        2005092403  3514773       6.57     153.36  1
        2005092406  3687865       6.15     153.56  1
        2005092409  3838262       5.67     153.96  1
        2005092412  3907089       5.44     154.35  1
        2005092415  3886305       4.95     155.45  1
        2005092418  3961036       4.57     156.33  1
        2005092421  3886332       4.26     156.70  1
        2005092500  3814829       4.06     156.81  1
        2005092503  3800371       4.13     156.81  1
        2005092506  3743114       3.83     156.82  1
        2005092509  2605601      -1.04     157.83  1
        2005092512  2612554      -1.21     158.07  1
        2005092515  2654825      -1.40     158.23  1
        2005092518  2790401      -1.83     158.61  1
        2005092521  2813001      -2.14     158.93  1
        2005092600  2931459      -2.44     159.28  1
        2005092603  3019247      -2.66     159.51  1
        2005092606  3141588      -2.86     159.69  1
        2005092609  3277558      -3.04     160.01  1
        2005092612  3929752      -4.32     162.44  1
        2005092615  4432862      -4.96     163.95  1
        2005092618  4908226      -5.45     165.02  1
        2005092621  5093107      -5.73     165.74  1
        2005092700  5278003      -5.74     166.18  1
        2005092703  5357235      -5.60     166.07  1
        2005092706  5479978      -5.45     166.06  1
        2005092709  5573282      -5.40     166.16  1
        2005092712  5628112      -5.35     166.30  1
        2005092715  5698628      -5.27     166.27  1
        2005092718  5695920      -5.21     166.23  1
        2005092721  5533847      -5.17     166.19  1
        2005092800  5350687      -5.08     166.10  1
        2005092803  5183073      -4.95     165.84  1
        2005092806  5127579      -4.79     165.45  1
        2005092809  4944231      -4.46     164.80  1
        2005092812  4805845      -4.06     164.04  1
        2005092815  4639296      -3.86     163.67  1
        2005092818  4554135      -3.70     163.35  1
        2005092821  4030715      -3.16     162.71  1
        2005092900  2852324       0.04     158.17  1
        2005092903  2651666       0.38     157.81  1
        2005092906  2513923       0.60     157.64  1
        2005092909  2390039       0.88     157.49  1
        2005092912  2299201       1.05     157.48  1
        2005092915  2262249       1.15     157.48  1
        2005092918  2169069       1.16     157.41  1
        2005092921  2112186       1.05     157.42  1
        2005093000  2034513       0.92     157.32  1
        2005093003  1984733       0.49     156.89  1
        2005093006  1917062       0.10     156.43  1
        2005093009  1821626      -0.31     155.95  1
        2005093012  1858565      -0.54     155.33  1
        2005093015  1807609      -0.67     154.72  1
        2005093018  1971463      -0.78     153.94  1
        2005093021  1862673      -0.88     153.42  1
        2005100100  1833206      -0.98     152.93  1
        2005100103  1858454      -0.97     152.62  1
        2005100106  1818308      -1.01     152.35  1
        2005100109  1751194      -1.07     152.09  1
        2005100112  1704933      -1.13     152.02  1
        2005100115  1619417      -1.19     151.95  1
        2005100118  1755766      -0.76     151.70  1
        2005100121  1710399      -0.79     151.72  1
        2005100200  1656483      -0.79     151.86  1
        2005100203  1576423      -0.91     152.04  1
        2005100206  1536350      -0.92     152.12  1
        2005100209  1490081      -1.10     152.30  1
        2005100212  1449052      -1.45     152.55  1
        2005100215  1508019      -1.86     152.62  1
        2005100218  1602825      -2.49     152.61  1
        2005100221  1627609      -2.96     152.55  1
        2005100300  1611476      -3.45     152.28  1
        2005100303  1565667      -3.72     152.14  1
        2005100306  1403118      -3.96     151.96  1
        2005100309  1199186      -4.13     151.76  1
        2005100312   989038      -4.35     151.67  1
        2005100315   698091      -4.62     151.63  1
        2005100318   415520      -5.02     151.61  1
LPT    13.0100
        2005100115   405140      17.85     278.89  1
        2005100118   532079      17.92     278.76  1
        2005100121   546504      18.01     278.73  1
        2005100200   467170      18.02     278.41  1
        2005100203   471932      17.89     278.26  1
        2005100206   494523      17.70     277.84  1
        2005100209   531617      17.59     277.53  1
        2005100212   588371      17.56     277.28  1
        2005100215   640571      17.58     276.97  1
        2005100218   751036      17.56     276.77  1
        2005100221   802221      17.47     276.43  1
        2005100300   923659      17.18     275.79  1
        2005100303  1016713      16.73     274.93  1
        2005100306  1167454      16.11     273.51  1
        2005100309  1338173      15.62     272.07  1
        2005100312  1323423      15.37     271.06  1
        2005100315  1379006      15.28     270.37  1
        2005100318  1475498      15.41     270.06  1
        2005100321  1581802      15.50     269.73  1
        2005100400  1743525      15.70     269.60  1
        2005100403  1857681      15.79     269.34  1
        2005100406  2156515      15.92     268.92  1
        2005100409  2282342      15.99     268.45  1
        2005100412  2377571      16.00     267.90  1
        2005100415  2517953      16.01     267.44  1
        2005100418  2633893      16.01     267.04  1
        2005100421  2782228      16.08     266.82  1
        2005100500  2929007      16.14     266.65  1
        2005100503  3087300      16.22     266.57  1
        2005100506  3245912      16.31     266.51  1
        2005100509  3319463      16.37     266.39  1
        2005100512  3376667      16.39     266.27  1
        2005100515  3460320      16.38     266.07  1
        2005100518  3562252      16.46     266.00  1
        2005100521  3662753      16.53     265.89  1
        2005100600  3759885      16.65     265.83  1
        2005100603  3837089      16.77     265.80  1
        2005100606  5167283      19.19     270.53  1
        2005100609  5159579      19.32     270.28  1
        2005100612  5172180      19.47     270.15  1
        2005100615  5166551      19.60     270.13  1
        2005100618  5168326      19.74     270.15  1
        2005100621  5269258      19.93     270.39  1
        2005100700  5268457      20.00     270.30  1
        2005100703  5260772      20.11     270.35  1
        2005100706  5288585      20.27     270.47  1
        2005100709  5242672      20.52     270.67  1
        2005100712  5207953      20.76     270.94  1
        2005100715  5172287      21.12     271.29  1
        2005100718  5121859      21.52     271.77  1
        2005100721  5087459      21.93     272.29  1
        2005100800  4984032      22.15     272.58  1
        2005100803  4840664      22.56     273.00  1
        2005100806  4655350      23.09     273.46  1
        2005100809  4425617      23.80     274.07  1
        2005100812  4292919      24.37     274.69  1
        2005100815  4073117      25.01     275.40  1
        2005100818  3713947      25.90     276.63  1
        2005100821  3226677      27.53     278.54  1
        2005100900  2757517      29.55     280.30  1
        2005100903  2259323      32.55     282.22  1
        2005100906  2134335      33.58     282.65  1
        2005100909  2187630      34.48     283.23  1
        2005100912  2305626      35.63     284.04  1
        2005100915  2367805      36.44     284.71  1
        2005100918  2400963      36.57     285.09  1
        2005100921  2324405      36.89     285.46  1
        2005101000  2139305      37.59     286.07  1
        2005101003   481807      20.01     287.07  1
        2005101006   760246      18.94     288.23  1
        2005101009  1125034      18.08     289.20  1
        2005101012  1477411      17.59     290.03  1
        2005101015  1882749      17.28     290.76  1
        2005101018  2150914      17.12     291.13  1
        2005101021  2285091      16.97     291.26  1
        2005101100  2362414      16.85     291.43  1
        2005101103  2459126      16.83     291.53  1
        2005101106  2573959      16.83     291.54  1
        2005101109  2742277      16.90     291.52  1
        2005101112  2898217      16.90     291.30  1
        2005101115  3126470      16.93     291.08  1
        2005101118  3285453      16.78     290.79  1
        2005101121  3363036      16.79     290.68  1
        2005101200  3411270      16.80     290.65  1
        2005101203  3479047      16.82     290.67  1
        2005101206  3568170      16.90     290.71  1
        2005101209  3640259      17.04     290.66  1
        2005101212  3607174      17.25     290.70  1
        2005101215  3658309      17.56     290.74  1
        2005101218  3666926      17.72     290.67  1
        2005101221  3659819      17.89     290.66  1
        2005101300  3675336      18.20     290.81  1
        2005101303  3687094      18.43     290.90  1
        2005101306  3707064      18.66     290.93  1
        2005101309  3813195      19.05     291.11  1
        2005101312  3797021      19.51     291.24  1
        2005101315  3821409      20.00     291.38  1
        2005101318  3853656      20.38     291.44  1
        2005101321  3893781      20.78     291.51  1
        2005101400  3903549      21.24     291.72  1
        2005101403  3896509      21.69     291.91  1
        2005101406  3958105      22.16     292.06  1
        2005101409  3977065      22.58     292.24  1
        2005101412  3871838      23.04     292.46  1
        2005101415  3715650      23.59     292.88  1
        2005101418  3543136      24.07     293.18  1
        2005101421  3357524      24.57     293.50  1
        2005101500  3183522      25.07     293.83  1
        2005101503  2948776      25.78     294.37  1
        2005101506   669373      14.17     284.86  1
        2005101509   487604      13.79     284.26  1
        2005101712   416345      15.37     282.66  1
        2005101715   562710      15.47     282.72  1
        2005101718   697204      15.51     282.75  1
        2005101721   787788      15.54     282.76  1
        2005101800   838167      15.59     282.74  1
        2005101803   866074      15.66     282.76  1
        2005101806   903267      15.65     282.70  1
        2005101809   932069      15.68     282.64  1
        2005101812   991384      15.70     282.58  1
        2005101815  1077626      15.81     282.49  1
        2005101818  1163068      15.92     282.47  1
        2005101821  1319701      16.11     282.46  1
        2005101900  1393712      16.22     282.37  1
        2005101903  1495538      16.35     282.29  1
        2005101906  1595402      16.43     282.26  1
        2005101909  1702850      16.57     282.13  1
        2005101912  1794729      16.69     281.94  1
        2005101915  1920371      16.82     281.63  1
        2005101918  1994339      16.94     281.37  1
        2005101921  2059774      17.08     281.13  1
        2005102000  2110644      17.14     280.86  1
        2005102003  2160968      17.18     280.65  1
        2005102006  2198933      17.14     280.42  1
        2005102009  2211941      17.10     280.25  1
        2005102012  2233702      17.07     279.94  1
        2005102015  2215511      17.11     279.67  1
        2005102018  2203183      17.16     279.40  1
        2005102021  2199328      17.23     279.19  1
        2005102100  2177640      17.32     278.87  1
        2005102103  2150508      17.44     278.59  1
        2005102106  2136732      17.49     278.38  1
        2005102109  2148722      17.65     278.17  1
        2005102112  2160263      17.85     277.99  1
        2005102115  2143580      18.07     277.84  1
        2005102118  2114217      18.26     277.64  1
        2005102121  2113316      18.39     277.44  1
        2005102200  2031878      18.47     277.15  1
        2005102203  1954094      18.56     276.95  1
        2005102206  1894225      18.69     276.75  1
        2005102209  1841869      18.81     276.57  1
        2005102212  1762337      19.02     276.32  1
        2005102215  1702422      19.25     276.08  1
        2005102218  1572720      19.50     275.88  1
        2005102221  1485335      19.69     275.66  1
        2005102300  1401993      19.93     275.47  1
        2005102303  1334124      20.16     275.32  1
        2005102306  1294086      20.45     275.17  1
        2005102309  1265685      20.74     275.05  1
        2005102312  1255266      21.04     274.95  1
        2005102315  1218765      21.46     274.91  1
        2005102318  1212379      21.79     274.94  1
        2005102321  1243433      22.17     275.03  1
        2005102400  1353139      22.62     275.25  1
        2005102403  1445291      23.12     275.54  1
        2005102406  1507300      23.64     275.94  1
        2005102409  1724590      24.42     276.64  1
        2005102412  1897381      25.29     277.51  1
        2005102415  2106958      26.32     278.50  1
        2005102418  2242702      27.14     279.32  1
        2005102421  2488780      28.25     280.40  1
        2005102500  2680081      29.16     281.34  1
        2005102503  2847937      29.94     282.07  1
        2005102506  3012160      30.60     282.76  1
        2005102509  3094690      31.29     283.44  1
        2005102512  3235040      32.16     284.36  1
        2005102515  3301665      32.97     285.21  1
        2005102518  3296303      33.79     285.92  1
        2005102521  3344345      34.62     286.58  1
        2005102600  3480680      35.73     287.66  1
        2005102603  3505488      36.70     288.62  1
        2005102606  3436222      37.23     289.24  1
        2005102609  3221230      37.48     289.44  1
        2005102612  2941827      37.49     289.49  1
        2005102615  2373622      36.12     288.49  1
        2005102618  1818484      34.85     287.05  1
        2005102621  1478072      34.49     286.63  1
        2005102700  1259719      34.98     287.04  1
        2005102703  1048623      35.70     287.63  1
        2005102706   836514      36.47     288.24  1
        2005102709   637272      37.17     288.75  1
        2005102712   461837      37.91     289.36  1
        2005102715   291413      38.64     289.97  1
LPT    14.0100
        2005100518   475737       1.41      67.97  1
        2005100521   680338       1.31      68.09  1
        2005100600   811619       1.16      68.45  1
        2005100603   916629       1.02      68.55  1
        2005100606  1015483       0.78      68.84  1
        2005100609  1077260       0.56      69.11  1
        2005100612  1160633       0.28      69.45  1
        2005100615  1186099       0.05      69.64  1
        2005100618  1278641      -0.30      69.89  1
        2005100621  1387362      -0.58      70.13  1
        2005100700  1444267      -1.00      70.53  1
        2005100703  1435588      -1.35      71.03  1
        2005100706  1453080      -1.70      71.41  1
        2005100709  1435168      -1.93      71.77  1
        2005100712  1445866      -2.05      72.14  1
        2005100715  1411865      -2.13      72.36  1
        2005100718  1489660      -2.16      72.64  1
        2005100721  1606033      -2.14      72.85  1
        2005100800  1646164      -2.09      73.05  1
        2005100803  1634668      -2.04      73.44  1
        2005100806  1537546      -2.08      73.56  1
        2005100809  1542941      -2.11      73.80  1
        2005100812  1545326      -2.09      74.31  1
        2005100815  1515315      -2.08      74.52  1
        2005100818  2968172      -1.41      83.78  1
        2005100821  3202621      -1.23      84.28  1
        2005100900  3284353      -1.00      84.85  1
        2005100903  3169458      -0.83      85.71  1
        2005100906  3066976      -0.47      87.02  1
        2005100909  2881564      -0.10      88.95  1
        2005100912  2952005       0.08      89.56  1
        2005100915  3046294       0.19      89.95  1
        2005100918  3209074       0.18      90.22  1
        2005100921  3444344       0.19      90.24  1
        2005101000  3694842       0.11      90.18  1
        2005101003  3832884      -0.01      90.28  1
        2005101006  4103228      -0.16      90.14  1
        2005101009  4266666      -0.23      90.21  1
        2005101012  4438702      -0.35      90.05  1
        2005101015  4535358      -0.43      89.97  1
        2005101018  4668242      -0.47      89.77  1
        2005101021  4732487      -0.46      89.64  1
        2005101100  4753467      -0.49      89.62  1
        2005101103  4693676      -0.50      89.60  1
        2005101106  4600741      -0.53      89.72  1
        2005101109  4577851      -0.50      89.69  1
        2005101112  4567698      -0.44      89.74  1
        2005101115  4547493      -0.44      89.79  1
        2005101118  4658547      -0.37      89.77  1
        2005101121  4752523      -0.21      89.84  1
        2005101200  4822633      -0.11      89.81  1
        2005101203  4836548      -0.17      89.81  1
        2005101206  4878976      -0.08      89.76  1
        2005101209  5049048       0.16      89.59  1
        2005101212  5181693       0.29      89.40  1
        2005101215  5262864       0.41      89.28  1
        2005101218  5328432       0.53      89.22  1
        2005101221  5427532       0.71      89.09  1
        2005101300  5426800       0.79      89.04  1
        2005101303  5283254       0.72      89.16  1
        2005101306  5166152       0.64      89.37  1
        2005101309  5008119       0.68      89.54  1
        2005101312  4930180       0.48      89.88  1
        2005101315  4761514       0.27      90.25  1
        2005101318  4695642       0.17      90.43  1
        2005101321  4705333       0.05      90.55  1
        2005101400  4537581      -0.19      90.66  1
        2005101403  3419242      -3.78      93.42  1
        2005101406  3352761      -4.14      93.68  1
        2005101409  3321522      -4.28      93.89  1
        2005101412  3325045      -4.36      94.21  1
        2005101415  3381329      -4.42      94.38  1
        2005101418  3351076      -4.44      94.61  1
        2005101421  3238844      -4.47      94.77  1
        2005101500  3089996      -4.63      94.71  1
        2005101503  2883258      -4.67      94.81  1
        2005101506  2694986      -4.47      95.30  1
        2005101509  2532214      -4.41      95.37  1
        2005101512  2357408      -4.21      95.50  1
        2005101515  1556789      -1.71      99.01  1
        2005101518  1453969      -1.05      99.47  1
        2005101521  1447297      -0.45      99.87  1
        2005101600  1301552       0.03      99.60  1
        2005101603  1107146       0.50      99.52  1
        2005101606   994408       1.03      99.54  1
        2005101609   840773       1.33      99.21  1
        2005101612   809828       1.60      99.33  1
        2005101615   575158       1.91      99.24  1
        2005101618   486270       2.37      99.56  1
        2005101621   476132       2.70      99.97  1
        2005101700   338714       3.01     100.76  1
LPT    15.0100
        2005101906   415448       1.69     104.76  1
        2005101909   715665       1.73     105.30  1
        2005101912   923917       1.81     105.39  1
        2005101915  1091787       2.15     105.31  1
        2005101918  1277445       2.27     105.18  1
        2005101921  1588867       2.67     104.70  1
        2005102000  1787919       2.81     104.44  1
        2005102003  1911699       2.88     104.06  1
        2005102006  2078700       2.87     103.86  1
        2005102009  2218940       2.83     103.81  1
        2005102012  2246679       2.88     103.64  1
        2005102015  2322943       2.88     103.77  1
        2005102018  2562932       2.92     104.01  1
        2005102021  2758130       3.02     104.12  1
        2005102100  2853037       3.21     104.53  1
        2005102103  2910253       3.37     104.69  1
        2005102106  3028146       3.53     104.90  1
        2005102109  3177373       3.67     104.92  1
        2005102112  3164604       3.77     104.90  1
        2005102115  3256112       3.88     104.87  1
        2005102118  3313263       3.95     104.59  1
        2005102121  3299400       4.09     104.32  1
        2005102200  3238593       4.28     104.01  1
        2005102203  3192036       4.39     103.70  1
        2005102206  3167891       4.45     103.52  1
        2005102209  3124622       4.52     103.15  1
        2005102212  2955952       4.47     102.67  1
        2005102215  2851099       4.41     102.45  1
        2005102218  2714196       4.27     102.09  1
        2005102221  2696530       4.26     101.89  1
        2005102300  2390178       4.07     101.39  1
        2005102303  2216642       4.06     101.16  1
        2005102306  2180420       4.11     101.22  1
        2005102309  2161577       4.20     101.21  1
        2005102312  2074488       4.53     100.98  1
        2005102315  2003262       4.93     100.89  1
        2005102318  2076648       5.26     100.64  1
        2005102321  2035621       5.59     100.24  1
        2005102400  1831476       6.26      99.49  1
        2005102403  1567644       7.00      98.69  1
        2005102406  1637257       7.01      98.34  1
        2005102409  1766097       6.65      98.42  1
        2005102412  1816467       6.39      98.45  1
        2005102415  1958323       6.31      98.19  1
        2005102418  2240604       5.79      98.13  1
        2005102421  2406960       5.60      97.95  1
        2005102500  2295593       5.91      97.10  1
        2005102503  2177599       5.62      96.88  1
        2005102506  2068960       5.55      96.54  2
        2005102509  2385447       5.06      96.84  1
        2005102512  2419917       4.93      96.59  1
        2005102515  2358120       5.16      96.11  1
        2005102518  2600197       5.29      96.10  1
        2005102521  2781153       5.22      96.31  1
        2005102600  2629040       5.27      96.21  1
        2005102603  2372218       5.41      95.86  1
        2005102606  2202373       5.83      95.12  1
        2005102609  1054423       1.52     103.26  1
        2005102612   898364       1.48     103.21  1
        2005102615   802207       1.44     103.40  1
        2005102618   914824       1.57     103.71  1
        2005102621  1044130       1.89     103.89  1
        2005102700  1162754       2.05     104.26  1
        2005102703  1345337       2.10     104.76  1
        2005102706  1633379       2.11     105.27  1
        2005102709  1854972       2.15     105.67  1
        2005102712  1885295       2.52     105.96  1
        2005102715  1973481       2.78     106.33  1
        2005102718  3371044       5.86     113.26  1
        2005102721  3489038       6.50     114.04  1
        2005102800  3567797       7.01     114.56  1
        2005102803  3607968       7.27     114.75  1
        2005102806  3739620       7.51     114.96  1
        2005102809  3787625       7.66     115.16  1
        2005102812  3778164       7.95     115.47  1
        2005102815  3739526       8.16     115.71  1
        2005102818  3820857       8.31     115.89  1
        2005102821  3813071       8.46     115.80  1
        2005102900  3689889       8.67     115.84  1
        2005102903  3611148       8.86     115.89  1
        2005102906  3574371       8.94     115.75  1
        2005102909  3462638       9.17     115.80  1
        2005102912  3330935       9.44     115.85  1
        2005102915  3217009       9.61     115.68  1
        2005102918  3106717       9.73     115.55  1
        2005102921  2954376      10.07     115.63  1
        2005103000  2859008      10.41     115.65  1
        2005103003  2748732      10.83     115.70  1
        2005103006  2666001      11.22     115.73  1
        2005103009  2641753      11.63     115.73  1
        2005103012  2627567      12.09     115.72  1
        2005103015  2600799      12.50     115.67  1
        2005103018  2591658      12.82     115.67  1
        2005103021  2555926      13.09     115.62  1
        2005103100  2550872      13.38     115.56  1
        2005103103  2505373      13.61     115.56  1
        2005103106  2549485      13.77     115.59  1
        2005103109  2500933      14.00     115.50  1
        2005103112  2455066      14.18     115.39  1
        2005103115  2375987      14.33     115.19  1
        2005103118  2338438      14.43     114.93  1
        2005103121  2242019      14.53     114.62  1
        2005110100  2185971      14.70     114.07  1
        2005110103  2154458      14.80     113.58  1
        2005110106  2143113      14.89     113.20  1
        2005110109  2167091      15.02     112.78  1
        2005110112  2082719      15.06     112.49  1
        2005110115  1999169      15.08     112.26  1
        2005110118  1973453      15.13     112.09  1
        2005110121  1950746      15.17     111.92  1
        2005110200  1922936      15.20     111.71  1
        2005110203  1830560      15.31     111.45  1
        2005110206  1723495      15.41     111.21  1
        2005110209  1620423      15.47     110.84  1
        2005110212  1437824      15.55     110.52  1
        2005110215  1244187      15.64     110.13  1
        2005110218  1098860      15.73     109.83  1
        2005110221   995129      15.85     109.64  1
        2005110300   894307      15.99     109.45  1
        2005110303   723635      16.22     109.24  1
        2005110306   617274      16.35     109.10  1
        2005110309   476195      16.49     108.88  1
        2005110312   365634      16.63     108.70  1
LPT    15.0200
        2005101906   415448       1.69     104.76  1
        2005101909   715665       1.73     105.30  1
        2005101912   923917       1.81     105.39  1
        2005101915  1091787       2.15     105.31  1
        2005101918  1277445       2.27     105.18  1
        2005101921  1588867       2.67     104.70  1
        2005102000  1787919       2.81     104.44  1
        2005102003  1911699       2.88     104.06  1
        2005102006  2078700       2.87     103.86  1
        2005102009  2218940       2.83     103.81  1
        2005102012  2246679       2.88     103.64  1
        2005102015  2322943       2.88     103.77  1
        2005102018  2562932       2.92     104.01  1
        2005102021  2758130       3.02     104.12  1
        2005102100  2853037       3.21     104.53  1
        2005102103  2910253       3.37     104.69  1
        2005102106  3028146       3.53     104.90  1
        2005102109  3177373       3.67     104.92  1
        2005102112  3164604       3.77     104.90  1
        2005102115  3256112       3.88     104.87  1
        2005102118  3313263       3.95     104.59  1
        2005102121  3299400       4.09     104.32  1
        2005102200  3238593       4.28     104.01  1
        2005102203  3192036       4.39     103.70  1
        2005102206  3167891       4.45     103.52  1
        2005102209  3124622       4.52     103.15  1
        2005102212  2955952       4.47     102.67  1
        2005102215  2851099       4.41     102.45  1
        2005102218  2714196       4.27     102.09  1
        2005102221  2696530       4.26     101.89  1
        2005102300  2390178       4.07     101.39  1
        2005102303  2216642       4.06     101.16  1
        2005102306  2180420       4.11     101.22  1
        2005102309  2161577       4.20     101.21  1
        2005102312  2074488       4.53     100.98  1
        2005102315  2003262       4.93     100.89  1
        2005102318  2076648       5.26     100.64  1
        2005102321  2035621       5.59     100.24  1
        2005102400  1831476       6.26      99.49  1
        2005102403  1567644       7.00      98.69  1
        2005102406  1637257       7.01      98.34  1
        2005102409  1766097       6.65      98.42  1
        2005102412  1816467       6.39      98.45  1
        2005102415  1958323       6.31      98.19  1
        2005102418  2240604       5.79      98.13  1
        2005102421  2406960       5.60      97.95  1
        2005102500  2295593       5.91      97.10  1
        2005102503  2177599       5.62      96.88  1
        2005102506  2068960       5.55      96.54  2
        2005102509  2385447       5.06      96.84  1
        2005102512  2419917       4.93      96.59  1
        2005102515  2358120       5.16      96.11  1
        2005102518  2600197       5.29      96.10  1
        2005102521  2781153       5.22      96.31  1
        2005102600  2629040       5.27      96.21  1
        2005102603  2372218       5.41      95.86  1
        2005102606  2202373       5.83      95.12  1
        2005102609  1084840      10.57      86.35  1
        2005102612  1130808      10.84      85.88  1
        2005102615  1184344      11.09      85.49  1
        2005102618  1282658      11.29      85.41  1
        2005102621  1378690      11.45      85.52  1
        2005102700  1556385      11.71      85.20  1
        2005102703  1598399      11.89      85.21  1
        2005102706  1703350      12.11      85.04  1
        2005102709  1803082      12.40      84.83  1
        2005102712  1825650      12.61      84.86  1
        2005102715  1839327      12.80      84.73  1
        2005102718  1891278      12.98      84.62  1
        2005102721  1953626      13.17      84.47  1
        2005102800  2002129      13.38      84.37  1
        2005102803  1989152      13.50      84.37  1
        2005102806  2030322      13.69      84.32  1
        2005102809  2005952      13.82      84.34  1
        2005102812  1937997      13.98      84.35  1
        2005102815  1874904      14.11      84.24  1
        2005102818  1801509      14.23      84.16  1
        2005102821  1658648      14.35      84.10  1
        2005102900  1534519      14.48      84.06  1
        2005102903  1419468      14.62      84.07  1
        2005102906  1308198      14.75      83.97  1
        2005102909  1145064      14.84      83.78  1
        2005102912   945654      14.90      83.51  1
        2005102915   657735      14.88      83.04  1
        2005102918   371959      14.81      82.35  1
LPT    16.0100
        2005102815  1084976      -9.82     168.12  1
        2005102818  1566142      -9.47     168.25  1
        2005102821  1812889      -9.51     168.47  1
        2005102900  2016290      -9.38     168.46  1
        2005102903  2060128      -9.00     168.26  1
        2005102906  2164654      -8.77     168.13  1
        2005102909  2239683      -8.51     167.90  1
        2005102912  2373540      -8.13     167.52  1
        2005102915  2431824      -7.13     166.63  1
        2005102918  2556138      -6.43     166.13  1
        2005102921  2537102      -5.76     165.68  1
        2005103000  2114411      -3.23     163.30  1
        2005103003  2045851      -2.95     163.01  1
        2005103006  1989161      -2.79     162.93  1
        2005103009  1977774      -2.63     162.87  1
        2005103012  2008941      -2.21     162.93  1
        2005103015  1855167      -2.20     163.12  1
        2005103018  1711651      -1.82     163.58  1
        2005103021  3481378       4.61     174.91  1
        2005103100  3192627       5.23     175.09  1
        2005103103  3030358       5.64     174.92  1
        2005103106  2922174       5.77     174.02  1
        2005103109  2574397       5.94     173.11  1
        2005103112  2187392       5.77     171.57  1
        2005103115  1364871       3.31     163.87  1
        2005103118  1348082       3.34     163.05  1
        2005103121  1450786       3.21     161.94  1
        2005110100  1646621       3.07     161.34  1
        2005110103  1888820       2.94     160.26  1
        2005110106  2200600       2.70     158.90  1
        2005110109  2656011       2.28     157.41  1
        2005110112  3259381       1.88     155.71  1
        2005110115  3658223       1.53     154.64  1
        2005110118  3816404       1.22     154.13  1
        2005110121  3977613       0.79     153.52  1
        2005110200  4178445       0.48     153.20  1
        2005110203  4232570       0.21     153.28  1
        2005110206  4229546      -0.09     153.70  1
        2005110209  4328109      -0.34     153.92  1
        2005110212  4399648      -0.59     154.36  1
        2005110215  4501252      -0.75     154.61  1
        2005110218  4530571      -0.88     155.04  1
        2005110221  4589999      -0.99     155.28  1
        2005110300  4694190      -1.05     155.29  1
        2005110303  4759837      -1.15     155.36  1
        2005110306  4827584      -1.23     155.44  1
        2005110309  4935284      -1.34     155.38  1
        2005110312  5000690      -1.46     155.40  1
        2005110315  4994638      -1.58     155.46  1
        2005110318  4949604      -1.71     155.34  1
        2005110321  4732289      -1.69     155.08  1
        2005110400  4544959      -1.69     154.90  1
        2005110403  4400555      -1.68     154.67  1
        2005110406  4344318      -1.68     154.42  1
        2005110409  4245162      -1.68     154.08  1
        2005110412  4118832      -1.52     153.52  1
        2005110415  4033274      -1.29     152.94  1
        2005110418  3919761      -1.14     152.38  1
        2005110421  3818847      -0.83     151.65  1
        2005110500  3624598      -0.56     150.93  1
        2005110503  3384559      -0.45     150.62  1
        2005110506  3322124      -0.26     150.08  1
        2005110509  3280182      -0.17     149.67  1
        2005110512  3228817      -0.08     149.20  1
        2005110515  3122113      -0.03     148.71  1
        2005110518  3055595      -0.05     148.34  1
        2005110521  2969962      -0.01     147.86  1
        2005110600  2799872      -0.03     147.56  1
        2005110603  1473291       4.43     141.10  1
        2005110606  1397387       4.70     140.65  1
        2005110609  1396224       4.89     140.50  1
        2005110612  1328099       5.12     140.47  1
        2005110615  1250215       5.26     140.51  1
        2005110618  1200717       5.43     140.57  1
        2005110621  1169597       5.63     140.70  1
        2005110700  1109432       5.76     140.85  1
        2005110703  1049457       5.80     140.87  1
        2005110706   982677       5.79     140.78  1
        2005110709   900389       5.88     140.68  1
        2005110712   816531       6.00     140.55  1
        2005110715   763375       6.13     140.52  1
        2005110718   655692       6.30     140.30  1
        2005110721   531978       6.43     140.33  1
LPT    17.0100
        2005102915   483064      -5.29      89.40  1
        2005102918   669913      -5.27      89.44  1
        2005102921   863778      -5.14      89.65  1
        2005103000  1033976      -4.92      89.94  1
        2005103003  1166446      -4.75      90.09  1
        2005103006  1340483      -4.57      90.26  1
        2005103009  1461535      -4.37      90.41  1
        2005103012  1625801      -4.12      90.58  1
        2005103015  1746850      -3.98      90.65  1
        2005103018  2019142      -3.58      90.96  1
        2005103021  2171751      -3.44      90.97  1
        2005103100  2444317      -3.29      90.93  1
        2005103103  2719883      -3.21      90.59  1
        2005103106  3028654      -3.16      89.97  1
        2005103109  3326639      -3.15      89.15  1
        2005103112  3620157      -3.12      88.13  1
        2005103115  3842625      -3.05      87.69  1
        2005103118  4067047      -3.05      87.27  1
        2005103121  4167654      -2.99      87.18  1
        2005110100  4270278      -2.99      86.93  1
        2005110103  4376217      -2.91      86.90  1
        2005110106  4375586      -2.84      86.98  1
        2005110109  4361217      -2.77      87.03  1
        2005110112  4406846      -2.70      87.19  1
        2005110115  4519137      -2.54      87.64  1
        2005110118  4744440      -2.35      87.98  1
        2005110121  4897394      -2.23      88.47  1
        2005110200  5071310      -2.20      88.67  1
        2005110203  5256554      -2.11      88.86  1
        2005110206  5462569      -2.03      89.34  1
        2005110209  5636491      -1.94      89.83  1
        2005110212  5685916      -1.95      90.08  1
        2005110215  5787139      -1.99      90.47  1
        2005110218  5951914      -2.04      90.83  1
        2005110221  5978378      -2.16      91.10  1
        2005110300  6063980      -2.26      91.39  1
        2005110303  6090746      -2.29      91.70  1
        2005110306  6000578      -2.36      91.94  1
        2005110309  5991061      -2.37      92.23  1
        2005110312  5935568      -2.34      92.41  1
        2005110315  5938871      -2.33      92.54  1
        2005110318  5944971      -2.24      92.79  1
        2005110321  5912572      -2.12      93.07  1
        2005110400  5986357      -2.18      92.98  1
        2005110403  5812119      -2.16      93.17  1
        2005110406  5740257      -2.16      93.32  1
        2005110409  5634524      -2.09      93.69  1
        2005110412  5519463      -2.03      93.93  1
        2005110415  5421262      -2.01      94.23  1
        2005110418  5232292      -2.00      94.60  1
        2005110421  4910851      -2.11      95.25  1
        2005110500  4732138      -2.27      95.51  1
        2005110503  4398115      -2.49      95.90  1
        2005110506  4037824      -2.77      96.63  1
        2005110509  3674254      -3.07      97.21  1
        2005110512  3317289      -3.49      97.31  1
        2005110515  3073457      -3.83      97.45  1
        2005110518  2736350      -4.32      97.21  1
        2005110521  2381694      -4.81      97.03  1
        2005110600  2115553      -5.28      96.71  1
        2005110603  1851104      -5.74      96.30  1
        2005110606  1561360      -6.27      95.98  1
        2005110609  1371344      -6.54      95.71  1
        2005110612  1143235      -6.76      95.57  1
        2005110615   927445      -7.01      95.40  1
        2005110618   703424      -7.22      95.41  1
        2005110621   531669      -7.37      95.34  1
LPT    18.0100
        2005110815   406799       5.55     157.78  1
        2005110818   664634       5.30     156.31  1
        2005110821  1078817       5.05     153.58  1
        2005110900  1539211       4.83     151.13  1
        2005110903  1637264       4.61     150.30  1
        2005110906  1736244       4.32     149.60  1
        2005110909  1867044       4.22     148.72  1
        2005110912  1944756       4.12     147.99  1
        2005110915  1993934       4.07     147.52  1
        2005110918  2078214       4.12     146.92  1
        2005110921  2151328       4.05     146.48  1
        2005111000  2146138       3.95     146.22  1
        2005111003  2173217       3.86     146.06  1
        2005111006  2202370       3.84     145.80  1
        2005111009  2226207       3.81     145.58  1
        2005111012  2222578       3.67     145.35  1
        2005111015  2202176       3.44     145.04  1
        2005111018  2154810       3.25     144.68  1
        2005111021  2175183       3.00     144.37  1
        2005111100  2246877       2.84     144.09  1
        2005111103  2411674       2.64     143.91  1
        2005111106  2537998       2.50     143.77  1
        2005111109  2628868       2.44     143.64  1
        2005111112  2737244       2.47     143.38  1
        2005111115  2868449       2.56     143.12  1
        2005111118  3052673       2.58     142.91  1
        2005111121  3120907       2.60     142.56  1
        2005111200  3075784       2.50     142.39  1
        2005111203  3059136       2.43     142.13  1
        2005111206  3064347       2.27     142.02  1
        2005111209  3083691       2.34     141.79  1
        2005111212  3145580       2.34     141.71  1
        2005111215  3338451       2.39     142.08  1
        2005111218  3897073       2.71     143.13  1
        2005111221  4363647       3.12     143.67  1
        2005111300  4716609       3.47     143.94  1
        2005111303  5067864       3.84     143.95  1
        2005111306  5383839       4.21     143.85  1
        2005111309  5702473       4.54     143.67  1
        2005111312  5926364       4.71     143.50  1
        2005111315  6220565       4.79     143.24  1
        2005111318  6491926       4.91     142.96  1
        2005111321  6705917       5.04     142.60  1
        2005111400  6840614       5.23     142.29  1
        2005111403  6898689       5.43     142.03  1
        2005111406  6943849       5.68     141.39  1
        2005111409  6878012       5.97     140.89  1
        2005111412  6802956       6.21     140.58  1
        2005111415  6752180       6.28     140.47  1
        2005111418  6673725       6.36     140.23  1
        2005111421  6503608       6.47     139.75  1
        2005111500  6314277       6.59     139.55  1
        2005111503  6247002       6.78     139.31  1
        2005111506  6061464       7.02     139.20  1
        2005111509  5884661       7.30     138.84  1
        2005111512  5624549       7.66     138.46  1
        2005111515  5345761       8.10     137.96  1
        2005111518  4796469       8.79     136.64  1
        2005111521  3516302      10.74     132.52  1
        2005111600  3194157      11.34     131.79  1
        2005111603  2960192      12.00     131.78  1
        2005111606  2805990      12.72     131.95  1
        2005111609  2647460      13.53     132.41  1
        2005111612  2565851      14.38     132.97  1
        2005111615  2577985      15.13     133.62  1
        2005111618  2845937      16.56     134.94  1
        2005111621  3205075      18.23     136.48  1
        2005111700  3357642      19.05     137.32  1
        2005111703  3489715      19.71     138.07  1
        2005111706  3640903      20.37     138.96  1
        2005111709  3702658      21.00     139.78  1
        2005111712  3722069      21.33     140.28  1
        2005111715  3722458      21.73     140.87  1
        2005111718  3825756      22.06     141.34  1
        2005111721  3819303      22.39     141.82  1
        2005111800  3822202      22.62     142.06  1
        2005111803  3779546      22.59     141.96  1
        2005111806  3528346      22.33     141.56  1
        2005111809  3174570      21.63     140.44  1
        2005111812  2799681      20.92     139.08  1
        2005111815  2715695      19.79     136.32  1
        2005111818  1590951      16.31     129.83  1
        2005111821  1475712      16.19     129.25  1
        2005111900  1436846      16.23     128.77  1
        2005111903  1456869      16.33     128.20  1
        2005111906  1461220      16.44     127.90  1
        2005111909  1435198      16.56     127.61  1
        2005111912  1416402      16.70     127.47  1
        2005111915  1401166      16.96     127.41  1
        2005111918  1370090      17.08     127.29  1
        2005111921  1304673      17.27     127.16  1
        2005112000  1197624      17.42     126.97  1
        2005112003  1084482      17.52     126.71  1
        2005112006   993224      17.66     126.42  1
        2005112009   897069      17.77     126.17  1
        2005112012   818802      17.85     125.89  1
        2005112015   729354      17.99     125.61  1
        2005112018   698691      18.13     125.34  1
        2005112021   653312      18.30     125.14  1
        2005112100   638771      18.47     124.94  1
        2005112103   603102      18.61     124.68  1
        2005112106   561421      18.83     124.38  1
        2005112109   525884      18.98     124.22  1
        2005112112   465432      19.18     124.15  1
        2005112115   454051      19.34     124.10  1
LPT    19.0100
        2005111112   390161       7.14     281.67  1
        2005111115   480655       7.07     281.64  1
        2005111118   576496       7.02     281.66  1
        2005111121   655514       6.94     281.73  1
        2005111200   667819       6.91     281.71  1
        2005111203   710664       6.96     281.63  1
        2005111206   770932       7.11     281.60  1
        2005111209   803625       7.24     281.42  1
        2005111212   804139       7.39     281.28  1
        2005111215   761067       7.50     281.16  1
        2005111218   787720       7.57     281.23  1
        2005111221   801299       7.68     281.34  1
        2005111300   723883       7.77     281.40  1
        2005111303   760459       7.85     281.66  1
        2005111306   910295       7.85     282.14  1
        2005111309  1044860       7.82     282.60  1
        2005111312  1137222       7.85     282.94  1
        2005111315  1252584       7.84     283.39  1
        2005111318  1369204       7.64     283.83  1
        2005111321  1454506       7.44     284.32  1
        2005111400  1375318       7.31     284.72  1
        2005111403  1371593       7.24     285.03  1
        2005111406  1392619       7.34     285.33  1
        2005111409  1305560       7.58     285.65  1
        2005111412  1100958       8.12     286.06  1
        2005111415  1114073       9.13     286.98  1
        2005111418  2491513      12.44     294.79  1
        2005111421  2612292      12.75     295.00  1
        2005111500  2673620      12.96     295.13  1
        2005111503  2748216      12.93     294.91  1
        2005111506  2806432      12.83     294.55  1
        2005111509  2826944      12.68     294.25  1
        2005111512  2808338      12.59     293.92  1
        2005111515  2850839      12.48     293.49  1
        2005111518  2990679      12.27     292.91  1
        2005111521  3017285      12.25     292.56  1
        2005111600  3004639      12.30     292.25  1
        2005111603  3012484      12.27     291.91  1
        2005111606  3096654      12.23     291.41  1
        2005111609  3072787      12.30     291.09  1
        2005111612  3050271      12.38     290.70  1
        2005111615  3025872      12.36     290.16  1
        2005111618  3049686      12.34     289.73  1
        2005111621  3093042      12.31     289.30  1
        2005111700  3011960      12.31     288.81  1
        2005111703  2979969      12.28     288.48  1
        2005111706  2999447      12.30     287.95  1
        2005111709  2983398      12.33     287.43  1
        2005111712  2950119      12.41     286.90  1
        2005111715  2861861      12.44     286.43  1
        2005111718  2715702      12.44     285.71  1
        2005111721  2558466      12.50     284.90  1
        2005111800  2438853      12.63     284.01  1
        2005111803  2309428      12.86     283.08  1
        2005111806  2192208      13.09     282.42  1
        2005111809  2051345      13.47     281.42  1
        2005111812  1799273      13.93     279.99  1
        2005111815  1554950      14.49     278.57  1
        2005111818  1430963      14.83     278.03  1
        2005111821  1316032      15.21     277.53  1
        2005111900  1250027      15.54     277.21  1
        2005111903  1192724      15.82     276.94  1
        2005111906  1153660      16.03     276.74  1
        2005111909  1057370      16.30     276.51  1
        2005111912  1005363      16.48     276.30  1
        2005111915   943117      16.65     276.12  1
        2005111918   868276      16.85     275.97  1
        2005111921   788553      17.02     275.88  1
        2005112000   719918      17.22     275.84  1
        2005112003   653863      17.34     275.82  1
        2005112006   591752      17.41     275.84  1
        2005112009   468415      17.54     275.81  1
        2005112012   345137      17.71     275.75  1
LPT    20.0100
        2005111415   349062       4.18      90.10  1
        2005111418   621167       3.89      89.87  1
        2005111421   951130       3.55      89.64  1
        2005111500  1256617       3.03      89.38  1
        2005111503  1478743       2.67      89.29  1
        2005111506  1730799       2.36      89.15  1
        2005111509  1923544       2.08      89.04  1
        2005111512  2144875       1.71      88.95  1
        2005111515  2279146       1.42      88.82  1
        2005111518  2490159       1.33      88.82  1
        2005111521  2561219       1.14      88.76  1
        2005111600  2604428       1.08      88.81  1
        2005111603  2655269       1.06      88.91  1
        2005111606  2726887       1.07      89.13  1
        2005111609  2831578       1.11      89.34  1
        2005111612  2915398       1.15      89.52  1
        2005111615  2978494       1.17      89.75  1
        2005111618  3042963       1.25      90.03  1
        2005111621  3092147       1.27      90.21  1
        2005111700  3112236       1.23      90.39  1
        2005111703  3137724       1.15      90.60  1
        2005111706  3144675       1.14      90.78  1
        2005111709  3162389       1.11      90.88  1
        2005111712  3197766       1.12      90.96  1
        2005111715  3170756       1.16      91.07  1
        2005111718  3135261       1.24      91.05  1
        2005111721  3129838       1.25      91.09  1
        2005111800  3040634       1.20      91.20  1
        2005111803  2946779       1.17      91.33  1
        2005111806  2888353       1.10      91.50  1
        2005111809  2836887       0.97      91.70  1
        2005111812  2799921       0.94      91.85  1
        2005111815  2732101       0.94      92.06  1
        2005111818  2729666       0.95      92.31  1
        2005111821  2683438       0.81      92.52  1
        2005111900  2685665       0.71      92.79  1
        2005111903  2650278       0.53      93.04  1
        2005111906  2650257       0.44      93.29  1
        2005111909  2635583       0.24      93.46  1
        2005111912  2643150       0.14      93.58  1
        2005111915  2688408       0.09      93.66  1
        2005111918  2817922       0.22      93.51  1
        2005111921  3038139       0.40      93.33  1
        2005112000  3152460       0.43      93.38  1
        2005112003  3255819       0.47      93.47  1
        2005112006  3364523       0.59      93.53  1
        2005112009  3538629       0.65      93.63  1
        2005112012  3621893       0.67      93.79  1
        2005112015  3630781       0.46      94.17  1
        2005112018  3755144       0.26      94.71  1
        2005112021  3792543       0.07      95.15  1
        2005112100  3785349      -0.13      95.66  1
        2005112103  3003208      -2.40      98.97  1
        2005112106  3144029      -2.43      99.91  1
        2005112109  3220195      -2.34     100.54  1
        2005112112  3233058      -2.28     100.94  1
        2005112115  3318229      -2.26     101.56  1
        2005112118  3429867      -2.16     102.16  1
        2005112121  3494222      -2.19     102.63  1
        2005112200  3537045      -2.14     103.07  1
        2005112203  3563082      -2.10     103.51  1
        2005112206  3584697      -1.93     103.89  1
        2005112209  3580780      -1.78     104.17  1
        2005112212  3530205      -1.53     104.51  1
        2005112215  3499557      -1.28     104.85  1
        2005112218  3482086      -1.06     105.25  1
        2005112221  3467701      -0.77     105.52  1
        2005112300  3441733      -0.48     105.94  1
        2005112303  3468721      -0.18     106.37  1
        2005112306  3456241       0.21     106.71  1
        2005112309  3454500       0.56     107.00  1
        2005112312  3421909       0.93     107.20  1
        2005112315  3429045       1.29     107.33  1
        2005112318  3463692       1.68     107.48  1
        2005112321  3427716       2.07     107.55  1
        2005112400  3400831       2.44     107.53  1
        2005112403  3350886       2.81     107.40  1
        2005112406  3363924       3.12     107.42  1
        2005112409  3342091       3.29     107.35  1
        2005112412  3268777       3.45     107.39  1
        2005112415  3207800       3.58     107.38  1
        2005112418  3227353       3.71     107.31  1
        2005112421  3220892       3.84     107.18  1
        2005112500  3171668       3.91     107.03  1
        2005112503  3088446       4.08     106.91  1
        2005112506  2994301       4.33     106.74  1
        2005112509  2955790       4.43     106.47  1
        2005112512  2874034       4.59     106.20  1
        2005112515  2874153       4.57     106.04  1
        2005112518  2792530       4.65     105.79  1
        2005112521  2677867       4.92     105.24  1
        2005112600  2494148       5.20     104.63  1
        2005112603  2286536       5.50     103.85  1
        2005112606  1969509       6.06     102.84  1
        2005112609  1809320       6.28     102.24  1
        2005112612  1669833       6.54     101.73  1
        2005112615  1582972       6.64     101.40  1
        2005112618  1517737       6.68     101.21  1
        2005112621  1441745       6.75     100.97  1
        2005112700  1345801       6.85     100.72  1
        2005112703  1197062       6.93     100.43  1
        2005112706  1023023       7.04     100.12  1
        2005112709   869843       7.06      99.75  1
        2005112712   743170       7.25      99.41  1
        2005112715   720230       7.23      99.18  1
        2005112718   809165       7.16      99.13  1
        2005112721   812224       7.17      98.80  1
        2005112800   739361       7.24      98.49  1
        2005112803   704178       7.23      98.43  1
        2005112806   641392       7.22      98.38  1
        2005112809   597884       7.11      98.49  1
        2005112812   409363       7.13      98.31  1
LPT    20.0200
        2005111415   349062       4.18      90.10  1
        2005111418   621167       3.89      89.87  1
        2005111421   951130       3.55      89.64  1
        2005111500  1256617       3.03      89.38  1
        2005111503  1478743       2.67      89.29  1
        2005111506  1730799       2.36      89.15  1
        2005111509  1923544       2.08      89.04  1
        2005111512  2144875       1.71      88.95  1
        2005111515  2279146       1.42      88.82  1
        2005111518  2490159       1.33      88.82  1
        2005111521  2561219       1.14      88.76  1
        2005111600  2604428       1.08      88.81  1
        2005111603  2655269       1.06      88.91  1
        2005111606  2726887       1.07      89.13  1
        2005111609  2831578       1.11      89.34  1
        2005111612  2915398       1.15      89.52  1
        2005111615  2978494       1.17      89.75  1
        2005111618  3042963       1.25      90.03  1
        2005111621  3092147       1.27      90.21  1
        2005111700  3112236       1.23      90.39  1
        2005111703  3137724       1.15      90.60  1
        2005111706  3144675       1.14      90.78  1
        2005111709  3162389       1.11      90.88  1
        2005111712  3197766       1.12      90.96  1
        2005111715  3170756       1.16      91.07  1
        2005111718  3135261       1.24      91.05  1
        2005111721  3129838       1.25      91.09  1
        2005111800  3040634       1.20      91.20  1
        2005111803  2946779       1.17      91.33  1
        2005111806  2888353       1.10      91.50  1
        2005111809  2836887       0.97      91.70  1
        2005111812  2799921       0.94      91.85  1
        2005111815  2732101       0.94      92.06  1
        2005111818  2729666       0.95      92.31  1
        2005111821  2683438       0.81      92.52  1
        2005111900  2685665       0.71      92.79  1
        2005111903  2650278       0.53      93.04  1
        2005111906  2650257       0.44      93.29  1
        2005111909  2635583       0.24      93.46  1
        2005111912  2643150       0.14      93.58  1
        2005111915  2688408       0.09      93.66  1
        2005111918  2817922       0.22      93.51  1
        2005111921  3038139       0.40      93.33  1
        2005112000  3152460       0.43      93.38  1
        2005112003  3255819       0.47      93.47  1
        2005112006  3364523       0.59      93.53  1
        2005112009  3538629       0.65      93.63  1
        2005112012  3621893       0.67      93.79  1
        2005112015  3630781       0.46      94.17  1
        2005112018  3755144       0.26      94.71  1
        2005112021  3792543       0.07      95.15  1
        2005112100  3785349      -0.13      95.66  1
        2005112103   733170       8.13      85.76  1
        2005112106   667740       8.42      85.53  1
        2005112109   669721       8.60      85.33  1
        2005112112   727377       8.78      85.05  1
        2005112115   709510       8.94      84.76  1
        2005112118   733740       9.03      84.49  1
        2005112121   761052       9.08      84.21  1
        2005112200   751716       9.17      83.92  1
        2005112203   759859       9.28      83.58  1
        2005112206   790265       9.31      83.26  1
        2005112209   799820       9.45      83.00  1
        2005112212   799628       9.53      82.91  1
        2005112215   777289       9.65      82.76  1
        2005112218   711526       9.80      82.61  1
        2005112221   603397       9.87      82.39  1
        2005112300   500598       9.95      82.19  1
        2005112303   451934       9.95      81.98  1
        2005112306   434415       9.97      81.78  1
        2005112309   409270      10.00      81.57  1
        2005112312   372787       9.99      81.38  1
        2005112315   380455       9.93      81.13  1
        2005112318   370680       9.83      80.89  1
        2005112321   357870       9.71      80.74  1
        2005112400   367904       9.58      80.52  1
        2005112403   385630       9.39      80.33  1
        2005112406   413232       9.24      80.16  1
        2005112409   459857       9.13      80.11  1
        2005112412   468393       9.02      80.03  1
        2005112415   370961       8.84      79.97  1
        2005112418   319218       8.68      79.85  1
LPT    21.0100
        2005112918   416962      -0.36     106.52  1
        2005112921   674628       0.01     106.29  1
        2005113000   860425       0.61     106.11  1
        2005113003  1134628       1.18     106.00  1
        2005113006  1403162       1.69     105.85  1
        2005113009  1722360       1.68     105.84  1
        2005113012  1653671       2.05     105.50  1
        2005113015  1827308       2.27     105.53  1
        2005113018  1902328       2.56     105.71  1
        2005113021  2048222       2.57     105.94  1
        2005120100  2093958       2.81     106.22  1
        2005120103  2145982       3.00     106.36  1
        2005120106  2180813       2.86     106.30  1
        2005120109  2252472       2.70     106.26  1
        2005120112  2195519       2.87     106.09  1
        2005120115  2314103       2.66     106.02  1
        2005120118  2454150       2.45     106.00  1
        2005120121  2580108       2.40     105.85  1
        2005120200  2574251       2.29     105.80  1
        2005120203  2521244       2.37     105.74  1
        2005120206  2519875       2.35     105.78  1
        2005120209  2485293       2.41     105.78  1
        2005120212  2355461       2.53     105.68  1
        2005120215  2295287       2.73     105.58  1
        2005120218  2320564       2.82     105.48  1
        2005120221  2304064       3.00     105.25  1
        2005120300  2196118       3.17     105.24  1
        2005120303  1965819       3.54     105.05  1
        2005120306  1697147       3.91     104.91  1
        2005120309  1452282       4.26     104.72  1
        2005120312  1157137       4.79     104.24  1
        2005120315   952402       4.98     103.96  1
        2005120318   778271       5.32     103.11  1
        2005120321   662594       5.67     101.99  1
        2005120400   518614       6.00     100.26  1
        2005120403   524727       6.01      98.72  1
        2005120406   576319       5.84      97.36  1
        2005120409   698710       5.56      96.30  1
        2005120412   796544       5.28      95.59  1
        2005120415   859006       5.06      95.08  1
        2005120418   945160       4.96      94.84  1
        2005120421  1043325       5.05      94.69  1
        2005120500  1005531       5.13      94.51  1
        2005120503   992142       5.33      94.42  1
        2005120506  1031818       5.47      94.32  1
        2005120509  1106498       5.74      94.31  1
        2005120512  1159044       5.91      94.18  1
        2005120515  1186171       6.11      94.03  1
        2005120518  1167896       6.39      93.82  1
        2005120521  1052525       6.61      93.60  1
        2005120600   943133       6.93      93.30  1
        2005120603   858307       7.28      93.11  1
        2005120606   759045       7.63      92.97  1
        2005120609   808054       8.00      92.97  1
        2005120612   816735       8.25      92.89  1
        2005120615   855832       8.54      92.85  1
        2005120618   968234       8.74      92.81  1
        2005120621  1020086       9.03      92.78  1
        2005120700  1037776       9.24      92.77  1
        2005120703   932174       9.74      92.53  1
        2005120706   841751      10.02      92.36  1
        2005120709   769772      10.25      92.16  1
        2005120712   638541      10.55      91.84  1
        2005120715   541747      10.78      91.62  1
        2005120718   511225      10.90      91.47  1
        2005120721   487514      11.02      91.22  1
        2005120800   393302      11.19      91.09  1
        2005120803   324192      11.35      90.88  1
LPT    22.0100
        2005120518   457149       1.35     134.80  1
        2005120521   626118       1.54     134.92  1
        2005120600   810411       1.75     135.04  1
        2005120603   942974       1.93     135.21  1
        2005120606  1059983       2.21     135.28  1
        2005120609  1281744       2.49     135.42  1
        2005120612  1458756       2.70     135.48  1
        2005120615  1662363       3.09     134.81  1
        2005120618  2140753       3.33     134.93  1
        2005120621  3242755       4.86     132.64  1
        2005120700  3614846       5.16     132.05  1
        2005120703  4155372       5.11     131.91  1
        2005120706  4870262       4.80     132.86  1
        2005120709  5365760       4.65     133.59  1
        2005120712  5712221       4.59     134.22  1
        2005120715  5961015       4.70     134.36  1
        2005120718  6209762       4.90     134.23  1
        2005120721  6465145       5.10     133.93  1
        2005120800  6575933       5.21     133.86  1
        2005120803  6700806       5.22     134.05  1
        2005120806  6792860       5.24     134.16  1
        2005120809  7115498       5.25     134.23  1
        2005120812  7263694       5.18     134.60  1
        2005120815  7320142       5.02     135.08  1
        2005120818  7273855       5.01     135.60  1
        2005120821  7488538       4.83     135.94  1
        2005120900  7629098       4.62     136.50  1
        2005120903  7583213       4.48     136.91  1
        2005120906  7744762       4.47     136.99  1
        2005120909  7804456       4.41     137.30  1
        2005120912  7786824       4.42     137.83  1
        2005120915  7784225       4.42     138.18  1
        2005120918  7895115       4.42     138.02  1
        2005120921  7522181       4.38     138.16  1
        2005121000  6973789       4.23     138.50  1
        2005121003  6637192       4.07     138.66  1
        2005121006  6178316       4.01     138.51  1
        2005121009  5775936       4.03     137.98  1
        2005121012  5447344       4.04     138.25  1
        2005121015  5374930       4.05     138.31  1
        2005121018  5310786       3.97     138.50  1
        2005121021  5064281       3.67     139.16  1
        2005121100  4528953       2.97     141.03  1
        2005121103  4223629       2.61     141.99  1
        2005121106  3829448       2.09     143.12  1
        2005121109  3552011       1.49     144.23  1
        2005121112  3076799       0.71     145.68  1
        2005121115  2887535       0.02     146.42  1
        2005121118  3008512      -0.08     146.21  1
        2005121121  2911811      -0.56     146.72  1
        2005121200  2717188      -0.74     147.12  1
        2005121203  2628816      -0.76     147.29  1
        2005121206  2640525      -0.84     147.54  1
        2005121209  2692182      -0.84     147.64  1
        2005121212  2721587      -0.80     147.79  1
        2005121215  2803903      -0.76     147.90  1
        2005121218  2893789      -0.80     148.03  1
        2005121221  2818887      -0.98     148.27  1
        2005121300  2717889      -1.12     148.42  1
        2005121303  2553735      -1.24     148.82  1
        2005121306  2496678      -1.36     148.85  1
        2005121309  2485041      -1.48     148.87  1
        2005121312  2390210      -1.56     149.08  1
        2005121315  2372383      -1.67     149.22  1
        2005121318  2270029      -1.65     149.33  1
        2005121321  2222421      -1.64     149.30  1
        2005121400  2161700      -1.61     149.13  1
        2005121403  2059997      -1.66     149.09  1
        2005121406  2090245      -1.58     148.59  1
        2005121409  2054065      -1.53     148.47  1
        2005121412  1930818      -1.44     148.48  1
        2005121415  1827615      -1.31     148.42  1
        2005121418  1525989      -1.03     148.17  1
        2005121421   856703      -2.10     152.73  1
        2005121500   632974      -2.09     152.87  1
        2005121503   517220      -2.14     152.50  1
        2005121506   338919      -2.20     152.45  1
LPT    23.0100
        2005121006   329334      -5.20      82.09  1
        2005121009   425506      -5.18      82.02  1
        2005121012   487005      -5.23      82.07  1
        2005121015   503135      -5.26      82.07  1
        2005121018   578456      -5.32      82.39  1
        2005121021   619944      -5.37      83.25  1
        2005121100   722951      -5.42      84.79  1
        2005121103  1718940      -3.23      91.61  1
        2005121106  2292192      -3.05      92.32  1
        2005121109  2706383      -2.98      92.63  1
        2005121112  3010789      -3.09      92.66  1
        2005121115  3260464      -3.15      92.73  1
        2005121118  3745898      -3.06      92.68  1
        2005121121  4137279      -3.04      92.80  1
        2005121200  4192704      -3.28      92.70  1
        2005121203  4283407      -3.35      92.94  1
        2005121206  4526375      -3.29      93.63  1
        2005121209  4590752      -3.27      94.34  1
        2005121212  4571287      -3.32      94.51  1
        2005121215  4529511      -3.36      94.62  1
        2005121218  4694440      -3.27      95.26  1
        2005121221  4863017      -3.25      95.93  1
        2005121300  5000696      -3.26      96.69  1
        2005121303  5116027      -3.18      97.41  1
        2005121306  5593886      -2.66      98.69  1
        2005121309  5849974      -2.20      99.60  1
        2005121312  5903476      -2.12      99.68  1
        2005121315  6120716      -1.87     100.07  1
        2005121318  6545304      -1.50     100.57  1
        2005121321  6826842      -1.15     100.86  1
        2005121400  6901841      -0.84     100.92  1
        2005121403  7008512      -0.51     101.15  1
        2005121406  7016980      -0.18     101.25  1
        2005121409  7087747       0.11     101.70  1
        2005121412  7016689       0.50     102.17  1
        2005121415  6934647       1.00     102.62  1
        2005121418  7028012       1.38     102.96  1
        2005121421  6960623       1.55     103.36  1
        2005121500  6836450       1.82     103.14  1
        2005121503  6937101       1.95     103.24  1
        2005121506  6844561       2.11     103.08  1
        2005121509  6812212       2.20     102.93  1
        2005121512  6807576       2.32     102.83  1
        2005121515  6730732       2.49     102.76  1
        2005121518  6779904       2.48     102.99  1
        2005121521  6767244       2.58     103.14  1
        2005121600  6666428       2.72     103.06  1
        2005121603  8251482       3.51     108.09  1
        2005121606  8321403       3.68     108.66  1
        2005121609  8219254       3.80     109.15  1
        2005121612  8168907       3.86     109.68  1
        2005121615  8326767       3.88     110.18  1
        2005121618  8646078       3.86     110.85  1
        2005121621  8648084       3.81     111.57  1
        2005121700  8501953       3.72     112.31  1
        2005121703  8353451       3.69     113.03  1
        2005121706  8291937       3.67     113.35  1
        2005121709  8503422       3.60     113.56  1
        2005121712  8285937       3.65     114.08  1
        2005121715  8661140       3.62     114.48  1
        2005121718  8914974       3.62     114.88  1
        2005121721  7547936       3.02     118.30  1
        2005121800  6931468       3.54     118.30  1
        2005121803  6445720       3.97     118.07  2
        2005121806  6046342       4.43     118.12  2
        2005121809  6081381       4.56     118.11  2
        2005121812  6046464       4.65     118.00  2
        2005121815  6001777       4.69     117.85  2
        2005121818  6156118       4.39     117.65  2
        2005121821  6288829       4.32     117.24  2
        2005121900  6118225       4.27     116.80  2
        2005121903  5994721       4.14     116.16  2
        2005121906  5496535       3.86     115.17  1
        2005121909  4781758       4.60     113.76  1
        2005121912  4604917       4.47     113.25  1
        2005121915  4451714       4.48     112.97  1
        2005121918  4371935       4.32     112.94  1
        2005121921  4194177       4.37     112.99  1
        2005122000  4148723       4.10     113.01  1
        2005122003  4014904       3.92     113.18  1
        2005122006  4016538       3.47     113.28  1
        2005122009  3964578       3.24     113.38  1
        2005122012  3826204       3.13     113.46  1
        2005122015  3719401       2.96     113.47  1
        2005122018  3740907       2.55     113.44  1
        2005122021  3685145       2.33     113.43  1
        2005122100  3639761       2.12     113.54  1
        2005122103  3492964       1.80     113.52  1
        2005122106  3376601       1.43     113.64  1
        2005122109  3343879       1.06     113.70  1
        2005122112  3259071       0.47     113.70  1
        2005122115  4059054      -1.32     109.60  1
        2005122118  4152204      -1.78     109.41  1
        2005122121  4025521      -2.26     109.45  1
        2005122200  3440093      -3.47     109.45  1
        2005122203  2723490      -4.69     110.19  1
        2005122206  2359688      -4.80     110.82  1
        2005122209  2075370      -4.65     111.97  1
        2005122212  2029062      -4.34     112.27  1
        2005122215  2100491      -3.38     112.92  1
        2005122218  2359411      -2.43     113.42  1
        2005122221  2542994      -1.51     113.61  1
        2005122300  2753875      -0.82     113.79  1
        2005122303  2715468      -0.02     114.27  1
        2005122306  2879204       0.72     114.77  1
        2005122309  3115829       1.40     115.36  1
        2005122312  7626554      -0.45     133.23  1
        2005122315  7546692      -0.07     132.90  1
        2005122318  7473277       0.32     132.26  1
        2005122321  7284279       0.81     131.36  1
        2005122400  7063398       1.18     130.58  1
        2005122403  6629787       1.70     129.99  1
        2005122406  6173181       2.32     129.27  1
        2005122409  5685388       3.13     127.51  1
        2005122412  5232417       3.76     126.29  1
        2005122415  5283536       3.84     126.39  1
        2005122418  5337884       3.88     125.89  1
        2005122421  5274430       3.92     125.96  1
        2005122500  5166622       4.04     125.87  1
        2005122503  5083446       4.22     126.05  1
        2005122506  5069525       4.24     126.49  1
        2005122509  4953371       4.36     126.47  1
        2005122512  4982892       4.61     126.57  1
        2005122515  4972125       4.72     126.90  1
        2005122518  5030367       4.60     126.77  1
        2005122521  4937580       4.65     126.65  1
        2005122600  4716045       4.81     126.75  1
        2005122603  4318740       5.39     126.28  1
        2005122606  4256500       5.49     126.23  1
        2005122609  4016134       5.91     125.93  1
        2005122612  3461263       7.20     124.76  1
        2005122615  3345802       7.31     124.82  1
        2005122618  3523336       7.17     124.68  1
        2005122621  3560324       7.25     124.45  1
        2005122700  3517720       7.30     124.45  1
        2005122703  3497594       7.21     124.31  1
        2005122706  3553586       7.12     124.09  1
        2005122709  3635422       7.08     123.78  1
        2005122712  3670027       7.16     123.67  1
        2005122715  3735383       7.38     123.55  1
        2005122718  3706812       7.34     123.48  1
        2005122721  3637109       7.80     123.67  1
        2005122800  3554215       8.14     123.84  1
        2005122803  3421132       8.37     124.10  1
        2005122806  3519418       7.61     124.46  1
        2005122809  3723680       6.72     124.70  1
        2005122812  3848756       6.15     124.60  1
        2005122815  1396661      -5.02     126.46  1
        2005122818  1651754      -5.57     125.76  1
        2005122821  1864907      -6.04     124.86  1
        2005122900  1828878      -6.27     124.40  1
        2005122903  1895938      -6.35     123.94  1
        2005122906  2095545      -6.55     123.71  1
        2005122909  2145482      -6.67     123.36  1
        2005122912  2132866      -6.77     123.18  1
        2005122915  2181987      -6.90     123.04  1
        2005122918  2170660      -7.22     122.67  1
        2005122921  2075340      -7.86     122.42  1
        2005123000  1989671      -8.39     122.09  1
        2005123003  1812956      -9.01     121.70  1
        2005123006  1765721      -9.48     121.43  1
        2005123009  1739819      -9.92     121.20  1
        2005123012  1692929     -10.17     120.98  1
        2005123015  1656384     -10.47     120.95  1
        2005123018  1736076     -10.70     120.97  1
        2005123021  1768166     -11.00     121.00  1
        2005123100  1785097     -11.19     121.00  1
        2005123103  1781231     -11.43     121.08  1
        2005123106  1798078     -11.62     121.12  1
        2005123109  1780495     -11.76     121.10  1
        2005123112  1722836     -11.93     121.06  1
        2005123115  1730753     -12.22     121.09  1
        2005123118  1708793     -12.35     121.20  1
        2005123121  1662046     -12.60     121.36  1
        2006010100  1606567     -13.06     121.80  1
        2006010103  1650098     -13.30     122.21  1
        2006010106  1648745     -13.51     122.59  1
        2006010109  1619142     -13.67     122.85  1
        2006010112  1564993     -13.71     122.98  1
        2006010115  1567280     -13.70     123.05  1
        2006010118  1555113     -13.50     123.16  1
        2006010121  1543945     -13.26     123.35  1
        2006010200  1474733     -13.04     123.58  1
        2006010203  1413816     -12.80     123.89  1
        2006010206  1428982     -12.50     124.25  1
        2006010209  1427562     -12.34     124.64  1
        2006010212  1378481     -12.07     125.02  1
        2006010215  1437624     -11.85     125.32  1
        2006010218  1479219     -11.55     125.55  1
        2006010221  1477164     -11.22     125.70  1
        2006010300  1436264     -10.78     125.91  1
        2006010303  1429547     -10.45     126.11  1
        2006010306  1459954     -10.12     126.24  1
        2006010309  1418560      -9.87     126.41  1
        2006010312  1396130      -9.62     126.58  1
        2006010315  1404040      -9.36     126.76  1
        2006010318  1460745      -8.91     127.02  1
        2006010321  1403466      -8.78     127.13  1
        2006010400  1331204      -8.56     127.40  1
        2006010403  1195458      -8.10     128.05  1
        2006010406  1080246      -7.80     128.35  1
        2006010409   864097      -7.71     128.63  1
        2006010412   626276      -7.64     128.68  1
        2006010415   415770      -7.65     128.99  1
        2006010715   386769      -9.76     128.00  1
        2006010718   401288      -9.71     127.46  1
        2006010721   401962      -9.78     127.11  1
        2006010800   416951      -9.96     126.73  1
        2006010803   379396     -10.19     126.35  1
        2006010806   386008     -10.37     125.97  1
        2006010809   366615     -10.71     125.53  1
LPT    23.0200
        2005121006   329334      -5.20      82.09  1
        2005121009   425506      -5.18      82.02  1
        2005121012   487005      -5.23      82.07  1
        2005121015   503135      -5.26      82.07  1
        2005121018   578456      -5.32      82.39  1
        2005121021   619944      -5.37      83.25  1
        2005121100   722951      -5.42      84.79  1
        2005121103  1718940      -3.23      91.61  1
        2005121106  2292192      -3.05      92.32  1
        2005121109  2706383      -2.98      92.63  1
        2005121112  3010789      -3.09      92.66  1
        2005121115  3260464      -3.15      92.73  1
        2005121118  3745898      -3.06      92.68  1
        2005121121  4137279      -3.04      92.80  1
        2005121200  4192704      -3.28      92.70  1
        2005121203  4283407      -3.35      92.94  1
        2005121206  4526375      -3.29      93.63  1
        2005121209  4590752      -3.27      94.34  1
        2005121212  4571287      -3.32      94.51  1
        2005121215  4529511      -3.36      94.62  1
        2005121218  4694440      -3.27      95.26  1
        2005121221  4863017      -3.25      95.93  1
        2005121300  5000696      -3.26      96.69  1
        2005121303  5116027      -3.18      97.41  1
        2005121306  5593886      -2.66      98.69  1
        2005121309  5849974      -2.20      99.60  1
        2005121312  5903476      -2.12      99.68  1
        2005121315  6120716      -1.87     100.07  1
        2005121318  6545304      -1.50     100.57  1
        2005121321  6826842      -1.15     100.86  1
        2005121400  6901841      -0.84     100.92  1
        2005121403  7008512      -0.51     101.15  1
        2005121406  7016980      -0.18     101.25  1
        2005121409  7087747       0.11     101.70  1
        2005121412  7016689       0.50     102.17  1
        2005121415  6934647       1.00     102.62  1
        2005121418  7028012       1.38     102.96  1
        2005121421  6960623       1.55     103.36  1
        2005121500  6836450       1.82     103.14  1
        2005121503  6937101       1.95     103.24  1
        2005121506  6844561       2.11     103.08  1
        2005121509  6812212       2.20     102.93  1
        2005121512  6807576       2.32     102.83  1
        2005121515  6730732       2.49     102.76  1
        2005121518  6779904       2.48     102.99  1
        2005121521  6767244       2.58     103.14  1
        2005121600  6666428       2.72     103.06  1
        2005121603  8251482       3.51     108.09  1
        2005121606  8321403       3.68     108.66  1
        2005121609  8219254       3.80     109.15  1
        2005121612  8168907       3.86     109.68  1
        2005121615  8326767       3.88     110.18  1
        2005121618  8646078       3.86     110.85  1
        2005121621  8648084       3.81     111.57  1
        2005121700  8501953       3.72     112.31  1
        2005121703  8353451       3.69     113.03  1
        2005121706  8291937       3.67     113.35  1
        2005121709  8503422       3.60     113.56  1
        2005121712  8285937       3.65     114.08  1
        2005121715  8661140       3.62     114.48  1
        2005121718  8914974       3.62     114.88  1
        2005121721   735001       9.53      86.51  1
        2005121800   716992       9.75      86.15  1
        2005121803   672392       9.98      85.87  1
        2005121806   681817      10.19      85.65  1
        2005121809   704365      10.29      85.56  1
        2005121812   733491      10.49      85.51  1
        2005121815   766405      10.68      85.48  1
        2005121818   828199      10.81      85.50  1
        2005121821   955986      10.89      85.49  1
        2005121900  1017831      10.96      85.50  1
        2005121903  1057574      11.07      85.46  1
        2005121906  1123779      11.17      85.45  1
        2005121909  1125851      11.22      85.45  1
        2005121912  1105918      11.28      85.47  1
        2005121915  1100360      11.35      85.44  1
        2005121918  1086532      11.40      85.41  1
        2005121921  1074198      11.47      85.45  1
        2005122000  1061025      11.55      85.47  1
        2005122003  1053895      11.64      85.44  1
        2005122006  1008096      11.77      85.43  1
        2005122009   948966      11.84      85.48  1
        2005122012   918533      11.91      85.50  1
        2005122015   882905      11.95      85.56  1
        2005122018   841263      12.00      85.66  1
        2005122021   739329      12.02      85.76  1
        2005122100   687855      12.09      85.82  1
        2005122103   591900      12.14      85.87  1
        2005122106   517150      12.17      85.92  1
        2005122109   439973      12.29      85.99  1
        2005122112   383198      12.43      86.04  1
        2005122115   335650      12.47      86.13  1
LPT    23.0300
        2005121903   329075      -0.35     160.58  1
        2005121906   837676      -0.77     161.18  1
        2005121909  1342036      -0.94     161.67  1
        2005121912  1836131      -1.01     161.83  1
        2005121915  2485278      -0.99     161.42  1
        2005121918  3306075      -0.72     159.39  1
        2005121921  3891361      -0.48     157.79  1
        2005122000  4206936      -0.32     157.66  1
        2005122003  4405142      -0.20     157.60  1
        2005122006  4525890      -0.08     157.22  1
        2005122009  4593406      -0.04     156.93  1
        2005122012  4671733       0.05     156.61  1
        2005122015  4726156       0.03     156.27  1
        2005122018  4859769       0.01     155.72  1
        2005122021  4856065      -0.05     155.73  1
        2005122100  4835514      -0.13     155.63  1
        2005122103  4822609      -0.20     155.57  1
        2005122106  4824352      -0.31     155.43  1
        2005122109  4882750      -0.50     155.26  1
        2005122112  4919568      -0.69     155.07  1
        2005122115  4986482      -0.85     154.70  1
        2005122118  5002790      -1.17     154.37  1
        2005122121  5071181      -1.49     153.99  1
        2005122200  5068198      -1.82     153.59  1
        2005122203  4810444      -2.12     153.34  1
        2005122206  4774181      -2.35     152.83  1
        2005122209  4640450      -2.58     152.48  1
        2005122212  4450973      -2.75     152.18  1
        2005122215  4435485      -2.82     151.70  1
        2005122218  4395071      -2.89     151.17  1
        2005122221  4250074      -2.99     150.61  1
        2005122300  4311992      -2.96     149.52  1
        2005122303  4323080      -2.96     148.80  1
        2005122306  4334960      -2.91     148.03  1
        2005122309  4263485      -2.86     147.43  1
        2005122312  7626554      -0.45     133.23  1
        2005122315  7546692      -0.07     132.90  1
        2005122318  7473277       0.32     132.26  1
        2005122321  7284279       0.81     131.36  1
        2005122400  7063398       1.18     130.58  1
        2005122403  6629787       1.70     129.99  1
        2005122406  6173181       2.32     129.27  1
        2005122409  5685388       3.13     127.51  1
        2005122412  5232417       3.76     126.29  1
        2005122415  5283536       3.84     126.39  1
        2005122418  5337884       3.88     125.89  1
        2005122421  5274430       3.92     125.96  1
        2005122500  5166622       4.04     125.87  1
        2005122503  5083446       4.22     126.05  1
        2005122506  5069525       4.24     126.49  1
        2005122509  4953371       4.36     126.47  1
        2005122512  4982892       4.61     126.57  1
        2005122515  4972125       4.72     126.90  1
        2005122518  5030367       4.60     126.77  1
        2005122521  4937580       4.65     126.65  1
        2005122600  4716045       4.81     126.75  1
        2005122603  4318740       5.39     126.28  1
        2005122606  4256500       5.49     126.23  1
        2005122609  4016134       5.91     125.93  1
        2005122612  3461263       7.20     124.76  1
        2005122615  3345802       7.31     124.82  1
        2005122618  3523336       7.17     124.68  1
        2005122621  3560324       7.25     124.45  1
        2005122700  3517720       7.30     124.45  1
        2005122703  3497594       7.21     124.31  1
        2005122706  3553586       7.12     124.09  1
        2005122709  3635422       7.08     123.78  1
        2005122712  3670027       7.16     123.67  1
        2005122715  3735383       7.38     123.55  1
        2005122718  3706812       7.34     123.48  1
        2005122721  3637109       7.80     123.67  1
        2005122800  3554215       8.14     123.84  1
        2005122803  3421132       8.37     124.10  1
        2005122806  3519418       7.61     124.46  1
        2005122809  3723680       6.72     124.70  1
        2005122812  3848756       6.15     124.60  1
        2005122815  1396661      -5.02     126.46  1
        2005122818  1651754      -5.57     125.76  1
        2005122821  1864907      -6.04     124.86  1
        2005122900  1828878      -6.27     124.40  1
        2005122903  1895938      -6.35     123.94  1
        2005122906  2095545      -6.55     123.71  1
        2005122909  2145482      -6.67     123.36  1
        2005122912  2132866      -6.77     123.18  1
        2005122915  2181987      -6.90     123.04  1
        2005122918  2170660      -7.22     122.67  1
        2005122921  2075340      -7.86     122.42  1
        2005123000  1989671      -8.39     122.09  1
        2005123003  1812956      -9.01     121.70  1
        2005123006  1765721      -9.48     121.43  1
        2005123009  1739819      -9.92     121.20  1
        2005123012  1692929     -10.17     120.98  1
        2005123015  1656384     -10.47     120.95  1
        2005123018  1736076     -10.70     120.97  1
        2005123021  1768166     -11.00     121.00  1
        2005123100  1785097     -11.19     121.00  1
        2005123103  1781231     -11.43     121.08  1
        2005123106  1798078     -11.62     121.12  1
        2005123109  1780495     -11.76     121.10  1
        2005123112  1722836     -11.93     121.06  1
        2005123115  1730753     -12.22     121.09  1
        2005123118  1708793     -12.35     121.20  1
        2005123121  1662046     -12.60     121.36  1
        2006010100  1606567     -13.06     121.80  1
        2006010103  1650098     -13.30     122.21  1
        2006010106  1648745     -13.51     122.59  1
        2006010109  1619142     -13.67     122.85  1
        2006010112  1564993     -13.71     122.98  1
        2006010115  1567280     -13.70     123.05  1
        2006010118  1555113     -13.50     123.16  1
        2006010121  1543945     -13.26     123.35  1
        2006010200  1474733     -13.04     123.58  1
        2006010203  1413816     -12.80     123.89  1
        2006010206  1428982     -12.50     124.25  1
        2006010209  1427562     -12.34     124.64  1
        2006010212  1378481     -12.07     125.02  1
        2006010215  1437624     -11.85     125.32  1
        2006010218  1479219     -11.55     125.55  1
        2006010221  1477164     -11.22     125.70  1
        2006010300  1436264     -10.78     125.91  1
        2006010303  1429547     -10.45     126.11  1
        2006010306  1459954     -10.12     126.24  1
        2006010309  1418560      -9.87     126.41  1
        2006010312  1396130      -9.62     126.58  1
        2006010315  1404040      -9.36     126.76  1
        2006010318  1460745      -8.91     127.02  1
        2006010321  1403466      -8.78     127.13  1
        2006010400  1331204      -8.56     127.40  1
        2006010403  1195458      -8.10     128.05  1
        2006010406  1080246      -7.80     128.35  1
        2006010409   864097      -7.71     128.63  1
        2006010412   626276      -7.64     128.68  1
        2006010415   415770      -7.65     128.99  1
        2006010715   386769      -9.76     128.00  1
        2006010718   401288      -9.71     127.46  1
        2006010721   401962      -9.78     127.11  1
        2006010800   416951      -9.96     126.73  1
        2006010803   379396     -10.19     126.35  1
        2006010806   386008     -10.37     125.97  1
        2006010809   366615     -10.71     125.53  1
LPT    24.0100
        2006010518   330290      -2.71     113.04  1
        2006010521   345012      -2.47     113.42  1
        2006010600   445470      -1.93     113.78  1
        2006010603   543626      -1.41     113.89  1
        2006010606   720494      -0.96     113.95  1
        2006010609   862597      -0.56     113.86  1
        2006010612   979215      -0.25     113.82  1
        2006010615   956867       0.07     113.94  1
        2006010618  1047979       0.29     113.76  1
        2006010621   868028       0.88     114.28  1
        2006010700   626189       1.70     115.57  1
        2006010703   532610       2.27     116.36  1
        2006010706   566459       2.51     116.83  1
        2006010709   692967       2.52     116.82  1
        2006010712   807134       2.49     116.94  1
        2006010715   942157       2.40     116.88  1
        2006010718  1249291       2.15     116.69  1
        2006010721  1703404       1.78     114.18  1
        2006010800  2016752       1.68     113.07  1
        2006010803  2228248       1.58     112.02  1
        2006010806  2542220       1.45     111.01  1
        2006010809  2786675       1.35     110.11  1
        2006010812  2838440       1.19     109.29  1
        2006010815  2877030       1.08     108.60  1
        2006010818  3092278       0.91     107.53  1
        2006010821  3026776       0.82     106.79  1
        2006010900  3098533       0.74     106.18  1
        2006010903  3165374       0.63     104.11  1
        2006010906  3612759       0.53     100.81  1
        2006010909  3665516       0.34      99.20  1
        2006010912  3711940       0.19      97.86  1
        2006010915  3631068       0.04      96.78  1
        2006010918  3759143      -0.02      95.65  1
        2006010921  3880126      -0.06      94.45  1
        2006011000  3866901      -0.11      93.93  1
        2006011003  3902189      -0.14      93.80  1
        2006011006  3992081      -0.13      93.57  1
        2006011009  4209961      -0.14      93.61  1
        2006011012  4303441      -0.09      93.14  1
        2006011015  4281440      -0.03      92.80  1
        2006011018  4451885       0.14      92.43  1
        2006011021  4436731       0.23      92.16  1
        2006011100  4352353       0.29      91.94  1
        2006011103  4261128       0.32      91.80  1
        2006011106  4222992       0.37      91.68  1
        2006011109  4188921       0.41      91.57  1
        2006011112  4023023       0.46      91.21  1
        2006011115  3913449       0.57      91.01  1
        2006011118  3864683       0.67      90.76  1
        2006011121  3618935       0.84      90.30  1
        2006011200  3515736       0.92      90.28  1
        2006011203  3343114       1.10      90.15  1
        2006011206  3253554       1.31      90.28  1
        2006011209  2997246       1.36      90.94  1
        2006011212  2838384       1.48      90.86  1
        2006011215  2711130       1.57      90.92  1
        2006011218  2871526       1.48      91.34  1
        2006011221  2861201       1.51      91.22  1
        2006011300  2256899       2.25      78.86  1
        2006011303  2505206       2.11      77.65  1
        2006011306  2608334       2.17      77.18  1
        2006011309  2611260       2.26      76.85  1
        2006011312  2716761       2.19      76.28  1
        2006011315  2628965       2.19      75.98  1
        2006011318  2752053       2.19      75.65  1
        2006011321  2784555       2.10      75.24  1
        2006011400  2879712       2.24      75.21  1
        2006011403  2962591       2.35      75.25  1
        2006011406  3008494       2.46      75.38  1
        2006011409  3035423       2.46      75.32  1
        2006011412  3047773       2.45      75.37  1
        2006011415  3009366       2.43      75.36  1
        2006011418  2997177       2.38      75.41  1
        2006011421  2947392       2.30      75.38  1
        2006011500  2862800       2.30      75.48  1
        2006011503  2695077       2.32      75.58  1
        2006011506  2492590       2.39      75.68  1
        2006011509  2218438       2.51      75.73  1
        2006011512  2040356       2.67      75.84  1
        2006011515  1810641       2.87      75.96  1
        2006011518  1654130       3.02      76.07  1
        2006011521  1359705       3.22      76.16  1
        2006011600  1019819       3.42      76.09  1
        2006011603   581224       3.69      75.85  1
LPT    24.0200
        2006010518   330290      -2.71     113.04  1
        2006010521   345012      -2.47     113.42  1
        2006010600   445470      -1.93     113.78  1
        2006010603   543626      -1.41     113.89  1
        2006010606   720494      -0.96     113.95  1
        2006010609   862597      -0.56     113.86  1
        2006010612   979215      -0.25     113.82  1
        2006010615   956867       0.07     113.94  1
        2006010618  1047979       0.29     113.76  1
        2006010621   868028       0.88     114.28  1
        2006010700   626189       1.70     115.57  1
        2006010703   532610       2.27     116.36  1
        2006010706   566459       2.51     116.83  1
        2006010709   692967       2.52     116.82  1
        2006010712   807134       2.49     116.94  1
        2006010715   942157       2.40     116.88  1
        2006010718  1249291       2.15     116.69  1
        2006010721  1703404       1.78     114.18  1
        2006010800  2016752       1.68     113.07  1
        2006010803  2228248       1.58     112.02  1
        2006010806  2542220       1.45     111.01  1
        2006010809  2786675       1.35     110.11  1
        2006010812  2838440       1.19     109.29  1
        2006010815  2877030       1.08     108.60  1
        2006010818  3092278       0.91     107.53  1
        2006010821  3026776       0.82     106.79  1
        2006010900  3098533       0.74     106.18  1
        2006010903  3165374       0.63     104.11  1
        2006010906  3612759       0.53     100.81  1
        2006010909  3665516       0.34      99.20  1
        2006010912  3711940       0.19      97.86  1
        2006010915  3631068       0.04      96.78  1
        2006010918  3759143      -0.02      95.65  1
        2006010921  3880126      -0.06      94.45  1
        2006011000  3866901      -0.11      93.93  1
        2006011003  3902189      -0.14      93.80  1
        2006011006  3992081      -0.13      93.57  1
        2006011009  4209961      -0.14      93.61  1
        2006011012  4303441      -0.09      93.14  1
        2006011015  4281440      -0.03      92.80  1
        2006011018  4451885       0.14      92.43  1
        2006011021  4436731       0.23      92.16  1
        2006011100  4352353       0.29      91.94  1
        2006011103  4261128       0.32      91.80  1
        2006011106  4222992       0.37      91.68  1
        2006011109  4188921       0.41      91.57  1
        2006011112  4023023       0.46      91.21  1
        2006011115  3913449       0.57      91.01  1
        2006011118  3864683       0.67      90.76  1
        2006011121  3618935       0.84      90.30  1
        2006011200  3515736       0.92      90.28  1
        2006011203  3343114       1.10      90.15  1
        2006011206  3253554       1.31      90.28  1
        2006011209  2997246       1.36      90.94  1
        2006011212  2838384       1.48      90.86  1
        2006011215  2711130       1.57      90.92  1
        2006011218  2871526       1.48      91.34  1
        2006011221  2861201       1.51      91.22  1
        2006011300  1060086      -1.56     103.60  1
        2006011303  1006791      -1.59     104.21  1
        2006011306   938870      -1.62     104.86  1
        2006011309   905683      -1.60     105.56  1
        2006011312   743595      -1.60     106.31  1
        2006011315   682659      -1.45     107.00  1
        2006011318   634821      -1.33     107.72  1
        2006011321   457251      -1.23     108.48  1
        2006011400   316721      -1.03     109.47  1
        2006011409   393971      -0.62     111.51  1
        2006011412   447263      -0.40     112.16  1
        2006011415   610170      -0.45     112.43  1
        2006011418   719782      -0.44     112.70  1
        2006011421   779193      -0.57     112.83  1
        2006011500   814650      -0.73     113.07  1
        2006011503   921023      -1.05     113.45  1
        2006011506   971051      -1.34     113.76  1
        2006011509   916173      -1.60     113.96  1
        2006011512   848172      -1.89     114.25  1
        2006011515   784060      -2.13     114.35  1
        2006011518   796927      -2.58     114.82  1
        2006011521   808116      -3.14     115.08  1
        2006011600   922252      -3.80     115.49  1
        2006011603  1025915      -4.56     115.94  1
        2006011606  3716082      -9.86     129.11  1
        2006011609  4030576     -10.05     129.24  1
        2006011612  4312343     -10.09     129.18  1
        2006011615  4597434     -10.17     128.96  1
        2006011618  5065743      -9.99     128.66  1
        2006011621  5362776      -9.74     128.24  1
        2006011700  5611752      -9.52     127.94  1
        2006011703  5741636      -9.38     127.90  1
        2006011706  5976237      -9.25     127.83  1
        2006011709  6316891      -9.27     127.79  1
        2006011712  6520819      -9.19     127.69  1
        2006011715  6639467      -9.00     127.63  1
        2006011718  6954825      -8.69     127.42  1
        2006011721  7177138      -8.50     126.87  1
        2006011800  7213356      -8.52     126.67  1
        2006011803  7276600      -8.59     126.45  1
        2006011806  7239372      -8.83     126.72  1
        2006011809  7358794      -8.87     126.95  1
        2006011812  8297355      -7.86     129.63  1
        2006011815  8562186      -7.72     130.54  1
        2006011818  8930357      -7.73     132.21  1
        2006011821  9246062      -7.56     133.57  1
        2006011900  9214391      -7.53     135.86  1
        2006011903  9445841      -7.32     137.32  1
        2006011906  9608898      -7.12     138.12  1
        2006011909  9932034      -6.89     138.91  1
        2006011912 10095931      -6.72     139.24  1
        2006011915 10466045      -6.60     139.57  1
        2006011918 10672818      -6.39     139.85  1
        2006011921 10890927      -6.20     139.91  1
        2006012000 10931192      -6.13     139.95  1
        2006012003 10988840      -6.01     140.03  1
        2006012006 11170545      -5.85     140.12  1
        2006012009 11328570      -5.63     140.13  1
        2006012012 11397488      -5.33     140.28  1
        2006012015 11604967      -5.04     140.29  1
        2006012018 11654715      -4.74     140.14  1
        2006012021 11744879      -4.39     140.29  1
        2006012100 11633385      -3.98     140.18  1
        2006012103 11580528      -3.57     140.28  1
        2006012106 11425618      -3.19     140.27  1
        2006012109 11001720      -2.58     140.03  1
        2006012112 10571204      -2.01     139.92  1
        2006012115 10314674      -1.62     140.13  1
        2006012118  9919473      -1.03     140.47  1
        2006012121  9254222       0.23     141.79  1
        2006012200  9113229       0.36     141.63  1
        2006012203  9007233       0.46     141.47  1
        2006012206  8998217       0.48     141.21  1
        2006012209  8953500       0.52     140.93  1
        2006012212  8891477       0.59     140.82  1
        2006012215  8900010       0.58     140.82  1
        2006012218  9021500       0.57     140.75  1
        2006012221  9108242       0.49     140.59  1
        2006012300  9050881       0.44     140.52  1
        2006012303  9062757       0.36     140.35  1
        2006012306  9046752       0.29     140.27  1
        2006012309  8968358       0.18     140.06  1
        2006012312  8823856       0.09     140.22  1
        2006012315  8714616      -0.25     140.16  1
        2006012318  8421617      -0.60     140.06  1
        2006012321  8183082      -1.09     139.70  1
        2006012400  6546351      -3.61     141.08  1
        2006012403  6213471      -4.08     140.70  1
        2006012406  6115069      -4.63     140.46  1
        2006012409  5864713      -5.09     140.18  1
        2006012412  5702905      -5.58     139.88  1
        2006012415  5490028      -6.03     139.76  1
        2006012418  5239968      -6.47     139.42  1
        2006012421  4960842      -6.83     139.21  1
        2006012500  4210036      -7.49     138.21  2
        2006012503  3834238      -8.05     137.55  2
        2006012506  3784695      -8.94     136.83  1
        2006012509  2896765     -11.56     132.61  1
        2006012512  2915741     -11.86     133.13  1
        2006012515  2797344     -12.22     133.03  1
        2006012518  2902456     -12.54     133.39  1
        2006012521  2837080     -12.83     133.91  1
        2006012600  2803436     -13.17     134.63  1
        2006012603  2750620     -13.55     135.84  1
        2006012606  2826292     -13.81     136.56  1
        2006012609  2935245     -14.02     137.26  1
        2006012612  2881794     -14.17     137.98  1
        2006012615  2887679     -14.18     138.59  1
        2006012618  2744439     -14.34     139.39  1
        2006012621  2413753     -14.57     140.77  1
        2006012700  1998883     -14.83     143.12  1
        2006012703  1791967     -14.90     145.26  1
        2006012706  1946013     -14.82     145.59  1
        2006012709  2018802     -14.67     146.09  1
        2006012712  2166784     -14.30     146.78  1
        2006012715  5673120     -12.62     161.87  1
        2006012718  6114219     -12.38     161.70  1
        2006012721  6369972     -12.20     161.94  1
        2006012800  6765612     -12.06     162.10  1
        2006012803  6990852     -11.93     162.37  1
        2006012806  7372683     -11.89     162.69  1
        2006012809  7629304     -11.82     163.14  1
        2006012812  7958128     -11.73     163.46  1
        2006012815  8358851     -11.73     163.76  1
        2006012818  8771089     -11.79     164.20  1
        2006012821  9063614     -11.73     164.41  1
        2006012900  9312624     -11.73     164.71  1
        2006012903  9605510     -11.75     165.04  1
        2006012906  9900252     -11.74     165.26  1
        2006012909 10085609     -11.67     165.34  1
        2006012912 10284404     -11.60     165.38  1
        2006012915 10410985     -11.44     165.15  1
        2006012918 10484922     -11.41     165.20  1
        2006012921 10633145     -11.32     165.04  1
        2006013000 10787676     -11.20     165.01  1
        2006013003 10815543     -11.23     165.42  1
        2006013006 10990587     -11.23     165.71  1
        2006013009 11030915     -11.29     165.98  1
        2006013012 12393682     -12.26     171.65  1
        2006013015 12726709     -12.38     172.46  1
        2006013018 13121788     -12.45     172.90  1
        2006013021 13297038     -12.58     173.52  1
        2006013100 13451578     -12.69     173.98  1
        2006013103 13432092     -12.74     174.19  1
        2006013106 13572283     -12.80     174.54  1
        2006013109 13550028     -12.84     174.84  1
        2006013112 13494888     -12.88     175.13  1
        2006013115 13515053     -12.97     175.62  1
        2006013118 13617888     -13.05     176.11  1
        2006013121 13731791     -13.18     176.64  1
        2006020100 13681641     -13.33     177.06  1
        2006020103 13528669     -13.42     177.48  1
        2006020106 13406820     -13.48     177.80  1
        2006020109 13215957     -13.53     178.09  1
        2006020112 13153518     -13.58     178.46  1
        2006020115 13023925     -13.68     178.88  1
        2006020118 12875454     -13.85     179.48  1
        2006020121 12736340     -13.97     179.75  1
        2006020200 12390152     -14.01     180.28  1
        2006020203 11888601     -13.72     180.63  1
        2006020206 11680543     -13.64     180.36  1
        2006020209 11443597     -13.60     180.55  1
        2006020212 11157149     -13.57     180.76  1
        2006020215 11063735     -13.59     180.92  1
        2006020218 10909782     -13.71     181.51  1
        2006020221 10661181     -13.79     181.99  1
        2006020300 10365501     -13.78     182.13  1
        2006020303 10054985     -13.76     182.28  1
        2006020306  9841788     -13.69     182.20  1
        2006020309  9651311     -13.63     182.03  1
        2006020312  9468360     -13.48     181.69  1
        2006020315  9445758     -13.46     181.55  1
        2006020318  9368342     -13.38     181.31  1
        2006020321  9136530     -13.25     180.86  1
        2006020400  9048632     -13.01     180.15  1
        2006020403  8848112     -12.92     179.94  1
        2006020406  8712720     -12.81     179.57  1
        2006020409  8699421     -12.83     179.58  1
        2006020412  8644895     -12.76     179.46  1
        2006020415  8428241     -12.69     179.26  1
        2006020418  8226977     -12.51     178.84  1
        2006020421  7617204     -11.62     176.24  1
        2006020500  7445678     -11.44     175.90  1
        2006020503  7322255     -11.37     175.82  1
        2006020506  7265212     -11.33     175.92  1
        2006020509  7205074     -11.26     175.98  1
        2006020512  7118847     -11.14     175.89  1
        2006020515  7100560     -10.97     175.77  1
        2006020518  7119116     -10.74     175.58  1
        2006020521  7022207     -10.53     175.40  1
        2006020600  6942833     -10.36     175.31  1
        2006020603  6832542     -10.30     175.50  1
        2006020606  6788608     -10.21     175.50  1
        2006020609  6652995     -10.16     175.53  1
        2006020612  6569646     -10.00     175.26  1
        2006020615  6461295      -9.84     175.02  1
        2006020618  6394871      -9.60     174.62  1
        2006020621  6257826      -9.49     174.54  1
        2006020700  6091161      -9.46     174.68  1
        2006020703  5719505      -9.80     175.63  1
        2006020706  5642405      -9.79     175.73  1
        2006020709  5494225      -9.70     175.69  1
        2006020712  5374271      -9.63     175.67  1
        2006020715  5251180      -9.56     175.65  1
        2006020718  5119230      -9.50     175.56  1
        2006020721  4975960      -9.30     175.20  1
        2006020800  4719674      -9.30     175.25  1
        2006020803  4580034      -9.39     175.42  1
        2006020806  4437581      -9.35     175.38  1
        2006020809  4241333      -9.29     175.24  1
        2006020812  4215879      -9.12     174.99  1
        2006020815  4087417      -9.14     175.16  1
        2006020818  4009079      -9.34     175.63  1
        2006020821  3511653      -9.82     176.73  1
        2006020900  2305470     -13.58     184.52  1
        2006020903  2188098     -13.66     184.72  1
        2006020906  2264738     -13.65     184.91  1
        2006020909  2366037     -13.72     185.50  1
        2006020912  2669189     -13.86     186.54  1
        2006020915  2910115     -13.91     187.09  1
        2006020918  3115270     -13.87     187.27  1
        2006020921  3101790     -13.75     187.17  1
        2006021000  3202273     -13.66     187.25  1
        2006021003  3394987     -13.56     187.16  1
        2006021006  3506150     -13.36     186.83  1
        2006021009  3469211     -13.38     187.10  1
        2006021012  3485483     -13.41     187.22  1
        2006021015  3417933     -13.41     187.34  1
        2006021018  3236448     -13.73     188.20  1
        2006021021  3112517     -13.88     188.66  1
        2006021100  3031365     -13.97     189.05  1
        2006021103  2972067     -13.99     189.18  1
        2006021106  2919518     -13.96     189.14  1
        2006021109  2847109     -13.96     189.19  1
        2006021112  2763726     -13.88     188.89  1
        2006021115  2614933     -13.89     188.70  1
        2006021118  2517513     -13.84     188.12  1
        2006021121  2185184     -13.76     187.39  1
        2006021200  2009443     -13.62     186.52  1
        2006021203  1614819     -12.95     183.59  1
        2006021206  1628970     -12.95     183.34  1
        2006021209  1537762     -13.10     183.40  1
        2006021212  1499862     -13.28     183.53  1
        2006021215  1510245     -13.40     183.59  1
        2006021218  1477874     -13.66     183.82  1
        2006021221  1431326     -13.92     183.97  1
        2006021300  1424554     -14.16     184.12  1
        2006021303  1429127     -14.37     184.24  1
        2006021306  1422079     -14.64     184.33  1
        2006021309  1400981     -15.02     184.49  1
        2006021312  1386901     -15.34     184.58  1
        2006021315  1383765     -15.68     184.67  1
        2006021318  1391346     -16.07     184.71  1
        2006021321  1363787     -16.41     184.77  1
        2006021400  1320981     -16.82     184.81  1
        2006021403  1294575     -17.22     184.87  1
        2006021406  1279683     -17.67     184.93  1
        2006021409  1246175     -18.05     184.92  1
        2006021412  1203712     -18.37     184.96  1
        2006021415  1142447     -18.78     185.01  1
        2006021418  1085155     -19.29     185.15  1
        2006021421   902337     -19.99     185.39  1
        2006021500   857414     -20.39     185.55  1
        2006021503   801173     -20.78     185.71  1
        2006021506   766082     -21.16     185.85  1
        2006021509   682059     -21.59     186.02  1
        2006021512   637297     -21.98     186.18  1
        2006021515   603184     -22.43     186.43  1
        2006021518   541519     -22.87     186.66  1
        2006021521   459069     -23.28     186.89  1
        2006021600   420770     -23.72     187.30  1
        2006021603   370035     -24.16     187.66  1
        2006021606   361567     -24.65     188.15  1
LPT    25.0100
        2006010821   317740     -14.08     182.64  1
        2006010900   386312     -13.84     182.50  1
        2006010903   465432     -13.65     182.48  1
        2006010906   610602     -13.53     182.90  1
        2006010909   771465     -13.47     183.45  1
        2006010912  1000951     -13.36     184.46  1
        2006010915  1286624     -13.19     185.62  1
        2006010918  1613953     -13.02     186.73  1
        2006010921  1872286     -12.87     187.28  1
        2006011000  2133462     -12.69     187.73  1
        2006011003  2393480     -12.57     187.61  1
        2006011006  2705692     -12.38     187.29  1
        2006011009  2994896     -12.25     187.01  1
        2006011012  3368674     -12.12     186.52  1
        2006011015  3657937     -12.01     186.25  1
        2006011018  3912917     -11.93     186.21  1
        2006011021  4137660     -11.91     186.05  1
        2006011100  4356005     -11.87     185.78  1
        2006011103  4537470     -11.87     185.48  1
        2006011106  4750433     -11.83     185.01  1
        2006011109  4938595     -11.83     184.79  1
        2006011112  5146951     -11.80     184.81  1
        2006011115  5307655     -11.85     184.82  1
        2006011118  5455376     -11.89     184.74  1
        2006011121  5525825     -12.00     184.78  1
        2006011200  5621754     -12.10     184.84  1
        2006011203  5727357     -12.23     184.92  1
        2006011206  5831876     -12.36     185.10  1
        2006011209  5910964     -12.50     185.30  1
        2006011212  5993019     -12.64     185.50  1
        2006011215  6136244     -12.87     185.79  1
        2006011218  6210054     -13.09     185.98  1
        2006011221  6263810     -13.32     186.15  1
        2006011300  6351645     -13.59     186.32  1
        2006011303  6428773     -13.89     186.51  1
        2006011306  6549403     -14.26     186.71  1
        2006011309  6604261     -14.59     186.92  1
        2006011312  6673560     -14.92     187.10  1
        2006011315  6571899     -15.07     187.26  1
        2006011318  6489140     -15.30     187.36  1
        2006011321  6395507     -15.51     187.41  1
        2006011400  6268257     -15.74     187.52  1
        2006011403  6137395     -15.94     187.66  1
        2006011406  6070819     -16.21     187.73  1
        2006011409  5956682     -16.55     187.99  1
        2006011412  5900932     -16.78     188.02  1
        2006011415  5796650     -17.00     187.95  1
        2006011418  5688840     -17.27     187.78  1
        2006011421  5432306     -17.50     187.78  1
        2006011500  5206617     -17.48     187.50  1
        2006011503  4959203     -17.50     187.29  1
        2006011506  4670004     -17.39     186.99  1
        2006011509  4352007     -17.27     186.67  1
        2006011512  4041411     -16.97     186.17  1
        2006011515  3725507     -16.64     185.78  1
        2006011518  3188801     -15.60     184.83  1
        2006011521  2347750     -12.13     182.36  1
        2006011600  2063282     -11.55     181.68  1
        2006011603  1780281     -11.14     181.05  1
        2006011606  1494751     -10.68     180.24  1
        2006011609  1227165     -10.36     179.62  1
        2006011612  1076195     -10.14     179.19  1
        2006011615   961488      -9.91     178.61  1
        2006011618   835825      -9.71     178.02  1
        2006011621   714534      -9.51     177.37  1
        2006011700   555426      -9.48     177.16  1
        2006011703   432074      -9.45     176.97  1
LPT    26.0100
        2006011112   366771     -11.19     303.39  1
        2006011115   455907     -11.36     302.69  1
        2006011118   811090     -11.27     302.21  1
        2006011121  1076650     -11.29     301.26  1
        2006011200  1042559     -11.31     300.86  1
        2006011203  1177078     -11.35     300.40  1
        2006011206  1319851     -11.38     300.13  1
        2006011209  1390577     -11.45     299.81  1
        2006011212  1432442     -11.53     299.61  1
        2006011215  1511592     -11.57     299.47  1
        2006011218  1721868     -11.51     299.35  1
        2006011221  1728392     -11.55     299.17  1
        2006011300  1708388     -11.61     299.15  1
        2006011303  1748320     -11.61     299.01  1
        2006011306  1769317     -11.74     298.82  1
        2006011309  1704872     -11.92     298.51  1
        2006011312  1690659     -12.02     298.27  1
        2006011315  1678994     -12.08     298.12  1
        2006011318  1727914     -12.09     297.91  1
        2006011321  1619485     -12.08     297.63  1
        2006011400  1440620     -12.14     297.29  1
        2006011403  1265768     -12.13     296.83  1
        2006011406  1091689     -12.10     296.14  1
        2006011409   839378     -11.96     295.67  1
        2006011412   608801     -11.73     295.15  1
        2006011415   435238     -11.52     294.71  1
        2006011418   462215     -11.22     294.68  1
        2006011421   576408     -10.91     294.48  1
        2006011500   323282     -10.79     294.15  1
        2006011503   498611     -10.24     293.50  1
        2006011506   431308     -10.00     293.11  1
        2006011509   486789      -9.48     292.70  1
        2006011512   493321      -9.16     292.41  1
        2006011515   570343      -8.63     292.16  1
        2006011518   770565      -8.06     291.90  1
        2006011521   871748      -7.89     292.03  1
        2006011600   934861      -7.67     291.91  1
        2006011603  1151240      -7.59     291.80  1
        2006011606  1281040      -7.33     291.47  1
        2006011609  1363329      -6.88     291.00  1
        2006011612  1405092      -6.44     290.59  1
        2006011615  1442865      -6.07     290.22  1
        2006011618  1608475      -5.73     290.10  1
        2006011621  1729502      -5.49     290.18  1
        2006011700  1794080      -5.17     290.13  1
        2006011703  1851081      -4.85     290.10  1
        2006011706  2059401      -4.71     290.20  1
        2006011709  2179813      -4.50     290.19  1
        2006011712  2239256      -4.42     290.21  1
        2006011715  2227155      -4.41     290.33  1
        2006011718  2457243      -4.47     290.77  1
        2006011721  2521567      -4.32     291.01  1
        2006011800  2400380      -3.87     290.85  1
        2006011803  2325120      -3.67     290.98  1
        2006011806  2214546      -3.38     291.01  1
        2006011809  2205815      -3.20     291.02  1
        2006011812  2097715      -3.07     290.77  1
        2006011815  2016569      -2.89     290.51  1
        2006011818  2054185      -2.99     290.84  1
        2006011821  1924378      -2.93     291.14  1
        2006011900  1445567      -2.27     289.81  1
        2006011903  1129818      -2.02     289.66  1
        2006011906   811351      -1.89     289.64  1
        2006011909   562878      -1.87     290.19  1
        2006011912   318910      -2.00     290.82  1
LPT    27.0100
        2006021009   387804       0.51     154.61  1
        2006021012   531435       0.41     154.46  1
        2006021015   709770       0.23     154.58  1
        2006021018   823211       0.20     154.37  1
        2006021021   984468       0.12     154.23  1
        2006021100  1121755       0.04     154.21  1
        2006021103  1191954      -0.04     154.18  1
        2006021106  1259075      -0.07     154.03  1
        2006021109  1276066      -0.06     153.95  1
        2006021112  1291508      -0.06     153.74  1
        2006021115  1267594      -0.05     153.41  1
        2006021118  1207440       0.04     152.94  1
        2006021121  1107943       0.12     152.79  1
        2006021200  1029254       0.21     152.65  1
        2006021203  1077082       0.34     152.50  1
        2006021206  1012260       0.49     152.37  1
        2006021209  1043064       0.79     152.09  1
        2006021212  1072290       1.08     151.90  1
        2006021215  1182486       1.33     151.51  1
        2006021218  1191661       1.55     151.12  1
        2006021221  1152235       1.79     150.64  1
        2006021300  1183883       1.90     149.86  1
        2006021303  1268872       1.86     148.77  1
        2006021306  1473384       1.83     147.29  1
        2006021309  1506642       1.74     146.61  1
        2006021312  1457327       1.71     145.97  1
        2006021315  1505941       1.59     145.65  1
        2006021318  1591532       1.53     145.28  1
        2006021321  1754843       1.53     145.14  1
        2006021400  1837957       1.53     144.94  1
        2006021403  1870987       1.49     144.77  1
        2006021406  2022704       1.50     144.45  1
        2006021409  2133525       1.54     144.17  1
        2006021412  2196581       1.58     143.92  1
        2006021415  2192690       1.61     143.95  1
        2006021418  2300445       1.59     143.86  1
        2006021421  2325040       1.53     144.03  1
        2006021500  2363554       1.40     144.16  1
        2006021503  2401277       1.22     144.40  1
        2006021506  2399021       0.99     144.54  1
        2006021509  2463695       0.72     144.84  1
        2006021512  2454452       0.38     145.09  1
        2006021515  2451360       0.05     145.20  1
        2006021518  2358197      -0.11     145.15  1
        2006021521  2306561      -0.29     145.16  1
        2006021600  2308632      -0.53     145.26  1
        2006021603  2254473      -0.80     145.66  1
        2006021606  2240149      -1.11     146.09  1
        2006021609  2289141      -1.88     147.35  1
        2006021612  2376500      -2.92     149.03  1
        2006021615  2607657      -3.65     150.19  1
        2006021618  2633541      -4.23     151.12  1
        2006021621  2496685      -4.96     152.31  1
        2006021700  1658231      -7.38     157.03  1
        2006021703  1635013      -7.62     157.59  1
        2006021706  1643372      -7.81     157.87  1
        2006021709  1677122      -7.96     158.10  1
        2006021712  1624413      -7.96     158.35  1
        2006021715  1613734      -7.96     158.38  1
        2006021718  1449206      -8.06     158.61  1
        2006021721  1231114      -8.20     159.10  1
        2006021800  1016828      -8.38     159.52  1
        2006021803   855394      -8.52     159.92  1
        2006021806   733768      -8.65     160.27  1
        2006021809   648028      -8.80     160.55  1
        2006021812   599179      -8.81     160.84  1
        2006021815   698406      -8.78     160.91  1
        2006021818   679380      -8.75     160.95  1
        2006021821   606815      -8.80     160.88  1
        2006021900   458672      -8.90     160.92  1
        2006021903   307554      -8.96     161.15  1
        2006022015   434806      -7.74     161.66  1
        2006022018   752844      -7.88     161.86  1
        2006022021  1015992      -8.13     162.32  1
        2006022100  1265770      -8.38     162.88  1
        2006022103  1505333      -8.58     163.46  1
        2006022106  1771122      -8.80     163.96  1
        2006022109  2072206      -8.88     164.14  1
        2006022112  2407230      -8.97     164.43  1
        2006022115  2680112      -8.99     164.48  1
        2006022118  3749804      -8.83     159.94  1
        2006022121  4069962      -8.86     159.59  1
        2006022200  4285871      -8.85     159.86  1
        2006022203  4462328      -8.82     160.07  1
        2006022206  4648461      -8.81     160.20  1
        2006022209  4797755      -8.84     160.51  1
        2006022212  4947020      -8.86     160.92  1
        2006022215  5148501      -8.92     161.21  1
        2006022218  5349912      -9.13     161.75  1
        2006022221  5436008      -9.38     162.26  1
        2006022300  5418125      -9.59     162.91  1
        2006022303  5384858      -9.76     163.36  1
        2006022306  5458428      -9.96     163.37  1
        2006022309  5462780     -10.15     163.64  1
        2006022312  5480645     -10.36     163.85  1
        2006022315  5421967     -10.65     164.31  1
        2006022318  5226506     -11.03     164.92  1
        2006022321  4924685     -11.49     165.69  1
        2006022400  3797330     -12.60     170.67  1
        2006022403  3681162     -12.93     171.06  1
        2006022406  3581880     -13.31     171.46  1
        2006022409  3399892     -13.70     171.94  1
        2006022412  3162071     -14.31     172.63  1
        2006022415  2847450     -15.11     173.43  1
        2006022418  2439107     -16.44     174.72  1
        2006022421  1982234     -18.20     176.27  1
        2006022500  1855479     -18.66     176.69  1
        2006022503  1753480     -19.07     177.00  1
        2006022506  1693826     -19.36     177.21  1
        2006022509  1588355     -19.75     177.50  1
        2006022512  1429107     -20.13     177.78  1
        2006022515  1268364     -20.51     178.03  1
        2006022518  1055812     -20.98     178.35  1
        2006022521   702596     -21.66     178.99  1
        2006022600   375785     -22.35     179.70  1
LPT    28.0100
        2006022021   445435      -2.24      76.50  1
        2006022100   809582      -2.36      76.98  1
        2006022103  1106466      -2.45      77.48  1
        2006022106  1446412      -2.49      78.27  1
        2006022109  1715931      -2.64      78.90  1
        2006022112  1999077      -2.77      79.54  1
        2006022115  2274283      -2.92      79.94  1
        2006022118  2539196      -3.12      80.20  1
        2006022121  2776286      -3.30      80.27  1
        2006022200  3112897      -3.51      80.41  1
        2006022203  3415693      -3.66      80.50  1
        2006022206  3729250      -3.72      80.68  1
        2006022209  3952364      -3.78      80.55  1
        2006022212  4149958      -3.89      80.51  1
        2006022215  4330392      -4.04      80.51  1
        2006022218  4493800      -4.19      80.56  1
        2006022221  4534214      -4.39      80.60  1
        2006022300  4582002      -4.59      80.94  1
        2006022303  4545254      -4.78      81.36  1
        2006022306  4458368      -4.99      81.94  1
        2006022309  4296292      -5.19      82.69  1
        2006022312  4248939      -5.33      83.24  1
        2006022315  4201160      -5.47      83.76  1
        2006022318  4288555      -5.55      84.22  1
        2006022321  4339865      -5.66      84.51  1
        2006022400  4406388      -5.79      84.96  1
        2006022403  4487823      -5.86      85.31  1
        2006022406  4615687      -5.88      85.69  1
        2006022409  4646040      -5.94      86.14  1
        2006022412  4681624      -5.98      86.44  1
        2006022415  4670743      -6.01      86.81  1
        2006022418  4696495      -5.95      87.35  1
        2006022421  4656801      -5.93      87.72  1
        2006022500  4672462      -5.86      88.21  1
        2006022503  4591562      -5.81      88.77  1
        2006022506  6086176      -5.77      95.46  1
        2006022509  6072374      -5.72      96.31  1
        2006022512  6031414      -5.72      96.73  1
        2006022515  6071355      -5.71      97.30  1
        2006022518  6110161      -5.71      97.61  1
        2006022521  6020224      -5.80      97.71  1
        2006022600  6010444      -5.89      97.83  1
        2006022603  5936660      -5.89      98.40  1
        2006022606  5829336      -5.94      98.90  1
        2006022609  5659683      -5.96      99.96  1
        2006022612  4339126      -5.08     105.41  1
        2006022615  4354972      -5.40     106.30  1
        2006022618  4357803      -5.80     107.05  1
        2006022621  4336284      -6.18     107.86  1
        2006022700  4422403      -6.43     108.51  1
        2006022703  4425444      -6.79     109.26  1
        2006022706  4437893      -7.20     110.10  1
        2006022709  4383808      -7.83     111.20  1
        2006022712  4242615      -8.40     112.21  1
        2006022715  4201135      -8.91     113.01  1
        2006022718  4242765      -9.22     113.39  1
        2006022721  4208804      -9.37     113.78  1
        2006022800  4627608      -8.90     115.25  1
        2006022803  4784640      -8.83     116.05  1
        2006022806  4984840      -8.72     116.92  1
        2006022809  5015919      -8.66     117.59  1
        2006022812  5003979      -8.61     118.06  1
        2006022815  5016501      -8.63     118.58  1
        2006022818  4970481      -8.66     119.09  1
        2006022821  4954023      -8.69     119.72  1
        2006030100  4931580      -8.76     120.24  1
        2006030103  4783786      -8.83     120.71  1
        2006030106  4663100      -8.74     121.40  1
        2006030109  4562222      -8.58     121.91  1
        2006030112  4277748      -7.97     122.62  1
        2006030115  4207893      -7.30     123.62  1
        2006030118  4265455      -6.20     125.31  1
        2006030121  4500263      -5.25     127.25  1
        2006030200  4814246      -4.72     128.47  1
        2006030203  4932035      -4.47     129.42  1
        2006030206  5123150      -4.19     130.24  1
        2006030209  5323542      -3.94     130.96  1
        2006030212  5417570      -3.74     131.48  1
        2006030215  5700349      -3.65     131.92  1
        2006030218  5780789      -3.55     132.31  1
        2006030221  5960480      -3.42     132.74  1
        2006030300  6107520      -3.33     133.03  1
        2006030303  6126500      -3.35     133.12  1
        2006030306  6239922      -3.26     133.38  1
        2006030309  6254915      -3.24     133.49  1
        2006030312  6300755      -3.20     133.72  1
        2006030315  6339988      -3.20     133.97  1
        2006030318  6294636      -3.19     134.06  1
        2006030321  6323193      -3.18     134.15  1
        2006030400  6268535      -3.14     134.36  1
        2006030403  6193037      -3.08     134.51  1
        2006030406  6273428      -3.03     134.85  1
        2006030409  6169027      -3.08     134.82  1
        2006030412  6130528      -3.17     134.96  1
        2006030415  6138150      -3.29     135.14  1
        2006030418  6020740      -3.34     135.21  1
        2006030421  5624308      -3.32     135.54  1
        2006030500  1839874      -8.82     123.42  1
        2006030503  1547646      -9.14     122.92  1
        2006030506  1370786      -9.21     122.42  1
        2006030509  1283207      -9.43     122.00  1
        2006030512  1180145      -9.54     121.73  1
        2006030515  1134689      -9.71     121.62  1
        2006030518   948339      -9.99     121.40  1
        2006030521  1023694     -10.20     121.46  1
        2006030600  1042983     -10.33     121.17  1
        2006030603  1003711     -10.50     120.84  1
        2006030606  1087633     -10.59     120.64  1
        2006030609  1228568     -10.61     120.31  1
        2006030612  1325568     -10.63     120.00  1
        2006030615  1341565     -10.61     119.69  1
        2006030618  1390108     -10.60     119.43  1
        2006030621  1473636     -10.73     119.43  1
        2006030700  1429368     -10.79     119.19  1
        2006030703  1468400     -11.02     119.38  1
        2006030706  1451593     -11.21     119.62  1
        2006030709  1385428     -11.29     119.64  1
        2006030712  1213121     -11.25     119.51  1
        2006030715  1112752     -11.18     119.40  1
        2006030718  1027901     -11.20     119.46  1
        2006030721   847053     -11.17     119.31  1
        2006030800   683486     -11.17     119.27  1
        2006030803   457776     -11.15     119.10  1
LPT    28.0200
        2006022021   445435      -2.24      76.50  1
        2006022100   809582      -2.36      76.98  1
        2006022103  1106466      -2.45      77.48  1
        2006022106  1446412      -2.49      78.27  1
        2006022109  1715931      -2.64      78.90  1
        2006022112  1999077      -2.77      79.54  1
        2006022115  2274283      -2.92      79.94  1
        2006022118  2539196      -3.12      80.20  1
        2006022121  2776286      -3.30      80.27  1
        2006022200  3112897      -3.51      80.41  1
        2006022203  3415693      -3.66      80.50  1
        2006022206  3729250      -3.72      80.68  1
        2006022209  3952364      -3.78      80.55  1
        2006022212  4149958      -3.89      80.51  1
        2006022215  4330392      -4.04      80.51  1
        2006022218  4493800      -4.19      80.56  1
        2006022221  4534214      -4.39      80.60  1
        2006022300  4582002      -4.59      80.94  1
        2006022303  4545254      -4.78      81.36  1
        2006022306  4458368      -4.99      81.94  1
        2006022309  4296292      -5.19      82.69  1
        2006022312  4248939      -5.33      83.24  1
        2006022315  4201160      -5.47      83.76  1
        2006022318  4288555      -5.55      84.22  1
        2006022321  4339865      -5.66      84.51  1
        2006022400  4406388      -5.79      84.96  1
        2006022403  4487823      -5.86      85.31  1
        2006022406  4615687      -5.88      85.69  1
        2006022409  4646040      -5.94      86.14  1
        2006022412  4681624      -5.98      86.44  1
        2006022415  4670743      -6.01      86.81  1
        2006022418  4696495      -5.95      87.35  1
        2006022421  4656801      -5.93      87.72  1
        2006022500  4672462      -5.86      88.21  1
        2006022503  4591562      -5.81      88.77  1
        2006022506  6086176      -5.77      95.46  1
        2006022509  6072374      -5.72      96.31  1
        2006022512  6031414      -5.72      96.73  1
        2006022515  6071355      -5.71      97.30  1
        2006022518  6110161      -5.71      97.61  1
        2006022521  6020224      -5.80      97.71  1
        2006022600  6010444      -5.89      97.83  1
        2006022603  5936660      -5.89      98.40  1
        2006022606  5829336      -5.94      98.90  1
        2006022609  5659683      -5.96      99.96  1
        2006022612  4339126      -5.08     105.41  1
        2006022615  4354972      -5.40     106.30  1
        2006022618  4357803      -5.80     107.05  1
        2006022621  4336284      -6.18     107.86  1
        2006022700  4422403      -6.43     108.51  1
        2006022703  4425444      -6.79     109.26  1
        2006022706  4437893      -7.20     110.10  1
        2006022709  4383808      -7.83     111.20  1
        2006022712  4242615      -8.40     112.21  1
        2006022715  4201135      -8.91     113.01  1
        2006022718  4242765      -9.22     113.39  1
        2006022721  4208804      -9.37     113.78  1
        2006022800  4627608      -8.90     115.25  1
        2006022803  4784640      -8.83     116.05  1
        2006022806  4984840      -8.72     116.92  1
        2006022809  5015919      -8.66     117.59  1
        2006022812  5003979      -8.61     118.06  1
        2006022815  5016501      -8.63     118.58  1
        2006022818  4970481      -8.66     119.09  1
        2006022821  4954023      -8.69     119.72  1
        2006030100  4931580      -8.76     120.24  1
        2006030103  4783786      -8.83     120.71  1
        2006030106  4663100      -8.74     121.40  1
        2006030109  4562222      -8.58     121.91  1
        2006030112  4277748      -7.97     122.62  1
        2006030115  4207893      -7.30     123.62  1
        2006030118  4265455      -6.20     125.31  1
        2006030121  4500263      -5.25     127.25  1
        2006030200  4814246      -4.72     128.47  1
        2006030203  4932035      -4.47     129.42  1
        2006030206  5123150      -4.19     130.24  1
        2006030209  5323542      -3.94     130.96  1
        2006030212  5417570      -3.74     131.48  1
        2006030215  5700349      -3.65     131.92  1
        2006030218  5780789      -3.55     132.31  1
        2006030221  5960480      -3.42     132.74  1
        2006030300  6107520      -3.33     133.03  1
        2006030303  6126500      -3.35     133.12  1
        2006030306  6239922      -3.26     133.38  1
        2006030309  6254915      -3.24     133.49  1
        2006030312  6300755      -3.20     133.72  1
        2006030315  6339988      -3.20     133.97  1
        2006030318  6294636      -3.19     134.06  1
        2006030321  6323193      -3.18     134.15  1
        2006030400  6268535      -3.14     134.36  1
        2006030403  6193037      -3.08     134.51  1
        2006030406  6273428      -3.03     134.85  1
        2006030409  6169027      -3.08     134.82  1
        2006030412  6130528      -3.17     134.96  1
        2006030415  6138150      -3.29     135.14  1
        2006030418  6020740      -3.34     135.21  1
        2006030421  5624308      -3.32     135.54  1
        2006030500  3404838      -0.47     143.03  1
        2006030503  3416995      -0.72     143.42  1
        2006030506  3482904      -0.99     143.49  1
        2006030509  3453204      -1.27     143.37  1
        2006030512  3459985      -1.59     143.55  1
        2006030515  3597516      -2.06     143.70  1
        2006030518  3594183      -2.35     143.68  1
        2006030521  3675815      -2.68     143.71  1
        2006030600  3686934      -3.18     143.87  1
        2006030603  3615908      -3.54     144.09  1
        2006030606  3797869      -3.71     143.91  1
        2006030609  3779131      -4.11     143.89  1
        2006030612  3826992      -4.42     143.71  1
        2006030615  3819304      -4.88     143.72  1
        2006030618  3854838      -5.27     143.41  1
        2006030621  3843189      -5.65     143.20  1
        2006030700  3743774      -5.96     143.08  1
        2006030703  3613256      -6.29     142.93  1
        2006030706  3533874      -6.62     142.66  1
        2006030709  3432989      -6.95     142.55  1
        2006030712  3385458      -7.17     142.66  1
        2006030715  3186468      -7.57     142.66  1
        2006030718  3283189      -7.65     142.47  1
        2006030721  3501990      -7.19     142.17  1
        2006030800  3602744      -6.66     141.53  1
        2006030803  3516321      -5.98     141.09  1
        2006030806  3438894      -5.78     140.47  1
        2006030809  3450219      -5.35     139.95  1
        2006030812  3460458      -4.65     139.55  1
        2006030815  3264421      -4.04     138.98  1
        2006030818  3330922      -3.64     138.54  1
        2006030821  3281276      -3.26     138.29  1
        2006030900  3084557      -2.77     137.96  1
        2006030903  2902689      -2.24     137.66  1
        2006030906  2785126      -1.79     137.27  1
        2006030909  2682498      -1.42     137.15  1
        2006030912  2112611       1.73     136.56  1
        2006030915  2238430       1.84     136.97  1
        2006030918  2367919       2.00     137.23  1
        2006030921  2620688       2.13     138.10  1
        2006031000  2677607       2.30     138.65  1
        2006031003  2581978       2.43     139.31  1
        2006031006  2557282       2.31     140.08  1
        2006031009  2134127       1.55     143.56  1
        2006031012  2151011       1.40     144.03  1
        2006031015  2221857       1.15     144.25  1
        2006031018  2314920       1.00     144.52  1
        2006031021  2379513       0.69     144.79  1
        2006031100  2317767       0.40     145.07  1
        2006031103  2349050       0.09     145.28  1
        2006031106  2430140      -0.37     145.51  1
        2006031109  2571587      -0.91     145.71  1
        2006031112  2632251      -1.32     145.94  1
        2006031115  2812388      -2.00     146.32  1
        2006031118  5017381      -6.38     154.17  1
        2006031121  5393901      -7.13     154.78  1
        2006031200  5682627      -7.80     154.86  1
        2006031203  5767715      -8.23     155.32  1
        2006031206  6105574      -8.80     155.26  1
        2006031209  6255805      -9.13     155.22  1
        2006031212  6407985      -9.57     155.56  1
        2006031215  6469243      -9.96     155.64  1
        2006031218  6458136     -10.53     155.68  1
        2006031221  6287804     -10.95     155.96  1
        2006031300  5921612     -11.63     156.56  1
        2006031303  5790880     -11.94     156.59  1
        2006031306  5941384     -12.19     156.44  1
        2006031309  5843226     -12.40     156.32  1
        2006031312  5835365     -12.67     156.80  1
        2006031315  5935045     -12.98     156.76  1
        2006031318  5822066     -13.26     156.71  1
        2006031321  5594454     -13.58     156.92  1
        2006031400  5338916     -13.95     157.55  1
        2006031403  5261132     -14.26     158.07  1
        2006031406  5194756     -14.46     158.45  1
        2006031409  5002921     -14.70     159.03  1
        2006031412  5028744     -14.86     159.88  1
        2006031415  5027737     -14.88     160.29  1
        2006031418  5159632     -14.89     160.42  1
        2006031421  5113840     -15.20     161.25  1
        2006031500  4999859     -15.25     161.95  1
        2006031503  4837996     -15.08     162.34  1
        2006031506  4678944     -13.98     160.77  1
        2006031509  4611113     -13.64     160.63  1
        2006031512  4837984     -13.33     160.35  1
        2006031515  5037471     -12.98     159.82  1
        2006031518  5183839     -12.72     159.36  1
        2006031521  5157100     -12.52     159.30  1
        2006031600  5213715     -12.43     159.19  1
        2006031603  5218626     -12.19     158.70  1
        2006031606  5272177     -11.97     158.24  1
        2006031609  5214984     -11.58     157.40  1
        2006031612  5165662     -11.28     157.12  1
        2006031615  4954062     -10.78     156.65  1
        2006031618  4684485      -9.75     154.68  1
        2006031621  4793154      -9.61     154.29  1
        2006031700  4851207      -9.45     154.08  1
        2006031703  4866114      -9.22     153.90  1
        2006031706  4899235      -9.19     153.49  1
        2006031709  4944302      -9.17     153.08  1
        2006031712  4913399      -9.17     152.90  1
        2006031715  4886547      -9.19     152.57  1
        2006031718  4800510      -9.34     152.19  1
        2006031721  4447775      -9.51     152.18  1
        2006031800  4113785      -9.72     152.20  1
        2006031803  2750565      -8.73     157.36  1
        2006031806  2544040      -8.99     157.67  1
        2006031809  2393367      -9.12     157.90  1
        2006031812  3241465      -9.91     163.37  1
        2006031815  3217191     -10.09     164.31  1
        2006031818  3106474     -10.28     165.42  1
        2006031821  2822496     -10.51     166.43  1
        2006031900  2388571     -10.76     167.68  1
        2006031903  1884468     -10.99     169.80  1
        2006031906  1682337     -11.05     171.03  1
        2006031909  1460676     -10.95     172.30  1
        2006031912  1470916     -11.02     172.22  1
        2006031915  1391814     -11.09     172.35  1
        2006031918  1314372     -11.14     172.05  1
        2006031921  1181444     -11.26     171.66  1
        2006032000  1106369     -11.51     170.69  1
        2006032003   955304     -11.68     169.87  1
        2006032006   860484     -12.01     168.43  1
        2006032009   757624     -12.33     167.18  1
        2006032012   726267     -12.75     165.87  1
        2006032015   769305     -13.19     164.61  1
        2006032018   837042     -13.59     163.68  1
        2006032021   877194     -13.88     162.89  1
        2006032100   869043     -14.04     162.51  1
        2006032103   897799     -14.15     162.16  1
        2006032106  1025175     -14.26     161.79  1
        2006032109  1068647     -14.39     161.50  1
        2006032112  1135985     -14.51     161.22  1
        2006032115  1144067     -14.67     160.74  1
        2006032118  1157006     -14.90     160.36  1
        2006032121  1153905     -15.20     159.92  1
        2006032200  1160013     -15.44     159.63  1
        2006032203  1185005     -15.62     159.38  1
        2006032206  1224144     -15.78     159.11  1
        2006032209  1217583     -16.01     158.82  1
        2006032212  1246864     -16.18     158.64  1
        2006032215  1268022     -16.34     158.28  1
        2006032218  1316795     -16.57     158.07  1
        2006032221  1329232     -16.80     157.87  1
        2006032300  1345656     -16.98     157.75  1
        2006032303  1366323     -17.17     157.67  1
        2006032306  1448681     -17.37     157.68  1
        2006032309  1548311     -17.60     157.78  1
        2006032312  1633170     -17.80     157.84  1
        2006032315  1688553     -18.00     157.90  1
        2006032318  1752386     -18.28     157.92  1
        2006032321  1755841     -18.52     157.91  1
        2006032400  1745370     -18.76     157.95  1
        2006032403  1764758     -18.93     158.03  1
        2006032406  1815701     -19.13     158.13  1
        2006032409  1760024     -19.30     158.27  1
        2006032412  1693195     -19.50     158.50  1
        2006032415  1653263     -19.71     158.71  1
        2006032418  1612715     -19.98     158.96  1
        2006032421  1538156     -20.20     159.20  1
        2006032500  1477925     -20.44     159.50  1
        2006032503  1411818     -20.63     159.71  1
        2006032506  1337217     -20.83     159.91  1
        2006032509  1249773     -21.03     160.16  1
        2006032512  1156479     -21.27     160.47  1
        2006032515  1037706     -21.50     160.72  1
        2006032518   943775     -21.82     160.98  1
        2006032521   756831     -22.23     161.31  1
        2006032600   585560     -22.54     161.58  1
        2006032603   422764     -22.85     161.79  1
LPT    29.0100
        2006022618   468941     -10.82      54.90  1
        2006022621   602347     -10.86      54.93  1
        2006022700   733046     -11.06      54.41  1
        2006022703   754714     -11.18      54.24  1
        2006022706   769501     -11.32      54.03  1
        2006022709   827451     -11.44      53.88  1
        2006022712   838528     -11.53      53.65  1
        2006022715   854416     -11.53      53.68  1
        2006022718   899892     -11.51      53.77  1
        2006022721   949093     -11.50      53.73  1
        2006022800   919482     -11.53      53.53  1
        2006022803   915742     -11.52      53.38  1
        2006022806   969278     -11.57      53.31  1
        2006022809  1007570     -11.64      53.15  1
        2006022812   975634     -11.70      53.09  1
        2006022815   999594     -11.76      53.15  1
        2006022818  1045541     -11.80      53.32  1
        2006022821  1087624     -11.86      53.21  1
        2006030100  1095045     -11.89      53.09  1
        2006030103  1080685     -11.90      52.96  1
        2006030106  1106422     -11.88      52.80  1
        2006030109  1122251     -11.89      52.66  1
        2006030112  1153537     -12.00      52.52  1
        2006030115  1293351     -11.98      52.57  1
        2006030118  1508015     -11.96      53.09  1
        2006030121  1705440     -11.91      53.68  1
        2006030200  1962603     -11.85      54.18  1
        2006030203  2155651     -11.78      54.67  1
        2006030206  2397387     -11.67      55.02  1
        2006030209  2568152     -11.66      55.25  1
        2006030212  2735730     -11.66      55.41  1
        2006030215  2927558     -11.72      55.50  1
        2006030218  3030999     -11.79      55.75  1
        2006030221  3078667     -11.84      56.01  1
        2006030300  3100624     -11.90      56.30  1
        2006030303  3117457     -11.95      56.37  1
        2006030306  3126625     -11.99      56.38  1
        2006030309  3114194     -12.02      56.24  1
        2006030312  3213799     -12.00      56.05  1
        2006030315  3363766     -12.06      55.87  1
        2006030318  3444547     -12.15      55.84  1
        2006030321  3479417     -12.24      55.77  1
        2006030400  3454997     -12.41      55.79  1
        2006030403  3381715     -12.58      55.82  1
        2006030406  3292542     -12.77      55.62  1
        2006030409  3211516     -12.96      55.63  1
        2006030412  3131667     -13.19      55.80  1
        2006030415  2991606     -13.39      56.02  1
        2006030418  2844922     -13.66      56.24  1
        2006030421  2715001     -13.88      56.29  1
        2006030500  2627971     -14.15      56.30  1
        2006030503  2514996     -14.43      56.31  1
        2006030506  2377884     -14.81      56.37  1
        2006030509  2249678     -15.24      56.42  1
        2006030512  2185133     -15.77      56.46  1
        2006030515  2180170     -16.35      56.28  1
        2006030518  2112199     -16.88      56.10  1
        2006030521  2071677     -17.27      55.89  1
        2006030600  2061779     -17.69      55.68  1
        2006030603  2046094     -18.08      55.49  1
        2006030606  2027921     -18.51      55.35  1
        2006030609  1994151     -19.02      55.27  1
        2006030612  1968351     -19.48      55.18  1
        2006030615  1964118     -20.06      55.10  1
        2006030618  1946359     -20.61      54.90  1
        2006030621  1923262     -21.06      54.71  1
        2006030700  1963835     -21.56      54.58  1
        2006030703  2003834     -22.07      54.50  1
        2006030706  2003907     -22.51      54.42  1
        2006030709  2008963     -22.79      54.37  1
        2006030712  2040206     -23.11      54.35  1
        2006030715  2134231     -23.42      54.28  1
        2006030718  2169050     -23.62      54.26  1
        2006030721  2204072     -23.93      54.33  1
        2006030800  2248474     -24.13      54.36  1
        2006030803  2283657     -24.44      54.54  1
        2006030806  2281056     -24.74      54.71  1
        2006030809  2276885     -25.00      54.86  1
        2006030812  2258099     -25.23      54.98  1
        2006030815  2267815     -25.60      55.19  1
        2006030818  2184586     -25.98      55.39  1
        2006030821  2098459     -26.32      55.66  1
        2006030900  2073478     -26.59      55.90  1
        2006030903  2022709     -26.90      56.19  1
        2006030906  1949264     -27.10      56.39  1
        2006030909  1881658     -27.25      56.57  1
        2006030912  1828205     -27.38      56.73  1
        2006030915  1783934     -27.46      56.80  1
        2006030918  1716759     -27.47      56.90  1
        2006030921  1656465     -27.43      56.92  1
        2006031000  1590524     -27.41      56.91  1
        2006031003  1412552     -27.64      57.20  1
        2006031006  1222452     -27.92      57.53  1
        2006031009  1065871     -28.13      57.78  1
        2006031012   931377     -28.27      57.96  1
        2006031015   795805     -28.42      58.19  1
        2006031018   505664     -28.92      58.76  1
        2006031021   318940     -29.20      59.10  1
LPT    30.0100
        2006022718   424794      26.18     191.57  1
        2006022721   642500      25.87     191.54  1
        2006022800   825124      25.75     191.48  1
        2006022803  1185836      26.05     191.07  1
        2006022806  1231666      26.04     191.10  1
        2006022809  1381864      25.87     191.11  1
        2006022812  1564859      25.70     191.02  1
        2006022815  1939704      25.44     190.86  1
        2006022818  2020536      25.29     190.84  1
        2006022821  2060721      25.17     190.87  1
        2006030100  2076079      25.00     190.91  1
        2006030103  2213543      25.03     190.92  1
        2006030106  2232494      24.81     190.88  1
        2006030109  2252641      24.77     190.85  1
        2006030112  2247763      24.71     190.77  1
        2006030115  2296108      24.48     190.77  1
        2006030118  2307346      24.43     190.79  1
        2006030121  2325042      24.17     190.87  1
        2006030200  2338834      23.92     191.03  1
        2006030203  2409901      23.86     191.20  1
        2006030206  2372033      23.67     191.33  1
        2006030209  2398063      23.57     191.51  1
        2006030212  2383614      23.56     191.71  1
        2006030215  2295897      23.59     191.79  1
        2006030218  2149555      23.62     191.93  1
        2006030221  1993153      23.80     192.03  1
        2006030300  1790751      23.73     191.98  1
        2006030303  1596720      23.35     191.89  1
        2006030306  1151332      21.31     191.63  1
        2006030309   910298      19.38     191.16  1
        2006030312   862887      18.18     190.71  1
        2006030315   645754      16.87     190.20  1
        2006030318   365571      15.45     189.43  1
        2006030321   383645      14.93     189.20  1
        2006030400   391846      14.52     188.81  1
        2006030403   475563      14.16     188.13  1
        2006030406   695432      13.97     187.67  1
        2006030409   703791      13.68     187.22  1
        2006030412  1005478      13.43     186.40  1
        2006030415  1287676      13.39     185.95  1
        2006030418  1460225      13.48     185.69  1
        2006030421  1615553      13.76     185.55  1
        2006030500  1729001      14.07     185.50  1
        2006030503  1865367      14.36     185.44  1
        2006030506  1950812      14.63     185.39  1
        2006030509  1987629      14.83     185.38  1
        2006030512  2114720      14.98     185.55  1
        2006030515  2146978      15.16     185.61  1
        2006030518  2210146      15.36     185.77  1
        2006030521  2214219      15.53     185.84  1
        2006030600  2218796      15.65     185.91  1
        2006030603  2202305      15.80     185.96  1
        2006030606  2190193      16.02     186.04  1
        2006030609  2126691      16.22     186.11  1
        2006030612  2083811      16.44     186.20  1
        2006030615  1959123      16.60     186.29  1
        2006030618  1838493      16.88     186.45  1
        2006030621  1649545      17.27     186.62  1
        2006030700  1477693      17.62     186.73  1
        2006030703  1362339      17.83     186.97  1
        2006030706  1211523      18.12     187.09  1
        2006030709   953587      18.40     187.16  1
        2006030712   893530      18.56     187.27  1
        2006030715   696654      18.78     187.56  1
        2006030718   476273      18.95     187.76  1
LPT    31.0100
        2006031700   413248      -1.04      80.42  1
        2006031703   740598      -1.06      80.86  1
        2006031706  1006091      -1.10      81.27  1
        2006031709  1215927      -1.19      81.66  1
        2006031712  1305368      -1.28      82.09  1
        2006031715  1382396      -1.49      82.85  1
        2006031718  1492514      -1.72      83.54  1
        2006031721  1488464      -1.95      84.27  1
        2006031800  1452012      -2.19      85.08  1
        2006031803  1327655      -2.43      86.01  1
        2006031806  1219505      -2.68      87.13  1
        2006031809  1178488      -2.88      88.14  1
        2006031812  1260075      -3.02      88.95  1
        2006031815  1310098      -3.11      89.57  1
        2006031818  1511131      -3.22      90.75  1
        2006031821  1580435      -3.26      91.26  1
        2006031900  1674337      -3.31      91.76  1
        2006031903  1665075      -3.33      92.23  1
        2006031906  1736678      -3.31      92.60  1
        2006031909  1678164      -3.29      93.18  1
        2006031912  1618104      -3.26      93.62  1
        2006031915  1522559      -3.24      94.21  1
        2006031918  1401620      -3.22      94.76  1
        2006031921  1352313      -3.17      95.28  1
        2006032000  1228381      -3.05      95.58  1
        2006032003  1099750      -2.97      96.08  1
        2006032006   984979      -2.85      96.54  1
        2006032009  1320326      -3.82     100.09  1
        2006032012  1694464      -4.48     102.52  1
        2006032015  2155766      -4.72     103.19  1
        2006032018  2635671      -4.74     103.28  1
        2006032021  2923681      -4.68     103.38  1
        2006032100  3179855      -4.47     103.16  1
        2006032103  3435303      -4.29     102.88  1
        2006032106  3784802      -4.01     102.20  1
        2006032109  3928501      -3.75     101.68  1
        2006032112  4067203      -3.38     100.80  1
        2006032115  4139295      -3.16     100.25  1
        2006032118  4235206      -2.95      99.56  1
        2006032121  4212974      -2.92      99.17  1
        2006032200  4250774      -2.83      98.83  1
        2006032203  4277179      -2.71      98.42  1
        2006032206  4338823      -2.61      98.19  1
        2006032209  4334943      -2.55      98.26  1
        2006032212  4436390      -2.48      98.05  1
        2006032215  4506235      -2.40      98.00  1
        2006032218  4499659      -2.24      97.74  1
        2006032221  4508431      -2.06      97.45  1
        2006032300  4507203      -1.79      96.98  1
        2006032303  4428542      -1.38      96.31  1
        2006032306  4335604      -1.11      95.89  1
        2006032309  4292672      -0.87      95.73  1
        2006032312  4216706      -0.62      95.45  1
        2006032315  4135376      -0.47      95.33  1
        2006032318  4053212      -0.28      95.24  1
        2006032321  3915667      -0.11      95.06  1
        2006032400  3858395      -0.10      95.12  1
        2006032403  3822435      -0.22      95.31  1
        2006032406  3746415      -0.37      95.54  1
        2006032409  3765492      -0.95      96.38  1
        2006032412  3858907      -1.55      97.01  1
        2006032415  3803389      -2.02      97.53  1
        2006032418  3867230      -2.49      98.00  1
        2006032421  3947324      -2.98      98.50  1
        2006032500  4020864      -3.43      98.86  1
        2006032503  4060736      -3.83      99.07  1
        2006032506  4028531      -4.13      99.28  1
        2006032509  4001959      -4.40      99.47  1
        2006032512  3977728      -4.65      99.58  1
        2006032515  3848249      -4.91      99.73  1
        2006032518  3706704      -5.06      99.86  1
        2006032521  3624679      -5.32      99.93  1
        2006032600  3490358      -5.69     100.02  1
        2006032603  3214386      -6.14     100.17  1
        2006032606  2925062      -6.77     100.51  1
        2006032609  2804286      -7.33     100.76  1
        2006032612  2709457      -7.90     101.05  1
        2006032615  2596671      -8.80     101.61  1
        2006032618  2572466      -9.15     101.80  1
        2006032621  2502210      -9.65     102.05  1
        2006032700  2395291      -9.69     102.05  1
        2006032703  2275157      -9.79     102.10  1
        2006032706  2112147      -9.73     102.05  1
        2006032709  1989270      -9.90     102.22  1
        2006032712  1805972     -10.07     102.26  1
        2006032715  1580784     -10.63     102.47  1
        2006032718  1487049     -10.96     102.59  1
        2006032721  1282879     -11.74     102.78  1
        2006032800   996744     -12.50     102.89  1
        2006032803   740080     -12.78     102.83  1
        2006032806   450006     -13.00     102.88  1
LPT    32.0100
        2006032118   630673      -4.48     298.97  1
        2006032121   896722      -4.02     298.76  1
        2006032200   786194      -3.70     298.60  1
        2006032203   992930      -3.48     298.17  1
        2006032206  1077919      -3.30     298.01  1
        2006032209   973312      -3.13     298.26  1
        2006032212   877066      -3.02     298.90  1
        2006032215   769158      -3.00     299.75  1
        2006032218  1170750      -3.12     300.33  1
        2006032221  1088182      -3.20     301.95  1
        2006032300   967739      -3.33     303.47  1
        2006032303  1085660      -3.30     303.84  1
        2006032306  1207580      -3.19     303.92  1
        2006032309  1438097      -3.14     303.55  1
        2006032312  1494679      -2.92     304.04  1
        2006032315  1659858      -2.80     304.12  1
        2006032318  2106078      -2.79     304.05  1
        2006032321  2253619      -2.66     304.87  1
        2006032400  2248517      -2.55     306.48  1
        2006032403  2325669      -2.51     307.34  1
        2006032406  2246416      -2.38     308.67  1
        2006032409  2304211      -2.34     309.52  1
        2006032412  2241064      -2.18     310.73  1
        2006032415  2168637      -2.02     311.70  1
        2006032418  2405827      -2.11     311.06  1
        2006032421  2633128      -2.16     310.38  1
        2006032500  2705693      -2.07     310.04  1
        2006032503  2779664      -2.06     309.51  1
        2006032506  2686568      -1.96     309.51  1
        2006032509  2582689      -1.89     309.28  1
        2006032512  2459484      -1.86     308.87  1
        2006032515  2424809      -1.93     308.28  1
        2006032518  2631747      -2.19     307.50  1
        2006032521  2636519      -2.20     306.84  1
        2006032600  2448678      -2.16     306.59  1
        2006032603  2420184      -2.23     305.97  1
        2006032606  2361631      -2.30     305.42  1
        2006032609  2582192      -2.42     304.18  1
        2006032612  2283404      -2.28     304.28  1
        2006032615   320274      -2.50     289.11  1
        2006032618   532913      -3.00     289.22  1
        2006032621   604508      -3.05     288.80  1
        2006032700   442748      -2.83     288.31  1
        2006032703   484334      -2.97     288.48  1
        2006032706   597589      -3.09     288.79  1
        2006032709   669413      -2.88     289.02  1
        2006032712   761192      -2.80     289.30  1
        2006032715   939970      -2.83     289.70  1
        2006032718  1098588      -2.86     289.84  1
        2006032721  1148353      -3.07     290.05  1
        2006032800  1018969      -3.00     289.73  1
        2006032803   971881      -3.06     289.62  1
        2006032806   937133      -3.14     289.54  1
        2006032809   942215      -3.45     289.77  1
        2006032812   840458      -3.61     289.86  1
        2006032815   712461      -3.90     290.07  1
        2006032818   624394      -4.32     290.37  1
LPT    33.0100
        2006032703   502846       0.96     131.73  1
        2006032706   695119       0.79     131.98  1
        2006032709   845660       0.52     132.45  1
        2006032712   983814       0.25     132.93  1
        2006032715  1220609      -0.16     133.67  1
        2006032718  1564224      -0.68     134.54  1
        2006032721  1847856      -1.33     135.69  1
        2006032800  1851148      -1.74     136.50  1
        2006032803  1960667      -2.10     137.12  1
        2006032806  1989066      -2.25     137.58  1
        2006032809  1988124      -2.46     137.79  1
        2006032812  1991899      -2.62     138.07  1
        2006032815  2020603      -2.62     138.19  1
        2006032818  2230409      -2.81     138.72  1
        2006032821  2077920      -2.62     139.01  1
        2006032900  1652353      -2.85     140.73  1
        2006032903  1500838      -3.15     142.03  1
        2006032906  1559586      -3.41     142.52  1
        2006032909  1687939      -3.48     142.65  1
        2006032912  1775625      -3.51     142.94  1
        2006032915  1976654      -3.43     142.95  1
        2006032918  2203505      -3.22     142.74  1
        2006032921  2400555      -3.00     142.33  1
        2006033000  2579038      -2.86     141.95  1
        2006033003  5757511      -6.95     130.78  1
        2006033006  6243435      -6.90     130.42  1
        2006033009  6625825      -6.87     129.93  1
        2006033012  6807757      -6.82     129.78  1
        2006033015  7178734      -6.76     129.80  1
        2006033018  7482315      -6.80     129.94  1
        2006033021  7644287      -6.87     129.87  1
        2006033100  7660465      -6.94     129.76  1
        2006033103  7718263      -7.05     129.76  1
        2006033106  7732147      -7.17     129.59  1
        2006033109  7730508      -7.30     129.28  1
        2006033112  7584274      -7.33     129.26  1
        2006033115  7626922      -7.31     129.36  1
        2006033118  7646429      -7.22     129.42  1
        2006033121  7549729      -7.12     129.43  1
        2006040100  7350283      -6.76     129.77  1
        2006040103  7292497      -6.41     130.20  1
        2006040106  7003122      -5.75     130.74  1
        2006040109  7144711      -5.64     130.58  1
        2006040112  7191416      -5.60     130.56  1
        2006040115  7333540      -5.59     130.65  1
        2006040118  7407304      -5.55     130.72  1
        2006040121  7486671      -5.53     130.78  1
        2006040200  7443152      -5.49     131.05  1
        2006040203  7476640      -5.45     131.29  1
        2006040206  7518429      -5.44     131.48  1
        2006040209  7550573      -5.48     131.50  1
        2006040212  7483642      -5.50     131.81  1
        2006040215  7388184      -5.55     132.06  1
        2006040218  7361147      -5.59     132.30  1
        2006040221  7305986      -5.61     132.47  1
        2006040300  7238551      -5.65     132.80  1
        2006040303  7178793      -5.68     133.10  1
        2006040306  7115477      -5.75     133.40  1
        2006040309  7170409      -5.84     133.76  1
        2006040312  7064079      -5.89     134.25  1
        2006040315  7153040      -6.04     134.44  1
        2006040318  7118773      -6.10     134.80  1
        2006040321  7084150      -6.18     135.10  1
        2006040400  6946619      -6.21     135.41  1
        2006040403  6847000      -6.29     135.80  1
        2006040406  6753769      -6.51     135.85  1
        2006040409  6765337      -6.77     135.78  1
        2006040412  6589073      -6.87     135.93  1
        2006040415  6359811      -7.11     135.87  1
        2006040418  6081249      -7.44     135.73  1
        2006040421  5834146      -7.92     135.30  1
        2006040500  5271509      -8.43     135.02  1
        2006040503  4724325      -9.14     134.58  1
        2006040506  4298445     -10.16     134.09  1
        2006040509  3322718     -12.97     131.63  1
        2006040512  3113122     -13.34     131.79  1
        2006040515  3137800     -13.74     131.53  1
        2006040518  3157951     -14.07     131.55  1
        2006040521  3037078     -14.44     131.55  1
        2006040600  2126437     -14.74     136.24  1
        2006040603  2000931     -15.08     136.45  1
        2006040606  1933570     -15.36     136.65  1
        2006040609  1909046     -15.59     136.93  1
        2006040612  1774766     -15.92     137.40  1
        2006040615  1665407     -16.14     137.56  1
        2006040618  1600378     -16.30     137.99  1
        2006040621  1493008     -16.41     138.16  1
        2006040700  1330893     -16.66     138.31  1
        2006040703  1254247     -16.97     138.61  1
        2006040706  1198042     -17.22     138.96  1
        2006040709  1038960     -17.61     139.47  1
        2006040712   732807     -18.04     140.18  1
        2006040715   529893     -18.16     140.44  1
        2006040718   356892     -18.08     140.66  1
LPT    34.0100
        2006041418   375106      -4.43     157.54  1
        2006041421   416629      -4.52     157.66  1
        2006041500   456585      -4.63     157.77  1
        2006041503   513461      -4.72     157.72  1
        2006041506   577982      -4.85     157.61  1
        2006041509   639360      -5.00     157.50  1
        2006041512   732973      -5.17     157.24  1
        2006041515   806489      -5.37     157.05  1
        2006041518   874600      -5.56     156.69  1
        2006041521   969642      -5.66     156.39  1
        2006041600  1063868      -5.76     156.13  1
        2006041603  1177229      -5.86     155.98  1
        2006041606  1316444      -6.02     155.72  1
        2006041609  1511280      -6.25     155.31  1
        2006041612  1667587      -6.45     155.08  1
        2006041615  1805327      -6.65     154.94  1
        2006041618  1880448      -6.79     154.54  1
        2006041621  1891041      -6.98     154.05  1
        2006041700  1858484      -7.25     153.56  1
        2006041703  1907099      -7.47     153.03  1
        2006041706  1927077      -7.77     152.59  1
        2006041709  1960183      -8.03     152.19  1
        2006041712  2096124      -8.26     151.75  1
        2006041715  2281949      -8.27     151.26  1
        2006041718  2502521      -8.14     150.85  1
        2006041721  2850139      -7.78     150.25  1
        2006041800  3178075      -7.42     149.73  1
        2006041803  3414495      -7.20     149.41  1
        2006041806  3595775      -7.04     149.15  1
        2006041809  3769598      -6.94     148.89  1
        2006041812  4031192      -6.83     148.48  1
        2006041815  4179472      -6.58     148.24  1
        2006041818  4442002      -6.37     147.87  1
        2006041821  4677733      -6.19     147.58  1
        2006041900  4778715      -6.02     147.39  1
        2006041903  4817928      -5.99     147.26  1
        2006041906  4877320      -6.03     147.05  1
        2006041909  4835428      -6.07     146.91  1
        2006041912  4745187      -6.14     146.76  1
        2006041915  4705785      -6.18     146.59  1
        2006041918  4670039      -6.25     146.43  1
        2006041921  4622475      -6.36     146.24  1
        2006042000  4604037      -6.42     146.02  1
        2006042003  4470413      -6.45     145.97  1
        2006042006  4356913      -6.60     145.85  1
        2006042009  4187335      -6.85     145.72  1
        2006042012  4040031      -7.11     145.62  1
        2006042015  3842547      -7.38     145.44  1
        2006042018  3582950      -7.91     145.22  1
        2006042021  3318870      -8.58     144.95  1
        2006042100  2920819      -9.73     144.74  1
        2006042103  2547028     -10.76     144.47  1
        2006042106  2378422     -11.33     144.30  1
        2006042109  2289821     -11.69     144.16  1
        2006042112  2188721     -11.92     144.03  1
        2006042115  2020847     -12.15     143.96  1
        2006042118  2004767     -12.19     143.81  1
        2006042121  1908826     -12.36     143.67  1
        2006042200  1708940     -12.58     143.57  1
        2006042203  1630394     -12.65     143.47  1
        2006042206  1559209     -12.74     143.43  1
        2006042209  1478847     -12.74     143.27  1
        2006042212  1417525     -12.69     143.14  1
        2006042215  1377294     -12.48     142.98  1
        2006042218  1397488     -12.23     142.65  1
        2006042221  1374650     -12.14     142.51  1
        2006042300  1272339     -12.10     142.36  1
        2006042303  1200312     -12.03     142.22  1
        2006042306  1293662     -11.90     142.08  1
        2006042309  1244219     -11.66     141.83  1
        2006042312  1226577     -11.38     141.57  1
        2006042315  1175724     -11.05     141.29  1
        2006042318  1243063     -10.68     140.78  1
        2006042321  1242493     -10.45     140.38  1
        2006042400  1136894     -10.30     139.93  1
        2006042403  1036069     -10.04     139.34  1
        2006042406  2119184      -5.61     134.12  1
        2006042409  2439587      -5.19     133.42  1
        2006042412  2617855      -4.77     133.10  1
        2006042415  2797801      -4.48     132.86  1
        2006042418  3013872      -4.32     132.80  1
        2006042421  3058335      -4.00     132.72  1
        2006042500  3045065      -3.91     132.85  1
        2006042503  3162191      -3.84     132.96  1
        2006042506  3221023      -3.79     132.99  1
        2006042509  3304213      -3.78     133.14  1
        2006042512  3320427      -3.75     133.30  1
        2006042515  3357909      -3.79     133.50  1
        2006042518  3387825      -3.79     133.57  1
        2006042521  3270391      -3.71     133.47  1
        2006042600  3188507      -3.79     133.56  1
        2006042603  3172927      -3.92     133.74  1
        2006042606  3202711      -4.11     133.89  1
        2006042609  3101368      -4.40     134.14  1
        2006042612  3032197      -4.63     134.34  1
        2006042615  2871637      -4.86     134.34  1
        2006042618  2785289      -5.14     134.60  1
        2006042621  2641485      -5.15     134.92  1
        2006042700  2433334      -5.13     135.26  1
        2006042703  2297517      -5.04     135.81  1
        2006042706  2194291      -5.05     136.63  1
        2006042709  2366301      -4.48     142.57  1
        2006042712  2667381      -3.59     144.01  1
        2006042715  2969980      -3.20     145.11  1
        2006042718  3338299      -2.85     145.90  1
        2006042721  3096598      -1.88     147.31  1
        2006042800  3009859      -1.77     147.96  1
        2006042803  3026407      -1.90     148.20  1
        2006042806  3108183      -2.06     148.31  1
        2006042809  3259298      -2.21     148.37  1
        2006042812  3379105      -2.24     148.59  1
        2006042815  3561401      -2.17     148.86  1
        2006042818  3827758      -2.05     149.07  1
        2006042821  3924485      -1.58     149.32  1
        2006042900  3986858      -1.20     149.60  1
        2006042903  4056289      -1.03     149.77  1
        2006042906  4073339      -0.87     149.86  1
        2006042909  4107888      -0.75     149.97  1
        2006042912  4160840      -0.71     149.94  1
        2006042915  4294288      -0.85     149.77  1
        2006042918  4477228      -1.11     149.49  1
        2006042921  4553778      -1.26     149.33  1
        2006043000  4519206      -1.37     149.28  1
        2006043003  4526104      -1.49     149.26  1
        2006043006  4644273      -1.54     149.36  1
        2006043009  4711368      -1.47     149.51  1
        2006043012  4778390      -1.39     149.70  1
        2006043015  4902686      -1.34     150.05  1
        2006043018  5024935      -1.23     150.41  1
        2006043021  5106002      -1.09     150.90  1
        2006050100  5245082      -1.03     151.22  1
        2006050103  5393239      -1.02     151.41  1
        2006050106  5500274      -0.89     151.64  1
        2006050109  5507484      -0.76     151.91  1
        2006050112  5536282      -0.66     152.24  1
        2006050115  5624713      -0.66     152.55  1
        2006050118  5656833      -0.73     152.71  1
        2006050121  5542799      -0.72     153.15  1
        2006050200  5453693      -0.81     153.45  1
        2006050203  5352523      -0.90     153.67  1
        2006050206  5311950      -0.88     153.98  1
        2006050209  5240096      -0.86     154.23  1
        2006050212  5191829      -0.84     154.50  1
        2006050215  5218155      -0.76     154.76  1
        2006050218  5271495      -0.63     154.78  1
        2006050221  5190564      -0.44     155.06  1
        2006050300  5079554      -0.29     155.36  1
        2006050303  4998476      -0.16     155.66  1
        2006050306  4924846      -0.10     155.81  1
        2006050309  4759195      -0.03     156.03  1
        2006050312  4585820      -0.02     156.25  1
        2006050315  4623661      -0.05     156.20  1
        2006050318  4514695       0.02     156.36  1
        2006050321  4403277       0.06     156.42  1
        2006050400  4258519       0.04     156.36  1
        2006050403  4051724       0.15     156.65  1
        2006050406  3869514       0.25     156.80  1
        2006050409  3626958       0.27     156.70  1
        2006050412  3411341       0.25     156.50  1
        2006050415  3226173       0.21     155.92  1
        2006050418  2706934       0.03     153.89  1
        2006050421  2575907       0.20     153.63  1
        2006050500  2491893       0.31     153.49  1
        2006050503  2494270       0.34     153.46  1
        2006050506  2521896       0.26     153.25  1
        2006050509  2587262       0.14     152.87  1
        2006050512  2688616      -0.02     152.29  1
        2006050515  2908274      -0.14     151.61  1
        2006050518  2965449      -0.23     150.99  1
        2006050521  2905819      -0.38     150.71  1
        2006050600  2919158      -0.50     150.24  1
        2006050603  2918092      -0.59     149.88  1
        2006050606  2886359      -0.68     149.57  1
        2006050609  2859758      -0.71     149.37  1
        2006050612  2847905      -0.78     149.19  1
        2006050615  3022569      -0.68     149.08  1
        2006050618  2999825      -0.77     149.12  1
        2006050621  3057847      -0.64     149.07  1
        2006050700  3062750      -0.35     148.96  1
        2006050703  3065515      -0.21     148.89  1
        2006050706  3118772      -0.05     148.78  1
        2006050709  3165206      -0.05     148.80  1
        2006050712  3139783      -0.08     148.76  1
        2006050715  3282853      -0.21     148.82  1
        2006050718  3208463      -0.19     148.52  1
        2006050721  3024368      -0.25     148.07  1
        2006050800  2874078      -0.58     147.76  1
        2006050803  2624280      -0.56     147.24  1
        2006050806  2434598      -0.45     146.83  1
        2006050809  2248894      -0.16     146.32  1
        2006050812  2053725       0.01     145.97  1
        2006050815  1900978       0.54     145.44  1
        2006050818  1456483       1.37     144.89  1
        2006050821   971177       2.82     144.20  1
        2006050900   349048       7.75     142.44  1
        2006050903   321284       8.05     142.21  1
        2006050906   354812       8.20     142.38  1
        2006050909   432847       8.14     142.74  1
        2006050912   401566       8.08     142.88  1
        2006050915   380239       7.99     143.06  1
LPT    35.0100
        2006041812   389902       1.83      78.53  1
        2006041815   521137       1.70      78.71  1
        2006041818   652365       1.54      78.96  1
        2006041821   775069       1.44      79.22  1
        2006041900   819814       1.47      79.51  1
        2006041903   867674       1.38      79.68  1
        2006041906   833747       1.33      79.86  1
        2006041909   819087       1.31      79.95  1
        2006041912   736558       1.26      80.10  1
        2006041915   659412       1.17      80.25  1
        2006041918   625480       1.12      80.59  1
        2006041921   610841       1.02      80.99  1
        2006042000   587700       0.98      81.65  1
        2006042003   566861       1.00      82.56  1
        2006042006   660282       1.03      83.80  1
        2006042009   925843       1.10      85.46  1
        2006042012  1453759       1.28      87.97  1
        2006042015  1862612       1.30      89.33  1
        2006042018  2165617       1.28      90.12  1
        2006042021  2420741       1.22      90.98  1
        2006042100  2543911       1.20      91.66  1
        2006042103  2546043       1.15      92.44  1
        2006042106  2589602       1.18      92.98  1
        2006042109  2571489       1.19      93.31  1
        2006042112  2578108       1.23      93.44  1
        2006042115  2562404       1.29      93.55  1
        2006042118  2604431       1.38      93.56  1
        2006042121  2652710       1.42      93.52  1
        2006042200  2701729       1.49      93.51  1
        2006042203  2731673       1.53      93.44  1
        2006042206  2769988       1.60      93.43  1
        2006042209  2840775       1.60      93.41  1
        2006042212  2930945       1.55      93.29  1
        2006042215  3002578       1.51      93.20  1
        2006042218  3108004       1.43      93.16  1
        2006042221  3130259       1.49      93.04  1
        2006042300  3137123       1.54      92.87  1
        2006042303  3095524       1.55      92.81  1
        2006042306  3025415       1.66      92.72  1
        2006042309  2956157       1.75      92.62  1
        2006042312  2893680       1.90      92.38  1
        2006042315  2728188       2.03      92.14  1
        2006042318  2591107       2.14      91.85  1
        2006042321  2542516       2.24      91.47  1
        2006042400  2475495       2.36      90.87  1
        2006042403  2352855       2.54      90.37  1
        2006042406  2251635       2.74      90.06  1
        2006042409  2185302       2.80      89.97  1
        2006042412  2176592       2.90      89.95  1
        2006042415  2168635       3.00      89.95  1
        2006042418  2163108       3.04      90.03  1
        2006042421  2187662       3.05      90.06  1
        2006042500  2268224       3.11      90.08  1
        2006042503  2340778       3.27      90.07  1
        2006042506  2424831       3.43      90.04  1
        2006042509  2554513       3.47      89.97  1
        2006042512  2665523       3.56      89.86  1
        2006042515  2672005       3.68      89.73  1
        2006042518  2728464       3.76      89.58  1
        2006042521  2759619       3.82      89.50  1
        2006042600  2759913       3.92      89.47  1
        2006042603  2704019       4.08      89.51  1
        2006042606  2628126       4.27      89.54  1
        2006042609  2562968       4.46      89.61  1
        2006042612  2469115       4.72      89.64  1
        2006042615  2312433       5.00      89.76  1
        2006042618  2244653       5.29      89.93  1
        2006042621  2155716       5.52      90.10  1
        2006042700  2037106       5.89      90.34  1
        2006042703  1872560       6.28      90.61  1
        2006042706  1802415       6.62      90.75  1
        2006042709  1737134       6.89      90.80  1
        2006042712  1658651       7.23      90.80  1
        2006042715  1462414       7.67      90.81  1
        2006042718  1296640       8.20      90.86  1
        2006042721  1189184       8.68      90.91  1
        2006042800  1098171       9.30      91.00  1
        2006042803   936427      10.03      91.16  1
        2006042806   764568      10.76      91.31  1
        2006042809   630524      11.41      91.44  1
        2006042812   474500      11.96      91.53  1
        2006042815   334899      12.46      91.62  1
        2006042900   311435      13.73      92.21  1
        2006042903   313179      14.10      92.44  1
LPT    36.0100
        2006050203   617924       0.21     290.90  1
        2006050206   850255       0.22     290.85  1
        2006050209  1131094       0.23     290.95  1
        2006050212  1318532       0.19     290.94  1
        2006050215  1533690       0.14     291.08  1
        2006050218  1827435       0.13     291.36  1
        2006050221  2045571       0.12     291.57  1
        2006050300  2219763       0.11     291.83  1
        2006050303  2496334       0.11     292.27  1
        2006050306  2693386       0.11     292.57  1
        2006050309  2881847       0.13     292.81  1
        2006050312  2982518       0.16     292.90  1
        2006050315  3077761       0.20     293.02  1
        2006050318  3194651       0.27     293.17  1
        2006050321  3181492       0.37     293.18  1
        2006050400  3197661       0.41     293.20  1
        2006050403  3251690       0.47     293.51  1
        2006050406  3270427       0.56     293.97  1
        2006050409  3264426       0.64     294.23  1
        2006050412  3196832       0.65     294.45  1
        2006050415  3219268       0.61     294.76  1
        2006050418  3220134       0.57     295.19  1
        2006050421  3175624       0.60     295.66  1
        2006050500  3064920       0.74     296.05  1
        2006050503  3174541       0.80     296.64  1
        2006050506  3145438       0.86     297.23  1
        2006050509  3076009       0.96     297.43  1
        2006050512  2888644       1.09     297.69  1
        2006050515  2792229       1.16     297.99  1
        2006050518  3014814       1.19     300.00  1
        2006050521  3011334       1.18     301.24  1
        2006050600  3116746       1.14     302.90  1
        2006050603  3432887       0.95     305.35  1
        2006050606  3571393       0.83     307.17  1
        2006050609  3659012       0.59     309.01  1
        2006050612  3528200       0.38     310.44  1
        2006050615  3569991       0.18     311.12  1
        2006050618  3729668       0.03     311.53  1
        2006050621  3806021      -0.10     312.01  1
        2006050700  3740487      -0.27     312.54  1
        2006050703  3677998      -0.41     313.10  1
        2006050706  3576184      -0.50     313.72  1
        2006050709  3208852      -0.67     315.29  1
        2006050712  2862259      -0.79     317.05  1
        2006050715  2808296      -0.82     317.34  1
        2006050718  2912652      -0.69     316.23  1
        2006050721  3184131      -0.32     314.48  1
        2006050800   680617       2.42     290.86  1
        2006050803   910570       2.18     290.47  1
        2006050806  1019407       1.93     289.97  1
        2006050809   956976       1.80     289.39  1
        2006050812  1008805       1.44     289.23  1
        2006050815  1090685       1.10     289.07  1
        2006050818  1208683       1.00     288.92  1
        2006050821  1344324       1.04     288.71  1
        2006050900  1406654       1.13     288.43  1
        2006050903  1508373       1.15     288.33  1
        2006050906  1647039       1.22     288.30  1
        2006050909  1695670       1.16     288.37  1
        2006050912  1738128       1.12     288.47  1
        2006050915  1744441       1.02     288.61  1
        2006050918  1774593       0.98     288.79  1
        2006050921  1725293       1.04     288.73  1
        2006051000  1694482       1.11     288.73  1
        2006051003  1732383       1.13     289.03  1
        2006051006  1790278       1.19     289.37  1
        2006051009  1737965       1.24     289.70  1
        2006051012  1647759       1.33     289.83  1
        2006051015  1512136       1.34     290.17  1
        2006051018  1376378       1.46     290.44  1
        2006051021  1017466       1.72     290.21  1
        2006051100   551883       2.27     288.17  1
LPT    37.0100
        2006051018   338778       9.03     133.83  1
        2006051021   395839       9.17     133.62  1
        2006051100   440649       9.32     133.22  1
        2006051103   465615       9.45     132.72  1
        2006051106   504316       9.55     132.08  1
        2006051109   495746       9.68     131.34  1
        2006051112   483398       9.79     130.69  1
        2006051115   521215       9.93     130.13  1
        2006051118   518699      10.07     129.58  1
        2006051121   524569      10.20     129.15  1
        2006051200   512928      10.34     128.59  1
        2006051203   555127      10.53     128.04  1
        2006051206   616240      10.71     127.37  1
        2006051209   724403      10.84     126.84  1
        2006051212   852998      10.93     126.40  1
        2006051215   984621      10.99     125.99  1
        2006051218  1071500      11.04     125.63  1
        2006051221  1179037      11.03     125.14  1
        2006051300  1241176      11.01     124.62  1
        2006051303  1299531      10.98     124.07  1
        2006051306  1375985      10.98     123.54  1
        2006051309  1472846      10.97     123.16  1
        2006051312  1578043      10.96     122.76  1
        2006051315  1622547      10.98     122.39  1
        2006051318  1760597      11.04     122.03  1
        2006051321  1859141      11.11     121.60  1
        2006051400  1983475      11.16     121.15  1
        2006051403  2092703      11.20     120.72  1
        2006051406  2197482      11.22     120.30  1
        2006051409  2319784      11.30     119.83  1
        2006051412  2422610      11.44     119.42  1
        2006051415  2541700      11.51     119.07  1
        2006051418  2580394      11.63     118.76  1
        2006051421  2672668      11.74     118.47  1
        2006051500  2751686      11.89     118.24  1
        2006051503  2806968      11.99     118.01  1
        2006051506  2882164      12.04     117.75  1
        2006051509  2893056      12.14     117.54  1
        2006051512  2899788      12.34     117.31  1
        2006051515  2891791      12.51     117.13  1
        2006051518  2909275      12.67     116.94  1
        2006051521  2923143      12.83     116.79  1
        2006051600  2976190      13.14     116.54  1
        2006051603  3000335      13.30     116.35  1
        2006051606  3032946      13.43     116.19  1
        2006051609  3032049      13.54     116.08  1
        2006051612  3025911      13.77     115.98  1
        2006051615  2986983      13.89     115.89  1
        2006051618  3016296      14.13     115.89  1
        2006051621  3024377      14.29     115.84  1
        2006051700  3017804      14.52     115.80  1
        2006051703  2961750      14.80     115.79  1
        2006051706  2927388      15.10     115.83  1
        2006051709  2905259      15.54     115.93  1
        2006051712  2823284      16.10     116.05  1
        2006051715  2704759      16.55     116.13  1
        2006051718  2586961      17.09     116.28  1
        2006051721  2485938      17.61     116.47  1
        2006051800  2343743      18.19     116.69  1
        2006051803  2142680      18.71     116.85  1
        2006051806  2013814      19.32     117.08  1
        2006051809  1822085      20.00     117.30  1
        2006051812  1667371      20.37     117.38  1
        2006051815  1416668      20.90     117.54  1
        2006051818  1245184      21.39     117.67  1
        2006051821  1034465      21.88     117.83  1
        2006051900   844501      22.33     117.97  1
        2006051903   529607      23.16     118.36  1
        2006051906   360246      23.60     118.53  1
LPT    38.0100
        2006051712   818267       7.03      92.37  1
        2006051715  1166814       7.18      92.26  1
        2006051718  1481503       7.27      92.15  1
        2006051721  1767767       7.53      92.11  1
        2006051800  2023798       7.81      92.08  1
        2006051803  2206615       8.04      92.20  1
        2006051806  2301947       8.32      92.36  1
        2006051809  2398790       8.33      92.51  1
        2006051812  2450891       8.43      92.65  1
        2006051815  2498104       8.56      92.73  1
        2006051818  2552936       8.58      92.80  1
        2006051821  2665901       8.67      92.79  1
        2006051900  2785510       8.69      92.71  1
        2006051903  2861473       8.72      92.58  1
        2006051906  2906563       8.71      92.42  1
        2006051909  3010250       8.78      92.40  1
        2006051912  3082065       8.83      92.43  1
        2006051915  3073862       8.90      92.51  1
        2006051918  3079856       9.00      92.67  1
        2006051921  3088424       9.15      93.05  1
        2006052000  3102748       9.36      93.27  1
        2006052003  3120455       9.60      93.56  1
        2006052006  3172992       9.95      93.79  1
        2006052009  3239743      10.20      94.12  1
        2006052012  3234427      10.36      94.43  1
        2006052015  3167187      10.50      94.73  1
        2006052018  3154912      10.60      95.03  1
        2006052021  3176299      10.72      95.43  1
        2006052100  3196031      10.78      95.76  1
        2006052103  3136486      10.83      96.18  1
        2006052106  3112860      10.85      96.44  1
        2006052109  3063721      10.84      96.50  1
        2006052112  3031397      10.81      96.63  1
        2006052115  3048783      10.72      96.61  1
        2006052118  3279846       9.97      97.39  1
        2006052121  3568563       9.28      98.06  1
        2006052200  3772214       8.61      98.79  1
        2006052203  3846982       8.16      99.26  1
        2006052206  3964187       7.89      99.64  1
        2006052209  4131064       7.50     100.05  1
        2006052212  4160205       7.12     100.43  1
        2006052215  4173765       6.77     100.77  1
        2006052218  4425130       6.66     100.70  1
        2006052221  4627755       6.60     100.85  1
        2006052300  4761448       6.47     100.98  1
        2006052303  4792072       6.43     101.12  1
        2006052306  4889578       6.40     101.18  1
        2006052309  4965679       6.41     101.32  1
        2006052312  4928273       6.29     101.42  1
        2006052315  4814689       6.16     101.67  1
        2006052318  4833447       5.98     102.08  1
        2006052321  2038998      -1.79     111.23  1
        2006052400  1960535      -1.90     112.08  1
        2006052403  1701131      -1.87     113.45  1
        2006052406  1575759      -1.65     114.87  1
        2006052409  1445721      -1.22     116.25  1
        2006052412  1361032      -0.78     117.67  1
        2006052415  1388030      -0.39     118.93  1
        2006052418  1449693      -0.04     119.87  1
        2006052421  1477308       0.42     120.89  1
        2006052500  1457826       0.83     121.70  1
        2006052503  1450694       1.10     122.30  1
        2006052506  1489059       1.29     122.68  1
        2006052509  1484309       1.45     122.78  1
        2006052512  1461036       1.64     122.99  1
        2006052515  1423172       1.75     123.12  1
        2006052518  1369130       1.89     123.29  1
        2006052521  1262658       2.13     123.45  1
        2006052600  1140800       2.31     123.74  1
        2006052603  1020516       2.45     124.12  1
        2006052606   957326       2.48     124.65  1
        2006052609   963560       2.48     125.52  1
        2006052612   951270       2.49     126.32  1
        2006052615   962904       2.44     127.20  1
        2006052618   891226       2.41     127.83  1
        2006052621   752417       2.41     128.65  1
        2006052700   638233       2.43     129.57  1
        2006052703   537890       2.55     130.40  1
        2006052706   442973       2.62     131.03  1
LPT    38.0200
        2006051712   818267       7.03      92.37  1
        2006051715  1166814       7.18      92.26  1
        2006051718  1481503       7.27      92.15  1
        2006051721  1767767       7.53      92.11  1
        2006051800  2023798       7.81      92.08  1
        2006051803  2206615       8.04      92.20  1
        2006051806  2301947       8.32      92.36  1
        2006051809  2398790       8.33      92.51  1
        2006051812  2450891       8.43      92.65  1
        2006051815  2498104       8.56      92.73  1
        2006051818  2552936       8.58      92.80  1
        2006051821  2665901       8.67      92.79  1
        2006051900  2785510       8.69      92.71  1
        2006051903  2861473       8.72      92.58  1
        2006051906  2906563       8.71      92.42  1
        2006051909  3010250       8.78      92.40  1
        2006051912  3082065       8.83      92.43  1
        2006051915  3073862       8.90      92.51  1
        2006051918  3079856       9.00      92.67  1
        2006051921  3088424       9.15      93.05  1
        2006052000  3102748       9.36      93.27  1
        2006052003  3120455       9.60      93.56  1
        2006052006  3172992       9.95      93.79  1
        2006052009  3239743      10.20      94.12  1
        2006052012  3234427      10.36      94.43  1
        2006052015  3167187      10.50      94.73  1
        2006052018  3154912      10.60      95.03  1
        2006052021  3176299      10.72      95.43  1
        2006052100  3196031      10.78      95.76  1
        2006052103  3136486      10.83      96.18  1
        2006052106  3112860      10.85      96.44  1
        2006052109  3063721      10.84      96.50  1
        2006052112  3031397      10.81      96.63  1
        2006052115  3048783      10.72      96.61  1
        2006052118  3279846       9.97      97.39  1
        2006052121  3568563       9.28      98.06  1
        2006052200  3772214       8.61      98.79  1
        2006052203  3846982       8.16      99.26  1
        2006052206  3964187       7.89      99.64  1
        2006052209  4131064       7.50     100.05  1
        2006052212  4160205       7.12     100.43  1
        2006052215  4173765       6.77     100.77  1
        2006052218  4425130       6.66     100.70  1
        2006052221  4627755       6.60     100.85  1
        2006052300  4761448       6.47     100.98  1
        2006052303  4792072       6.43     101.12  1
        2006052306  4889578       6.40     101.18  1
        2006052309  4965679       6.41     101.32  1
        2006052312  4928273       6.29     101.42  1
        2006052315  4814689       6.16     101.67  1
        2006052318  4833447       5.98     102.08  1
        2006052321  2558652      12.14      95.35  1
        2006052400  2461216      12.35      95.15  1
        2006052403  2435326      12.54      94.99  1
        2006052406  2496557      12.73      94.83  1
        2006052409  2560996      12.95      94.67  1
        2006052412  2554723      13.12      94.53  1
        2006052415  2526486      13.31      94.46  1
        2006052418  2595133      13.73      94.53  1
        2006052421  2642878      14.06      94.49  1
        2006052500  2598617      14.35      94.26  1
        2006052503  2592330      14.64      94.04  1
        2006052506  2628797      14.89      93.84  1
        2006052509  2626262      15.17      93.61  1
        2006052512  2611507      15.39      93.38  1
        2006052515  2587740      15.50      93.15  1
        2006052518  2602440      15.62      93.04  1
        2006052521  2440138      16.00      92.96  1
        2006052600  2364296      16.15      92.66  1
        2006052603  2331369      16.36      92.44  1
        2006052606  2335687      16.61      92.31  1
        2006052609  2278915      16.79      92.25  1
        2006052612  2107636      17.15      92.25  1
        2006052615  1914647      17.61      92.30  1
        2006052618  1816710      17.94      92.26  1
        2006052621  1746459      18.15      92.12  1
        2006052700  1665598      18.25      91.92  1
        2006052703  1563551      18.46      91.81  1
        2006052706  1428085      18.93      92.05  1
        2006052709  1224953      19.60      92.41  1
        2006052712   965920      20.28      92.72  1
        2006052715   775118      20.68      92.86  1
        2006052718   710943      20.97      92.95  1
        2006052721   393282      21.71      93.11  1
        2006052800   311763      22.24      93.12  1
        2006052803   309536      22.60      93.15  1
        2006052806   402879      22.86      93.15  1
        2006052809   496144      23.04      93.19  1
        2006052812   498052      23.29      93.32  1
        2006052815   438807      23.41      93.40  1
        2006052818   440926      23.41      93.58  1
        2006052821   428325      23.36      93.79  1
        2006052900   412849      23.33      93.79  1
        2006052903   399164      23.40      93.87  1
        2006052906   432442      23.41      93.97  1
        2006052909   468804      23.35      94.06  1
        2006052912   447452      23.37      94.22  1
        2006052915   472530      23.29      94.52  1
        2006052918   499189      23.18      94.69  1
        2006052921   550767      23.07      94.79  1
        2006053000   730891      22.99      94.82  1
        2006053003   834126      22.95      94.79  1
        2006053006   945194      22.82      94.94  1
        2006053009   980673      22.73      95.00  1
        2006053012   983847      22.68      95.00  1
        2006053015  1006379      22.61      95.07  1
        2006053018  1205812      22.69      94.69  1
        2006053021  1217301      22.67      94.67  1
        2006053100  1241238      22.62      94.76  1
        2006053103  1205167      22.51      94.86  1
        2006053106  1238588      22.36      95.04  1
        2006053109  1209688      22.15      95.21  1
        2006053112  1145792      22.02      95.31  1
        2006053115  1106633      21.90      95.41  1
        2006053118  1086152      21.86      95.26  1
        2006053121  1059920      21.82      95.04  1
        2006060100  1060305      21.86      94.71  1
        2006060103  1052880      21.69      94.63  1
        2006060106  1127865      21.44      94.68  1
        2006060109  1142693      21.19      94.68  1
        2006060112  1076606      21.08      94.59  1
        2006060115  1009515      21.01      94.39  1
        2006060118   919226      20.94      94.15  1
        2006060121   874628      20.80      93.98  1
        2006060200   898989      20.58      93.78  1
        2006060203   806772      20.12      93.75  1
        2006060206   772919      19.64      93.83  1
        2006060209   830352      19.35      93.77  1
        2006060212   885366      19.13      93.59  1
        2006060215   931577      18.82      93.42  1
        2006060218   968507      18.61      93.17  1
        2006060221   881625      17.89      93.28  1
        2006060300   971350      17.72      93.15  1
        2006060303  1032869      17.62      92.93  1
        2006060306  1116238      17.57      92.77  1
        2006060309  1227337      17.55      92.53  1
        2006060312  1282479      17.55      92.34  1
        2006060315  1312368      17.58      92.18  1
        2006060318  1335173      17.58      92.09  1
        2006060321  1355055      17.57      92.05  1
        2006060400  1429513      17.54      91.91  1
        2006060403  1450801      17.46      91.78  1
        2006060406  1509489      17.48      91.60  1
        2006060409  1547991      17.44      91.36  1
        2006060412  1530501      17.51      91.15  1
        2006060415  1541927      17.46      91.06  1
        2006060418  1562840      17.42      91.06  1
        2006060421  1632905      17.48      91.01  1
        2006060500  1750977      17.50      90.91  1
        2006060503  1755038      17.46      90.79  1
        2006060506  1797819      17.44      90.60  1
        2006060509  1817526      17.53      90.43  1
        2006060512  1763855      17.61      90.19  1
        2006060515  1686869      17.67      90.04  1
        2006060518  1653534      17.78      89.97  1
        2006060521  1641629      17.96      89.91  1
        2006060600  1610903      17.96      89.80  1
        2006060603  1557253      17.98      89.73  1
        2006060606  1522485      18.11      89.65  1
        2006060609  1486549      18.20      89.59  1
        2006060612  1341951      18.34      89.43  1
        2006060615  1214776      18.43      89.37  1
        2006060618  1098211      18.47      89.29  1
        2006060621  1041723      18.50      89.29  1
        2006060700   970740      18.50      89.20  1
        2006060703   821235      18.56      89.23  1
        2006060706   697153      18.67      89.23  1
        2006060709   560508      18.87      89.22  1
        2006060712   381920      19.02      89.17  1
LPT    39.0100
        2006060106   357631       8.49     257.52  1
        2006060109   667581       8.60     257.44  1
        2006060112   926778       8.76     257.46  1
        2006060115  1138498       8.88     257.41  1
        2006060118  1342441       8.99     257.40  1
        2006060121  1510479       9.08     257.43  1
        2006060200  1622024       9.17     257.54  1
        2006060203  1729830       9.22     257.58  1
        2006060206  1785267       9.25     257.66  1
        2006060209  1865703       9.29     257.85  1
        2006060212  1915732       9.32     258.03  1
        2006060215  1936410       9.42     258.31  1
        2006060218  1958329       9.56     258.64  1
        2006060221  2044178       9.81     258.72  1
        2006060300  2095147      10.03     258.89  1
        2006060303  2057997      10.14     258.92  1
        2006060306  2031681      10.23     258.86  1
        2006060309  1996284      10.31     258.70  1
        2006060312  1984499      10.60     258.46  1
        2006060315  1909694      10.92     258.10  1
        2006060318  1825460      11.30     257.95  1
        2006060321  1774567      11.57     257.71  1
        2006060400  1731760      11.77     257.49  1
        2006060403  1623156      11.89     257.34  1
        2006060406  1533670      11.97     257.20  1
        2006060409  1458358      12.09     257.17  1
        2006060412  1374097      12.20     257.37  1
        2006060415  1283282      12.27     257.47  1
        2006060418  1238439      12.35     257.70  1
        2006060421  1173753      12.50     257.94  1
        2006060500  1113109      12.59     258.14  1
        2006060503   990537      12.74     258.48  1
        2006060506   858899      12.93     259.02  1
        2006060509   790685      13.09     259.56  1
        2006060512   762881      13.09     260.10  1
        2006060515   721742      13.01     260.66  1
        2006060518   826564      12.47     262.24  1
        2006060521  1004238      11.71     264.48  1
        2006060600  1278523      11.03     266.32  1
        2006060603  1536592      10.61     267.62  1
        2006060606  1908990      10.21     268.88  1
        2006060609  2455460       9.37     271.29  1
        2006060612  2691754       9.18     271.87  1
        2006060615  2803694       9.04     272.26  1
        2006060618  2913885       8.94     272.57  1
        2006060621  3026975       8.76     272.93  1
        2006060700  3019543       8.73     272.82  1
        2006060703  3051680       8.69     272.88  1
        2006060706  3165617       8.60     273.06  1
        2006060709  3260167       8.74     272.84  1
        2006060712  3283832       8.90     272.55  1
        2006060715  3292434       9.04     272.34  1
        2006060718  3408500       9.03     272.47  1
        2006060721  3369619       9.10     272.37  1
        2006060800  3269004       9.29     272.02  1
        2006060803  3321210       9.15     272.40  1
        2006060806  3461117       9.00     272.75  1
        2006060809  3532069       8.84     273.04  1
        2006060812  3615553       8.76     273.10  1
        2006060815  3515640       8.78     273.09  1
        2006060818  3481033       8.87     273.01  1
        2006060821   884850       2.65     287.01  1
        2006060900   714468       2.65     287.38  1
        2006060903   682153       2.54     288.01  1
        2006060906   659749       2.64     288.72  1
        2006060909   684436       2.62     289.41  1
        2006060912   623458       2.70     290.06  1
        2006060915   611866       2.73     290.54  1
        2006060918   685894       2.76     290.95  1
        2006060921   751420       2.82     291.25  1
        2006061000   748295       2.91     291.61  1
        2006061003   790673       2.99     291.92  1
        2006061006   873119       3.11     292.47  1
        2006061009   969456       3.20     293.46  1
        2006061012  1007226       3.26     294.80  1
        2006061015  1081979       3.28     296.15  1
        2006061018  1346343       3.26     297.09  1
        2006061021  1435730       3.24     297.79  1
        2006061100  1462710       3.23     298.44  1
        2006061103  1470430       3.23     298.94  1
        2006061106  1558434       3.15     299.70  1
        2006061109  1519287       3.06     300.41  1
        2006061112  1412256       2.98     301.41  1
        2006061115  1349121       2.92     302.23  1
        2006061118  1430869       2.90     302.75  1
        2006061121  1455546       2.90     303.18  1
        2006061200  1391511       2.91     303.90  1
        2006061203  1296729       2.88     304.43  1
        2006061206  1233510       2.87     305.10  1
        2006061209  1099383       2.83     305.77  1
        2006061212   938203       2.83     306.25  1
        2006061215   855684       2.82     306.70  1
        2006061218   817886       2.83     306.80  1
        2006061221   694479       2.82     307.02  1
        2006061300   442982       2.77     307.56  1
LPT    39.0200
        2006060106   357631       8.49     257.52  1
        2006060109   667581       8.60     257.44  1
        2006060112   926778       8.76     257.46  1
        2006060115  1138498       8.88     257.41  1
        2006060118  1342441       8.99     257.40  1
        2006060121  1510479       9.08     257.43  1
        2006060200  1622024       9.17     257.54  1
        2006060203  1729830       9.22     257.58  1
        2006060206  1785267       9.25     257.66  1
        2006060209  1865703       9.29     257.85  1
        2006060212  1915732       9.32     258.03  1
        2006060215  1936410       9.42     258.31  1
        2006060218  1958329       9.56     258.64  1
        2006060221  2044178       9.81     258.72  1
        2006060300  2095147      10.03     258.89  1
        2006060303  2057997      10.14     258.92  1
        2006060306  2031681      10.23     258.86  1
        2006060309  1996284      10.31     258.70  1
        2006060312  1984499      10.60     258.46  1
        2006060315  1909694      10.92     258.10  1
        2006060318  1825460      11.30     257.95  1
        2006060321  1774567      11.57     257.71  1
        2006060400  1731760      11.77     257.49  1
        2006060403  1623156      11.89     257.34  1
        2006060406  1533670      11.97     257.20  1
        2006060409  1458358      12.09     257.17  1
        2006060412  1374097      12.20     257.37  1
        2006060415  1283282      12.27     257.47  1
        2006060418  1238439      12.35     257.70  1
        2006060421  1173753      12.50     257.94  1
        2006060500  1113109      12.59     258.14  1
        2006060503   990537      12.74     258.48  1
        2006060506   858899      12.93     259.02  1
        2006060509   790685      13.09     259.56  1
        2006060512   762881      13.09     260.10  1
        2006060515   721742      13.01     260.66  1
        2006060518   826564      12.47     262.24  1
        2006060521  1004238      11.71     264.48  1
        2006060600  1278523      11.03     266.32  1
        2006060603  1536592      10.61     267.62  1
        2006060606  1908990      10.21     268.88  1
        2006060609  2455460       9.37     271.29  1
        2006060612  2691754       9.18     271.87  1
        2006060615  2803694       9.04     272.26  1
        2006060618  2913885       8.94     272.57  1
        2006060621  3026975       8.76     272.93  1
        2006060700  3019543       8.73     272.82  1
        2006060703  3051680       8.69     272.88  1
        2006060706  3165617       8.60     273.06  1
        2006060709  3260167       8.74     272.84  1
        2006060712  3283832       8.90     272.55  1
        2006060715  3292434       9.04     272.34  1
        2006060718  3408500       9.03     272.47  1
        2006060721  3369619       9.10     272.37  1
        2006060800  3269004       9.29     272.02  1
        2006060803  3321210       9.15     272.40  1
        2006060806  3461117       9.00     272.75  1
        2006060809  3532069       8.84     273.04  1
        2006060812  3615553       8.76     273.10  1
        2006060815  3515640       8.78     273.09  1
        2006060818  3481033       8.87     273.01  1
        2006060821  2406443      11.45     267.83  1
        2006060900  2287725      11.76     267.60  1
        2006060903  2129836      12.07     267.67  1
        2006060906  2965560      15.52     272.85  1
        2006060909  2994400      15.65     273.05  1
        2006060912  2894644      15.42     272.55  1
        2006060915  2821388      15.41     272.39  1
        2006060918  2765457      15.57     272.66  1
        2006060921  2682719      15.68     272.77  1
        2006061000  2599359      15.84     272.93  1
        2006061003  2501834      16.01     273.10  1
        2006061006  2466214      16.08     273.34  1
        2006061009  2361360      16.19     273.50  1
        2006061012  2336288      16.42     273.89  1
        2006061015  2269578      16.74     274.40  1
        2006061018  2143266      17.00     274.87  1
        2006061021  2075850      17.22     275.30  1
        2006061100  2036969      17.40     275.55  1
        2006061103  1971523      17.60     275.83  1
        2006061106  1932292      17.76     275.98  1
        2006061109  1886385      18.01     276.19  1
        2006061112  1835427      18.11     276.22  1
        2006061115  1773855      18.27     276.21  1
        2006061118  1736499      18.42     276.19  1
        2006061121  1646291      18.53     276.10  1
        2006061200  1527028      18.63     276.02  1
        2006061203  1398868      18.76     276.02  1
        2006061206  1308973      19.06     276.12  1
        2006061209  1199813      19.44     276.23  1
        2006061212  1081409      20.06     276.25  1
        2006061215  1002119      20.67     276.25  1
        2006061218   958520      21.28     276.26  1
        2006061221   941131      21.96     276.21  1
        2006061300   891470      22.57     276.18  1
        2006061303   834097      23.22     276.24  1
        2006061306   805589      23.83     276.30  1
        2006061309   794840      24.42     276.36  1
        2006061312   821233      24.89     276.44  1
        2006061315   751205      25.47     276.51  1
        2006061318   685797      25.95     276.56  1
        2006061321   671629      26.25     276.63  1
        2006061400   613797      26.71     276.76  1
        2006061403   557376      27.25     276.95  1
        2006061406   517357      27.74     277.18  1
        2006061409   481018      28.23     277.49  1
        2006061412   466479      28.90     277.96  1
        2006061415   442951      29.65     278.53  1
        2006061418   432284      30.55     279.32  1
        2006061421   456516      31.59     280.35  1
        2006061500   458464      32.51     281.42  1
        2006061503   432805      33.50     282.77  1
        2006061506   430147      34.15     283.81  1
        2006061509   486822      35.05     285.22  1
        2006061512   556827      35.97     286.70  1
        2006061515   558313      36.55     287.64  1
        2006061518   564665      36.95     288.32  1
        2006061521   516417      37.33     289.02  1
        2006061600   462437      37.72     289.69  1
        2006061603   397123      37.95     290.16  1
        2006061606   293257      38.19     290.60  1
LPT    40.0100
        2006061200   314766      -2.81     151.99  1
        2006061203   751181      -2.51     152.06  1
        2006061206  1180321      -2.39     151.89  1
        2006061209  1463418      -2.56     151.86  1
        2006061212  1751719      -2.72     151.73  1
        2006061215  2037396      -2.91     151.70  1
        2006061218  2288261      -3.09     151.66  1
        2006061221  2302538      -3.16     151.68  1
        2006061300  2330055      -3.25     151.57  1
        2006061303  2253629      -3.35     151.81  1
        2006061306  2180672      -3.39     151.88  1
        2006061309  2087245      -3.30     152.12  1
        2006061312  2086223      -3.16     152.17  1
        2006061315  2088049      -3.12     152.47  1
        2006061318  2243181      -3.33     152.70  1
        2006061321  2269499      -3.36     152.94  1
        2006061400  2363333      -3.69     153.20  1
        2006061403  2401786      -4.00     153.58  1
        2006061406  2332357      -4.40     153.69  1
        2006061409  2270613      -4.80     153.55  1
        2006061412  2221405      -5.09     153.30  1
        2006061415  2112344      -5.40     153.01  1
        2006061418  4130073      -3.22     142.64  1
        2006061421  4077835      -3.22     141.50  1
        2006061500  3881024      -3.26     140.62  1
        2006061503  2271607      -0.76     132.09  1
        2006061506  2421353      -0.90     131.97  1
        2006061509  2471852      -0.97     131.81  1
        2006061512  2468568      -1.09     131.68  1
        2006061515  2417667      -1.21     131.62  1
        2006061518  2472826      -1.31     131.60  1
        2006061521  2371930      -1.37     131.41  1
        2006061600  2256480      -1.45     131.42  1
        2006061603  2176439      -1.51     131.53  1
        2006061606  2141905      -1.52     131.75  1
        2006061609  2135871      -1.52     132.12  1
        2006061612  2162840      -1.51     132.42  1
        2006061615  2386842      -1.31     132.69  1
        2006061618  2593153      -1.05     132.88  1
        2006061621  2744774      -0.92     132.77  1
        2006061700  2702766      -0.96     132.64  1
        2006061703  2792266      -1.14     132.63  1
        2006061706  2908679      -1.30     132.79  1
        2006061709  3037331      -1.48     132.95  1
        2006061712  3059085      -1.70     133.26  1
        2006061715  3651233      -2.23     135.79  1
        2006061718  4133741      -2.23     137.15  1
        2006061721  4175694      -1.92     137.85  1
        2006061800  4196057      -1.91     139.32  1
        2006061803  4412226      -1.82     140.84  1
        2006061806  4308213      -1.80     142.92  1
        2006061809  4169927      -1.82     144.26  1
        2006061812  4163626      -1.93     144.95  1
        2006061815  4336103      -1.89     145.10  1
        2006061818  4391579      -2.08     145.34  1
        2006061821  4298468      -2.11     145.65  1
        2006061900  4278935      -2.18     146.02  1
        2006061903  4226803      -2.21     146.29  1
        2006061906  4192192      -2.28     146.63  1
        2006061909  4097375      -2.34     146.92  1
        2006061912  4035232      -2.47     147.46  1
        2006061915  4113156      -2.44     147.84  1
        2006061918  4108865      -2.49     148.29  1
        2006061921  4000122      -2.44     148.79  1
        2006062000  3916450      -2.50     149.35  1
        2006062003  3880073      -2.38     149.71  1
        2006062006  3851198      -2.31     150.09  1
        2006062009  3835872      -2.33     150.44  1
        2006062012  3901221      -2.33     150.82  1
        2006062015  3990440      -2.25     150.98  1
        2006062018  3871636      -2.17     151.07  1
        2006062021  3796257      -2.14     151.27  1
        2006062100  3771024      -2.25     151.63  1
        2006062103  3508835      -2.09     151.72  1
        2006062106  3130849      -2.01     152.07  1
        2006062109  2697827      -1.68     152.45  1
        2006062112  2284231      -1.41     153.01  1
        2006062115  1921225      -0.58     153.39  1
        2006062118  1265683       0.38     154.93  1
        2006062121   815583       0.93     156.90  1
        2006062200   566893       1.29     157.78  1
        2006062203   415504       1.56     158.42  1
LPT    41.0100
        2006061418   608978      -2.34      72.74  1
        2006061421   845779      -2.40      72.63  1
        2006061500  1205837      -2.49      72.53  1
        2006061503  1428637      -2.46      72.55  1
        2006061506  1648324      -2.42      72.51  1
        2006061509  1817867      -2.40      72.72  1
        2006061512  2009726      -2.38      72.96  1
        2006061515  2154590      -2.30      73.11  1
        2006061518  2277096      -2.26      73.36  1
        2006061521  2384928      -2.19      73.55  1
        2006061600  2340275      -2.03      73.42  1
        2006061603  2284054      -1.89      73.36  1
        2006061606  2314915      -1.77      73.43  1
        2006061609  2311160      -1.59      73.45  1
        2006061612  2339747      -1.46      73.63  1
        2006061615  2327591      -1.35      73.81  1
        2006061618  2360875      -1.21      74.05  1
        2006061621  2478945      -1.05      74.38  1
        2006061700  2603184      -0.84      74.80  1
        2006061703  2665769      -0.79      75.33  1
        2006061706  2745308      -0.69      75.85  1
        2006061709  2862647      -0.63      76.57  1
        2006061712  2930596      -0.58      77.27  1
        2006061715  2893048      -0.54      77.93  1
        2006061718  2991089      -0.55      79.05  1
        2006061721  3039741      -0.42      79.80  1
        2006061800  3269249      -0.42      80.81  1
        2006061803  3323217      -0.32      82.04  1
        2006061806  3486377      -0.17      82.83  1
        2006061809  3520278      -0.06      83.73  1
        2006061812  3611809       0.11      84.36  1
        2006061815  3522404       0.15      85.24  1
        2006061818  3642115       0.24      86.27  1
        2006061821  3817074       0.48      87.26  1
        2006061900  4075362       0.96      88.55  1
        2006061903  4439170       1.63      89.80  1
        2006061906  4979324       2.37      90.41  1
        2006061909  5244130       2.82      90.85  1
        2006061912  5466613       3.08      90.85  1
        2006061915  5608521       3.36      90.99  1
        2006061918  5879059       3.66      91.03  1
        2006061921  6154768       3.91      91.10  1
        2006062000  6399526       4.21      91.10  1
        2006062003  6421979       4.39      91.30  1
        2006062006  6711678       4.69      91.43  1
        2006062009  6971231       5.01      91.18  1
        2006062012  7175514       5.31      90.84  1
        2006062015  7283236       5.47      90.45  1
        2006062018  7461697       5.71      89.99  1
        2006062021  7684409       6.00      89.38  1
        2006062100  8638079       5.62      86.83  1
        2006062103  8998884       5.73      85.87  1
        2006062106  9378657       5.78      85.33  1
        2006062109  9592878       5.94      85.00  1
        2006062112  9869340       5.90      84.60  1
        2006062115  9967187       5.75      84.41  1
        2006062118 10210048       5.66      84.36  1
        2006062121 10311729       5.63      84.39  1
        2006062200 10378100       5.63      84.38  1
        2006062203 10294189       5.65      84.41  1
        2006062206 10219653       5.74      84.49  1
        2006062209 10111728       5.78      84.64  1
        2006062212  9875202       5.56      84.61  1
        2006062215  9575079       5.28      84.58  1
        2006062218  9488152       4.95      84.80  1
        2006062221  9308666       4.84      84.82  1
        2006062300  9023029       4.66      84.70  1
        2006062303  8589250       4.36      84.45  1
        2006062306  8509930       4.22      84.65  1
        2006062309  8220705       4.10      84.62  1
        2006062312  4657445       0.26      93.11  1
        2006062315  4456656      -0.19      93.31  1
        2006062318  4491069      -0.30      93.54  1
        2006062321  4556887      -0.26      93.74  1
        2006062400  4493232      -0.43      93.82  1
        2006062403  4448199      -0.60      93.94  1
        2006062406  4632758      -0.51      94.42  1
        2006062409  4712927      -0.43      94.87  1
        2006062412  4801548      -0.42      95.33  1
        2006062415  4871269      -0.38      95.69  1
        2006062418  4947609      -0.40      96.09  1
        2006062421  4987065      -0.37      96.44  1
        2006062500  5048150      -0.30      96.87  1
        2006062503  5031575      -0.20      97.26  1
        2006062506  5057546       0.02      97.57  1
        2006062509  5114215       0.37      97.92  1
        2006062512  5024952       0.63      98.31  1
        2006062515  4926232       1.05      98.79  1
        2006062518  4837184       1.76      99.55  1
        2006062521  4506296       2.95     100.84  1
        2006062600  4405869       4.10     101.80  1
        2006062603  3999382       6.09     103.92  1
        2006062606  4631444       6.63     105.23  1
        2006062609  5597268       6.92     108.01  1
        2006062612  5857560       7.00     108.81  1
        2006062615  6232466       7.00     110.04  1
        2006062618 13210994       3.26     131.26  1
        2006062621 13685819       3.35     131.49  1
        2006062700 13977041       3.37     131.88  1
        2006062703 14349214       3.40     132.37  1
        2006062706 14767786       3.52     132.63  1
        2006062709 14849587       3.49     133.31  1
        2006062712 15113982       3.42     134.72  1
        2006062715 15421032       3.40     135.69  1
        2006062718 15614763       3.29     137.02  2
        2006062721 15908472       3.32     137.38  2
        2006062800 16260366       3.43     137.16  2
        2006062803 16526539       3.52     136.71  2
        2006062806 16767155       3.65     136.43  2
        2006062809 16899598       3.79     135.93  2
        2006062812 17041310       3.86     135.96  2
        2006062815 17044080       3.94     135.91  2
        2006062818 17241114       4.11     135.54  2
        2006062821 16967534       4.34     135.21  2
        2006062900 16862406       4.53     134.82  2
        2006062903 16579171       4.63     134.96  2
        2006062906 16248272       4.67     135.27  2
        2006062909 16027316       4.83     135.10  2
        2006062912 15793207       4.86     135.31  2
        2006062915 15608722       4.83     135.55  2
        2006062918 15513454       5.00     134.89  2
        2006062921 15149178       5.11     134.10  2
        2006063000 13182283       5.40     127.73  2
        2006063003 13005220       5.54     127.38  2
        2006063006 12920636       5.63     127.26  2
        2006063009 12795310       5.75     127.12  2
        2006063012 12800245       5.88     127.06  2
        2006063015 12722362       5.93     127.24  2
        2006063018 12958906       6.15     127.01  2
        2006063021 13285993       6.51     126.23  1
LPT    41.0200
        2006061418   608978      -2.34      72.74  1
        2006061421   845779      -2.40      72.63  1
        2006061500  1205837      -2.49      72.53  1
        2006061503  1428637      -2.46      72.55  1
        2006061506  1648324      -2.42      72.51  1
        2006061509  1817867      -2.40      72.72  1
        2006061512  2009726      -2.38      72.96  1
        2006061515  2154590      -2.30      73.11  1
        2006061518  2277096      -2.26      73.36  1
        2006061521  2384928      -2.19      73.55  1
        2006061600  2340275      -2.03      73.42  1
        2006061603  2284054      -1.89      73.36  1
        2006061606  2314915      -1.77      73.43  1
        2006061609  2311160      -1.59      73.45  1
        2006061612  2339747      -1.46      73.63  1
        2006061615  2327591      -1.35      73.81  1
        2006061618  2360875      -1.21      74.05  1
        2006061621  2478945      -1.05      74.38  1
        2006061700  2603184      -0.84      74.80  1
        2006061703  2665769      -0.79      75.33  1
        2006061706  2745308      -0.69      75.85  1
        2006061709  2862647      -0.63      76.57  1
        2006061712  2930596      -0.58      77.27  1
        2006061715  2893048      -0.54      77.93  1
        2006061718  2991089      -0.55      79.05  1
        2006061721  3039741      -0.42      79.80  1
        2006061800  3269249      -0.42      80.81  1
        2006061803  3323217      -0.32      82.04  1
        2006061806  3486377      -0.17      82.83  1
        2006061809  3520278      -0.06      83.73  1
        2006061812  3611809       0.11      84.36  1
        2006061815  3522404       0.15      85.24  1
        2006061818  3642115       0.24      86.27  1
        2006061821  3817074       0.48      87.26  1
        2006061900  4075362       0.96      88.55  1
        2006061903  4439170       1.63      89.80  1
        2006061906  4979324       2.37      90.41  1
        2006061909  5244130       2.82      90.85  1
        2006061912  5466613       3.08      90.85  1
        2006061915  5608521       3.36      90.99  1
        2006061918  5879059       3.66      91.03  1
        2006061921  6154768       3.91      91.10  1
        2006062000  6399526       4.21      91.10  1
        2006062003  6421979       4.39      91.30  1
        2006062006  6711678       4.69      91.43  1
        2006062009  6971231       5.01      91.18  1
        2006062012  7175514       5.31      90.84  1
        2006062015  7283236       5.47      90.45  1
        2006062018  7461697       5.71      89.99  1
        2006062021  7684409       6.00      89.38  1
        2006062100  8638079       5.62      86.83  1
        2006062103  8998884       5.73      85.87  1
        2006062106  9378657       5.78      85.33  1
        2006062109  9592878       5.94      85.00  1
        2006062112  9869340       5.90      84.60  1
        2006062115  9967187       5.75      84.41  1
        2006062118 10210048       5.66      84.36  1
        2006062121 10311729       5.63      84.39  1
        2006062200 10378100       5.63      84.38  1
        2006062203 10294189       5.65      84.41  1
        2006062206 10219653       5.74      84.49  1
        2006062209 10111728       5.78      84.64  1
        2006062212  9875202       5.56      84.61  1
        2006062215  9575079       5.28      84.58  1
        2006062218  9488152       4.95      84.80  1
        2006062221  9308666       4.84      84.82  1
        2006062300  9023029       4.66      84.70  1
        2006062303  8589250       4.36      84.45  1
        2006062306  8509930       4.22      84.65  1
        2006062309  8220705       4.10      84.62  1
        2006062312  3045387       9.31      71.49  1
        2006062315  2865399       9.52      71.24  1
        2006062318  2738397       9.83      71.18  1
        2006062321  2665930      10.08      71.14  1
        2006062400  2587053      10.37      71.06  1
        2006062403  2495905      10.70      70.92  1
        2006062406  2452075      11.15      70.74  1
        2006062409  2451517      11.58      70.56  1
        2006062412  2424990      11.95      70.36  1
        2006062415  2343571      12.23      70.22  1
        2006062418  2306988      12.63      70.23  1
        2006062421  2269872      12.92      70.21  1
        2006062500  2248658      13.27      70.22  1
        2006062503  2271857      13.59      70.34  1
        2006062506  2312566      13.94      70.37  1
        2006062509  2335552      14.26      70.38  1
        2006062512  2315558      14.54      70.28  1
        2006062515  2226270      14.75      70.19  1
        2006062518  2144256      15.00      70.16  1
        2006062521  2116639      15.16      70.09  1
        2006062600  2064454      15.33      70.01  1
        2006062603  2093929      15.58      69.90  1
        2006062606  2052034      15.76      69.88  1
        2006062609  2037111      15.99      69.88  1
        2006062612  2019949      16.22      69.86  1
        2006062615  1921159      16.33      69.72  1
        2006062618  1867261      16.40      69.59  1
        2006062621  1815403      16.41      69.43  1
        2006062700  1763280      16.54      69.31  1
        2006062703  1700686      16.60      69.18  1
        2006062706  1630714      16.75      69.14  1
        2006062709  1519239      16.86      69.13  1
        2006062712  1428001      17.02      69.18  1
        2006062715  1308387      17.15      69.24  1
        2006062718  1209880      17.23      69.22  1
        2006062721  1070193      17.19      69.07  1
        2006062800   956297      17.27      69.02  1
        2006062803   782650      17.39      68.89  1
        2006062806   539488      17.66      68.62  1
LPT    41.0300
        2006062215   448159       4.52     136.57  1
        2006062218   610357       4.73     136.58  1
        2006062221   662295       5.09     136.65  1
        2006062300   784141       5.37     136.70  1
        2006062303   872893       5.61     136.80  1
        2006062306   963391       5.66     136.75  1
        2006062309  1177967       5.83     136.73  1
        2006062312  1274564       5.85     136.68  1
        2006062315  1443378       5.81     136.63  1
        2006062318  1551655       5.74     136.51  1
        2006062321  1634008       5.63     136.63  1
        2006062400  1701078       5.50     136.73  1
        2006062403  1741930       5.43     136.86  1
        2006062406  1811835       5.39     137.16  1
        2006062409  1967227       5.23     137.60  1
        2006062412  2114941       5.07     138.27  1
        2006062415  2245993       5.04     138.71  1
        2006062418  2244264       5.05     139.27  1
        2006062421  2831272       2.84     141.82  1
        2006062500  3158580       1.97     143.07  1
        2006062503  3408573       1.26     144.32  1
        2006062506  3775911       0.59     145.99  1
        2006062509  4286951       0.12     147.90  1
        2006062512  4838219      -0.21     149.51  1
        2006062515  5177310      -0.25     150.22  1
        2006062518  5427044      -0.60     151.20  1
        2006062521  5542874      -0.81     151.81  1
        2006062600  5651060      -0.83     151.96  1
        2006062603  5695782      -0.86     152.18  1
        2006062606  5858958      -0.87     152.16  1
        2006062609  6025504      -0.79     151.97  1
        2006062612  6101494      -0.81     152.15  1
        2006062615  6314420      -0.71     152.14  1
        2006062618 13210994       3.26     131.26  1
        2006062621 13685819       3.35     131.49  1
        2006062700 13977041       3.37     131.88  1
        2006062703 14349214       3.40     132.37  1
        2006062706 14767786       3.52     132.63  1
        2006062709 14849587       3.49     133.31  1
        2006062712 15113982       3.42     134.72  1
        2006062715 15421032       3.40     135.69  1
        2006062718 15614763       3.29     137.02  2
        2006062721 15908472       3.32     137.38  2
        2006062800 16260366       3.43     137.16  2
        2006062803 16526539       3.52     136.71  2
        2006062806 16767155       3.65     136.43  2
        2006062809 16899598       3.79     135.93  2
        2006062812 17041310       3.86     135.96  2
        2006062815 17044080       3.94     135.91  2
        2006062818 17241114       4.11     135.54  2
        2006062821 16967534       4.34     135.21  2
        2006062900 16862406       4.53     134.82  2
        2006062903 16579171       4.63     134.96  2
        2006062906 16248272       4.67     135.27  2
        2006062909 16027316       4.83     135.10  2
        2006062912 15793207       4.86     135.31  2
        2006062915 15608722       4.83     135.55  2
        2006062918 15513454       5.00     134.89  2
        2006062921 15149178       5.11     134.10  2
        2006063000 13182283       5.40     127.73  2
        2006063003 13005220       5.54     127.38  2
        2006063006 12920636       5.63     127.26  2
        2006063009 12795310       5.75     127.12  2
        2006063012 12800245       5.88     127.06  2
        2006063015 12722362       5.93     127.24  2
        2006063018 12958906       6.15     127.01  2
        2006063021 13285993       6.51     126.23  1
