LPT nnnnn.nnnn
        YYYYMMDDHH _A_[km2] cen_lat.__ cen_lon.__ Nobj
LPT     0.0100
        2000060100  7048688       6.61      97.82  1
        2000060103  7225648       6.70      97.89  1
        2000060106  7535421       6.85      97.83  1
        2000060109  7969019       6.90      98.11  1
        2000060112  9911050       4.83     104.55  1
        2000060115  9979136       4.83     104.25  1
        2000060118 10391828       4.77     104.21  1
        2000060121 10575517       4.83     103.80  1
        2000060200 10669422       4.94     102.90  1
        2000060203 10519936       5.16     102.23  1
        2000060206 10775250       5.17     101.90  1
        2000060209 10883834       5.30     101.70  1
        2000060212 10558725       5.45     101.49  1
        2000060215 10304478       5.59     101.27  1
        2000060218 10250477       5.57     100.87  1
        2000060221 10217658       5.52     100.56  1
        2000060300 10033845       5.59     100.25  1
        2000060303  9919517       5.66     100.23  1
        2000060306  9983751       5.66     100.22  1
        2000060309  9822114       5.83     100.10  1
        2000060312  9862416       5.81     100.30  1
        2000060315  9974062       5.78     100.30  1
        2000060318 10102775       5.88     100.29  1
        2000060321 10230499       5.96     100.07  1
        2000060400 10204629       6.18      99.64  1
        2000060403  9958276       6.41      99.43  1
        2000060406  9798872       6.70      99.07  1
        2000060409  9410116       6.96      99.04  1
        2000060412  8856134       7.51      98.80  1
        2000060415  8424339       7.87      98.71  1
        2000060418  7921811       8.41      98.06  1
        2000060421  5796948      11.88      91.61  1
        2000060500  5575874      12.36      91.03  1
        2000060503  5232556      12.82      90.71  1
        2000060506  5131347      13.17      90.14  1
        2000060509  4945671      13.69      89.63  1
        2000060512  4858397      14.14      88.97  1
        2000060515  4879591      14.38      88.28  1
        2000060518  5049134      14.73      87.43  1
        2000060521  5121967      15.04      86.84  1
        2000060600  5332660      15.27      85.96  1
        2000060603  5536987      15.39      85.01  1
        2000060606  5764735      15.44      84.12  1
        2000060609  5848704      15.64      83.62  1
        2000060612  5881171      15.71      82.84  1
        2000060615  5854097      15.72      82.22  1
        2000060618  5766771      15.68      81.65  1
        2000060621  5685083      15.64      81.09  1
        2000060700  5709620      15.55      80.47  1
        2000060703  5654468      15.59      80.16  1
        2000060706  5607662      15.57      79.76  1
        2000060709  5667952      15.54      79.25  1
        2000060712  5670357      15.49      78.70  1
        2000060715  5507476      15.38      78.14  1
        2000060718  5380256      15.33      77.69  1
        2000060721  5306471      15.31      77.32  1
        2000060800  5212803      15.32      76.90  1
        2000060803  5098661      15.37      76.60  1
        2000060806  4987386      15.43      76.38  1
        2000060809  5057342      15.48      76.21  1
        2000060812  4977408      15.63      76.01  1
        2000060815  4629366      15.29      75.25  1
        2000060818  4213533      14.84      74.32  1
        2000060821  3266084      12.73      71.63  1
        2000060900  3158618      12.57      71.53  1
        2000060903  3013158      12.37      71.49  1
        2000060906  2863457      12.18      71.52  1
        2000060909  2670589      12.00      71.53  1
        2000060912  2526472      11.80      71.55  1
        2000060915  2340873      11.60      71.58  1
        2000060918  2207409      11.42      71.66  1
        2000060921  2064663      11.35      71.64  1
        2000061000  1956054      11.25      71.61  1
        2000061003  1782482      11.12      71.61  1
        2000061006  1677128      10.92      71.59  1
        2000061009  1510896      10.77      71.53  1
        2000061012  1243385      10.36      71.58  1
        2000061015  1054476       9.77      71.63  1
        2000061018   975630       9.47      71.67  1
        2000061021   882692       9.26      71.68  1
        2000061100   756914       9.03      71.68  1
        2000061103   666949       8.68      71.73  1
        2000061106   647843       8.70      71.83  1
        2000061109   651683       8.69      71.86  1
        2000061112   406804       8.75      72.09  1
        2000061115   338103       8.79      72.31  1
        2000061118   387898       9.28      72.55  1
        2000061121   497300       9.45      72.79  1
        2000061200   557070       8.69      73.05  1
        2000061203   661678       8.15      73.32  1
        2000061206   722626       8.22      73.50  1
        2000061209   726970       8.35      73.66  1
        2000061212   729368       8.29      73.80  1
        2000061215   634270       8.11      73.96  1
        2000061218   567217       8.01      74.14  1
        2000061221   488395       8.12      74.22  1
        2000061300   446088       7.68      74.51  1
        2000061303   339520       7.04      74.87  1
LPT     1.0100
        2000061000   343049      30.24     127.76  1
        2000061003   726453      30.26     127.90  1
        2000061006  1016785      30.22     127.80  1
        2000061009  1220326      30.20     127.47  1
        2000061012  1432281      30.20     127.37  1
        2000061015  1580167      30.12     127.25  1
        2000061018  1731219      30.06     127.29  1
        2000061021  1837665      29.86     127.26  1
        2000061100  1986573      29.83     127.44  1
        2000061103  2121848      29.69     127.48  1
        2000061106  2271189      29.45     127.29  1
        2000061109  2355411      29.29     127.02  1
        2000061112  2434423      29.19     126.96  1
        2000061115  2507728      29.11     126.94  1
        2000061118  2536569      29.00     126.95  1
        2000061121  2682613      28.87     126.87  1
        2000061200  2693522      28.77     126.80  1
        2000061203  2831985      28.81     127.11  1
        2000061206  2809940      28.74     127.29  1
        2000061209  2715302      28.72     127.49  1
        2000061212  2771769      28.65     127.52  1
        2000061215  2786818      28.64     127.58  1
        2000061218  2824808      28.61     127.75  1
        2000061221  2856811      28.57     127.87  1
        2000061300  2893347      28.51     128.00  1
        2000061303  2862628      28.29     127.91  1
        2000061306  2785823      28.04     127.81  1
        2000061309  2746544      27.95     128.03  1
        2000061312  2776754      27.82     128.31  1
        2000061315  2755803      27.53     128.45  1
        2000061318  2806545      27.53     128.93  1
        2000061321  2871806      27.28     129.08  1
        2000061400  2880298      26.92     129.01  1
        2000061403  2752335      26.15     128.38  1
        2000061406  2619671      25.72     128.28  1
        2000061409  2483564      25.34     128.23  1
        2000061412  2433111      25.05     128.20  1
        2000061415  2431087      24.73     128.17  1
        2000061418  2462033      24.33     128.04  1
        2000061421  2483478      23.91     127.81  1
        2000061500  2422164      23.31     127.62  1
        2000061503  2483678      22.69     127.33  1
        2000061506  3015364      20.72     125.26  1
        2000061509  3456527      19.40     123.72  1
        2000061512  3688072      18.83     123.03  1
        2000061515  3881337      18.34     122.29  1
        2000061518  5621322      18.08     114.66  1
        2000061521  5658916      17.69     114.79  1
        2000061600  5711044      17.40     114.60  1
        2000061603  5643077      17.09     114.42  1
        2000061606  5723564      16.79     114.09  1
        2000061609  5806607      16.43     113.56  1
        2000061612  5838019      16.15     113.00  1
        2000061615  5757644      15.87     112.62  1
        2000061618  5720843      15.67     111.95  1
        2000061621  5725323      15.41     110.99  1
        2000061700  5743198      15.14     109.98  1
        2000061703  5694979      14.98     109.24  1
        2000061706  5698933      14.85     108.72  1
        2000061709  5721698      14.77     108.33  1
        2000061712  5635863      14.71     107.87  1
        2000061715  5499227      14.54     107.52  1
        2000061718  5355376      14.40     107.18  1
        2000061721  5266218      14.43     106.94  1
        2000061800  5212841      14.55     106.61  1
        2000061803  5005689      14.54     106.46  1
        2000061806  4887965      14.67     106.45  1
        2000061809  4926394      14.90     106.22  1
        2000061812  4556031      15.01     106.28  1
        2000061815  4260403      15.12     106.41  1
        2000061818  4124412      15.34     106.41  1
        2000061821  4150712      15.40     105.74  1
        2000061900  4049887      15.36     104.94  1
        2000061903  2838026      13.26     100.10  1
        2000061906  2546393      13.05      99.16  1
        2000061909  2323539      13.20      98.66  1
        2000061912  2033766      13.39      98.30  1
        2000061915  1690240      13.23      98.19  1
        2000061918  1437571      13.70      97.72  1
        2000061921  1250511      14.31      97.19  1
        2000062000   993710      14.85      96.53  1
        2000062003   504279      16.15      95.22  1
LPT     1.0200
        2000061009   426250      22.13      91.68  1
        2000061012   758193      22.05      91.63  1
        2000061015   821069      21.55      91.86  1
        2000061018   917169      21.43      92.02  1
        2000061021  1069603      21.19      92.06  1
        2000061100  1230149      20.98      92.07  1
        2000061103  1350529      20.95      92.05  1
        2000061106  1348931      21.06      91.87  1
        2000061109  1417494      21.11      91.77  1
        2000061112  1414199      21.01      91.73  1
        2000061115  1399794      20.78      91.76  1
        2000061118  1437922      20.63      91.79  1
        2000061121  1423218      20.43      91.61  1
        2000061200  1474860      20.24      91.57  1
        2000061203  1505758      20.04      91.65  1
        2000061206  1558138      19.94      91.75  1
        2000061209  1605535      19.91      91.83  1
        2000061212  1605949      20.02      91.86  1
        2000061215  1604830      20.20      92.03  1
        2000061218  1617732      20.29      92.13  1
        2000061221  1527562      20.06      92.15  1
        2000061300  1536807      20.08      92.21  1
        2000061303  1505188      20.07      92.25  1
        2000061306  1498212      20.12      92.27  1
        2000061309  1517247      20.10      92.35  1
        2000061312  1524699      20.08      92.43  1
        2000061315  1414532      20.10      92.53  1
        2000061318  1334384      20.24      92.57  1
        2000061321  1303351      20.23      92.61  1
        2000061400  1335755      20.25      92.79  1
        2000061403  1328101      20.21      92.88  1
        2000061406  1317534      20.01      92.95  1
        2000061409  1380508      19.84      93.13  1
        2000061412  1387492      19.79      93.31  1
        2000061415  1341534      19.83      93.37  1
        2000061418  1308131      19.84      93.50  1
        2000061421  1305166      19.75      93.50  1
        2000061500  1393831      19.65      93.63  1
        2000061503  1392891      19.60      93.61  1
        2000061506  1339555      19.55      93.61  1
        2000061509  1508378      19.44      93.84  1
        2000061512  1555225      19.26      94.18  1
        2000061515  1545800      18.88      94.66  1
        2000061518  5621322      18.08     114.66  1
        2000061521  5658916      17.69     114.79  1
        2000061600  5711044      17.40     114.60  1
        2000061603  5643077      17.09     114.42  1
        2000061606  5723564      16.79     114.09  1
        2000061609  5806607      16.43     113.56  1
        2000061612  5838019      16.15     113.00  1
        2000061615  5757644      15.87     112.62  1
        2000061618  5720843      15.67     111.95  1
        2000061621  5725323      15.41     110.99  1
        2000061700  5743198      15.14     109.98  1
        2000061703  5694979      14.98     109.24  1
        2000061706  5698933      14.85     108.72  1
        2000061709  5721698      14.77     108.33  1
        2000061712  5635863      14.71     107.87  1
        2000061715  5499227      14.54     107.52  1
        2000061718  5355376      14.40     107.18  1
        2000061721  5266218      14.43     106.94  1
        2000061800  5212841      14.55     106.61  1
        2000061803  5005689      14.54     106.46  1
        2000061806  4887965      14.67     106.45  1
        2000061809  4926394      14.90     106.22  1
        2000061812  4556031      15.01     106.28  1
        2000061815  4260403      15.12     106.41  1
        2000061818  4124412      15.34     106.41  1
        2000061821  4150712      15.40     105.74  1
        2000061900  4049887      15.36     104.94  1
        2000061903  2838026      13.26     100.10  1
        2000061906  2546393      13.05      99.16  1
        2000061909  2323539      13.20      98.66  1
        2000061912  2033766      13.39      98.30  1
        2000061915  1690240      13.23      98.19  1
        2000061918  1437571      13.70      97.72  1
        2000061921  1250511      14.31      97.19  1
        2000062000   993710      14.85      96.53  1
        2000062003   504279      16.15      95.22  1
LPT     2.0100
        2000061618   522343       8.13     275.06  1
        2000061621   685350       8.04     274.89  1
        2000061700  1068462       8.01     274.08  1
        2000061703  2095849       5.76     277.50  1
        2000061706  2751823       5.04     278.45  1
        2000061709  3161199       4.77     278.67  1
        2000061712  3473022       4.55     278.77  1
        2000061715  3729625       4.55     278.55  1
        2000061718  3919647       4.45     278.56  1
        2000061721  4096651       4.25     279.02  1
        2000061800  4176023       4.22     279.17  1
        2000061803  4238064       4.15     279.24  1
        2000061806  4326439       4.11     279.47  1
        2000061809  4216329       4.09     279.74  1
        2000061812  4080164       4.05     280.11  1
        2000061815  4058539       4.18     279.97  1
        2000061818  4115673       4.33     279.93  1
        2000061821  4260616       4.61     279.77  1
        2000061900  4152197       5.33     278.93  1
        2000061903  4079272       5.54     278.72  1
        2000061906  4131257       5.99     277.94  1
        2000061909  4102797       6.47     277.16  1
        2000061912  3939787       6.97     276.40  1
        2000061915  2331481      11.40     267.65  1
        2000061918  2266217      11.81     266.82  1
        2000061921  2265659      12.13     266.13  1
        2000062000  2319815      12.31     265.57  1
        2000062003  2248534      12.37     264.80  1
        2000062006  2267290      12.47     264.08  1
        2000062009  2427789      12.37     263.54  1
        2000062012  2576150      12.36     262.97  1
        2000062015  2704089      12.35     262.42  1
        2000062018  2807495      12.38     262.05  1
        2000062021  2943299      12.40     261.80  1
        2000062100  3044616      12.42     261.64  1
        2000062103  3057974      12.32     261.39  1
        2000062106  3101012      12.36     261.22  1
        2000062109  3160782      12.34     261.11  1
        2000062112  3227525      12.35     260.98  1
        2000062115  3266395      12.36     260.82  1
        2000062118  3269231      12.37     260.65  1
        2000062121  3299185      12.37     260.47  1
        2000062200  3252412      12.37     260.23  1
        2000062203  3199353      12.35     259.94  1
        2000062206  3197209      12.34     259.94  1
        2000062209  3085417      12.26     259.66  1
        2000062212  3000766      12.18     259.45  1
        2000062215  2893353      12.16     259.35  1
        2000062218  2803518      12.20     259.27  1
        2000062221  2715702      12.25     259.20  1
        2000062300  2611001      12.33     259.11  1
        2000062303  2464452      12.39     258.90  1
        2000062306  2304293      12.47     258.81  1
        2000062309  2119296      12.47     258.73  1
        2000062312  1912298      12.49     258.63  1
        2000062315  1666562      12.55     258.46  1
        2000062318  1395118      12.64     258.22  1
        2000062321  1154412      12.77     257.99  1
        2000062400   889888      12.87     257.71  1
        2000062403   585047      12.90     257.30  1
LPT     3.0100
        2000062106   381564      -1.18     138.86  1
        2000062109   542216      -0.74     138.98  1
        2000062112   789264      -0.09     139.33  1
        2000062115  1161067       0.60     139.74  1
        2000062118  1446082       1.22     139.90  1
        2000062121  1696891       1.69     140.06  1
        2000062200  1945256       1.98     140.23  1
        2000062203  2199055       2.11     140.42  1
        2000062206  2456761       2.14     140.45  1
        2000062209  2622899       2.13     140.34  1
        2000062212  2803003       2.05     140.28  1
        2000062215  2983159       1.98     140.18  1
        2000062218  4457504       1.35     134.55  1
        2000062221  4740480       1.42     134.16  1
        2000062300  4835790       1.51     133.99  1
        2000062303  4921766       1.57     133.91  1
        2000062306  4992582       1.58     133.54  1
        2000062309  5024291       1.59     133.32  1
        2000062312  5021478       1.56     133.59  1
        2000062315  5204466       1.40     134.18  1
        2000062318  5630117       0.91     135.95  1
        2000062321  6059923       0.24     138.28  1
        2000062400  6284923      -0.27     139.85  1
        2000062403  6460082      -0.58     140.94  1
        2000062406  6380705      -0.82     141.63  1
        2000062409  6189703      -1.18     142.36  1
        2000062412  6007412      -1.54     143.31  1
        2000062415  5851630      -1.92     144.21  1
        2000062418  5575689      -2.36     145.36  1
        2000062421  1922460       1.57     126.72  1
        2000062500  1761384       1.44     126.63  1
        2000062503  1670395       1.38     126.55  1
        2000062506  1652596       1.38     126.41  1
        2000062509  1594092       1.31     126.34  1
        2000062512  1578107       1.09     126.42  1
        2000062515  1573538       1.03     126.44  1
        2000062518  1610627       0.94     126.74  1
        2000062521  1730120       0.98     126.99  1
        2000062600  1687792       0.92     127.16  1
        2000062603  1679277       1.03     127.37  1
        2000062606  1632999       1.17     127.61  1
        2000062609  1548987       1.21     128.01  1
        2000062612  1532048       1.22     128.39  1
        2000062615  1653893       1.23     128.70  1
        2000062618  1691702       1.26     128.85  1
        2000062621  1767316       1.24     129.12  1
        2000062700  1757286       1.28     129.36  1
        2000062703  1821242       1.36     129.62  1
        2000062706  1890510       1.49     129.69  1
        2000062709  1958304       1.56     129.67  1
        2000062712  2080077       1.63     129.88  1
        2000062715  2221853       1.73     130.06  1
        2000062718  2382278       1.78     130.49  1
        2000062721  2601279       1.80     131.05  1
        2000062800  2837581       1.74     132.38  1
        2000062803  3201760       1.76     134.09  1
        2000062806  3725584       1.71     136.03  1
        2000062809  4066371       1.70     137.42  1
        2000062812  4329003       1.71     138.35  1
        2000062815  4635089       1.80     139.12  1
        2000062818  5022566       1.76     140.06  1
        2000062821  5168028       1.83     140.41  1
        2000062900  5225107       1.81     141.06  1
        2000062903  5351877       1.90     141.30  1
        2000062906  5472658       1.93     141.43  1
        2000062909  5548243       1.96     141.51  1
        2000062912  5625223       2.02     141.65  1
        2000062915  5724505       2.13     141.72  1
        2000062918  5857700       2.17     142.08  1
        2000062921  6099672       2.26     142.25  1
        2000063000  6274528       2.34     142.53  1
        2000063003  6429269       2.43     142.55  1
        2000063006  6539139       2.54     142.53  1
        2000063009  6595189       2.62     142.57  1
        2000063012  6672496       2.72     142.62  1
        2000063015  6907270       2.87     142.33  1
        2000063018  7113406       3.00     142.04  1
        2000063021  7100842       3.08     141.60  1
        2000070100  7070449       3.25     141.14  1
        2000070103  6997689       3.39     140.42  1
        2000070106 11975375       3.84     121.93  1
        2000070109 12138810       4.19     120.50  1
        2000070112 11913231       4.37     119.92  1
        2000070115 11575479       4.63     119.10  1
        2000070118 11333761       4.93     117.89  1
        2000070121 10645804       5.67     114.82  1
        2000070200 10642574       5.74     114.69  1
        2000070203 10657131       5.86     114.90  1
        2000070206 10755616       6.02     114.85  1
        2000070209 10911272       6.20     114.41  1
        2000070212 10771778       6.39     114.06  2
        2000070215 10635147       6.57     114.07  2
        2000070218 10747365       6.71     114.23  2
        2000070221 10964342       6.89     113.88  2
        2000070300 10942613       7.10     113.63  2
        2000070303 10940932       7.32     113.42  2
        2000070306 11188020       7.39     113.18  2
        2000070309 11605487       7.53     112.71  2
        2000070312 11802881       7.54     112.60  2
        2000070315 12068406       7.63     112.54  2
        2000070318 12259705       7.68     112.73  2
        2000070321 12423109       7.69     112.57  2
        2000070400 12685574       7.92     112.14  2
        2000070403 12978308       8.36     111.27  2
        2000070406 12902062       8.52     111.49  2
        2000070409 13134904       8.88     111.12  2
        2000070412 13091228       9.06     111.18  2
        2000070415 12942091       9.05     111.63  2
        2000070418 13283603       9.23     111.38  1
        2000070421 13255652       9.39     111.29  1
        2000070500 13043059       9.65     111.58  1
        2000070503 12887610      10.05     111.96  2
        2000070506 12711731      10.39     112.06  2
        2000070509 12928491      10.99     111.73  2
        2000070512 12462914      11.60     112.52  2
        2000070515 10552392      14.53     116.45  2
        2000070518 10546376      14.77     117.07  2
        2000070521 10536740      15.12     117.16  2
        2000070600 10417606      15.39     117.41  2
        2000070603 10456028      15.63     117.62  2
        2000070606 10537555      15.81     117.55  2
        2000070609 10867008      16.11     116.93  2
        2000070612 11050202      16.30     116.56  2
        2000070615 11126422      16.49     116.25  2
        2000070618 11284218      16.68     115.65  2
        2000070621 12898096      15.95     118.76  2
        2000070700 13248217      16.13     118.39  2
        2000070703 13390235      16.24     118.87  2
        2000070706 13511392      16.42     118.82  2
        2000070709 14433193      16.79     117.24  1
        2000070712 14553814      16.83     117.28  1
        2000070715 14420438      16.77     117.97  2
        2000070718 14500895      16.73     118.10  2
        2000070721 14481988      16.78     118.34  2
        2000070800 14506380      16.73     118.77  2
        2000070803 14545032      16.62     119.08  2
        2000070806 14408217      16.51     119.03  2
        2000070809 14833713      16.17     119.01  2
        2000070812 14791772      15.69     119.73  2
        2000070815 14695256      15.38     119.86  2
        2000070818 14466798      15.09     119.62  2
        2000070821 14181140      14.69     119.38  2
        2000070900 13882906      14.22     119.15  2
        2000070903 13569738      13.75     118.89  2
        2000070906 13016421      13.05     118.16  2
        2000070909  7794938      19.29     101.65  2
        2000070912  7241942      19.36     101.09  2
        2000070915  6936337      19.44     100.97  2
        2000070918  6793417      19.46     100.84  2
        2000070921  6742329      19.37     100.75  2
        2000071000  6749184      19.29     100.87  2
        2000071003  6625402      19.22     100.93  2
        2000071006  6639110      19.09     100.88  2
        2000071009  6855872      19.02     100.73  2
        2000071012  6760446      18.85     100.63  2
        2000071015  6629201      18.67     100.65  2
        2000071018  6665604      18.51     100.59  2
        2000071021  6768240      18.31     101.02  2
        2000071100  6865918      17.99     101.05  2
        2000071103  6969965      17.63     100.61  2
        2000071106  6977497      17.24      99.61  1
        2000071109  7109506      16.85      98.13  1
        2000071112  7179157      16.59      97.58  1
        2000071115  7220779      16.48      97.04  1
        2000071118  7151274      16.41      96.71  1
        2000071121  7060207      16.34      96.50  1
        2000071200  7078670      16.28      96.38  1
        2000071203  6938323      16.29      96.02  1
        2000071206  6807941      16.26      95.55  1
        2000071209  6883050      16.33      95.19  1
        2000071212  6742840      16.37      94.85  1
        2000071215  6634519      16.38      94.90  1
        2000071218  6572722      16.36      95.06  2
        2000071221  6524597      16.57      94.51  2
        2000071300  6349854      16.72      93.71  2
        2000071303  6114294      16.86      92.84  2
        2000071306  5943191      16.98      92.35  2
        2000071309  5972514      17.16      92.12  2
        2000071312  5876023      17.26      92.06  2
        2000071315  5781787      17.31      92.43  2
        2000071318  5839879      17.32      93.03  2
        2000071321  5867067      17.23      93.89  2
        2000071400  5667819      17.32      93.83  2
        2000071403  5475030      17.37      94.01  2
        2000071406  5313677      17.36      94.66  2
        2000071409  5282278      17.50      95.38  2
        2000071412  5035464      17.52      96.48  2
        2000071415  4634580      17.36      98.22  2
        2000071418  2923788      15.16     112.75  2
        2000071421  2855250      14.76     114.67  2
        2000071500  2968261      14.58     115.57  2
        2000071503  3078369      14.58     115.45  2
        2000071506  3328506      14.67     115.19  2
        2000071509  3585880      14.83     114.83  2
        2000071512  3548577      14.57     115.95  2
        2000071515  3603123      14.67     115.84  2
        2000071518  3664444      14.68     115.68  2
        2000071521  3826414      15.03     114.17  2
        2000071600  3900077      15.12     113.71  2
        2000071603  4250896      15.49     111.99  2
        2000071606  4868427      15.79     110.26  1
        2000071609  5465141      16.18     108.66  1
        2000071612  5628590      16.39     107.93  1
        2000071615  5730613      16.55     107.31  1
        2000071618  5788313      16.63     107.07  1
        2000071621  5802800      16.75     106.62  1
        2000071700  5863062      16.97     105.82  1
        2000071703  5982652      17.19     105.39  1
        2000071706  6057076      17.41     104.98  1
        2000071709  6146915      17.63     104.43  1
        2000071712  6095134      17.78     104.00  1
        2000071715  5991862      17.97     103.36  1
        2000071718  5821567      18.12     102.48  1
        2000071721  5726428      18.20     101.80  1
        2000071800  5711471      18.30     101.33  1
        2000071803  5610297      18.47     100.78  1
        2000071806  5544266      18.64     100.54  1
        2000071809  5460423      18.84     100.12  1
        2000071812  5323983      19.03      99.68  1
        2000071815  5327185      19.30      98.86  1
        2000071818  5186420      19.43      98.50  1
        2000071821  4979421      19.61      97.99  1
        2000071900  4712219      19.83      97.57  1
        2000071903  4464249      20.07      96.58  1
        2000071906  4161077      20.30      96.33  1
        2000071909  3895786      20.59      95.90  1
        2000071912  3478961      20.84      95.07  1
        2000071915  3021157      21.05      93.61  1
        2000071918  2093089      21.25      88.51  1
        2000071921  2020393      21.46      87.76  1
        2000072000  2007113      21.70      87.09  1
        2000072003  1898467      21.95      86.50  1
        2000072006  1786960      22.11      86.24  1
        2000072009  1700237      22.25      85.93  1
        2000072012  1610715      22.40      85.73  1
        2000072015  1391565      22.48      85.42  1
        2000072018  1068816      22.52      85.24  1
        2000072021   345720      21.52      92.57  1
        2000072100   295410      21.52      92.79  1
        2000072103   310616      21.46      92.69  1
        2000072106   416207      21.49      92.44  1
        2000072109   491906      21.41      92.60  1
        2000072112   429395      21.40      92.83  1
        2000072115   418924      21.29      92.98  1
        2000072118   441454      21.22      93.34  1
        2000072121   404198      21.15      93.63  1
        2000072200   389340      21.05      93.88  1
        2000072203   367995      20.94      93.98  1
        2000072206   456273      20.84      94.36  1
        2000072209   665389      20.88      95.08  1
        2000072212   892563      20.89      95.44  1
        2000072215   933474      20.91      95.40  1
        2000072218  1007636      21.03      95.46  1
        2000072221  1114480      21.09      95.48  1
        2000072300  1155929      21.13      95.35  1
        2000072303  1141813      21.10      95.28  1
        2000072306  1105975      21.08      95.20  1
        2000072309  1148766      21.04      95.39  1
        2000072312  1092056      21.11      95.31  1
        2000072315  1036327      21.15      95.22  1
        2000072318   968866      21.11      94.90  1
        2000072321   981301      21.19      94.56  1
        2000072400  1115870      21.18      94.32  1
        2000072403  1150822      21.12      94.18  1
        2000072406  1085755      21.06      94.21  1
        2000072409  1025661      21.00      94.38  1
        2000072412   915812      21.06      94.28  1
        2000072415   892943      21.04      94.24  1
        2000072418   832437      20.91      94.34  1
        2000072421   771844      20.92      94.03  1
        2000072500   783866      20.82      93.82  1
        2000072503   775685      20.87      93.61  1
        2000072506   763114      20.79      93.52  1
        2000072509   764741      20.75      93.37  1
        2000072512   683022      20.79      93.09  1
        2000072515   525106      20.96      92.71  1
        2000072518   474028      20.92      92.63  1
        2000072521   459241      20.80      92.57  1
        2000072600   468289      20.68      92.66  1
        2000072603   434585      20.59      92.80  1
        2000072606   385452      20.58      92.78  1
        2000072609   380272      20.63      92.74  1
        2000072612   294600      20.83      92.42  1
LPT     3.0200
        2000062118   431584      23.88      96.61  1
        2000062121   690805      23.59      97.44  1
        2000062200   669406      23.76      97.45  1
        2000062203   655402      24.16      96.91  1
        2000062206   742456      24.45      96.36  1
        2000062209  1462814      24.89     100.06  1
        2000062212  1530944      25.15      99.67  1
        2000062215   973802      25.07      94.82  1
        2000062218  1017103      25.33      94.35  1
        2000062221   996027      25.52      94.26  1
        2000062300   939600      25.78      93.54  1
        2000062303   938261      25.95      93.04  1
        2000062306  1006362      26.02      92.90  1
        2000062309  1089895      26.06      92.77  1
        2000062312   958310      26.21      92.27  1
        2000062315   999645      26.15      92.27  1
        2000062318   971054      26.09      92.28  1
        2000062321   799175      25.98      92.03  1
        2000062400   746111      25.80      92.05  1
        2000062403   711645      25.52      91.78  1
        2000062406   711117      25.25      91.63  1
        2000062409   744958      24.96      91.46  1
        2000062412   663317      24.78      91.27  1
        2000062415   573130      24.73      91.32  1
        2000062418   545378      24.50      91.39  1
        2000062421   471753      24.27      91.47  1
        2000062500   446648      24.00      91.57  1
        2000062503   394966      23.60      91.82  1
        2000062506   332254      23.21      91.99  1
        2000062509   335398      22.80      92.17  1
        2000062512   300719      22.38      92.32  1
        2000062515   290098      21.99      92.55  1
        2000062518   376955      21.35      92.79  1
        2000062521   444456      20.65      92.96  1
        2000062600   618963      19.99      93.13  1
        2000062603   744984      19.39      93.27  1
        2000062606   862292      18.81      93.26  1
        2000062609  1080579      18.35      93.20  1
        2000062612  1141058      18.06      93.01  1
        2000062615  1187263      17.73      92.92  1
        2000062618  1234225      17.30      92.90  1
        2000062621  1358190      16.83      92.90  1
        2000062700  1505841      16.21      92.86  1
        2000062703  1596128      15.40      92.60  1
        2000062706  2560751      10.82      89.83  1
        2000062709  2850031      10.43      89.75  1
        2000062712  3056417      10.07      89.52  1
        2000062715  2919756      10.60      89.99  1
        2000062718  2873063      11.23      90.60  1
        2000062721  3013613      10.99      90.47  1
        2000062800  3251726      10.87      90.28  1
        2000062803  3361883      10.61      90.20  1
        2000062806  3449418      10.35      90.07  1
        2000062809  3601390      10.40      90.14  1
        2000062812  3683502      10.32      90.19  1
        2000062815  3761598      10.05      90.21  1
        2000062818  3859291       9.66      90.23  1
        2000062821  3999088       9.10      90.27  1
        2000062900  4220742       8.58      90.33  1
        2000062903  4369227       8.13      90.41  1
        2000062906  4462065       7.84      90.42  1
        2000062909  4586647       7.57      90.35  1
        2000062912  4661512       7.27      90.17  1
        2000062915  4753146       7.10      90.01  1
        2000062918  4877461       7.06      89.84  1
        2000062921  5060253       6.79      90.15  1
        2000063000  5373327       6.71      90.30  1
        2000063003  5722696       6.72      90.49  1
        2000063006  5948529       6.60      90.75  1
        2000063009  5877245       6.38      91.20  1
        2000063012  5588603       6.23      91.13  1
        2000063015  3878898       2.77      96.59  1
        2000063018  3910774       2.75      96.92  1
        2000063021  4106490       2.96      97.35  1
        2000070100  4357161       3.25      97.70  1
        2000070103  4659174       3.69      97.69  1
        2000070106 11975375       3.84     121.93  1
        2000070109 12138810       4.19     120.50  1
        2000070112 11913231       4.37     119.92  1
        2000070115 11575479       4.63     119.10  1
        2000070118 11333761       4.93     117.89  1
        2000070121 10645804       5.67     114.82  1
        2000070200 10642574       5.74     114.69  1
        2000070203 10657131       5.86     114.90  1
        2000070206 10755616       6.02     114.85  1
        2000070209 10911272       6.20     114.41  1
        2000070212 10771778       6.39     114.06  2
        2000070215 10635147       6.57     114.07  2
        2000070218 10747365       6.71     114.23  2
        2000070221 10964342       6.89     113.88  2
        2000070300 10942613       7.10     113.63  2
        2000070303 10940932       7.32     113.42  2
        2000070306 11188020       7.39     113.18  2
        2000070309 11605487       7.53     112.71  2
        2000070312 11802881       7.54     112.60  2
        2000070315 12068406       7.63     112.54  2
        2000070318 12259705       7.68     112.73  2
        2000070321 12423109       7.69     112.57  2
        2000070400 12685574       7.92     112.14  2
        2000070403 12978308       8.36     111.27  2
        2000070406 12902062       8.52     111.49  2
        2000070409 13134904       8.88     111.12  2
        2000070412 13091228       9.06     111.18  2
        2000070415 12942091       9.05     111.63  2
        2000070418 13283603       9.23     111.38  1
        2000070421 13255652       9.39     111.29  1
        2000070500 13043059       9.65     111.58  1
        2000070503 12887610      10.05     111.96  2
        2000070506 12711731      10.39     112.06  2
        2000070509 12928491      10.99     111.73  2
        2000070512 12462914      11.60     112.52  2
        2000070515 10552392      14.53     116.45  2
        2000070518 10546376      14.77     117.07  2
        2000070521 10536740      15.12     117.16  2
        2000070600 10417606      15.39     117.41  2
        2000070603 10456028      15.63     117.62  2
        2000070606 10537555      15.81     117.55  2
        2000070609 10867008      16.11     116.93  2
        2000070612 11050202      16.30     116.56  2
        2000070615 11126422      16.49     116.25  2
        2000070618 11284218      16.68     115.65  2
        2000070621 12898096      15.95     118.76  2
        2000070700 13248217      16.13     118.39  2
        2000070703 13390235      16.24     118.87  2
        2000070706 13511392      16.42     118.82  2
        2000070709 14433193      16.79     117.24  1
        2000070712 14553814      16.83     117.28  1
        2000070715 14420438      16.77     117.97  2
        2000070718 14500895      16.73     118.10  2
        2000070721 14481988      16.78     118.34  2
        2000070800 14506380      16.73     118.77  2
        2000070803 14545032      16.62     119.08  2
        2000070806 14408217      16.51     119.03  2
        2000070809 14833713      16.17     119.01  2
        2000070812 14791772      15.69     119.73  2
        2000070815 14695256      15.38     119.86  2
        2000070818 14466798      15.09     119.62  2
        2000070821 14181140      14.69     119.38  2
        2000070900 13882906      14.22     119.15  2
        2000070903 13569738      13.75     118.89  2
        2000070906 13016421      13.05     118.16  2
        2000070909  7794938      19.29     101.65  2
        2000070912  7241942      19.36     101.09  2
        2000070915  6936337      19.44     100.97  2
        2000070918  6793417      19.46     100.84  2
        2000070921  6742329      19.37     100.75  2
        2000071000  6749184      19.29     100.87  2
        2000071003  6625402      19.22     100.93  2
        2000071006  6639110      19.09     100.88  2
        2000071009  6855872      19.02     100.73  2
        2000071012  6760446      18.85     100.63  2
        2000071015  6629201      18.67     100.65  2
        2000071018  6665604      18.51     100.59  2
        2000071021  6768240      18.31     101.02  2
        2000071100  6865918      17.99     101.05  2
        2000071103  6969965      17.63     100.61  2
        2000071106  6977497      17.24      99.61  1
        2000071109  7109506      16.85      98.13  1
        2000071112  7179157      16.59      97.58  1
        2000071115  7220779      16.48      97.04  1
        2000071118  7151274      16.41      96.71  1
        2000071121  7060207      16.34      96.50  1
        2000071200  7078670      16.28      96.38  1
        2000071203  6938323      16.29      96.02  1
        2000071206  6807941      16.26      95.55  1
        2000071209  6883050      16.33      95.19  1
        2000071212  6742840      16.37      94.85  1
        2000071215  6634519      16.38      94.90  1
        2000071218  6572722      16.36      95.06  2
        2000071221  6524597      16.57      94.51  2
        2000071300  6349854      16.72      93.71  2
        2000071303  6114294      16.86      92.84  2
        2000071306  5943191      16.98      92.35  2
        2000071309  5972514      17.16      92.12  2
        2000071312  5876023      17.26      92.06  2
        2000071315  5781787      17.31      92.43  2
        2000071318  5839879      17.32      93.03  2
        2000071321  5867067      17.23      93.89  2
        2000071400  5667819      17.32      93.83  2
        2000071403  5475030      17.37      94.01  2
        2000071406  5313677      17.36      94.66  2
        2000071409  5282278      17.50      95.38  2
        2000071412  5035464      17.52      96.48  2
        2000071415  4634580      17.36      98.22  2
        2000071418  2923788      15.16     112.75  2
        2000071421  2855250      14.76     114.67  2
        2000071500  2968261      14.58     115.57  2
        2000071503  3078369      14.58     115.45  2
        2000071506  3328506      14.67     115.19  2
        2000071509  3585880      14.83     114.83  2
        2000071512  3548577      14.57     115.95  2
        2000071515  3603123      14.67     115.84  2
        2000071518  3664444      14.68     115.68  2
        2000071521  3826414      15.03     114.17  2
        2000071600  3900077      15.12     113.71  2
        2000071603  4250896      15.49     111.99  2
        2000071606  4868427      15.79     110.26  1
        2000071609  5465141      16.18     108.66  1
        2000071612  5628590      16.39     107.93  1
        2000071615  5730613      16.55     107.31  1
        2000071618  5788313      16.63     107.07  1
        2000071621  5802800      16.75     106.62  1
        2000071700  5863062      16.97     105.82  1
        2000071703  5982652      17.19     105.39  1
        2000071706  6057076      17.41     104.98  1
        2000071709  6146915      17.63     104.43  1
        2000071712  6095134      17.78     104.00  1
        2000071715  5991862      17.97     103.36  1
        2000071718  5821567      18.12     102.48  1
        2000071721  5726428      18.20     101.80  1
        2000071800  5711471      18.30     101.33  1
        2000071803  5610297      18.47     100.78  1
        2000071806  5544266      18.64     100.54  1
        2000071809  5460423      18.84     100.12  1
        2000071812  5323983      19.03      99.68  1
        2000071815  5327185      19.30      98.86  1
        2000071818  5186420      19.43      98.50  1
        2000071821  4979421      19.61      97.99  1
        2000071900  4712219      19.83      97.57  1
        2000071903  4464249      20.07      96.58  1
        2000071906  4161077      20.30      96.33  1
        2000071909  3895786      20.59      95.90  1
        2000071912  3478961      20.84      95.07  1
        2000071915  3021157      21.05      93.61  1
        2000071918  2093089      21.25      88.51  1
        2000071921  2020393      21.46      87.76  1
        2000072000  2007113      21.70      87.09  1
        2000072003  1898467      21.95      86.50  1
        2000072006  1786960      22.11      86.24  1
        2000072009  1700237      22.25      85.93  1
        2000072012  1610715      22.40      85.73  1
        2000072015  1391565      22.48      85.42  1
        2000072018  1068816      22.52      85.24  1
        2000072021   345720      21.52      92.57  1
        2000072100   295410      21.52      92.79  1
        2000072103   310616      21.46      92.69  1
        2000072106   416207      21.49      92.44  1
        2000072109   491906      21.41      92.60  1
        2000072112   429395      21.40      92.83  1
        2000072115   418924      21.29      92.98  1
        2000072118   441454      21.22      93.34  1
        2000072121   404198      21.15      93.63  1
        2000072200   389340      21.05      93.88  1
        2000072203   367995      20.94      93.98  1
        2000072206   456273      20.84      94.36  1
        2000072209   665389      20.88      95.08  1
        2000072212   892563      20.89      95.44  1
        2000072215   933474      20.91      95.40  1
        2000072218  1007636      21.03      95.46  1
        2000072221  1114480      21.09      95.48  1
        2000072300  1155929      21.13      95.35  1
        2000072303  1141813      21.10      95.28  1
        2000072306  1105975      21.08      95.20  1
        2000072309  1148766      21.04      95.39  1
        2000072312  1092056      21.11      95.31  1
        2000072315  1036327      21.15      95.22  1
        2000072318   968866      21.11      94.90  1
        2000072321   981301      21.19      94.56  1
        2000072400  1115870      21.18      94.32  1
        2000072403  1150822      21.12      94.18  1
        2000072406  1085755      21.06      94.21  1
        2000072409  1025661      21.00      94.38  1
        2000072412   915812      21.06      94.28  1
        2000072415   892943      21.04      94.24  1
        2000072418   832437      20.91      94.34  1
        2000072421   771844      20.92      94.03  1
        2000072500   783866      20.82      93.82  1
        2000072503   775685      20.87      93.61  1
        2000072506   763114      20.79      93.52  1
        2000072509   764741      20.75      93.37  1
        2000072512   683022      20.79      93.09  1
        2000072515   525106      20.96      92.71  1
        2000072518   474028      20.92      92.63  1
        2000072521   459241      20.80      92.57  1
        2000072600   468289      20.68      92.66  1
        2000072603   434585      20.59      92.80  1
        2000072606   385452      20.58      92.78  1
        2000072609   380272      20.63      92.74  1
        2000072612   294600      20.83      92.42  1
LPT     4.0100
        2000072600   283048      34.20     133.05  1
        2000072603   323840      34.05     133.24  1
        2000072606   364582      33.95     133.37  1
        2000072609   401778      33.66     133.29  1
        2000072612   446417      33.47     133.26  1
        2000072615   416618      32.97     133.05  1
        2000072618   317883      31.36     132.28  1
        2000072621   439988      28.56     130.76  1
        2000072700   636907      27.92     130.64  1
        2000072703   724566      27.55     130.59  1
        2000072706   795718      27.26     130.51  1
        2000072709   803626      26.74     130.27  1
        2000072712   766211      26.48     130.28  1
        2000072715   738609      26.16     130.23  1
        2000072718   677773      25.68     130.21  1
        2000072721   675696      25.31     130.24  1
        2000072800   696704      24.94     130.37  1
        2000072803   717395      24.75     130.54  1
        2000072806   731623      24.60     130.70  1
        2000072809   735236      24.58     130.87  1
        2000072812   776998      24.63     130.95  1
        2000072815   849845      24.65     131.00  1
        2000072818   957226      24.63     131.02  1
        2000072821   986894      24.52     131.12  1
        2000072900   958596      24.46     131.30  1
        2000072903  1003861      24.33     131.31  1
        2000072906  1035670      24.31     131.44  1
        2000072909  1062956      24.33     131.63  1
        2000072912  1061483      24.34     131.76  1
        2000072915  1071403      24.41     131.75  1
        2000072918  1176258      24.54     131.63  1
        2000072921  1167609      24.65     131.44  1
        2000073000  1127328      24.76     131.14  1
        2000073003  1156573      24.93     130.69  1
        2000073006  1232073      25.28     130.19  1
        2000073009  1273115      25.55     129.80  1
        2000073012  1308083      25.86     129.22  1
        2000073015  1353704      26.11     128.77  1
        2000073018  1349407      26.24     128.58  1
        2000073021  1350868      26.41     128.36  1
        2000073100  1363955      26.59     128.14  1
        2000073103  1343028      26.73     127.98  1
        2000073106  1354070      26.78     127.90  1
        2000073109  1373167      26.80     127.79  1
        2000073112  1382868      26.79     127.71  1
        2000073115  1366928      26.74     127.61  1
        2000073118  1305543      26.75     127.57  1
        2000073121  1286909      26.76     127.45  1
        2000080100  1290798      26.72     127.33  1
        2000080103  1284226      26.69     127.26  1
        2000080106  1242674      26.71     127.27  1
        2000080109  1190015      26.67     127.26  1
        2000080112  1083318      26.65     127.50  1
        2000080115  1036927      26.59     127.62  1
        2000080118   967505      26.64     127.78  1
        2000080121   785378      26.65     127.81  1
        2000080200   736416      26.65     127.88  1
        2000080203   675156      26.51     127.90  1
        2000080206   569093      26.31     127.96  1
        2000080209   377505      26.06     128.01  1
LPT     5.0100
        2000080506   343210      15.91      96.52  1
        2000080509  1127207      17.53      98.99  1
        2000080512  1352815      17.36      98.43  1
        2000080515  1521290      17.28      98.13  1
        2000080518  1858319      17.20      98.11  1
        2000080521  1992289      16.88      97.44  1
        2000080600  2165155      16.85      97.18  1
        2000080603  2267334      16.69      96.68  1
        2000080606  2484657      16.43      96.07  1
        2000080609  2822150      16.37      95.89  1
        2000080612  2863907      16.35      95.52  1
        2000080615  2899816      16.26      95.32  1
        2000080618  3035273      16.15      95.09  1
        2000080621  3107643      15.90      94.66  1
        2000080700  3250475      15.70      94.40  1
        2000080703  3310665      15.39      93.93  1
        2000080706  3361332      15.07      93.42  1
        2000080709  5346456      12.52      89.11  1
        2000080712  5914331      11.87      88.99  1
        2000080715  6229070      11.26      89.04  1
        2000080718  6911009      10.79      88.90  1
        2000080721  7410430      10.25      88.84  1
        2000080800  7743642       9.71      88.71  1
        2000080803  7915803       9.43      88.42  1
        2000080806  8214225       9.11      88.33  1
        2000080809  8659994       9.04      88.39  1
        2000080812  8645551       8.90      88.35  1
        2000080815  8594284       8.62      88.39  1
        2000080818  8525550       8.46      88.61  1
        2000080821  7729314       7.95      90.26  1
        2000080900  8014189       7.98      90.15  1
        2000080903  8286219       8.01      89.86  1
        2000080906  9117437       8.24      88.86  1
        2000080909  9366573       8.27      88.92  1
        2000080912  9510429       8.31      88.75  1
        2000080915  9592182       8.21      88.65  1
        2000080918  9857691       8.05      88.54  1
        2000080921  9765103       7.72      88.70  1
        2000081000  9771611       7.41      88.75  1
        2000081003  9847915       7.08      88.67  1
        2000081006  9985783       6.77      88.61  1
        2000081009 10346239       6.87      88.65  1
        2000081012 10339117       6.70      88.50  1
        2000081015 10137152       6.36      88.33  1
        2000081018 10006757       5.99      88.23  1
        2000081021  9666861       5.41      88.21  1
        2000081100  9355221       4.96      88.25  1
        2000081103  9036067       4.55      88.24  1
        2000081106  8844314       4.29      88.25  1
        2000081109  8707776       4.44      88.19  1
        2000081112  8094182       3.64      88.20  1
        2000081115  5284447      -3.24      90.24  1
        2000081118  5050291      -3.70      90.49  1
        2000081121  4966017      -3.90      90.68  1
        2000081200  4826305      -4.11      90.83  1
        2000081203  4641614      -4.39      90.97  1
        2000081206  4515464      -4.58      91.09  1
        2000081209  4374290      -4.72      91.23  1
        2000081212  4228080      -4.90      91.26  1
        2000081215  4099949      -5.00      91.36  1
        2000081218  3943204      -5.15      91.49  1
        2000081221  3720308      -5.11      91.55  1
        2000081300  3490543      -4.95      91.63  1
        2000081303  3215029      -5.00      91.69  1
        2000081306  2933044      -4.97      91.74  1
        2000081309  2592346      -4.85      91.87  1
        2000081312  2165645      -4.92      91.87  1
        2000081315  1665876      -5.01      92.02  1
        2000081318  1247823      -4.77      92.46  1
        2000081321   609307      -2.89      94.19  1
LPT     6.0100
        2000080621   421890      15.57     161.62  1
        2000080700   578765      15.32     161.44  1
        2000080703   697332      15.04     161.33  1
        2000080706   831915      14.93     161.14  1
        2000080709   925653      14.81     160.95  1
        2000080712  1052012      14.59     160.72  1
        2000080715  1199635      14.35     160.27  1
        2000080718  1333237      14.12     159.92  1
        2000080721  1457491      13.86     159.28  1
        2000080800  1617046      13.40     158.36  1
        2000080803  1800684      12.66     157.28  1
        2000080806  1951271      12.00     156.29  1
        2000080809  2121501      11.58     155.50  1
        2000080812  2327393      11.28     154.98  1
        2000080815  2632493      10.88     154.09  1
        2000080818  2782802      10.52     153.21  1
        2000080821  2906361      10.31     152.33  1
        2000080900  2996713      10.19     151.58  1
        2000080903  3203205      10.02     150.82  1
        2000080906  3348020      10.05     150.22  1
        2000080909  3479258      10.21     149.70  1
        2000080912  3638600      10.42     149.29  1
        2000080915  3792308      10.60     148.68  1
        2000080918  4025824      10.84     148.02  1
        2000080921  4147704      11.04     147.46  1
        2000081000  4275666      11.22     146.94  1
        2000081003  4455530      11.28     146.45  1
        2000081006  4549592      11.42     146.05  1
        2000081009  4658147      11.58     145.62  1
        2000081012  4814665      11.73     145.24  1
        2000081015  4909243      11.97     144.80  1
        2000081018  4965110      12.33     144.28  1
        2000081021  5020877      12.63     143.79  1
        2000081100  5091323      12.96     143.33  1
        2000081103  5120259      13.25     142.89  1
        2000081106  5069622      13.57     142.43  1
        2000081109  5025440      13.89     142.07  1
        2000081112  5041310      14.09     141.71  1
        2000081115  5057807      14.23     141.50  1
        2000081118  4969027      14.55     141.22  1
        2000081121  4923497      14.71     141.11  1
        2000081200  4898901      14.85     140.92  1
        2000081203  4929243      14.91     140.82  1
        2000081206  4905656      15.07     140.65  1
        2000081209  4882456      15.07     140.43  1
        2000081212  4858633      15.00     140.08  1
        2000081215  4888504      15.00     139.75  1
        2000081218  4846034      15.05     139.60  1
        2000081221  4696869      15.16     139.06  1
        2000081300  5056087      14.26     140.26  1
        2000081303  5249341      13.69     140.88  1
        2000081306  5130597      13.54     141.29  1
        2000081309  1259856       4.76     152.12  1
        2000081312  1376492       4.46     151.76  1
        2000081315  1564168       4.08     151.11  1
        2000081318  2735171       4.25     145.18  1
        2000081321  2910760       3.53     145.56  1
        2000081400  2979853       3.03     146.01  1
        2000081403  3227051       2.62     146.08  1
        2000081406  3520198       2.26     146.07  1
        2000081409  3792303       1.99     146.35  1
        2000081412  4067551       1.74     146.30  1
        2000081415  4506674       1.55     146.19  1
        2000081418  4964819       1.32     146.07  1
        2000081421  5388265       1.07     145.98  1
        2000081500  5742329       0.77     146.01  1
        2000081503  6197937       0.42     146.27  1
        2000081506  6459649       0.20     146.10  1
        2000081509  6686787       0.06     145.87  1
        2000081512  6997588      -0.16     145.94  1
        2000081515  7186078      -0.31     145.89  1
        2000081518  7449041      -0.29     145.65  1
        2000081521  7473209      -0.22     145.08  1
        2000081600  7443075      -0.10     144.69  1
        2000081603  7648134       0.00     144.16  1
        2000081606  8182482       0.42     141.67  1
        2000081609  8407262       0.70     140.29  1
        2000081612  8557994       0.97     139.67  1
        2000081615  8765490       1.29     138.97  1
        2000081618  9257383       1.95     136.97  1
        2000081621  9506787       2.65     135.07  1
        2000081700  9415897       3.34     133.30  1
        2000081703  9609364       3.83     131.95  1
        2000081706  9799012       4.32     130.36  1
        2000081709  9945595       4.87     128.84  1
        2000081712 10051222       5.25     127.85  1
        2000081715 10210994       5.49     127.11  1
        2000081718 10572394       5.81     126.25  1
        2000081721 10931000       6.19     125.14  1
        2000081800 11357647       6.62     124.04  1
        2000081803 11625847       6.87     123.71  1
        2000081806 11924932       7.09     123.38  1
        2000081809 12094676       7.37     122.68  1
        2000081812 12212025       7.60     122.27  1
        2000081815 12476774       7.73     122.43  1
        2000081818 12614563       7.86     122.38  1
        2000081821 12426301       8.05     121.83  1
        2000081900 12493137       8.11     122.04  1
        2000081903 12587558       8.04     122.64  1
        2000081906 12674843       8.05     122.92  1
        2000081909 13058244       7.99     123.84  1
        2000081912 13344697       7.87     124.94  1
        2000081915 13626297       7.77     126.00  1
        2000081918 13950400       7.72     126.56  1
        2000081921 14118475       7.74     126.83  1
        2000082000 14045365       7.71     127.33  1
        2000082003 14265198       7.61     128.09  1
        2000082006 14463683       7.56     128.29  1
        2000082009 14554313       7.57     128.51  1
        2000082012 14512889       7.48     129.20  1
        2000082015 14506840       7.35     130.16  1
        2000082018 15014223       7.30     130.67  1
        2000082021 15179171       7.33     130.94  1
        2000082100 15194130       7.33     131.46  1
        2000082103 15297758       7.36     131.81  1
        2000082106 15368893       7.42     131.82  1
        2000082109 15415880       7.54     131.78  1
        2000082112 15588149       7.61     131.84  1
        2000082115 15725487       7.68     131.91  1
        2000082118 15696054       7.81     131.59  1
        2000082121 15699539       7.96     131.25  1
        2000082200 15801084       8.09     130.94  1
        2000082203 15759895       8.29     130.60  1
        2000082206 15514379       8.53     129.95  1
        2000082209 15361360       8.77     129.49  1
        2000082212 15225777       8.96     129.39  1
        2000082215 15242871       9.16     129.55  1
        2000082218 15231861       9.51     129.05  1
        2000082221 15198423       9.73     128.85  1
        2000082300 14950498       9.82     129.14  1
        2000082303 14755114      10.00     129.13  1
        2000082306 14240069      10.29     128.50  1
        2000082309 13296907      10.70     126.89  1
        2000082312 12835355      10.88     126.82  1
        2000082315 12426178      11.11     126.68  1
        2000082318  3892592       3.01     151.29  1
        2000082321  3636898       2.76     151.63  1
        2000082400  3470254       2.44     152.04  1
        2000082403  3277303       2.23     152.33  1
        2000082406  3170438       2.07     152.35  1
        2000082409  3227695       2.14     152.13  1
        2000082412  3390448       2.39     151.66  1
        2000082415  3563069       2.79     151.13  1
        2000082418  3824138       3.34     150.41  1
        2000082421  4116587       3.75     149.83  1
        2000082500  4373159       4.07     149.40  1
        2000082503  4508094       4.30     149.05  1
        2000082506  4545017       4.50     148.70  1
        2000082509  4746051       4.84     148.15  1
        2000082512  4996220       5.18     147.54  1
        2000082515  5198253       5.28     147.18  1
        2000082518  5386321       5.37     146.73  1
        2000082521  5485668       5.59     146.31  1
        2000082600  5499224       5.81     145.90  1
        2000082603  5497540       6.08     145.53  1
        2000082606  5560832       6.21     145.26  1
        2000082609  5726368       6.38     144.93  1
        2000082612  5784493       6.61     144.58  1
        2000082615  5845019       6.90     144.29  1
        2000082618  6024084       7.07     144.06  1
        2000082621  6198039       7.11     143.92  1
        2000082700  6153975       7.44     143.54  1
        2000082703  6128856       7.97     143.10  1
        2000082706  6180220       8.12     142.91  1
        2000082709  6230187       8.43     142.64  1
        2000082712  6183750       8.72     142.41  1
        2000082715  6134625       9.00     142.25  1
        2000082718  6107345       9.16     142.11  1
        2000082721  5987000       9.37     141.96  1
        2000082800  5761178       9.78     141.68  1
        2000082803  5527057      10.21     141.41  1
        2000082806  5399264      10.67     141.11  1
        2000082809  5259633      11.13     140.77  1
        2000082812  3083026      18.06     135.72  1
        2000082815  3255021      18.71     134.44  1
        2000082818  3513213      19.08     133.34  1
        2000082821  3683751      19.32     132.70  1
        2000082900  3799765      19.44     132.26  1
        2000082903  3832582      19.54     131.97  1
        2000082906  3907411      19.57     131.78  1
        2000082909  4047481      19.62     131.64  1
        2000082912  4055909      19.66     131.65  1
        2000082915  4012553      19.72     131.26  1
        2000082918  4175218      19.74     130.74  1
        2000082921  4306327      19.69     130.14  1
        2000083000  4408002      19.65     129.81  1
        2000083003  4422947      19.70     129.58  1
        2000083006  4379200      19.71     128.91  1
        2000083009  4393114      19.82     128.40  1
        2000083012  4171527      20.15     127.77  1
        2000083015  3656318      20.40     126.69  1
        2000083018  3295066      20.68     125.11  1
        2000083021  3095669      20.93     123.26  1
        2000083100  2939008      21.20     122.61  1
        2000083103  2863006      21.38     122.48  1
        2000083106  2828213      21.55     122.33  1
        2000083109  2873781      21.63     121.92  1
        2000083112  2788104      21.95     121.84  1
        2000083115  2625574      22.09     121.17  1
        2000083118  2356685      22.58     120.62  1
        2000083121  2225010      22.93     120.04  1
        2000090100  1992452      22.89     119.54  1
        2000090103  1756561      22.91     119.21  1
        2000090106  1020924      18.82     115.58  1
        2000090109  1092811      19.00     115.89  1
        2000090112  1131845      19.05     116.34  1
        2000090115  1151973      19.00     116.48  1
        2000090118  1359310      18.71     117.44  1
        2000090121  1436134      18.18     118.93  1
        2000090200  1560245      17.73     120.54  1
        2000090203  1679691      17.44     121.50  1
        2000090206  1897061      17.18     122.21  1
        2000090209  2146201      17.02     122.60  1
        2000090212  2317297      16.88     122.85  1
        2000090215  2425705      16.76     122.85  1
        2000090218  2657051      16.61     122.81  1
        2000090221  2782692      16.55     122.75  1
        2000090300  2761591      16.42     122.98  1
        2000090303  2799406      16.35     123.00  1
        2000090306  2889096      16.33     122.88  1
        2000090309  6543908      18.50     108.04  1
        2000090312  6530429      18.49     108.12  1
        2000090315  6344529      18.42     108.35  2
        2000090318  6351645      18.41     108.45  2
        2000090321  6518073      18.47     108.32  2
        2000090400  6200718      18.22     108.98  2
        2000090403  6147232      18.25     108.82  1
        2000090406  6086880      18.25     108.93  1
        2000090409  6094216      18.27     108.86  1
        2000090412  5944222      18.19     109.05  1
        2000090415  5856146      18.30     108.60  1
        2000090418  5806442      18.32     108.70  1
        2000090421  5772705      18.33     108.54  1
        2000090500  5531625      18.13     108.97  1
        2000090503  5538927      18.13     108.74  1
        2000090506  5574473      18.11     108.83  1
        2000090509  5539273      18.23     108.76  1
        2000090512  5229929      18.18     108.71  1
        2000090515  5008662      18.32     108.27  1
        2000090518  4916883      18.42     108.38  1
        2000090521  4578914      18.43     108.40  1
        2000090600  3444971      18.20     107.20  1
        2000090603  3091761      18.09     107.25  1
        2000090606  1839405      16.75     114.09  1
        2000090609  1639616      16.62     114.33  1
        2000090612  1389198      16.50     114.56  1
        2000090615  1236608      16.54     114.53  1
        2000090618  1176662      16.67     114.60  1
        2000090621  1085149      16.90     114.62  1
        2000090700   969239      17.18     114.63  1
        2000090703   881525      17.49     114.69  1
        2000090706   776908      17.68     114.79  1
        2000090709   715811      17.88     114.84  1
        2000090712   666417      18.12     114.77  1
        2000090715   562476      18.28     114.71  1
        2000090718   513065      18.38     114.73  1
        2000090721   520112      18.48     114.66  1
        2000090800   495163      18.75     114.50  1
        2000090803   531734      18.97     114.35  1
        2000090806   545591      19.20     114.17  1
        2000090809   583914      19.29     113.86  1
        2000090812   479538      18.85     113.83  1
        2000090815   346470      18.53     113.90  1
        2000090818   327737      18.37     113.84  1
LPT     6.0200
        2000080621   421890      15.57     161.62  1
        2000080700   578765      15.32     161.44  1
        2000080703   697332      15.04     161.33  1
        2000080706   831915      14.93     161.14  1
        2000080709   925653      14.81     160.95  1
        2000080712  1052012      14.59     160.72  1
        2000080715  1199635      14.35     160.27  1
        2000080718  1333237      14.12     159.92  1
        2000080721  1457491      13.86     159.28  1
        2000080800  1617046      13.40     158.36  1
        2000080803  1800684      12.66     157.28  1
        2000080806  1951271      12.00     156.29  1
        2000080809  2121501      11.58     155.50  1
        2000080812  2327393      11.28     154.98  1
        2000080815  2632493      10.88     154.09  1
        2000080818  2782802      10.52     153.21  1
        2000080821  2906361      10.31     152.33  1
        2000080900  2996713      10.19     151.58  1
        2000080903  3203205      10.02     150.82  1
        2000080906  3348020      10.05     150.22  1
        2000080909  3479258      10.21     149.70  1
        2000080912  3638600      10.42     149.29  1
        2000080915  3792308      10.60     148.68  1
        2000080918  4025824      10.84     148.02  1
        2000080921  4147704      11.04     147.46  1
        2000081000  4275666      11.22     146.94  1
        2000081003  4455530      11.28     146.45  1
        2000081006  4549592      11.42     146.05  1
        2000081009  4658147      11.58     145.62  1
        2000081012  4814665      11.73     145.24  1
        2000081015  4909243      11.97     144.80  1
        2000081018  4965110      12.33     144.28  1
        2000081021  5020877      12.63     143.79  1
        2000081100  5091323      12.96     143.33  1
        2000081103  5120259      13.25     142.89  1
        2000081106  5069622      13.57     142.43  1
        2000081109  5025440      13.89     142.07  1
        2000081112  5041310      14.09     141.71  1
        2000081115  5057807      14.23     141.50  1
        2000081118  4969027      14.55     141.22  1
        2000081121  4923497      14.71     141.11  1
        2000081200  4898901      14.85     140.92  1
        2000081203  4929243      14.91     140.82  1
        2000081206  4905656      15.07     140.65  1
        2000081209  4882456      15.07     140.43  1
        2000081212  4858633      15.00     140.08  1
        2000081215  4888504      15.00     139.75  1
        2000081218  4846034      15.05     139.60  1
        2000081221  4696869      15.16     139.06  1
        2000081300  5056087      14.26     140.26  1
        2000081303  5249341      13.69     140.88  1
        2000081306  5130597      13.54     141.29  1
        2000081309  1259856       4.76     152.12  1
        2000081312  1376492       4.46     151.76  1
        2000081315  1564168       4.08     151.11  1
        2000081318  2735171       4.25     145.18  1
        2000081321  2910760       3.53     145.56  1
        2000081400  2979853       3.03     146.01  1
        2000081403  3227051       2.62     146.08  1
        2000081406  3520198       2.26     146.07  1
        2000081409  3792303       1.99     146.35  1
        2000081412  4067551       1.74     146.30  1
        2000081415  4506674       1.55     146.19  1
        2000081418  4964819       1.32     146.07  1
        2000081421  5388265       1.07     145.98  1
        2000081500  5742329       0.77     146.01  1
        2000081503  6197937       0.42     146.27  1
        2000081506  6459649       0.20     146.10  1
        2000081509  6686787       0.06     145.87  1
        2000081512  6997588      -0.16     145.94  1
        2000081515  7186078      -0.31     145.89  1
        2000081518  7449041      -0.29     145.65  1
        2000081521  7473209      -0.22     145.08  1
        2000081600  7443075      -0.10     144.69  1
        2000081603  7648134       0.00     144.16  1
        2000081606  8182482       0.42     141.67  1
        2000081609  8407262       0.70     140.29  1
        2000081612  8557994       0.97     139.67  1
        2000081615  8765490       1.29     138.97  1
        2000081618  9257383       1.95     136.97  1
        2000081621  9506787       2.65     135.07  1
        2000081700  9415897       3.34     133.30  1
        2000081703  9609364       3.83     131.95  1
        2000081706  9799012       4.32     130.36  1
        2000081709  9945595       4.87     128.84  1
        2000081712 10051222       5.25     127.85  1
        2000081715 10210994       5.49     127.11  1
        2000081718 10572394       5.81     126.25  1
        2000081721 10931000       6.19     125.14  1
        2000081800 11357647       6.62     124.04  1
        2000081803 11625847       6.87     123.71  1
        2000081806 11924932       7.09     123.38  1
        2000081809 12094676       7.37     122.68  1
        2000081812 12212025       7.60     122.27  1
        2000081815 12476774       7.73     122.43  1
        2000081818 12614563       7.86     122.38  1
        2000081821 12426301       8.05     121.83  1
        2000081900 12493137       8.11     122.04  1
        2000081903 12587558       8.04     122.64  1
        2000081906 12674843       8.05     122.92  1
        2000081909 13058244       7.99     123.84  1
        2000081912 13344697       7.87     124.94  1
        2000081915 13626297       7.77     126.00  1
        2000081918 13950400       7.72     126.56  1
        2000081921 14118475       7.74     126.83  1
        2000082000 14045365       7.71     127.33  1
        2000082003 14265198       7.61     128.09  1
        2000082006 14463683       7.56     128.29  1
        2000082009 14554313       7.57     128.51  1
        2000082012 14512889       7.48     129.20  1
        2000082015 14506840       7.35     130.16  1
        2000082018 15014223       7.30     130.67  1
        2000082021 15179171       7.33     130.94  1
        2000082100 15194130       7.33     131.46  1
        2000082103 15297758       7.36     131.81  1
        2000082106 15368893       7.42     131.82  1
        2000082109 15415880       7.54     131.78  1
        2000082112 15588149       7.61     131.84  1
        2000082115 15725487       7.68     131.91  1
        2000082118 15696054       7.81     131.59  1
        2000082121 15699539       7.96     131.25  1
        2000082200 15801084       8.09     130.94  1
        2000082203 15759895       8.29     130.60  1
        2000082206 15514379       8.53     129.95  1
        2000082209 15361360       8.77     129.49  1
        2000082212 15225777       8.96     129.39  1
        2000082215 15242871       9.16     129.55  1
        2000082218 15231861       9.51     129.05  1
        2000082221 15198423       9.73     128.85  1
        2000082300 14950498       9.82     129.14  1
        2000082303 14755114      10.00     129.13  1
        2000082306 14240069      10.29     128.50  1
        2000082309 13296907      10.70     126.89  1
        2000082312 12835355      10.88     126.82  1
        2000082315 12426178      11.11     126.68  1
        2000082318  7844576      15.38     114.55  1
        2000082321  7350945      15.82     114.49  1
        2000082400  6970196      16.21     114.38  1
        2000082403  6732835      16.53     114.15  1
        2000082406  6442912      16.86     114.14  1
        2000082409  6227209      17.23     114.13  1
        2000082412  5990254      17.59     114.16  1
        2000082415  5644534      18.00     114.32  1
        2000082418  5293956      18.55     114.35  1
        2000082421  4749904      19.42     114.78  1
        2000082500  3293040      22.54     120.26  1
        2000082503  3153028      23.49     120.47  1
        2000082506  3063172      24.32     120.62  1
        2000082509  3018377      25.11     120.75  1
        2000082512  2924239      25.88     120.89  1
        2000082515  2824665      26.54     121.02  1
        2000082518  2667785      27.29     121.20  1
        2000082521  2382061      28.42     121.49  1
        2000082600  2192667      29.45     121.78  1
        2000082603  2131952      30.06     122.05  1
        2000082606  2020419      30.78     122.37  1
        2000082609  1953320      31.30     122.61  1
        2000082612  1809444      31.87     122.99  1
        2000082615  1630583      32.57     123.49  1
        2000082618  1267710      34.67     124.89  1
        2000082621  1209406      35.02     125.24  1
        2000082700  1124572      35.18     125.50  1
        2000082703  1011146      35.34     125.75  1
        2000082706   902089      35.47     126.00  1
        2000082709   806923      35.63     126.26  1
        2000082712   703339      35.86     126.62  1
        2000082715   628210      36.03     126.90  1
        2000082718   528960      36.22     127.10  1
        2000082721   425492      36.35     127.25  1
        2000082800   285081      36.48     127.37  1
LPT     6.0300
        2000080621   421890      15.57     161.62  1
        2000080700   578765      15.32     161.44  1
        2000080703   697332      15.04     161.33  1
        2000080706   831915      14.93     161.14  1
        2000080709   925653      14.81     160.95  1
        2000080712  1052012      14.59     160.72  1
        2000080715  1199635      14.35     160.27  1
        2000080718  1333237      14.12     159.92  1
        2000080721  1457491      13.86     159.28  1
        2000080800  1617046      13.40     158.36  1
        2000080803  1800684      12.66     157.28  1
        2000080806  1951271      12.00     156.29  1
        2000080809  2121501      11.58     155.50  1
        2000080812  2327393      11.28     154.98  1
        2000080815  2632493      10.88     154.09  1
        2000080818  2782802      10.52     153.21  1
        2000080821  2906361      10.31     152.33  1
        2000080900  2996713      10.19     151.58  1
        2000080903  3203205      10.02     150.82  1
        2000080906  3348020      10.05     150.22  1
        2000080909  3479258      10.21     149.70  1
        2000080912  3638600      10.42     149.29  1
        2000080915  3792308      10.60     148.68  1
        2000080918  4025824      10.84     148.02  1
        2000080921  4147704      11.04     147.46  1
        2000081000  4275666      11.22     146.94  1
        2000081003  4455530      11.28     146.45  1
        2000081006  4549592      11.42     146.05  1
        2000081009  4658147      11.58     145.62  1
        2000081012  4814665      11.73     145.24  1
        2000081015  4909243      11.97     144.80  1
        2000081018  4965110      12.33     144.28  1
        2000081021  5020877      12.63     143.79  1
        2000081100  5091323      12.96     143.33  1
        2000081103  5120259      13.25     142.89  1
        2000081106  5069622      13.57     142.43  1
        2000081109  5025440      13.89     142.07  1
        2000081112  5041310      14.09     141.71  1
        2000081115  5057807      14.23     141.50  1
        2000081118  4969027      14.55     141.22  1
        2000081121  4923497      14.71     141.11  1
        2000081200  4898901      14.85     140.92  1
        2000081203  4929243      14.91     140.82  1
        2000081206  4905656      15.07     140.65  1
        2000081209  4882456      15.07     140.43  1
        2000081212  4858633      15.00     140.08  1
        2000081215  4888504      15.00     139.75  1
        2000081218  4846034      15.05     139.60  1
        2000081221  4696869      15.16     139.06  1
        2000081300  5056087      14.26     140.26  1
        2000081303  5249341      13.69     140.88  1
        2000081306  5130597      13.54     141.29  1
        2000081309  3615408      16.51     137.82  1
        2000081312  3247588      17.02     137.70  1
        2000081315  2861951      17.40     137.62  1
        2000081318  1354393      25.22     140.29  1
        2000081321  1038120      27.47     140.73  1
        2000081400   935649      29.41     141.64  1
        2000081403   714922      30.88     142.61  1
        2000081406   602929      31.93     143.71  1
        2000081409   563504      32.80     144.92  1
        2000081412   519031      33.41     145.94  1
        2000081415   517643      33.75     146.68  1
        2000081418   552893      34.06     147.44  1
        2000081421   673040      34.23     148.20  1
        2000081500   801415      34.35     148.85  1
        2000081503   828652      34.50     149.41  1
        2000081506   797029      34.61     149.67  1
        2000081509   795912      34.79     150.01  1
        2000081512   763817      34.84     150.32  1
        2000081515   720231      34.90     150.55  1
        2000081518   642122      35.08     151.04  1
        2000081521   578886      35.27     151.31  1
        2000081600   632241      35.46     151.41  1
        2000081603   658860      35.66     151.45  1
        2000081606   736627      35.92     151.41  1
        2000081609   801628      36.10     151.40  1
        2000081612   794659      36.24     151.48  1
        2000081615   784132      36.35     151.55  1
        2000081618   762248      36.49     151.59  1
        2000081621   734433      36.61     151.65  1
        2000081700   708144      36.78     151.71  1
        2000081703   645282      36.97     151.86  1
        2000081706   609104      37.10     151.96  1
        2000081709   592693      37.23     152.03  1
        2000081712   556684      37.37     152.14  1
        2000081715   494190      37.45     152.22  1
        2000081718   429953      37.54     152.29  1
        2000081721   379140      37.66     152.29  1
        2000081800   278429      37.94     152.25  1
LPT     6.0400
        2000082703   343312      14.51      92.98  1
        2000082706   408904      14.63      92.99  1
        2000082709   579283      14.90      93.06  1
        2000082712   716372      15.18      92.99  1
        2000082715   745203      15.25      93.23  1
        2000082718   819817      15.40      93.31  1
        2000082721   892865      15.54      93.26  1
        2000082800  1001942      15.73      93.29  1
        2000082803  1093563      15.95      93.49  1
        2000082806  1177126      16.11      93.68  1
        2000082809  1370135      16.58      93.79  1
        2000082812  1470507      16.97      93.90  1
        2000082815  1487253      17.17      94.17  1
        2000082818  1589228      17.46      94.27  1
        2000082821  1742144      17.74      94.22  1
        2000082900  1916226      17.99      94.18  1
        2000082903  2009363      18.22      94.04  1
        2000082906  2065158      18.44      94.00  1
        2000082909  2227457      18.76      93.83  1
        2000082912  2280323      18.96      93.61  1
        2000082915  2329472      19.09      93.60  1
        2000082918  2366388      19.20      93.40  1
        2000082921  2502774      19.47      92.82  1
        2000083000  2557620      19.60      92.50  1
        2000083003  2565282      19.75      92.24  1
        2000083006  2624625      19.93      92.00  1
        2000083009  2775425      20.21      91.73  1
        2000083012  2774593      20.38      91.56  1
        2000083015  2744713      20.43      91.55  1
        2000083018  2729740      20.47      91.47  1
        2000083021  2791079      20.54      91.28  1
        2000083100  2837509      20.45      91.19  1
        2000083103  2874634      20.42      91.12  1
        2000083106  2948641      20.36      91.15  1
        2000083109  2973297      20.35      91.18  1
        2000083112  2910071      20.38      91.17  1
        2000083115  2857709      20.36      91.21  1
        2000083118  2849056      20.36      91.28  1
        2000083121  3057395      20.49      91.29  1
        2000090100  3061197      20.41      91.41  1
        2000090103  3026630      20.37      91.43  1
        2000090106  3013312      20.35      91.46  1
        2000090109  3118072      20.38      91.62  1
        2000090112  3043726      20.30      91.73  1
        2000090115  3000735      20.28      91.79  1
        2000090118  2979346      20.26      91.81  1
        2000090121  3186676      20.38      91.75  1
        2000090200  3118917      20.24      91.92  1
        2000090203  3023050      20.16      91.98  1
        2000090206  3037277      20.06      92.17  1
        2000090209  3157182      20.07      92.61  1
        2000090212  3091874      20.01      92.84  1
        2000090215  3042653      19.94      93.07  1
        2000090218  3114346      20.04      93.30  1
        2000090221  3403012      20.18      93.74  1
        2000090300  3355511      20.08      94.02  1
        2000090303  3261112      20.14      94.19  1
        2000090306  3295398      20.17      94.62  1
        2000090309  6543908      18.50     108.04  1
        2000090312  6530429      18.49     108.12  1
        2000090315  6344529      18.42     108.35  2
        2000090318  6351645      18.41     108.45  2
        2000090321  6518073      18.47     108.32  2
        2000090400  6200718      18.22     108.98  2
        2000090403  6147232      18.25     108.82  1
        2000090406  6086880      18.25     108.93  1
        2000090409  6094216      18.27     108.86  1
        2000090412  5944222      18.19     109.05  1
        2000090415  5856146      18.30     108.60  1
        2000090418  5806442      18.32     108.70  1
        2000090421  5772705      18.33     108.54  1
        2000090500  5531625      18.13     108.97  1
        2000090503  5538927      18.13     108.74  1
        2000090506  5574473      18.11     108.83  1
        2000090509  5539273      18.23     108.76  1
        2000090512  5229929      18.18     108.71  1
        2000090515  5008662      18.32     108.27  1
        2000090518  4916883      18.42     108.38  1
        2000090521  4578914      18.43     108.40  1
        2000090600  3444971      18.20     107.20  1
        2000090603  3091761      18.09     107.25  1
        2000090606  1839405      16.75     114.09  1
        2000090609  1639616      16.62     114.33  1
        2000090612  1389198      16.50     114.56  1
        2000090615  1236608      16.54     114.53  1
        2000090618  1176662      16.67     114.60  1
        2000090621  1085149      16.90     114.62  1
        2000090700   969239      17.18     114.63  1
        2000090703   881525      17.49     114.69  1
        2000090706   776908      17.68     114.79  1
        2000090709   715811      17.88     114.84  1
        2000090712   666417      18.12     114.77  1
        2000090715   562476      18.28     114.71  1
        2000090718   513065      18.38     114.73  1
        2000090721   520112      18.48     114.66  1
        2000090800   495163      18.75     114.50  1
        2000090803   531734      18.97     114.35  1
        2000090806   545591      19.20     114.17  1
        2000090809   583914      19.29     113.86  1
        2000090812   479538      18.85     113.83  1
        2000090815   346470      18.53     113.90  1
        2000090818   327737      18.37     113.84  1
LPT     7.0100
        2000082300   322235      11.74     239.20  1
        2000082303   307846      11.76     239.04  1
        2000082312   383045      11.52     238.57  1
        2000082315   367233      11.46     238.32  1
        2000082318   361229      11.42     238.24  1
        2000082321   447584      11.39     238.27  1
        2000082400   494559      11.37     238.09  1
        2000082403   521109      11.34     237.97  1
        2000082406   578676      11.33     237.93  1
        2000082409   610506      11.32     237.92  1
        2000082412   652120      11.34     237.68  1
        2000082415   643814      11.33     237.23  1
        2000082418   619609      11.33     236.98  1
        2000082421   655250      11.31     236.74  1
        2000082500   603728      11.32     236.15  1
        2000082503   549215      11.32     235.60  1
        2000082506   590140      11.30     235.56  1
        2000082509   615851      11.32     235.47  1
        2000082512   546144      11.34     235.15  1
        2000082515   445418      11.34     234.60  1
        2000082518   443888      11.35     234.31  1
        2000082521   488533      11.38     234.05  1
        2000082600   541602      11.34     233.44  1
        2000082603   496860      11.38     232.95  1
        2000082606   471027      11.43     232.83  1
        2000082609   496737      11.45     232.70  1
        2000082612   629069      11.52     232.28  1
        2000082615   711505      11.54     231.63  1
        2000082618   791686      11.55     231.06  1
        2000082621  1024536      11.60     230.38  1
        2000082700  1220129      11.67     229.30  1
        2000082703  1373869      11.77     228.32  1
        2000082706  1571628      11.80     227.52  1
        2000082709  1678100      11.80     227.17  1
        2000082712  1959998      11.78     226.65  1
        2000082715  2085234      11.80     226.51  1
        2000082718  2190747      11.83     226.38  1
        2000082721  2372599      11.84     226.23  1
        2000082800  2424876      11.82     226.21  1
        2000082803  2461431      11.86     226.32  1
        2000082806  3153061      11.57     222.04  1
        2000082809  3219420      11.58     221.57  1
        2000082812  3374739      11.61     220.94  1
        2000082815  3456346      11.68     220.41  1
        2000082818  3470550      11.75     220.08  1
        2000082821  3460691      11.81     219.92  1
        2000082900  3361512      11.90     219.94  1
        2000082903  3212024      11.96     219.98  1
        2000082906  3100356      12.02     220.22  1
        2000082909  2793080      12.08     220.88  1
        2000082912  2280206      12.36     223.88  1
        2000082915  2094740      12.46     224.07  1
        2000082918  1921495      12.55     224.05  1
        2000082921  1778581      12.64     224.03  1
        2000083000  1548448      12.72     223.88  1
        2000083003  1299381      12.86     223.68  1
        2000083006  1067043      12.99     223.44  1
        2000083009   796332      13.21     223.15  1
        2000083012   670148      13.44     222.75  1
        2000083015   351891      13.80     222.21  1
LPT     8.0100
        2000090418   391825       9.29     153.54  1
        2000090421   448102       9.37     153.38  1
        2000090500   478278       9.57     153.27  1
        2000090503   557788       9.81     153.26  1
        2000090506   651554      10.08     153.10  1
        2000090509   743759      10.29     152.88  1
        2000090512   828179      10.51     152.46  1
        2000090515   774353      10.51     152.32  1
        2000090518  1047704      10.64     151.79  1
        2000090521  1230579      10.95     151.22  1
        2000090600  1407326      11.17     150.76  1
        2000090603  1601707      11.43     150.39  1
        2000090606  1815233      11.69     150.12  1
        2000090609  2036403      11.87     149.83  1
        2000090612  2709187      12.77     147.49  1
        2000090615  2712818      12.57     147.82  1
        2000090618  3277530      12.89     146.74  1
        2000090621  3507428      12.95     146.18  1
        2000090700  3545872      12.93     146.00  1
        2000090703  3712700      12.95     145.69  1
        2000090706  3857492      13.08     145.29  1
        2000090709  4025343      13.20     144.86  1
        2000090712  4187754      13.23     144.63  1
        2000090715  4127654      13.08     144.57  1
        2000090718  4538776      13.20     144.21  1
        2000090721  4734749      13.22     143.74  1
        2000090800  4804415      13.16     143.45  1
        2000090803  4905746      13.27     143.10  1
        2000090806  4883002      13.34     142.75  1
        2000090809  4860885      13.26     142.56  1
        2000090812  4945082      13.30     142.47  1
        2000090815  4842758      13.27     142.33  1
        2000090818  5021623      13.40     142.29  1
        2000090821  4948146      13.60     142.02  1
        2000090900  4891078      13.72     141.79  1
        2000090903  4897212      13.93     141.61  1
        2000090906  4922656      14.10     141.49  1
        2000090909  4869976      14.22     141.35  1
        2000090912  4854503      14.42     141.13  1
        2000090915  4735641      14.48     140.91  1
        2000090918  5087147      14.60     141.12  1
        2000090921  5077265      14.71     141.08  1
        2000091000  5012912      14.85     140.97  1
        2000091003  5133703      14.93     141.09  1
        2000091006  5181869      15.05     141.18  1
        2000091009  5089683      15.28     140.91  1
        2000091012  5050674      15.77     140.41  1
        2000091015  4944521      16.55     139.69  1
        2000091018  5519249      18.17     138.81  1
        2000091021  5684572      19.37     138.06  1
        2000091100  5659253      20.38     137.48  1
        2000091103  5840124      21.63     137.08  1
        2000091106  5875493      22.56     136.93  1
        2000091109  5878580      23.17     136.81  1
        2000091112  5860499      23.85     136.55  1
        2000091115  5534538      24.12     136.20  1
        2000091118  5740530      24.59     136.25  1
        2000091121  5654922      24.98     136.16  1
        2000091200  5501951      25.21     136.09  1
        2000091203  5192495      25.30     135.95  1
        2000091206  5046756      25.40     135.84  1
        2000091209  4902689      25.32     135.62  1
        2000091212  4871013      25.28     135.30  1
        2000091215  4647884      25.13     134.90  1
        2000091218  4844797      25.60     134.79  1
        2000091221  4785813      25.90     134.56  1
        2000091300  4729573      26.12     134.36  1
        2000091303  4735583      26.43     134.31  1
        2000091306  4744639      26.74     134.22  1
        2000091309  4713791      26.81     133.98  1
        2000091312  4739759      27.04     133.81  1
        2000091315  4579955      27.20     133.59  1
        2000091318  4765837      27.26     133.58  1
        2000091321  4490398      26.82     133.16  1
        2000091400  4295542      26.79     132.92  1
        2000091403  4158923      26.61     132.69  1
        2000091406  3820072      25.65     132.18  1
        2000091409  3600792      25.02     131.79  1
        2000091412  3491341      25.05     131.48  1
        2000091415  3210424      24.99     131.22  1
        2000091418  3320816      25.27     131.20  1
        2000091421  3348480      25.37     131.16  1
        2000091500  3385393      25.62     131.05  1
        2000091503  3409925      25.91     130.91  1
        2000091506  3527873      26.04     130.95  1
        2000091509  3572999      26.69     130.89  1
        2000091512  3613944      27.24     130.95  1
        2000091515  3433996      27.27     131.05  1
        2000091518  3572166      27.44     131.27  1
        2000091521  3379471      27.32     131.46  1
        2000091600  1447895      19.66     136.99  1
        2000091603  1388952      19.67     137.35  1
        2000091606  1330919      19.75     137.62  1
        2000091609  1277701      19.87     137.87  1
        2000091612  1214996      20.00     138.10  1
        2000091615  1099803      20.10     138.28  1
        2000091618  1070934      20.18     138.49  1
        2000091621   921418      20.49     138.86  1
        2000091700   845410      20.63     139.04  1
        2000091703   767668      20.87     139.24  1
        2000091706   642112      21.22     139.54  1
        2000091709   498108      21.46     139.82  1
        2000091712   336041      21.64     140.02  1
LPT     9.0100
        2000091300   525259       0.86      68.28  1
        2000091303   773859       0.85      68.60  1
        2000091306   890404       0.84      68.91  1
        2000091309  1016974       0.83      69.08  1
        2000091312  1136571       0.81      69.27  1
        2000091315  1233804       0.74      69.51  1
        2000091318  1310170       0.69      69.81  1
        2000091321  1547741       0.42      70.31  1
        2000091400  1473667       0.22      70.25  1
        2000091403  1566997       0.10      70.59  1
        2000091406  1596326      -0.06      71.05  1
        2000091409  1750584      -0.21      71.59  1
        2000091412  1908646      -0.32      72.07  1
        2000091415  2047461      -0.47      72.53  1
        2000091418  2302791      -0.60      73.45  1
        2000091421  3391725      -0.76      77.51  1
        2000091500  3638573      -0.85      78.43  1
        2000091503  3865382      -0.88      79.21  1
        2000091506  4190671      -0.86      80.08  1
        2000091509  4473378      -0.87      80.71  1
        2000091512  4594193      -0.91      81.10  1
        2000091515  4711103      -0.93      81.43  1
        2000091518  4817909      -0.98      81.82  1
        2000091521  5113254      -1.22      82.16  1
        2000091600  4999457      -1.26      82.81  1
        2000091603  5099827      -1.26      83.12  1
        2000091606  5186179      -1.29      83.48  1
        2000091609  5329637      -1.28      83.65  1
        2000091612  5413842      -1.25      83.76  1
        2000091615  5502608      -1.26      83.78  1
        2000091618  5682895      -1.26      83.66  1
        2000091621  6043484      -1.30      83.29  1
        2000091700  6002005      -1.21      83.17  1
        2000091703  6117393      -1.09      83.25  1
        2000091706  6253461      -0.96      83.33  1
        2000091709  6413913      -0.85      83.26  1
        2000091712  6411459      -0.75      83.20  1
        2000091715  6397527      -0.65      83.22  1
        2000091718  6450333      -0.58      83.29  1
        2000091721  6537586      -0.54      83.29  1
        2000091800  6284177      -0.47      83.25  1
        2000091803  6236377      -0.40      83.31  1
        2000091806  6213669      -0.38      83.38  1
        2000091809  6227921      -0.37      83.41  1
        2000091812  6180764      -0.35      83.47  1
        2000091815  6232349      -0.31      83.66  1
        2000091818  6302384      -0.29      83.95  1
        2000091821  6418018      -0.25      84.27  1
        2000091900  6357800       0.01      84.70  1
        2000091903  6362359       0.06      85.01  1
        2000091906  6363946       0.04      85.03  1
        2000091909  6393436       0.10      85.12  1
        2000091912  6315374       0.15      85.20  1
        2000091915  6269427       0.14      85.30  1
        2000091918  6153707       0.13      85.39  1
        2000091921  6024643       0.14      85.67  1
        2000092000  5648273       0.30      86.63  1
        2000092003  5445083       0.34      87.05  1
        2000092006  5368795       0.27      87.11  1
        2000092009  5283375       0.23      87.31  1
        2000092012  5093332       0.14      87.82  1
        2000092015  5012538       0.05      88.23  1
        2000092018  4926969      -0.14      88.64  1
        2000092021  4874560      -0.31      89.00  1
        2000092100  4596741      -0.38      89.42  1
        2000092103  4350088      -0.51      89.83  1
        2000092106  4146278      -0.75      90.17  1
        2000092109  4060481      -0.83      90.45  1
        2000092112  3833123      -0.99      90.71  1
        2000092115  3697421      -1.16      90.81  1
        2000092118  3551478      -1.40      90.89  1
        2000092121  3437191      -1.60      90.89  1
        2000092200  3271381      -1.71      91.06  1
        2000092203  3008473      -1.94      91.23  1
        2000092206  2792633      -2.08      91.36  1
        2000092209  2692280      -2.07      91.75  1
        2000092212  2506613      -2.17      92.02  1
        2000092215  2332536      -2.30      92.19  1
        2000092218  2079241      -2.46      92.26  1
        2000092221  2080547      -2.43      92.41  1
        2000092300  2112880      -2.29      92.65  1
        2000092303  2052774      -2.66      92.06  1
        2000092306  2112723      -2.81      91.58  1
        2000092309  2133167      -2.52      91.65  1
        2000092312  2043678      -2.89      90.96  1
        2000092315  1839252      -3.29      90.29  1
        2000092318  1033610      -7.68      84.92  1
        2000092321  1010210      -7.87      84.63  1
        2000092400   923657      -7.97      84.39  1
        2000092403   880418      -8.18      84.12  1
        2000092406   861689      -8.36      83.88  1
        2000092409   797997      -8.53      83.59  1
        2000092412   711329      -8.76      83.40  1
        2000092415   682897      -8.86      83.14  1
        2000092418   601672      -9.10      82.97  1
        2000092421   570183      -9.25      82.79  1
        2000092500   498954      -9.50      82.70  1
        2000092503   448511      -9.64      82.51  1
        2000092506   456897      -9.61      82.32  1
        2000092509   472103      -9.61      82.27  1
        2000092512   443338      -9.48      82.12  1
        2000092515   444376      -9.24      81.94  1
        2000092518  2421231       0.68      75.77  1
        2000092521  2883995       1.47      75.16  1
        2000092600  3185334       2.08      74.71  1
        2000092603  3007090       3.37      73.92  1
        2000092606  3124988       3.50      73.67  1
        2000092609  3215752       3.77      73.54  1
        2000092612  3254166       3.83      73.50  1
        2000092615  3263360       4.05      73.30  1
        2000092618  3258820       4.29      73.12  1
        2000092621  3411435       4.42      73.03  1
        2000092700  3571614       4.82      72.70  1
        2000092703  3584027       5.30      72.35  1
        2000092706  3568957       5.75      71.95  1
        2000092709  3587819       6.23      71.52  1
        2000092712  3475817       6.65      71.08  1
        2000092715  3354385       6.90      70.78  1
        2000092718  3224467       7.29      70.39  1
        2000092721  3151753       7.44      70.15  1
        2000092800  3069562       7.64      69.87  1
        2000092803  2908420       7.81      69.56  1
        2000092806  2737393       8.15      69.21  1
        2000092809  2595638       8.43      68.92  1
        2000092812  2332878       8.90      68.44  1
        2000092815  2154627       9.24      68.03  1
        2000092818  1999649       9.52      67.64  1
        2000092821  1822993       9.77      67.29  1
        2000092900  1633104      10.11      66.96  1
        2000092903  1461788      10.43      66.67  1
        2000092906  1318195      10.69      66.45  1
        2000092909  1158767      10.97      66.30  1
        2000092912  1012381      11.28      66.14  1
        2000092915   886054      11.51      65.91  1
        2000092918   784145      11.72      65.68  1
        2000092921   694424      11.94      65.45  1
        2000093000   539901      12.16      65.09  1
LPT    10.0100
        2000091815   353953      13.92     178.43  1
        2000091818   602219      13.87     178.48  1
        2000091821   770078      13.89     178.34  1
        2000091900  1013491      13.92     178.34  1
        2000091903  1269768      14.04     178.26  1
        2000091906  1510269      14.12     178.37  1
        2000091909  1799773      14.11     178.77  1
        2000091912  2065010      14.21     178.74  1
        2000091915  2247495      14.26     178.68  1
        2000091918  2351557      14.44     178.24  1
        2000091921  2417261      14.63     177.87  1
        2000092000  2553488      14.82     177.66  1
        2000092003  2610961      15.10     177.20  1
        2000092006  2597178      15.36     176.69  1
        2000092009  2574636      15.60     176.26  1
        2000092012  2535252      15.90     175.76  1
        2000092015  2522122      16.11     175.37  1
        2000092018  2530255      16.39     174.89  1
        2000092021  2422220      16.88     174.17  1
        2000092100  2343673      17.33     173.53  1
        2000092103  2321562      17.62     173.06  1
        2000092106  2269675      17.94     172.46  1
        2000092109  2281853      18.19     172.14  1
        2000092112  2362781      18.41     171.90  1
        2000092115  2359591      18.64     171.64  1
        2000092118  2332091      18.99     171.23  1
        2000092121  2291072      19.31     170.89  1
        2000092200  2294473      19.53     170.67  1
        2000092203  2260484      19.77     170.44  1
        2000092206  2190000      20.04     170.11  1
        2000092209  2130641      20.29     169.83  1
        2000092212  2064832      20.51     169.57  1
        2000092215  1945515      20.81     169.27  1
        2000092218  1919151      21.11     169.05  1
        2000092221  1901234      21.38     168.89  1
        2000092300  1864831      21.80     168.72  1
        2000092303  1817483      22.35     168.49  1
        2000092306  1754771      22.95     168.22  1
        2000092309  1718504      23.50     168.09  1
        2000092312  1715125      24.21     167.99  1
        2000092315  1695258      24.74     167.92  1
        2000092318  1716439      25.49     167.92  1
        2000092321  1786358      26.43     168.09  1
        2000092400  1912319      28.02     168.41  1
        2000092403  2262951      30.96     169.31  1
        2000092406  2520154      32.98     170.06  1
        2000092409  2933721      35.64     171.09  1
        2000092412  3013815      36.81     171.52  1
        2000092415  2926355      37.68     171.85  1
        2000092418  2984006      38.37     172.20  1
        2000092421  3041612      39.13     172.71  1
        2000092500  2945778      39.53     172.88  1
        2000092503  2841645      39.89     173.05  1
        2000092506  2793505      40.22     173.31  1
        2000092509  2747131      40.53     173.57  1
        2000092512  2657179      40.82     173.75  1
        2000092515  2571972      41.03     173.91  1
        2000092518  2547604      41.22     174.09  1
        2000092521  2472520      41.46     174.34  1
        2000092600  2378313      41.72     174.52  1
        2000092603  2265652      42.00     174.72  1
        2000092606  2141709      42.33     174.95  1
        2000092609  2067369      42.58     175.12  1
        2000092612  1977639      42.80     175.27  1
        2000092615  1840625      43.15     175.45  1
        2000092618  1772094      43.33     175.54  1
        2000092621  1584295      43.75     175.69  1
        2000092700  1413838      44.20     175.91  1
        2000092703  1157991      44.74     175.98  1
        2000092706   780539      45.55     176.11  1
        2000092709   488479      46.56     176.17  1
LPT    11.0100
        2000092509   402917       4.11     284.70  1
        2000092512   512157       4.22     284.42  1
        2000092515   601192       4.51     284.04  1
        2000092518   884963       4.39     283.89  1
        2000092521  1268007       3.90     284.09  1
        2000092600  1428880       4.08     283.46  1
        2000092603  1498719       4.49     282.77  1
        2000092606  1628886       5.06     282.08  1
        2000092609  1723575       5.54     281.51  1
        2000092612  1765686       5.81     281.07  1
        2000092615  1680564       6.38     280.22  1
        2000092618  1743561       6.50     280.11  1
        2000092621  1780076       6.99     279.43  1
        2000092700  1502029       7.98     277.45  1
        2000092703  1067557      10.32     273.21  1
        2000092706  1091577      10.81     272.03  1
        2000092709  1133896      11.22     271.04  1
        2000092712  1152171      11.73     269.86  1
        2000092715  1099595      12.19     268.70  1
        2000092718  1065766      12.52     267.92  1
        2000092721  1126197      12.82     267.53  1
        2000092800  1182600      13.13     267.10  1
        2000092803  1200593      13.43     266.71  1
        2000092806  1246523      13.68     266.40  1
        2000092809  1324828      13.88     266.13  1
        2000092812  1408038      13.99     265.99  1
        2000092815  1438951      14.20     265.69  1
        2000092818  1510420      14.37     265.48  1
        2000092821  1584570      14.56     265.43  1
        2000092900  1625087      14.64     265.42  1
        2000092903  1657480      14.61     265.46  1
        2000092906  1747105      14.52     265.87  1
        2000092909  1928007      14.27     266.82  1
        2000092912  2118966      14.00     268.07  1
        2000092915  2434045      13.84     268.90  1
        2000092918  2670651      13.69     269.47  1
        2000092921  2929846      13.54     270.15  1
        2000093000  3024563      13.51     270.29  1
        2000093003  3105399      13.46     270.56  1
        2000093006  3183495      13.38     270.81  1
        2000093009  3296776      13.37     271.27  1
        2000093012  3448618      13.37     271.45  1
        2000093015  3505737      13.30     271.63  1
        2000093018  3544741      13.33     271.95  1
        2000093021  3679949      13.39     272.13  1
        2000100100  3758178      13.41     272.03  1
        2000100103  3780255      13.39     271.85  1
        2000100106  3865590      13.52     271.85  1
        2000100109  4211870      14.47     272.76  1
        2000100112  4452660      15.03     273.30  1
        2000100115  4417683      15.23     273.45  1
        2000100118  4400554      15.78     273.85  1
        2000100121  4442641      16.50     274.49  1
        2000100200  4288469      17.05     274.91  1
        2000100203  4126551      17.59     275.19  1
        2000100206  3942792      18.02     275.59  1
        2000100209  3908950      18.93     276.47  1
        2000100212  3751441      19.96     277.62  1
        2000100215  3659954      20.69     278.40  1
        2000100218  3647545      21.30     279.03  1
        2000100221  3687022      21.85     279.55  1
        2000100300  3691429      22.53     280.12  1
        2000100303  3596093      22.91     280.41  1
        2000100306  3446622      22.94     280.28  1
        2000100309  3587868      23.43     280.63  1
        2000100312  3461316      23.60     280.64  1
        2000100315  3189308      23.62     280.55  1
        2000100318  2238873      19.17     275.68  1
        2000100321  2287900      19.29     275.65  1
        2000100400  2149463      19.12     275.23  1
        2000100403  2093921      19.36     275.30  1
        2000100406  2080396      19.34     275.09  1
        2000100409  2071200      19.54     275.16  1
        2000100412  1909985      19.61     275.17  1
        2000100415  1732568      19.85     275.22  1
        2000100418  1624124      20.04     275.17  1
        2000100421  1619381      20.06     274.98  1
        2000100500  1363539      20.07     274.66  1
        2000100503   577095      16.44     269.40  1
        2000100506   599149      16.49     268.59  1
        2000100509   521110      16.33     267.98  1
        2000100512   493127      16.26     267.22  1
        2000100515   452541      16.18     266.71  1
        2000100518   440147      16.09     266.33  1
        2000100521   471804      16.19     265.82  1
        2000100600   541537      16.18     265.46  1
        2000100603   644314      16.04     265.18  1
        2000100606   818096      15.99     264.78  1
        2000100609   850994      15.93     264.12  1
        2000100612   823798      15.87     263.57  1
        2000100615   779729      15.93     263.50  1
        2000100618   694733      16.04     263.48  1
        2000100621   691504      16.11     263.36  1
        2000100700   633945      16.24     263.19  1
        2000100703   626219      16.34     263.02  1
        2000100706   591751      16.47     262.85  1
        2000100709   506863      16.66     262.46  1
        2000100712   334173      16.85     262.14  1
LPT    12.0100
        2000092809   413221      13.88      99.51  1
        2000092812   626048      13.31      98.63  1
        2000092815   967187      12.62      97.88  1
        2000092818  1549616      11.01      96.89  1
        2000092821  2213671      10.33      96.41  1
        2000092900  2583458       9.97      96.27  1
        2000092903  2827614       9.86      96.25  1
        2000092906  3110291       9.77      96.09  1
        2000092909  3518038       9.80      96.17  1
        2000092912  3560381       9.72      95.96  1
        2000092915  3595354       9.38      95.59  1
        2000092918  3806754       9.01      95.42  1
        2000092921  4067464       8.61      95.26  1
        2000093000  4288986       8.48      95.08  1
        2000093003  4423979       8.34      94.92  1
        2000093006  4580485       8.24      94.81  1
        2000093009  4899505       8.30      94.99  1
        2000093012  4915645       8.22      94.78  1
        2000093015  4913723       8.10      94.61  1
        2000093018  4999484       7.97      94.46  1
        2000093021  5159361       7.95      94.35  1
        2000100100  5346273       8.11      94.19  1
        2000100103  5377245       8.31      93.99  1
        2000100106  5499661       8.46      93.89  1
        2000100109  5601599       8.57      93.73  1
        2000100112  5485838       8.50      93.46  1
        2000100115  5453648       8.45      93.31  1
        2000100118  5505761       8.49      93.16  1
        2000100121  5555931       8.71      93.02  1
        2000100200  5625955       8.66      93.01  1
        2000100203  5877116       8.78      93.21  1
        2000100206  6115905       9.03      93.28  1
        2000100209  6324685       9.30      93.37  1
        2000100212  5763915       9.39      92.90  1
        2000100215  2089052       2.16     100.14  1
        2000100218  1914142       2.12      99.95  1
        2000100221  1631818       1.92      99.90  1
        2000100300  1358413       1.98     100.48  1
        2000100303  1138548       2.30     101.71  1
        2000100306   776957       3.61     104.70  1
        2000100309   504416       4.57     107.24  1
        2000100315   354314       4.48     108.81  1
        2000100318   388195       4.49     109.02  1
        2000100321   422908       4.38     109.48  1
        2000100400   414515       4.24     110.04  1
        2000100403   360629       4.15     110.85  1
        2000100406   429955       4.16     111.31  1
        2000100409   575514       4.19     111.43  1
        2000100412   552425       4.17     111.75  1
        2000100415   528500       4.24     112.11  1
        2000100418   598387       4.48     112.46  1
        2000100421   638026       4.91     113.13  1
        2000100500   681538       5.24     113.41  1
        2000100503   795067       5.44     113.68  1
        2000100506   915534       5.57     113.50  1
        2000100509   977676       5.63     113.55  1
        2000100512  1032991       5.63     113.68  1
        2000100515  1063748       5.61     113.55  1
        2000100518  1329443       5.65     113.09  1
        2000100521  1640618       5.58     112.57  1
        2000100600  2514103       5.80     108.92  1
        2000100603  2568697       6.07     109.21  1
        2000100606  2695548       6.28     109.13  1
        2000100609  2875744       6.52     108.28  1
        2000100612  2911651       6.64     108.02  1
        2000100615  2767599       6.76     108.21  1
        2000100618  2588874       6.90     108.81  1
        2000100621  2486296       6.97     109.83  1
        2000100700  2419666       7.21     110.41  1
        2000100703  2383322       7.53     110.68  1
        2000100706  2467067       7.81     110.75  1
        2000100709  2462837       7.99     110.65  1
        2000100712  2364759       8.07     111.00  1
        2000100715  2307888       8.15     111.18  1
        2000100718  2783603       7.56     113.55  1
        2000100721  3189432       7.11     115.15  1
        2000100800  3445316       7.10     115.57  1
        2000100803  3506472       7.06     115.90  1
        2000100806  3667531       7.04     116.36  1
        2000100809  3618702       7.09     116.56  1
        2000100812  3622879       7.14     116.72  1
        2000100815  3624976       7.16     116.85  1
        2000100818  3929698       7.26     117.33  1
        2000100821  4179642       7.46     117.62  1
        2000100900  4274263       7.69     117.91  1
        2000100903  4406265       7.74     118.54  1
        2000100906  4552183       7.90     118.91  1
        2000100909  4691719       8.12     118.97  1
        2000100912  4825058       8.26     119.15  1
        2000100915  4877776       8.27     119.29  1
        2000100918  5125651       8.41     119.32  1
        2000100921  5280901       8.54     119.21  1
        2000101000  5202353       8.74     118.84  1
        2000101003  5129775       8.91     118.54  1
        2000101006  5192162       8.97     118.34  1
        2000101009  5079336       9.16     117.88  1
        2000101012  5155033       9.28     117.32  1
        2000101015  5106395       9.48     116.43  1
        2000101018  5333404       9.44     116.55  1
        2000101021  5515449       9.58     116.16  1
        2000101100  5494034       9.70     116.09  1
        2000101103  5373745       9.76     116.27  1
        2000101106  5508818       9.71     116.72  1
        2000101109  5347139       9.83     116.90  1
        2000101112  5267225       9.82     117.37  1
        2000101115  4975229       9.96     117.39  1
        2000101118  4964031      10.21     117.40  1
        2000101121  4681547      10.54     116.54  1
        2000101200  4073946      10.96     115.34  1
        2000101203  3526037      11.40     113.30  2
        2000101206  3303760      11.93     111.50  2
        2000101209  3252303      12.08     112.00  2
        2000101212  3398142      11.88     115.05  2
        2000101215  3245875      12.18     113.93  2
        2000101218  3846056      11.97     115.52  2
        2000101221  3879775      12.05     115.23  2
        2000101300  3784845      12.29     114.25  2
        2000101303  4045895      12.39     114.14  2
        2000101306  4333303      12.35     114.71  2
        2000101309  4334851      12.60     114.72  2
        2000101312  4236025      13.08     113.81  2
        2000101315  3916235      13.93     111.21  2
        2000101318  4402881      13.70     111.97  2
        2000101321  4698407      13.85     111.02  2
        2000101400  5035629      13.74     111.06  2
        2000101403  5425229      13.63     111.35  2
        2000101406  5676894      13.47     111.22  2
        2000101409  5807642      13.52     111.13  2
        2000101412  5975099      13.42     111.10  2
        2000101415  6239600      13.31     111.50  2
        2000101418  6722154      13.16     112.24  1
        2000101421  6675481      13.17     111.87  2
        2000101500  6456022      13.39     110.96  2
        2000101503  6257810      13.59     110.17  2
        2000101506  6005682      13.80     110.00  2
        2000101509  5639492      14.05     109.92  2
        2000101512  4117394      14.84     115.72  2
        2000101515  3854948      15.04     115.84  2
        2000101518  4020923      14.87     116.87  1
        2000101521  3874013      14.98     116.65  1
        2000101600  3903700      14.95     117.03  1
        2000101603  3913119      14.94     116.93  1
        2000101606  3746157      14.93     116.85  1
        2000101609  3533392      14.99     116.37  1
        2000101612  3220133      15.09     115.65  1
        2000101615  2267373      16.72     111.60  1
        2000101618  2223665      16.25     111.78  1
        2000101621  2136740      15.85     111.79  1
        2000101700  1953830      15.29     111.81  1
        2000101703  1826057      14.68     111.77  1
        2000101706  1656557      13.87     111.98  1
        2000101709  1586896      13.17     112.50  1
        2000101712  1546743      12.24     113.21  1
        2000101715  1526614      11.95     112.84  1
        2000101718  1566791      11.63     112.44  1
        2000101721  1574557      11.32     112.13  1
        2000101800  1800082      10.87     112.07  1
        2000101803  1924969      10.51     111.77  1
        2000101806  2086171      10.17     111.52  1
        2000101809  2130487       9.81     111.27  1
        2000101812  2158204       9.75     111.02  1
        2000101815  2095638       9.66     110.63  1
        2000101818  2284608       9.62     110.46  1
        2000101821  2394121       9.50     109.96  1
        2000101900  2523342       9.03     109.45  1
        2000101903  2601153       8.49     108.98  1
        2000101906  4293907       4.58     100.50  1
        2000101909  4355065       4.28     100.14  1
        2000101912  4344095       3.87      99.64  1
        2000101915  4135538       3.56      99.26  1
        2000101918  4105248       3.37      98.93  1
        2000101921  4053102       3.24      98.31  1
        2000102000  3966154       3.49      98.43  1
        2000102003  3002833       0.38      95.00  1
        2000102006  2804542      -0.06      94.09  1
        2000102009  2701270      -0.19      93.56  1
        2000102012  2642633      -0.29      93.06  1
        2000102015  2529161      -0.33      92.30  1
        2000102018  2549161      -0.21      92.25  1
        2000102021  2498162      -0.12      92.13  1
        2000102100  2525762       0.10      92.27  1
        2000102103  2389893       0.28      92.35  1
        2000102106  2310217       0.51      92.37  1
        2000102109  2222905       0.85      92.71  1
        2000102112  2198692       1.09      92.81  1
        2000102115  2075019       1.37      93.03  1
        2000102118  1968328       1.63      93.46  1
        2000102121  1770528       2.02      93.84  1
        2000102200  1694451       2.35      94.05  1
        2000102203  1541977       2.85      94.09  1
        2000102206  1548148       3.30      93.98  1
        2000102209  1577328       3.77      94.06  1
        2000102212  1598382       4.02      94.03  1
        2000102215  1572332       4.38      93.89  1
        2000102218  1577123       4.66      93.86  1
        2000102221  1529499       5.02      93.77  1
        2000102300  1409684       5.41      93.52  1
        2000102303  1285133       5.91      93.22  1
        2000102306  1189642       6.46      92.92  1
        2000102309  1108793       7.01      92.73  1
        2000102312  1012391       7.33      92.51  1
        2000102315   967516       7.57      92.49  1
        2000102318   849980       7.82      92.57  1
        2000102321   689847       8.01      92.68  1
        2000102400   652031       8.23      92.64  1
        2000102403   474263       8.64      92.55  1
        2000102406   390707       8.96      92.56  1
        2000102409   324879       9.20      92.71  1
LPT    13.0100
        2000101521   482097       7.24     174.98  1
        2000101600   604947       7.05     173.78  1
        2000101603   688624       6.94     172.48  1
        2000101606   763158       6.81     171.55  1
        2000101609   871280       6.79     170.79  1
        2000101612   999342       6.77     170.14  1
        2000101615  1188848       6.69     169.43  1
        2000101618  1329096       6.68     169.02  1
        2000101621  1446966       6.71     168.46  1
        2000101700  1466718       6.73     167.93  1
        2000101703  1484153       6.76     167.49  1
        2000101706  1537444       6.85     166.95  1
        2000101709  1585350       6.94     166.41  1
        2000101712  1598071       7.02     165.93  1
        2000101715  1593108       7.14     165.08  1
        2000101718  1537457       7.31     164.28  1
        2000101721  1539305       7.44     163.49  1
        2000101800  1511954       7.61     162.79  1
        2000101803  1431229       7.74     162.07  1
        2000101806  1338609       8.00     161.47  1
        2000101809  1300757       8.12     161.12  1
        2000101812  1288135       8.23     160.86  1
        2000101815  1339334       8.19     160.61  1
        2000101818  1377321       7.98     160.37  1
        2000101821  1419604       7.62     160.04  1
        2000101900  1413269       7.15     159.74  1
        2000101903  1416921       6.60     159.43  1
        2000101906  1492554       5.62     158.92  1
        2000101909  1710371       4.31     158.11  1
        2000101912  1912440       3.23     157.29  1
        2000101915  1980845       2.61     156.75  1
        2000101918  2053114       1.88     156.11  1
        2000101921  2144325       1.36     155.66  1
        2000102000  2118604       0.61     155.16  1
        2000102003  2176034       0.24     154.83  1
        2000102006  2191012       0.07     154.69  1
        2000102009  2070835      -0.26     154.55  1
        2000102012  1962742      -0.57     154.43  1
        2000102015  2062855      -0.33     154.66  1
        2000102018  2022938      -0.29     154.82  1
        2000102021  1999153      -0.14     155.02  1
        2000102100  1916941      -0.19     155.05  1
        2000102103  1894720      -0.09     155.05  1
        2000102106  1891678       0.18     155.17  1
        2000102109  1838604       0.33     155.17  1
        2000102112  1731619       0.37     155.07  1
        2000102115  1657777       0.33     154.88  1
        2000102118  1483003       0.26     154.56  1
        2000102121  1274200       0.09     154.13  1
        2000102200   942653      -0.05     153.81  1
        2000102203   580778       0.16     153.55  1
        2000102206   380038       0.64     153.26  1
        2000102209   348327       1.24     152.84  1
        2000102212   449382       1.70     152.16  1
        2000102215   577403       2.00     151.49  1
        2000102218   835802       2.06     151.13  1
        2000102221  1057739       2.29     151.05  1
        2000102300  1222315       2.69     151.05  1
        2000102303  1418607       2.80     150.77  1
        2000102306  1648350       2.57     150.07  1
        2000102309  1875025       2.30     149.25  1
        2000102312  2096311       2.05     148.48  1
        2000102315  2437815       1.77     147.44  1
        2000102318  2714546       1.65     146.39  1
        2000102321  4416795       1.63     137.76  1
        2000102400  4540137       1.69     137.19  1
        2000102403  4859124       1.80     136.97  1
        2000102406  5077301       1.97     137.01  1
        2000102409  5580800       2.06     135.80  1
        2000102412  5773772       2.15     135.73  1
        2000102415  5906767       2.29     136.06  1
        2000102418  6180827       2.33     135.57  1
        2000102421  6564076       2.29     134.30  1
        2000102500  6726387       2.28     133.61  1
        2000102503  6716130       2.27     133.47  1
        2000102506  6841314       2.23     133.00  1
        2000102509  6874591       2.20     132.16  1
        2000102512  6892702       2.26     131.53  1
        2000102515  6811677       2.29     130.77  1
        2000102518  6649733       2.37     130.08  1
        2000102521  6561793       2.51     129.54  1
        2000102600  6408457       2.65     128.93  1
        2000102603  6206649       2.88     129.19  1
        2000102606  4772339       4.12     135.41  1
        2000102609  4817801       4.36     135.26  1
        2000102612  4908507       4.57     135.29  1
        2000102615  5222315       4.67     135.51  1
        2000102618  5609913       4.88     136.17  1
        2000102621  5811543       5.09     136.37  1
        2000102700  5975464       5.23     136.79  1
        2000102703  6116648       5.38     136.77  1
        2000102706  6147190       5.47     137.05  1
        2000102709  6142179       5.57     136.79  1
        2000102712  6089799       5.69     136.51  1
        2000102715  6130596       5.75     136.19  1
        2000102718  6136689       5.76     135.91  1
        2000102721  6155791       5.82     135.38  1
        2000102800  6122423       5.82     135.08  1
        2000102803  6155328       5.79     134.97  1
        2000102806  6187299       5.81     134.93  1
        2000102809  6088673       5.89     134.84  1
        2000102812  5964335       5.94     134.98  1
        2000102815  5857243       5.94     135.19  1
        2000102818  5798345       5.97     135.25  1
        2000102821  5793463       6.00     135.26  1
        2000102900  5692172       6.06     135.21  1
        2000102903  5675047       6.08     135.11  1
        2000102906  5507933       6.17     134.87  1
        2000102909  5307148       6.18     134.71  2
        2000102912  5128576       6.25     134.55  2
        2000102915  4992092       6.35     134.34  2
        2000102918  4747031       6.57     134.02  2
        2000102921  4552524       6.93     133.35  2
        2000103000  4325306       7.34     132.76  2
        2000103003  4080536       7.78     131.81  2
        2000103006  3957078       8.17     131.30  2
        2000103009  3860255       8.83     130.31  2
        2000103012  3766378       9.31     129.77  2
        2000103015  3712277       9.73     129.33  2
        2000103018  3717890      10.35     128.69  2
        2000103021  3723476      11.03     127.86  2
        2000103100  3678315      11.95     126.89  2
        2000103103  3593907      12.86     125.81  2
        2000103106  3508191      13.89     124.71  2
        2000103109  3533215      14.77     123.78  2
        2000103112  3605440      15.37     123.37  2
        2000103115  3778066      15.89     123.26  2
        2000103118  3991776      16.31     122.90  2
        2000103121  4128465      16.58     122.51  2
        2000110100  4312323      16.94     122.52  2
        2000110103  4599592      16.87     122.74  1
        2000110106  4762005      16.84     122.96  1
        2000110109  4847539      16.94     123.08  1
        2000110112  4852581      17.10     123.28  1
        2000110115  4946691      17.02     123.60  1
        2000110118  4989585      17.07     123.79  1
        2000110121  4944489      17.25     123.96  1
        2000110200  4824441      17.43     124.14  1
        2000110203  4704490      17.54     124.21  1
        2000110206  4599824      17.68     124.36  1
        2000110209  4494285      17.74     124.33  1
        2000110212  4317389      17.83     124.34  1
        2000110215  4174072      17.81     124.26  1
        2000110218  4052704      17.72     124.11  1
        2000110221  3803515      17.77     124.04  1
        2000110300  3519884      17.66     124.08  1
        2000110303  3095158      17.50     124.08  1
        2000110306  2842144      17.25     124.15  1
        2000110309  2519055      16.80     124.10  1
        2000110312  2140689      16.12     124.16  1
        2000110315  1809030      15.26     124.20  1
        2000110318  1505657      14.53     124.17  1
        2000110321  1273349      14.16     124.15  1
        2000110400  1197238      14.30     123.95  1
        2000110403  1119874      14.40     123.67  1
        2000110406  1052853      14.53     123.39  1
        2000110409  1005484      14.76     123.07  1
        2000110412   953797      14.98     122.88  1
        2000110415   917883      15.19     122.72  1
        2000110418   818097      15.58     122.41  1
        2000110421   728134      16.01     122.11  1
        2000110500   620186      16.37     121.80  1
        2000110503   465868      16.79     121.54  1
LPT    14.0100
        2000111018   713668      -3.55      78.54  1
        2000111021  1214105      -3.59      78.40  1
        2000111100  1361889      -3.51      78.14  1
        2000111103  1445846      -3.42      77.89  1
        2000111106  1505145      -3.36      77.71  1
        2000111109  1543067      -3.18      77.50  1
        2000111112  1458735      -2.96      77.18  1
        2000111115  1387887      -2.99      77.18  1
        2000111118  1323987      -3.00      77.18  1
        2000111121  1440613      -3.24      77.60  1
        2000111200  1390104      -3.53      78.04  1
        2000111203  1373361      -3.90      78.45  1
        2000111206  1236886      -4.13      78.60  1
        2000111209  1354150      -4.33      78.78  1
        2000111212  1379965      -4.51      78.82  1
        2000111215  1555385      -4.75      79.08  1
        2000111218  1597572      -5.08      79.28  1
        2000111221  1770016      -5.16      79.21  1
        2000111300  1727081      -5.43      79.35  1
        2000111303  1678263      -5.61      79.40  1
        2000111306  1503243      -5.69      79.40  1
        2000111309  1331534      -5.99      79.58  1
        2000111312  1250443      -6.25      80.07  1
        2000111315  1067235      -6.65      80.77  1
        2000111318   785661      -7.36      81.66  1
        2000111321   799436      -7.36      82.33  1
        2000111400   802186      -7.08      82.85  1
        2000111403   949597      -6.46      83.33  1
        2000111406  1167562      -5.96      83.59  1
        2000111409  1439286      -5.53      83.68  1
        2000111412  1603299      -5.32      83.53  1
        2000111415  1791870      -5.13      83.26  1
        2000111418  1990755      -5.11      82.91  1
        2000111421  2226867      -5.02      82.46  1
        2000111500  3661529      -4.35      75.45  1
        2000111503  4020744      -4.18      74.60  1
        2000111506  4342694      -4.03      74.17  1
        2000111509  4684930      -3.92      74.06  1
        2000111512  4813753      -3.78      73.92  1
        2000111515  4920211      -3.69      74.17  1
        2000111518  4906958      -3.59      74.26  1
        2000111521  4998213      -3.51      74.67  1
        2000111600  4934656      -3.46      75.06  1
        2000111603  4730810      -3.43      74.96  1
        2000111606  4662287      -3.40      75.10  1
        2000111609  4687232      -3.41      75.29  1
        2000111612  4599076      -3.46      75.29  1
        2000111615  4468780      -3.50      75.18  1
        2000111618  4402610      -3.49      75.14  1
        2000111621  4441043      -3.49      75.35  1
        2000111700  6417769      -1.20      84.31  1
        2000111703  6540859      -0.88      85.29  1
        2000111706  6818436      -0.53      86.26  1
        2000111709  6888958      -0.29      86.61  1
        2000111712  6857562      -0.04      86.69  1
        2000111715  6885515       0.14      86.97  1
        2000111718  6987808       0.28      87.33  1
        2000111721  7017930       0.37      87.36  1
        2000111800  6977440       0.41      87.24  1
        2000111803  6608402       0.59      87.03  1
        2000111806  6507796       0.78      87.06  1
        2000111809  6305040       1.06      87.47  1
        2000111812  5896148       1.16      87.21  1
        2000111815  5685748       1.30      87.07  1
        2000111818  4734496       0.27      83.42  1
        2000111821  4686645       0.49      83.07  1
        2000111900  4715874       0.73      82.72  1
        2000111903  4729677       1.00      82.76  1
        2000111906  4732718       1.26      82.95  1
        2000111909  4705538       1.56      83.41  1
        2000111912  4669015       1.83      83.64  1
        2000111915  4714502       1.99      83.80  1
        2000111918  4804636       2.14      83.89  1
        2000111921  4862642       2.24      83.91  1
        2000112000  4950638       2.33      83.93  1
        2000112003  4998740       2.39      83.92  1
        2000112006  5133693       2.42      84.05  1
        2000112009  5368145       2.49      84.26  1
        2000112012  5423964       2.55      84.45  1
        2000112015  5417097       2.54      84.69  1
        2000112018  5522987       2.47      85.23  1
        2000112021  5615790       2.36      85.67  1
        2000112100  5716493       2.25      86.29  1
        2000112103  5785853       2.10      86.98  1
        2000112106  6029725       1.85      87.92  1
        2000112109  6288854       1.59      89.23  1
        2000112112  6385424       1.40      90.03  1
        2000112115  6442490       1.30      90.80  1
        2000112118  6657190       1.20      91.74  1
        2000112121  6753569       1.23      92.35  1
        2000112200  6837267       1.27      93.06  1
        2000112203  6820097       1.31      93.77  1
        2000112206  6867330       1.36      94.56  1
        2000112209  6853954       1.43      95.38  1
        2000112212  6734633       1.43      96.13  1
        2000112215  6540594       1.38      97.06  1
        2000112218  6389228       1.26      98.55  1
        2000112221  6254605       1.29      99.56  1
        2000112300  6270230       1.37     100.15  1
        2000112303  6186097       1.45     100.65  1
        2000112306  6191920       1.57     101.00  1
        2000112309  6245572       1.64     101.23  1
        2000112312  6187845       1.79     101.50  1
        2000112315  6132423       1.92     101.61  1
        2000112318  6159052       2.06     101.86  1
        2000112321  6144725       2.23     101.95  1
        2000112400  6154301       2.39     102.22  1
        2000112403  6053795       2.57     102.40  1
        2000112406  5981593       2.79     102.57  1
        2000112409  5983475       2.95     102.97  1
        2000112412  5949881       3.09     103.24  1
        2000112415  5981894       3.22     103.73  1
        2000112418  6371006       3.18     104.88  1
        2000112421  6507908       3.12     105.55  1
        2000112500  6603986       3.04     106.07  1
        2000112503  6651425       2.95     106.38  1
        2000112506  6836119       2.87     106.63  1
        2000112509  7014040       2.73     106.84  1
        2000112512  7055393       2.62     106.93  1
        2000112515  7230936       2.51     107.31  1
        2000112518  7488496       2.33     107.62  1
        2000112521  7455426       2.29     107.89  1
        2000112600  7476173       2.21     108.26  1
        2000112603  7503590       2.03     108.93  1
        2000112606  7510563       1.89     109.51  1
        2000112609  7459413       1.68     110.18  1
        2000112612  7324212       1.59     111.28  1
        2000112615  7898456       1.49     112.83  1
        2000112618  8454360       1.39     114.28  1
        2000112621  8600214       1.39     115.03  1
        2000112700  8429414       1.48     116.06  1
        2000112703  5935741      -0.12     126.18  1
        2000112706  6053831      -0.13     126.68  1
        2000112709  6177657      -0.10     127.01  1
        2000112712  6101616      -0.00     127.75  1
        2000112715  6271855       0.07     128.25  1
        2000112718  6427699       0.10     128.54  1
        2000112721  6359021       0.15     129.11  1
        2000112800  6170587       0.23     129.53  1
        2000112803  6170882       0.27     129.85  1
        2000112806  5042005       1.70     134.73  1
        2000112809  5099879       1.86     135.02  1
        2000112812  5153153       2.04     135.34  1
        2000112815  5429270       2.03     135.60  1
        2000112818  5559626       2.10     135.79  1
        2000112821  5711556       2.25     135.85  1
        2000112900  5814199       2.32     135.94  1
        2000112903  5946080       2.31     136.03  1
        2000112906  6052551       2.29     136.16  1
        2000112909  6230244       2.30     136.15  1
        2000112912  6371053       2.33     136.23  1
        2000112915  6723779       2.13     136.42  1
        2000112918  7074589       2.00     136.80  1
        2000112921  7237384       1.92     136.93  1
        2000113000  7412402       1.92     137.04  1
        2000113003  7675096       1.95     136.95  1
        2000113006  7813578       1.96     137.12  1
        2000113009  7992189       2.04     137.43  1
        2000113012  8117133       2.08     137.71  1
        2000113015  8384702       2.10     137.89  1
        2000113018  8661463       2.16     137.70  1
        2000113021  8673643       2.03     137.82  1
        2000120100  8960678       1.82     137.73  1
        2000120103  9002575       1.71     137.70  1
        2000120106  5854886      -2.87     143.44  1
        2000120109  5826767      -2.84     143.59  1
        2000120112  5829533      -2.92     143.57  1
        2000120115  5971338      -2.98     143.57  1
        2000120118  6041145      -3.13     143.41  1
        2000120121  6202711      -3.12     143.48  1
        2000120200  6393354      -3.24     143.40  1
        2000120203  6593623      -3.38     143.25  1
        2000120206  6792766      -3.41     143.27  1
        2000120209  6922940      -3.39     143.37  1
        2000120212  7138583      -3.35     143.40  1
        2000120215  7518202      -3.23     143.23  1
        2000120218  7754182      -3.26     142.93  1
        2000120221  8018287      -3.34     142.54  1
        2000120300  8193289      -3.35     142.30  1
        2000120303  8330704      -3.29     142.03  1
        2000120306  8454857      -3.34     141.93  1
        2000120309  8531777      -3.43     141.63  1
        2000120312  8554758      -3.55     141.31  1
        2000120315  8689735      -3.76     140.85  1
        2000120318  8754255      -3.96     140.35  1
        2000120321  8775870      -4.14     139.93  1
        2000120400  8629371      -4.19     139.70  1
        2000120403  8456734      -4.24     139.46  1
        2000120406  8460779      -4.26     139.21  1
        2000120409  8512260      -4.25     138.95  1
        2000120412  8543672      -4.28     138.74  1
        2000120415  8729972      -4.21     138.53  1
        2000120418  8798462      -4.19     138.39  1
        2000120421  8751727      -4.19     138.31  1
        2000120500  8563276      -4.16     138.09  1
        2000120503  8510498      -3.95     138.02  1
        2000120506  8490781      -3.85     138.07  1
        2000120509  8420152      -3.87     137.86  1
        2000120512  8313316      -3.92     137.71  1
        2000120515  8345035      -4.05     137.74  1
        2000120518  6109652      -9.23     137.72  1
        2000120521  5973206      -9.53     137.58  1
        2000120600  5762537      -9.70     137.66  1
        2000120603  5651908      -9.81     137.83  1
        2000120606  5630660      -9.89     137.93  1
        2000120609  5572092      -9.94     138.01  1
        2000120612  5573011      -9.95     138.23  1
        2000120615  5512134      -9.99     138.45  1
        2000120618  5356934     -10.03     138.71  1
        2000120621  5106212     -10.12     139.06  1
        2000120700  4717564     -10.39     139.28  1
        2000120703  4540689     -10.58     139.50  1
        2000120706  4429676     -10.76     139.76  1
        2000120709  4355446     -10.90     140.00  1
        2000120712  4201637     -11.08     140.22  1
        2000120715  4139738     -11.22     140.51  1
        2000120718  4025677     -11.37     140.89  1
        2000120721  3800058     -11.49     141.36  1
        2000120800  3518870     -11.63     141.93  1
        2000120803  3253201     -11.62     142.93  1
        2000120806  3159191     -11.82     142.96  1
        2000120809  3057480     -12.25     142.25  1
        2000120812  3004081     -12.52     141.99  1
        2000120815  3038495     -12.76     141.70  1
        2000120818  1825381     -16.30     134.01  1
        2000120821  1723738     -16.39     134.97  1
        2000120900  1408413     -16.33     137.28  1
        2000120903  1415443     -16.37     137.67  1
        2000120906  1448463     -16.40     137.91  1
        2000120909  1409563     -16.45     138.18  1
        2000120912  1374765     -16.56     138.19  1
        2000120915  1549342     -16.54     138.34  1
        2000120918  1595803     -16.55     138.36  1
        2000120921  1599849     -16.50     138.45  1
        2000121000  1588301     -16.47     138.46  1
        2000121003  1602086     -16.41     138.54  1
        2000121006  1649283     -16.33     138.61  1
        2000121009  1623772     -16.29     138.59  1
        2000121012  1562151     -16.22     138.72  1
        2000121015  1551801     -16.02     138.96  1
        2000121018  1518501     -15.92     139.11  1
        2000121021  1475662     -15.79     139.17  1
        2000121100  1397463     -15.72     139.24  1
        2000121103  1379956     -15.67     139.23  1
        2000121106  1406322     -15.61     139.17  1
        2000121109  1467475     -15.67     139.06  1
        2000121112  1432129     -15.52     139.24  1
        2000121115  1388117     -15.44     139.44  1
        2000121118  1332490     -15.42     139.59  1
        2000121121  1201475     -15.19     139.87  1
        2000121200  1069412     -15.11     140.01  1
        2000121203  1014459     -15.08     140.04  1
        2000121206  1008921     -14.99     140.13  1
        2000121209  1034203     -14.99     140.07  1
        2000121212  1036985     -15.03     140.02  1
        2000121215   984695     -15.06     140.02  1
        2000121218   715369     -14.96     140.24  1
        2000121221   508722     -15.01     140.40  1
LPT    14.0200
        2000111018   713668      -3.55      78.54  1
        2000111021  1214105      -3.59      78.40  1
        2000111100  1361889      -3.51      78.14  1
        2000111103  1445846      -3.42      77.89  1
        2000111106  1505145      -3.36      77.71  1
        2000111109  1543067      -3.18      77.50  1
        2000111112  1458735      -2.96      77.18  1
        2000111115  1387887      -2.99      77.18  1
        2000111118  1323987      -3.00      77.18  1
        2000111121  1440613      -3.24      77.60  1
        2000111200  1390104      -3.53      78.04  1
        2000111203  1373361      -3.90      78.45  1
        2000111206  1236886      -4.13      78.60  1
        2000111209  1354150      -4.33      78.78  1
        2000111212  1379965      -4.51      78.82  1
        2000111215  1555385      -4.75      79.08  1
        2000111218  1597572      -5.08      79.28  1
        2000111221  1770016      -5.16      79.21  1
        2000111300  1727081      -5.43      79.35  1
        2000111303  1678263      -5.61      79.40  1
        2000111306  1503243      -5.69      79.40  1
        2000111309  1331534      -5.99      79.58  1
        2000111312  1250443      -6.25      80.07  1
        2000111315  1067235      -6.65      80.77  1
        2000111318   785661      -7.36      81.66  1
        2000111321   799436      -7.36      82.33  1
        2000111400   802186      -7.08      82.85  1
        2000111403   949597      -6.46      83.33  1
        2000111406  1167562      -5.96      83.59  1
        2000111409  1439286      -5.53      83.68  1
        2000111412  1603299      -5.32      83.53  1
        2000111415  1791870      -5.13      83.26  1
        2000111418  1990755      -5.11      82.91  1
        2000111421  2226867      -5.02      82.46  1
        2000111500  3661529      -4.35      75.45  1
        2000111503  4020744      -4.18      74.60  1
        2000111506  4342694      -4.03      74.17  1
        2000111509  4684930      -3.92      74.06  1
        2000111512  4813753      -3.78      73.92  1
        2000111515  4920211      -3.69      74.17  1
        2000111518  4906958      -3.59      74.26  1
        2000111521  4998213      -3.51      74.67  1
        2000111600  4934656      -3.46      75.06  1
        2000111603  4730810      -3.43      74.96  1
        2000111606  4662287      -3.40      75.10  1
        2000111609  4687232      -3.41      75.29  1
        2000111612  4599076      -3.46      75.29  1
        2000111615  4468780      -3.50      75.18  1
        2000111618  4402610      -3.49      75.14  1
        2000111621  4441043      -3.49      75.35  1
        2000111700  6417769      -1.20      84.31  1
        2000111703  6540859      -0.88      85.29  1
        2000111706  6818436      -0.53      86.26  1
        2000111709  6888958      -0.29      86.61  1
        2000111712  6857562      -0.04      86.69  1
        2000111715  6885515       0.14      86.97  1
        2000111718  6987808       0.28      87.33  1
        2000111721  7017930       0.37      87.36  1
        2000111800  6977440       0.41      87.24  1
        2000111803  6608402       0.59      87.03  1
        2000111806  6507796       0.78      87.06  1
        2000111809  6305040       1.06      87.47  1
        2000111812  5896148       1.16      87.21  1
        2000111815  5685748       1.30      87.07  1
        2000111818  4734496       0.27      83.42  1
        2000111821  4686645       0.49      83.07  1
        2000111900  4715874       0.73      82.72  1
        2000111903  4729677       1.00      82.76  1
        2000111906  4732718       1.26      82.95  1
        2000111909  4705538       1.56      83.41  1
        2000111912  4669015       1.83      83.64  1
        2000111915  4714502       1.99      83.80  1
        2000111918  4804636       2.14      83.89  1
        2000111921  4862642       2.24      83.91  1
        2000112000  4950638       2.33      83.93  1
        2000112003  4998740       2.39      83.92  1
        2000112006  5133693       2.42      84.05  1
        2000112009  5368145       2.49      84.26  1
        2000112012  5423964       2.55      84.45  1
        2000112015  5417097       2.54      84.69  1
        2000112018  5522987       2.47      85.23  1
        2000112021  5615790       2.36      85.67  1
        2000112100  5716493       2.25      86.29  1
        2000112103  5785853       2.10      86.98  1
        2000112106  6029725       1.85      87.92  1
        2000112109  6288854       1.59      89.23  1
        2000112112  6385424       1.40      90.03  1
        2000112115  6442490       1.30      90.80  1
        2000112118  6657190       1.20      91.74  1
        2000112121  6753569       1.23      92.35  1
        2000112200  6837267       1.27      93.06  1
        2000112203  6820097       1.31      93.77  1
        2000112206  6867330       1.36      94.56  1
        2000112209  6853954       1.43      95.38  1
        2000112212  6734633       1.43      96.13  1
        2000112215  6540594       1.38      97.06  1
        2000112218  6389228       1.26      98.55  1
        2000112221  6254605       1.29      99.56  1
        2000112300  6270230       1.37     100.15  1
        2000112303  6186097       1.45     100.65  1
        2000112306  6191920       1.57     101.00  1
        2000112309  6245572       1.64     101.23  1
        2000112312  6187845       1.79     101.50  1
        2000112315  6132423       1.92     101.61  1
        2000112318  6159052       2.06     101.86  1
        2000112321  6144725       2.23     101.95  1
        2000112400  6154301       2.39     102.22  1
        2000112403  6053795       2.57     102.40  1
        2000112406  5981593       2.79     102.57  1
        2000112409  5983475       2.95     102.97  1
        2000112412  5949881       3.09     103.24  1
        2000112415  5981894       3.22     103.73  1
        2000112418  6371006       3.18     104.88  1
        2000112421  6507908       3.12     105.55  1
        2000112500  6603986       3.04     106.07  1
        2000112503  6651425       2.95     106.38  1
        2000112506  6836119       2.87     106.63  1
        2000112509  7014040       2.73     106.84  1
        2000112512  7055393       2.62     106.93  1
        2000112515  7230936       2.51     107.31  1
        2000112518  7488496       2.33     107.62  1
        2000112521  7455426       2.29     107.89  1
        2000112600  7476173       2.21     108.26  1
        2000112603  7503590       2.03     108.93  1
        2000112606  7510563       1.89     109.51  1
        2000112609  7459413       1.68     110.18  1
        2000112612  7324212       1.59     111.28  1
        2000112615  7898456       1.49     112.83  1
        2000112618  8454360       1.39     114.28  1
        2000112621  8600214       1.39     115.03  1
        2000112700  8429414       1.48     116.06  1
        2000112703  5935741      -0.12     126.18  1
        2000112706  6053831      -0.13     126.68  1
        2000112709  6177657      -0.10     127.01  1
        2000112712  6101616      -0.00     127.75  1
        2000112715  6271855       0.07     128.25  1
        2000112718  6427699       0.10     128.54  1
        2000112721  6359021       0.15     129.11  1
        2000112800  6170587       0.23     129.53  1
        2000112803  6170882       0.27     129.85  1
        2000112806  5042005       1.70     134.73  1
        2000112809  5099879       1.86     135.02  1
        2000112812  5153153       2.04     135.34  1
        2000112815  5429270       2.03     135.60  1
        2000112818  5559626       2.10     135.79  1
        2000112821  5711556       2.25     135.85  1
        2000112900  5814199       2.32     135.94  1
        2000112903  5946080       2.31     136.03  1
        2000112906  6052551       2.29     136.16  1
        2000112909  6230244       2.30     136.15  1
        2000112912  6371053       2.33     136.23  1
        2000112915  6723779       2.13     136.42  1
        2000112918  7074589       2.00     136.80  1
        2000112921  7237384       1.92     136.93  1
        2000113000  7412402       1.92     137.04  1
        2000113003  7675096       1.95     136.95  1
        2000113006  7813578       1.96     137.12  1
        2000113009  7992189       2.04     137.43  1
        2000113012  8117133       2.08     137.71  1
        2000113015  8384702       2.10     137.89  1
        2000113018  8661463       2.16     137.70  1
        2000113021  8673643       2.03     137.82  1
        2000120100  8960678       1.82     137.73  1
        2000120103  9002575       1.71     137.70  1
        2000120106  5854886      -2.87     143.44  1
        2000120109  5826767      -2.84     143.59  1
        2000120112  5829533      -2.92     143.57  1
        2000120115  5971338      -2.98     143.57  1
        2000120118  6041145      -3.13     143.41  1
        2000120121  6202711      -3.12     143.48  1
        2000120200  6393354      -3.24     143.40  1
        2000120203  6593623      -3.38     143.25  1
        2000120206  6792766      -3.41     143.27  1
        2000120209  6922940      -3.39     143.37  1
        2000120212  7138583      -3.35     143.40  1
        2000120215  7518202      -3.23     143.23  1
        2000120218  7754182      -3.26     142.93  1
        2000120221  8018287      -3.34     142.54  1
        2000120300  8193289      -3.35     142.30  1
        2000120303  8330704      -3.29     142.03  1
        2000120306  8454857      -3.34     141.93  1
        2000120309  8531777      -3.43     141.63  1
        2000120312  8554758      -3.55     141.31  1
        2000120315  8689735      -3.76     140.85  1
        2000120318  8754255      -3.96     140.35  1
        2000120321  8775870      -4.14     139.93  1
        2000120400  8629371      -4.19     139.70  1
        2000120403  8456734      -4.24     139.46  1
        2000120406  8460779      -4.26     139.21  1
        2000120409  8512260      -4.25     138.95  1
        2000120412  8543672      -4.28     138.74  1
        2000120415  8729972      -4.21     138.53  1
        2000120418  8798462      -4.19     138.39  1
        2000120421  8751727      -4.19     138.31  1
        2000120500  8563276      -4.16     138.09  1
        2000120503  8510498      -3.95     138.02  1
        2000120506  8490781      -3.85     138.07  1
        2000120509  8420152      -3.87     137.86  1
        2000120512  8313316      -3.92     137.71  1
        2000120515  8345035      -4.05     137.74  1
        2000120518  6109652      -9.23     137.72  1
        2000120521  5973206      -9.53     137.58  1
        2000120600  5762537      -9.70     137.66  1
        2000120603  5651908      -9.81     137.83  1
        2000120606  5630660      -9.89     137.93  1
        2000120609  5572092      -9.94     138.01  1
        2000120612  5573011      -9.95     138.23  1
        2000120615  5512134      -9.99     138.45  1
        2000120618  5356934     -10.03     138.71  1
        2000120621  5106212     -10.12     139.06  1
        2000120700  4717564     -10.39     139.28  1
        2000120703  4540689     -10.58     139.50  1
        2000120706  4429676     -10.76     139.76  1
        2000120709  4355446     -10.90     140.00  1
        2000120712  4201637     -11.08     140.22  1
        2000120715  4139738     -11.22     140.51  1
        2000120718  4025677     -11.37     140.89  1
        2000120721  3800058     -11.49     141.36  1
        2000120800  3518870     -11.63     141.93  1
        2000120803  3253201     -11.62     142.93  1
        2000120806  3159191     -11.82     142.96  1
        2000120809  3057480     -12.25     142.25  1
        2000120812  3004081     -12.52     141.99  1
        2000120815  3038495     -12.76     141.70  1
        2000120818   924479      -8.32     153.14  1
        2000120821   597536      -8.40     153.84  1
        2000120900   427159      -8.45     154.50  1
        2000120906   397325      -8.51     157.33  1
        2000120909  2135260     -11.49     170.10  1
        2000120912  2401307     -10.52     168.12  1
        2000120915  2868298     -10.55     167.26  1
        2000120918  3141029     -10.72     166.73  1
        2000120921  3249077     -10.81     166.48  1
        2000121000  3590802     -11.22     166.79  1
        2000121003  3670799     -11.28     166.47  1
        2000121006  3793363     -11.46     166.54  1
        2000121009  3860042     -11.54     166.50  1
        2000121012  3930660     -11.65     166.47  1
        2000121015  4040844     -11.67     166.27  1
        2000121018  4102092     -11.79     166.30  1
        2000121021  4105045     -11.96     166.59  1
        2000121100  4178007     -12.18     167.06  1
        2000121103  4224899     -12.28     167.32  1
        2000121106  4219551     -12.40     167.67  1
        2000121109  4232846     -12.53     168.01  1
        2000121112  4324071     -12.69     168.32  1
        2000121115  4384203     -12.77     168.55  1
        2000121118  4372339     -12.98     168.88  1
        2000121121  4350450     -13.17     169.22  1
        2000121200  4301398     -13.46     169.61  1
        2000121203  4208214     -13.66     169.97  1
        2000121206  4101638     -13.99     170.47  1
        2000121209  3947696     -14.35     171.09  1
        2000121212  3862556     -14.74     171.84  1
        2000121215  3736334     -15.07     172.51  1
        2000121218  3521172     -15.46     173.31  1
        2000121221  3329750     -15.75     173.93  1
        2000121300  3229217     -16.02     174.45  1
        2000121303  2923124     -16.14     174.87  1
        2000121306  2795259     -16.31     175.21  1
        2000121309  2542760     -16.32     175.48  1
        2000121312  2379127     -16.42     175.93  1
        2000121315  2274412     -16.23     176.32  1
        2000121318  2106396     -16.25     176.79  1
        2000121321  1924133     -16.28     177.27  1
        2000121400  1848360     -16.00     177.41  1
        2000121403  1639139     -15.69     177.45  1
        2000121406  1473289     -15.35     177.36  1
        2000121409  1309328     -15.08     177.46  1
        2000121412  1131739     -14.37     177.12  1
        2000121415   933509     -13.95     177.67  1
        2000121418   702921     -13.48     178.06  1
        2000121421   504372     -12.95     178.42  1
        2000121500   451980     -12.81     179.71  1
        2000121503   451247     -12.38     180.06  1
        2000121506   507479     -12.17     180.67  1
        2000121509  5788905     -21.41     206.99  1
        2000121512  6024057     -21.07     206.35  1
        2000121515  6206833     -20.47     205.28  1
        2000121518  6295212     -20.08     204.55  1
        2000121521  4765867     -15.58     195.46  1
        2000121600  4874986     -15.34     194.81  1
        2000121603  4983292     -15.17     194.38  1
        2000121606  5046328     -15.10     194.27  1
        2000121609  4997458     -15.00     194.10  1
        2000121612  4938880     -15.00     194.12  1
        2000121615  4778646     -14.99     194.14  1
        2000121618  4483092     -15.16     194.59  1
        2000121621  4306487     -15.27     194.85  1
        2000121700  4131165     -15.32     194.96  1
        2000121703  3897588     -15.39     195.32  1
        2000121706  3800139     -15.56     195.82  1
        2000121709  3622930     -15.61     196.14  1
        2000121712  2745476     -17.05     201.38  1
        2000121715  2496753     -17.11     201.96  1
        2000121718  2254778     -17.34     203.09  1
        2000121721  2104123     -17.46     203.87  1
        2000121800  2020343     -17.66     204.96  1
        2000121803  1869624     -18.29     207.51  1
        2000121806  2035969     -19.40     211.89  1
        2000121809  1864717     -19.81     213.77  1
        2000121812  1861489     -20.70     217.51  1
        2000121815  1772858     -21.32     220.62  1
        2000121818  1708766     -21.64     222.59  1
        2000121821  1731381     -21.74     223.60  1
        2000121900  1781312     -21.70     224.24  1
        2000121903  1871457     -21.77     225.23  1
        2000121906  1825871     -21.75     225.87  1
        2000121909  1858560     -21.64     226.16  1
        2000121912  2056046     -21.50     226.20  1
        2000121915  2015208     -21.12     225.30  1
        2000121918  1683296     -20.28     221.79  1
        2000121921  1673400     -19.96     220.89  1
        2000122000  1686175     -19.76     220.47  1
        2000122003  1635660     -19.48     219.93  1
        2000122006  1533385     -19.02     219.16  1
        2000122009  1343914     -18.69     218.83  1
        2000122012   660962     -21.85     225.36  1
        2000122015   573857     -21.95     225.82  1
        2000122018   486560     -21.92     226.29  1
        2000122021   394063     -21.95     226.87  1
        2000122100   342007     -21.86     227.30  1
LPT    14.0300
        2000111018   713668      -3.55      78.54  1
        2000111021  1214105      -3.59      78.40  1
        2000111100  1361889      -3.51      78.14  1
        2000111103  1445846      -3.42      77.89  1
        2000111106  1505145      -3.36      77.71  1
        2000111109  1543067      -3.18      77.50  1
        2000111112  1458735      -2.96      77.18  1
        2000111115  1387887      -2.99      77.18  1
        2000111118  1323987      -3.00      77.18  1
        2000111121  1440613      -3.24      77.60  1
        2000111200  1390104      -3.53      78.04  1
        2000111203  1373361      -3.90      78.45  1
        2000111206  1236886      -4.13      78.60  1
        2000111209  1354150      -4.33      78.78  1
        2000111212  1379965      -4.51      78.82  1
        2000111215  1555385      -4.75      79.08  1
        2000111218  1597572      -5.08      79.28  1
        2000111221  1770016      -5.16      79.21  1
        2000111300  1727081      -5.43      79.35  1
        2000111303  1678263      -5.61      79.40  1
        2000111306  1503243      -5.69      79.40  1
        2000111309  1331534      -5.99      79.58  1
        2000111312  1250443      -6.25      80.07  1
        2000111315  1067235      -6.65      80.77  1
        2000111318   785661      -7.36      81.66  1
        2000111321   799436      -7.36      82.33  1
        2000111400   802186      -7.08      82.85  1
        2000111403   949597      -6.46      83.33  1
        2000111406  1167562      -5.96      83.59  1
        2000111409  1439286      -5.53      83.68  1
        2000111412  1603299      -5.32      83.53  1
        2000111415  1791870      -5.13      83.26  1
        2000111418  1990755      -5.11      82.91  1
        2000111421  2226867      -5.02      82.46  1
        2000111500  3661529      -4.35      75.45  1
        2000111503  4020744      -4.18      74.60  1
        2000111506  4342694      -4.03      74.17  1
        2000111509  4684930      -3.92      74.06  1
        2000111512  4813753      -3.78      73.92  1
        2000111515  4920211      -3.69      74.17  1
        2000111518  4906958      -3.59      74.26  1
        2000111521  4998213      -3.51      74.67  1
        2000111600  4934656      -3.46      75.06  1
        2000111603  4730810      -3.43      74.96  1
        2000111606  4662287      -3.40      75.10  1
        2000111609  4687232      -3.41      75.29  1
        2000111612  4599076      -3.46      75.29  1
        2000111615  4468780      -3.50      75.18  1
        2000111618  4402610      -3.49      75.14  1
        2000111621  4441043      -3.49      75.35  1
        2000111700  6417769      -1.20      84.31  1
        2000111703  6540859      -0.88      85.29  1
        2000111706  6818436      -0.53      86.26  1
        2000111709  6888958      -0.29      86.61  1
        2000111712  6857562      -0.04      86.69  1
        2000111715  6885515       0.14      86.97  1
        2000111718  6987808       0.28      87.33  1
        2000111721  7017930       0.37      87.36  1
        2000111800  6977440       0.41      87.24  1
        2000111803  6608402       0.59      87.03  1
        2000111806  6507796       0.78      87.06  1
        2000111809  6305040       1.06      87.47  1
        2000111812  5896148       1.16      87.21  1
        2000111815  5685748       1.30      87.07  1
        2000111818  4734496       0.27      83.42  1
        2000111821  4686645       0.49      83.07  1
        2000111900  4715874       0.73      82.72  1
        2000111903  4729677       1.00      82.76  1
        2000111906  4732718       1.26      82.95  1
        2000111909  4705538       1.56      83.41  1
        2000111912  4669015       1.83      83.64  1
        2000111915  4714502       1.99      83.80  1
        2000111918  4804636       2.14      83.89  1
        2000111921  4862642       2.24      83.91  1
        2000112000  4950638       2.33      83.93  1
        2000112003  4998740       2.39      83.92  1
        2000112006  5133693       2.42      84.05  1
        2000112009  5368145       2.49      84.26  1
        2000112012  5423964       2.55      84.45  1
        2000112015  5417097       2.54      84.69  1
        2000112018  5522987       2.47      85.23  1
        2000112021  5615790       2.36      85.67  1
        2000112100  5716493       2.25      86.29  1
        2000112103  5785853       2.10      86.98  1
        2000112106  6029725       1.85      87.92  1
        2000112109  6288854       1.59      89.23  1
        2000112112  6385424       1.40      90.03  1
        2000112115  6442490       1.30      90.80  1
        2000112118  6657190       1.20      91.74  1
        2000112121  6753569       1.23      92.35  1
        2000112200  6837267       1.27      93.06  1
        2000112203  6820097       1.31      93.77  1
        2000112206  6867330       1.36      94.56  1
        2000112209  6853954       1.43      95.38  1
        2000112212  6734633       1.43      96.13  1
        2000112215  6540594       1.38      97.06  1
        2000112218  6389228       1.26      98.55  1
        2000112221  6254605       1.29      99.56  1
        2000112300  6270230       1.37     100.15  1
        2000112303  6186097       1.45     100.65  1
        2000112306  6191920       1.57     101.00  1
        2000112309  6245572       1.64     101.23  1
        2000112312  6187845       1.79     101.50  1
        2000112315  6132423       1.92     101.61  1
        2000112318  6159052       2.06     101.86  1
        2000112321  6144725       2.23     101.95  1
        2000112400  6154301       2.39     102.22  1
        2000112403  6053795       2.57     102.40  1
        2000112406  5981593       2.79     102.57  1
        2000112409  5983475       2.95     102.97  1
        2000112412  5949881       3.09     103.24  1
        2000112415  5981894       3.22     103.73  1
        2000112418  6371006       3.18     104.88  1
        2000112421  6507908       3.12     105.55  1
        2000112500  6603986       3.04     106.07  1
        2000112503  6651425       2.95     106.38  1
        2000112506  6836119       2.87     106.63  1
        2000112509  7014040       2.73     106.84  1
        2000112512  7055393       2.62     106.93  1
        2000112515  7230936       2.51     107.31  1
        2000112518  7488496       2.33     107.62  1
        2000112521  7455426       2.29     107.89  1
        2000112600  7476173       2.21     108.26  1
        2000112603  7503590       2.03     108.93  1
        2000112606  7510563       1.89     109.51  1
        2000112609  7459413       1.68     110.18  1
        2000112612  7324212       1.59     111.28  1
        2000112615  7898456       1.49     112.83  1
        2000112618  8454360       1.39     114.28  1
        2000112621  8600214       1.39     115.03  1
        2000112700  8429414       1.48     116.06  1
        2000112703  5935741      -0.12     126.18  1
        2000112706  6053831      -0.13     126.68  1
        2000112709  6177657      -0.10     127.01  1
        2000112712  6101616      -0.00     127.75  1
        2000112715  6271855       0.07     128.25  1
        2000112718  6427699       0.10     128.54  1
        2000112721  6359021       0.15     129.11  1
        2000112800  6170587       0.23     129.53  1
        2000112803  6170882       0.27     129.85  1
        2000112806  5042005       1.70     134.73  1
        2000112809  5099879       1.86     135.02  1
        2000112812  5153153       2.04     135.34  1
        2000112815  5429270       2.03     135.60  1
        2000112818  5559626       2.10     135.79  1
        2000112821  5711556       2.25     135.85  1
        2000112900  5814199       2.32     135.94  1
        2000112903  5946080       2.31     136.03  1
        2000112906  6052551       2.29     136.16  1
        2000112909  6230244       2.30     136.15  1
        2000112912  6371053       2.33     136.23  1
        2000112915  6723779       2.13     136.42  1
        2000112918  7074589       2.00     136.80  1
        2000112921  7237384       1.92     136.93  1
        2000113000  7412402       1.92     137.04  1
        2000113003  7675096       1.95     136.95  1
        2000113006  7813578       1.96     137.12  1
        2000113009  7992189       2.04     137.43  1
        2000113012  8117133       2.08     137.71  1
        2000113015  8384702       2.10     137.89  1
        2000113018  8661463       2.16     137.70  1
        2000113021  8673643       2.03     137.82  1
        2000120100  8960678       1.82     137.73  1
        2000120103  9002575       1.71     137.70  1
        2000120106  8867762       1.45     137.80  2
        2000120109  8707989       1.46     137.90  2
        2000120112  8575420       1.34     137.95  2
        2000120115  8625029       1.18     138.04  2
        2000120118  8589467       0.98     138.02  2
        2000120121  8683919       0.89     138.15  2
        2000120200  8774302       0.67     138.25  2
        2000120203  8886519       0.41     138.32  2
        2000120206  8993848       0.23     138.55  2
        2000120209  9021094       0.09     138.82  2
        2000120212  9096921      -0.10     139.11  2
        2000120215  9385982      -0.22     139.21  2
        2000120218  9528810      -0.43     139.13  2
        2000120221  9760851      -0.59     138.87  2
        2000120300  9898507      -0.69     138.73  2
        2000120303  9987636      -0.72     138.58  2
        2000120306  9911532      -1.01     138.81  2
        2000120309  9941483      -1.14     138.59  2
        2000120312  9936728      -1.27     138.32  2
        2000120315 10010080      -1.55     138.04  2
        2000120318  9965259      -1.90     137.74  2
        2000120321  9649402      -2.57     137.93  2
        2000120400  9447258      -2.68     137.77  2
        2000120403  9079203      -3.04     137.90  2
        2000120406  8942072      -3.32     137.96  2
        2000120409  9004311      -3.30     137.68  2
        2000120412  9043547      -3.33     137.45  2
        2000120415  9252682      -3.25     137.21  2
        2000120418  9358572      -3.19     136.98  2
        2000120421  9344564      -3.14     136.81  2
        2000120500  9214129      -3.01     136.42  2
        2000120503  9245794      -2.69     136.11  2
        2000120506  9303608      -2.49     135.97  2
        2000120509  9307399      -2.39     135.57  2
        2000120512  9255362      -2.36     135.27  2
        2000120515  9295871      -2.48     135.28  2
        2000120518  2683582      11.26     128.06  2
        2000120521  2645276      11.56     126.83  2
        2000120600  2561395      11.71     126.63  2
        2000120603  2562516      11.84     126.28  2
        2000120606  2623305      11.95     126.03  2
        2000120609  2718000      11.99     125.37  2
        2000120612  2745973      11.99     124.94  2
        2000120615  2891300      12.03     124.67  1
        2000120618  2938681      12.04     124.26  1
        2000120621  2977138      12.10     124.11  1
        2000120700  3208132      12.13     123.77  1
        2000120703  3266238      12.22     123.70  1
        2000120706  3403912      12.33     123.42  1
        2000120709  3426128      12.45     123.21  1
        2000120712  3359460      12.53     123.20  1
        2000120715  3365076      12.72     123.39  1
        2000120718  3260457      12.78     123.25  1
        2000120721  3135824      12.94     123.41  1
        2000120800  2975915      13.05     123.49  1
        2000120803  2677413      13.23     123.80  1
        2000120806  2168020      13.53     124.67  1
        2000120809  1787849      13.64     125.08  1
        2000120812  1618414      13.65     124.97  1
        2000120815  1497725      13.65     124.88  1
        2000120818  1396312      13.56     124.55  1
        2000120821  1299355      13.61     124.49  1
        2000120900  1116932      13.67     124.31  1
        2000120903   986340      13.71     124.16  1
        2000120906   830874      13.80     124.01  1
        2000120909   668116      13.84     123.81  1
        2000120912   551074      13.89     123.67  1
        2000120915   444538      13.95     123.48  1
LPT    15.0100
        2000120106   380285      15.55     280.12  1
        2000120109   494134      15.53     280.51  1
        2000120112   538043      15.52     280.70  1
        2000120115   537966      15.55     280.94  1
        2000120118   578868      15.55     281.03  1
        2000120121   647120      15.60     281.18  1
        2000120200   708039      15.83     281.14  1
        2000120203   837020      16.05     281.09  1
        2000120206  1127926      16.25     281.01  1
        2000120209  1431967      16.48     280.95  1
        2000120212  1792215      16.50     280.94  1
        2000120215  2080245      16.55     281.18  1
        2000120218  2341804      16.56     281.34  1
        2000120221  2570997      16.67     281.61  1
        2000120300  2717216      16.68     281.78  1
        2000120303  2915432      16.80     282.14  1
        2000120306  3084147      16.77     282.32  1
        2000120309  3260554      16.72     282.50  1
        2000120312  3326068      16.54     282.42  1
        2000120315  3395440      16.44     282.42  1
        2000120318  3487735      16.39     282.53  1
        2000120321  3508569      16.34     282.51  1
        2000120400  3456967      16.25     282.38  1
        2000120403  3473698      16.31     282.40  1
        2000120406  3423610      16.26     282.26  1
        2000120409  3376261      16.31     282.22  1
        2000120412  3289726      16.32     282.07  1
        2000120415  3262987      16.42     282.04  1
        2000120418  3231479      16.45     281.98  1
        2000120421  3230433      16.56     282.01  1
        2000120500  3202982      16.70     282.03  1
        2000120503  3180676      16.76     282.12  1
        2000120506  3121771      16.72     282.14  1
        2000120509  3001853      16.62     282.17  1
        2000120512  2868068      16.41     282.10  1
        2000120515  2624641      16.38     282.21  1
        2000120518  2443739      16.23     282.10  1
        2000120521  2211734      16.12     282.14  1
        2000120600  2034536      15.91     281.97  1
        2000120603  1959172      15.75     281.80  1
        2000120606  1775491      15.50     281.54  1
        2000120609  1606984      15.21     281.35  1
        2000120612  1459284      14.85     281.07  1
        2000120615  1345981      14.75     280.88  1
        2000120618  1309230      14.80     280.63  1
        2000120621  1320487      14.79     280.27  1
        2000120700  1295894      14.91     280.10  1
        2000120703  1299166      15.11     279.99  1
        2000120706  1268502      15.13     279.87  1
        2000120709  1265901      15.19     279.82  1
        2000120712  1288490      15.26     279.78  1
        2000120715  1265105      15.32     279.73  1
        2000120718  1221727      15.36     279.72  1
        2000120721  1218708      15.37     279.66  1
        2000120800  1172554      15.38     279.68  1
        2000120803  1111794      15.35     279.61  1
        2000120806  1077984      15.27     279.56  1
        2000120809   971193      15.21     279.53  1
        2000120812   838708      15.22     279.43  1
        2000120815   673553      15.44     279.44  1
        2000120818   554222      15.56     279.45  1
        2000120821   385728      15.80     279.48  1
LPT    16.0100
        2000121806   398484       1.32      84.87  1
        2000121809   533580       1.20      84.81  1
        2000121812   606145       1.12      84.70  1
        2000121815   674825       1.16      84.68  1
        2000121818   823772       1.08      84.56  1
        2000121821  1024351       1.10      84.47  1
        2000121900  1190194       1.14      84.54  1
        2000121903  1324417       1.19      84.78  1
        2000121906  1543490       1.28      85.22  1
        2000121909  1985780       1.35      87.02  1
        2000121912  2290679       1.34      88.27  1
        2000121915  2495885       1.36      88.99  1
        2000121918  2706255       1.47      89.47  1
        2000121921  2883284       1.57      89.52  1
        2000122000  2913901       1.69      89.67  1
        2000122003  2906074       1.76      89.78  1
        2000122006  2996059       1.84      90.03  1
        2000122009  3083823       1.89      90.19  1
        2000122012  3091494       1.94      90.37  1
        2000122015  3050687       1.96      90.77  1
        2000122018  3069863       2.02      90.96  1
        2000122021  3095998       2.08      91.27  1
        2000122100  3075708       2.18      91.67  1
        2000122103  3105964       2.38      91.89  1
        2000122106  3134770       2.53      92.23  1
        2000122109  3234279       2.72      92.67  1
        2000122112  3336104       2.86      93.06  1
        2000122115  3402517       2.99      93.22  1
        2000122118  3587698       3.01      93.52  1
        2000122121  3717801       3.12      93.69  1
        2000122200  3757197       3.23      93.92  1
        2000122203  3786765       3.32      93.97  1
        2000122206  3880399       3.38      93.81  1
        2000122209  4040335       3.34      93.82  1
        2000122212  4026239       3.40      93.63  1
        2000122215  3999863       3.44      93.45  1
        2000122218  4096405       3.47      93.45  1
        2000122221  4114108       3.44      93.53  1
        2000122300  4105613       3.44      93.78  1
        2000122303  4114854       3.39      93.99  1
        2000122306  4127007       3.36      94.02  1
        2000122309  4164022       3.24      94.40  1
        2000122312  4098213       3.27      94.40  1
        2000122315  4088201       3.20      94.66  1
        2000122318  4153009       3.09      95.00  1
        2000122321  4214601       3.01      95.40  1
        2000122400  4310350       3.01      96.06  1
        2000122403  4563242       2.94      97.26  1
        2000122406  4695089       2.92      98.04  1
        2000122409  4817407       2.87      98.78  1
        2000122412  4817305       2.84      99.22  1
        2000122415  4752903       2.89      99.47  1
        2000122418  4693779       2.90      99.96  1
        2000122421  2761430       1.21     107.75  1
        2000122500  2575926       1.40     108.73  1
        2000122503  2510583       1.69     109.35  1
        2000122506  2433828       1.93     109.72  1
        2000122509  2378911       2.07     109.92  1
        2000122512  2269858       2.39     110.32  1
        2000122515  2238583       2.66     110.48  1
        2000122518  2222858       2.87     110.67  1
        2000122521  2194133       3.06     110.92  1
        2000122600  2200555       3.33     111.25  1
        2000122603  2139688       3.47     111.34  1
        2000122606  2084038       3.68     111.70  1
        2000122609  2133281       3.77     112.15  1
        2000122612  2064452       4.04     112.52  1
        2000122615  2164157       4.23     113.22  1
        2000122618  5445817       2.42     128.43  1
        2000122621  5682224       2.66     128.89  1
        2000122700  5907776       3.00     129.14  1
        2000122703  6185222       3.46     129.79  1
        2000122706  6435248       3.96     130.69  1
        2000122709  6499548       4.21     131.46  1
        2000122712  6364610       4.37     132.32  1
        2000122715  6269024       4.44     133.10  1
        2000122718  6249058       4.63     133.57  1
        2000122721  6122775       4.60     134.20  1
        2000122800  6057105       4.52     134.56  1
        2000122803  6138148       4.40     134.87  1
        2000122806  6248199       4.37     135.12  1
        2000122809  6301761       4.39     135.26  1
        2000122812  6373901       4.44     135.40  1
        2000122815  6413935       4.40     135.62  1
        2000122818  6463860       4.47     135.75  1
        2000122821  6430039       4.42     136.07  1
        2000122900  6260926       4.37     136.41  1
        2000122903  6013673       4.33     136.90  1
        2000122906  5917540       4.37     137.06  1
        2000122909  5675972       4.42     137.41  1
        2000122912  5471834       4.49     137.68  1
        2000122915  5318505       4.55     137.84  1
        2000122918  5200525       4.75     137.95  1
        2000122921  5029107       5.01     137.97  1
        2000123000  4949057       5.21     137.96  1
        2000123003  4809495       5.39     137.96  1
        2000123006  4721131       5.52     137.95  1
        2000123009  4601218       5.51     137.92  1
        2000123012  4371505       5.72     137.72  1
        2000123015  4208753       5.94     137.41  1
        2000123018  3890671       6.33     137.01  1
        2000123021  3366554       7.06     135.93  1
        2000123100  2046370      10.11     130.61  1
        2000123103  1860530      10.64     130.05  1
        2000123106  1729808      11.23     129.67  1
        2000123109  1712188      11.74     129.61  1
        2000123112  4343956      21.57     137.35  1
        2000123115  5048816      22.96     138.95  1
        2000123118  5708946      24.16     140.36  1
        2000123121  6154117      24.86     141.38  1
        2001010100  6522182      25.39     142.11  1
        2001010103  6966225      25.63     142.54  1
        2001010106  7234334      25.71     142.91  1
        2001010109  7442898      25.98     143.36  1
        2001010112  7517123      26.12     143.64  1
        2001010115  7610147      26.28     144.02  1
        2001010118  7631558      26.41     144.28  1
        2001010121  7609826      26.61     144.55  1
        2001010200  7549815      26.81     144.77  1
        2001010203  7461408      26.98     145.04  1
        2001010206  7323787      27.22     145.37  1
        2001010209  7204732      27.46     145.60  1
        2001010212  7015152      27.75     145.91  1
        2001010215  6877316      27.86     146.12  1
        2001010218  6571817      28.17     146.63  1
        2001010221  6257159      28.47     147.14  1
        2001010300  5877097      28.81     147.84  1
        2001010303  5359449      29.28     148.74  1
        2001010306  4903335      29.61     149.60  1
        2001010309  3326237      32.94     154.16  1
        2001010312  2804281      33.42     155.41  1
        2001010315  1657972      33.39     156.05  1
        2001010318   713696      32.77     158.38  1
LPT    16.0200
        2000121806   398484       1.32      84.87  1
        2000121809   533580       1.20      84.81  1
        2000121812   606145       1.12      84.70  1
        2000121815   674825       1.16      84.68  1
        2000121818   823772       1.08      84.56  1
        2000121821  1024351       1.10      84.47  1
        2000121900  1190194       1.14      84.54  1
        2000121903  1324417       1.19      84.78  1
        2000121906  1543490       1.28      85.22  1
        2000121909  1985780       1.35      87.02  1
        2000121912  2290679       1.34      88.27  1
        2000121915  2495885       1.36      88.99  1
        2000121918  2706255       1.47      89.47  1
        2000121921  2883284       1.57      89.52  1
        2000122000  2913901       1.69      89.67  1
        2000122003  2906074       1.76      89.78  1
        2000122006  2996059       1.84      90.03  1
        2000122009  3083823       1.89      90.19  1
        2000122012  3091494       1.94      90.37  1
        2000122015  3050687       1.96      90.77  1
        2000122018  3069863       2.02      90.96  1
        2000122021  3095998       2.08      91.27  1
        2000122100  3075708       2.18      91.67  1
        2000122103  3105964       2.38      91.89  1
        2000122106  3134770       2.53      92.23  1
        2000122109  3234279       2.72      92.67  1
        2000122112  3336104       2.86      93.06  1
        2000122115  3402517       2.99      93.22  1
        2000122118  3587698       3.01      93.52  1
        2000122121  3717801       3.12      93.69  1
        2000122200  3757197       3.23      93.92  1
        2000122203  3786765       3.32      93.97  1
        2000122206  3880399       3.38      93.81  1
        2000122209  4040335       3.34      93.82  1
        2000122212  4026239       3.40      93.63  1
        2000122215  3999863       3.44      93.45  1
        2000122218  4096405       3.47      93.45  1
        2000122221  4114108       3.44      93.53  1
        2000122300  4105613       3.44      93.78  1
        2000122303  4114854       3.39      93.99  1
        2000122306  4127007       3.36      94.02  1
        2000122309  4164022       3.24      94.40  1
        2000122312  4098213       3.27      94.40  1
        2000122315  4088201       3.20      94.66  1
        2000122318  4153009       3.09      95.00  1
        2000122321  4214601       3.01      95.40  1
        2000122400  4310350       3.01      96.06  1
        2000122403  4563242       2.94      97.26  1
        2000122406  4695089       2.92      98.04  1
        2000122409  4817407       2.87      98.78  1
        2000122412  4817305       2.84      99.22  1
        2000122415  4752903       2.89      99.47  1
        2000122418  4693779       2.90      99.96  1
        2000122421  1425859       6.87      87.10  1
        2000122500  1315294       7.24      86.65  1
        2000122503  1265693       7.47      86.32  1
        2000122506  1259735       7.67      86.01  1
        2000122509  1177074       8.01      85.81  1
        2000122512  1094397       8.38      85.59  1
        2000122515  1059599       8.55      85.40  1
        2000122518  1128291       8.54      85.14  1
        2000122521  1126071       8.51      84.94  1
        2000122600  1188107       8.42      84.76  1
        2000122603  1221189       8.32      84.61  1
        2000122606  1225231       8.23      84.44  1
        2000122609  1204788       8.18      84.35  1
        2000122612  1204867       8.15      84.12  1
        2000122615  1241020       8.05      83.91  1
        2000122618  1285634       7.93      83.74  1
        2000122621  1335821       7.72      83.53  1
        2000122700  1382702       7.33      83.32  1
        2000122703  1477974       6.51      82.99  1
        2000122706  2691539       1.73      78.06  1
        2000122709  2743823       1.41      78.35  1
        2000122712  2883070       0.94      78.53  1
        2000122715  3003666       0.53      78.73  1
        2000122718  3121050       0.06      78.82  1
        2000122721  3043886      -0.17      79.27  1
        2000122800  3069566      -0.43      79.53  1
        2000122803  3043158      -0.77      79.72  1
        2000122806  3051899      -1.17      79.92  1
        2000122809  2960026      -1.49      80.14  1
        2000122812  2957072      -1.80      80.32  1
        2000122815  2904278      -2.09      80.46  1
        2000122818  2862060      -2.43      80.56  1
        2000122821  2765261      -2.87      80.55  1
        2000122900  2660628      -3.08      80.67  1
        2000122903  2538082      -3.37      80.70  1
        2000122906  2453348      -3.50      80.91  1
        2000122909  2352524      -3.60      81.10  1
        2000122912  2310152      -3.65      81.48  1
        2000122915  2235456      -3.73      81.99  1
        2000122918  2210714      -3.82      82.44  1
        2000122921  2188227      -3.95      82.99  1
        2000123000  2085655      -4.11      83.55  1
        2000123003  1919943      -4.31      84.15  1
        2000123006  1873687      -4.44      85.38  1
        2000123009  1795280      -4.50      86.74  1
        2000123012  1742396      -4.47      88.23  1
        2000123015  1573435      -4.33      90.06  1
        2000123018  1381511      -3.94      92.64  1
        2000123021  1150267      -3.13      96.03  1
        2000123100  1273069      -2.62      96.94  1
        2000123103  1394951      -2.24      97.43  1
        2000123106  1490607      -1.96      97.71  1
        2000123109  1571622      -1.67      97.95  1
        2000123112  1642621      -1.43      98.08  1
        2000123115  1688894      -1.29      98.07  1
        2000123118  1708158      -1.23      98.02  1
        2000123121  1735895      -1.24      97.87  1
        2001010100  1700445      -1.27      97.80  1
        2001010103  1646549      -1.33      97.71  1
        2001010106  1560295      -1.34      97.82  1
        2001010109  1542616      -1.35      98.01  1
        2001010112  1508035      -1.23      98.04  1
        2001010115  1439578      -0.98      98.17  1
        2001010118  1351769      -0.79      98.25  1
        2001010121  1304749      -0.72      98.23  1
        2001010200  1327821      -0.76      98.26  1
        2001010203  1294588      -1.04      98.17  1
        2001010206  1314502      -1.32      98.10  1
        2001010209  1235119      -1.48      98.12  1
        2001010212  1251970      -1.61      98.05  1
        2001010215  1148652      -1.75      98.01  1
        2001010218  1106880      -2.02      97.89  1
        2001010221   977216      -2.32      97.67  1
        2001010300   914538      -2.73      97.61  1
        2001010303   818742      -3.09      97.40  1
        2001010306   749956      -3.43      97.28  1
        2001010309   712822      -3.64      97.21  1
        2001010312   675800      -3.71      97.21  1
        2001010315   595667      -3.76      97.30  1
        2001010318   408479      -3.78      97.61  1
        2001010321   391020      -3.11      98.20  1
LPT    16.0300
        2000121906   366839      -3.94     145.60  1
        2000121909   416085      -4.07     145.77  1
        2000121912   518535      -4.07     146.25  1
        2000121915   731104      -4.09     147.03  1
        2000121918  1227270      -4.00     149.34  1
        2000121921  1549981      -3.96     150.53  1
        2000122000  1800109      -3.97     151.66  1
        2000122003  2114718      -3.94     152.40  1
        2000122006  2536627      -3.63     152.87  1
        2000122009  2791125      -3.44     153.33  1
        2000122012  3277923      -2.84     153.86  1
        2000122015  3874654      -2.57     154.11  1
        2000122018  4326211      -2.49     154.67  1
        2000122021  4705852      -2.19     154.68  1
        2000122100  4946226      -1.93     155.08  1
        2000122103  5095076      -1.64     155.31  1
        2000122106  5340776      -1.43     155.41  1
        2000122109  5368231      -1.42     155.74  1
        2000122112  5507702      -1.35     155.94  1
        2000122115  5633478      -1.48     156.07  1
        2000122118  5653470      -1.59     156.42  1
        2000122121  5478499      -1.90     157.12  1
        2000122200  5363151      -2.06     157.66  1
        2000122203  5392855      -2.21     157.92  1
        2000122206  5485831      -2.31     158.03  1
        2000122209  5499651      -2.37     158.06  1
        2000122212  5568953      -2.30     157.98  1
        2000122215  5673559      -2.24     157.78  1
        2000122218  5694843      -2.05     157.46  1
        2000122221  5499259      -1.87     157.23  1
        2000122300  5190184      -1.71     157.01  1
        2000122303  2810070       3.97     153.71  1
        2000122306  2611913       3.88     153.25  1
        2000122309  2185091       3.80     152.86  1
        2000122312  1849240       3.52     152.44  1
        2000122315   576087       0.07     144.57  1
        2000122318   438702       0.46     144.06  1
        2000122321   393136       0.73     143.79  1
        2000122506   553766      -0.41     141.77  1
        2000122509   610121      -0.47     141.55  1
        2000122512   783743      -0.53     141.61  1
        2000122515  1019036      -0.53     141.56  1
        2000122518  1227257      -0.39     141.38  1
        2000122521  1365274      -0.26     141.16  1
        2000122600  1439329      -0.20     141.13  1
        2000122603  1577305      -0.24     141.40  1
        2000122606  1730752      -0.17     141.55  1
        2000122609  1855677       0.07     141.48  1
        2000122612  2076145       0.24     141.36  1
        2000122615  2445954       0.44     140.70  1
        2000122618  5445817       2.42     128.43  1
        2000122621  5682224       2.66     128.89  1
        2000122700  5907776       3.00     129.14  1
        2000122703  6185222       3.46     129.79  1
        2000122706  6435248       3.96     130.69  1
        2000122709  6499548       4.21     131.46  1
        2000122712  6364610       4.37     132.32  1
        2000122715  6269024       4.44     133.10  1
        2000122718  6249058       4.63     133.57  1
        2000122721  6122775       4.60     134.20  1
        2000122800  6057105       4.52     134.56  1
        2000122803  6138148       4.40     134.87  1
        2000122806  6248199       4.37     135.12  1
        2000122809  6301761       4.39     135.26  1
        2000122812  6373901       4.44     135.40  1
        2000122815  6413935       4.40     135.62  1
        2000122818  6463860       4.47     135.75  1
        2000122821  6430039       4.42     136.07  1
        2000122900  6260926       4.37     136.41  1
        2000122903  6013673       4.33     136.90  1
        2000122906  5917540       4.37     137.06  1
        2000122909  5675972       4.42     137.41  1
        2000122912  5471834       4.49     137.68  1
        2000122915  5318505       4.55     137.84  1
        2000122918  5200525       4.75     137.95  1
        2000122921  5029107       5.01     137.97  1
        2000123000  4949057       5.21     137.96  1
        2000123003  4809495       5.39     137.96  1
        2000123006  4721131       5.52     137.95  1
        2000123009  4601218       5.51     137.92  1
        2000123012  4371505       5.72     137.72  1
        2000123015  4208753       5.94     137.41  1
        2000123018  3890671       6.33     137.01  1
        2000123021  3366554       7.06     135.93  1
        2000123100  2046370      10.11     130.61  1
        2000123103  1860530      10.64     130.05  1
        2000123106  1729808      11.23     129.67  1
        2000123109  1712188      11.74     129.61  1
        2000123112  4343956      21.57     137.35  1
        2000123115  5048816      22.96     138.95  1
        2000123118  5708946      24.16     140.36  1
        2000123121  6154117      24.86     141.38  1
        2001010100  6522182      25.39     142.11  1
        2001010103  6966225      25.63     142.54  1
        2001010106  7234334      25.71     142.91  1
        2001010109  7442898      25.98     143.36  1
        2001010112  7517123      26.12     143.64  1
        2001010115  7610147      26.28     144.02  1
        2001010118  7631558      26.41     144.28  1
        2001010121  7609826      26.61     144.55  1
        2001010200  7549815      26.81     144.77  1
        2001010203  7461408      26.98     145.04  1
        2001010206  7323787      27.22     145.37  1
        2001010209  7204732      27.46     145.60  1
        2001010212  7015152      27.75     145.91  1
        2001010215  6877316      27.86     146.12  1
        2001010218  6571817      28.17     146.63  1
        2001010221  6257159      28.47     147.14  1
        2001010300  5877097      28.81     147.84  1
        2001010303  5359449      29.28     148.74  1
        2001010306  4903335      29.61     149.60  1
        2001010309  3326237      32.94     154.16  1
        2001010312  2804281      33.42     155.41  1
        2001010315  1657972      33.39     156.05  1
        2001010318   713696      32.77     158.38  1
LPT    17.0100
        2000123106   371988      -5.88      62.67  1
        2000123109   543057      -6.15      63.30  1
        2000123112   846534      -6.47      63.82  1
        2000123115  1018000      -6.64      63.78  1
        2000123118  1281729      -6.91      63.87  1
        2000123121  1406716      -7.11      64.07  1
        2001010100  1606541      -7.51      64.29  1
        2001010103  1711341      -7.69      64.63  1
        2001010106  1716570      -7.91      65.10  1
        2001010109  1863602      -8.19      65.97  1
        2001010112  2061046      -8.56      67.41  1
        2001010115  2255363      -8.86      68.39  1
        2001010118  2296000      -9.06      68.73  1
        2001010121  2394832      -9.31      69.14  1
        2001010200  2383951      -9.44      69.06  1
        2001010203  2463772      -9.65      69.25  1
        2001010206  2480931      -9.79      69.33  1
        2001010209  2515089      -9.89      69.24  1
        2001010212  2517669      -9.95      69.17  1
        2001010215  2596649     -10.04      69.15  1
        2001010218  2707739     -10.10      68.94  1
        2001010221  2817793     -10.19      68.80  1
        2001010300  2891759     -10.32      68.42  1
        2001010303  2860548     -10.43      68.12  1
        2001010306  2828556     -10.54      67.92  1
        2001010309  2706898     -10.67      67.69  1
        2001010312  2591002     -10.76      67.37  1
        2001010315  2428681     -10.89      66.95  1
        2001010318  2342313     -10.98      66.42  1
        2001010321  2150788     -11.08      65.82  1
        2001010400  2115008     -11.21      65.12  1
        2001010403  1996411     -11.30      64.57  1
        2001010406  1968415     -11.40      63.87  1
        2001010409  1936762     -11.49      63.52  1
        2001010412  1862227     -11.55      62.92  1
        2001010415  1826165     -11.63      62.50  1
        2001010418  1755248     -11.73      61.96  1
        2001010421  1687999     -11.85      61.61  1
        2001010500  1526839     -11.91      60.91  1
        2001010503  1400442     -11.95      60.11  1
        2001010506  1251130     -12.05      59.05  1
        2001010509  1188700     -12.17      58.69  1
        2001010512  1156208     -12.35      58.32  1
        2001010515  1177155     -12.54      58.05  1
        2001010518  1147546     -12.76      57.73  1
        2001010521  1059320     -12.97      57.41  1
        2001010600  1035152     -13.35      57.08  1
        2001010603   888177     -13.71      56.65  1
        2001010606   794756     -14.06      56.33  1
        2001010609   726624     -14.30      56.09  1
        2001010612   740085     -14.52      55.83  1
        2001010615   709489     -14.74      55.65  1
        2001010618   649818     -14.97      55.42  1
        2001010621   600441     -15.30      55.10  1
        2001010700   576553     -15.58      54.89  1
        2001010703   498918     -16.01      54.55  1
        2001010706   403106     -16.40      54.23  1
        2001010709   305373     -16.84      53.95  1
        2001010712   322548     -17.16      53.73  1
        2001010715   351858     -17.65      53.38  1
        2001010718   384861     -18.04      53.21  1
        2001010721   468024     -18.76      53.03  1
        2001010800   448727     -19.14      52.94  1
        2001010803   495049     -19.49      52.88  1
        2001010806   445314     -19.85      52.80  1
        2001010809   445709     -20.21      52.70  1
        2001010812   434828     -20.48      52.66  1
        2001010815   453744     -20.92      52.56  1
        2001010818   465961     -21.62      52.55  1
        2001010821   509564     -22.06      52.49  1
        2001010900   543779     -22.28      52.46  1
        2001010903   488744     -22.90      52.38  1
        2001010906   476047     -23.27      52.38  1
        2001010909   463675     -23.56      52.40  1
        2001010912   457714     -23.85      52.41  1
        2001010915   436728     -24.21      52.32  1
        2001010918   454614     -24.52      52.33  1
        2001010921   498159     -24.87      52.33  1
        2001011000   511891     -25.27      52.33  1
        2001011003   495098     -25.62      52.32  1
        2001011006   436921     -25.92      52.33  1
        2001011009   384756     -26.16      52.33  1
        2001011012   336191     -26.42      52.35  1
LPT    18.0100
        2001010218   343736      -5.50     160.25  1
        2001010221   714082      -5.56     159.87  1
        2001010300  1053522      -5.56     159.17  1
        2001010303  1379838      -5.82     158.73  1
        2001010306  1763976      -6.25     158.23  1
        2001010309  2087530      -6.80     158.18  1
        2001010312  2443600      -7.31     158.12  1
        2001010315  3021803      -7.99     158.08  1
        2001010318  3476440      -8.10     157.93  1
        2001010321  3885804      -8.33     157.96  1
        2001010400  4171272      -8.52     158.06  1
        2001010403  4374925      -8.76     158.11  1
        2001010406  4642687      -8.86     158.04  1
        2001010409  4786703      -8.94     158.04  1
        2001010412  5071399      -8.89     158.09  1
        2001010415  5381959      -8.86     157.99  1
        2001010418  5687901      -8.91     157.99  1
        2001010421  5938363      -9.02     157.95  1
        2001010500  6087771      -9.14     157.88  1
        2001010503  6198490      -9.28     157.74  1
        2001010506  6278768      -9.32     157.49  1
        2001010509  6238379      -9.61     157.49  1
        2001010512  6099196      -9.77     157.38  1
        2001010515  5980608     -10.07     157.35  1
        2001010518  5758146     -10.48     157.10  1
        2001010521  5100460     -11.74     157.19  1
        2001010600  4431583     -13.11     157.49  1
        2001010603  4042477     -13.64     157.56  1
        2001010606  2083878      -8.38     146.95  1
        2001010609  1768458      -8.32     145.85  1
        2001010612  1491088      -8.25     145.18  1
        2001010615  1342776      -8.10     144.41  1
        2001010618  1107915      -7.71     143.01  1
        2001010621   924658      -7.63     141.62  1
        2001010700   850756      -7.52     139.99  1
        2001010703   823172      -7.54     139.38  1
        2001010706   934221      -7.52     138.29  1
        2001010709   870647      -7.14     136.62  1
        2001010712   983479      -7.03     136.21  1
        2001010715  1185183      -6.94     136.11  1
        2001010718  1283086      -6.68     135.14  1
        2001010721  1320983      -6.51     134.44  1
        2001010800  1317578      -6.27     134.08  1
        2001010803  1725117      -4.84     134.10  1
        2001010806  2043849      -3.92     134.09  1
        2001010809  2167793      -3.61     134.09  1
        2001010812  2166877      -3.50     134.05  1
        2001010815  2177721      -3.33     133.91  1
        2001010818  2245605      -3.32     133.85  1
        2001010821  2162607      -3.76     133.60  1
        2001010900  1989799      -4.18     133.47  1
        2001010903  1876240      -4.60     133.29  1
        2001010906  1337063      -7.15     132.83  1
        2001010909  1227051      -7.38     132.89  1
        2001010912  1070162      -7.76     132.95  1
        2001010915   968735      -8.00     133.13  1
        2001010918   907135      -8.22     133.21  1
        2001010921   808161      -8.44     133.40  1
        2001011000   651969      -8.71     133.47  1
        2001011003   418170      -8.95     133.43  1
        2001011006   336316      -9.20     133.49  1
LPT    19.0100
        2001010518   392075     -11.53     297.28  1
        2001010521   539086     -11.40     296.93  1
        2001010600   490870     -11.27     296.52  1
        2001010603   475028     -11.23     296.33  1
        2001010606   506956     -11.16     296.11  1
        2001010609   489077     -10.98     295.85  1
        2001010612   502159     -10.87     295.60  1
        2001010615   487856     -10.81     295.33  1
        2001010618   696419     -10.46     295.35  1
        2001010621   900617      -9.90     294.95  1
        2001010700   799333      -9.33     294.57  1
        2001010703   770963      -9.07     294.45  1
        2001010706   830405      -8.72     294.28  1
        2001010709   923550      -8.03     294.38  1
        2001010712   953053      -7.12     294.77  1
        2001010715   983003      -5.94     295.52  1
        2001010718  1271945      -5.08     296.27  1
        2001010721  1699234      -4.75     296.12  1
        2001010800  1604329      -4.62     295.89  1
        2001010803  1453562      -4.66     295.34  1
        2001010806  1408908      -4.69     294.92  1
        2001010809  1195209      -4.65     294.47  1
        2001010812  1053055      -4.58     294.38  1
        2001010815   889204      -4.57     294.09  1
        2001010818   940691      -4.66     294.51  1
        2001010821  1085137      -4.82     294.68  1
        2001010900   984344      -4.90     295.90  1
        2001010903  1024983      -5.01     297.31  1
        2001010906  1308086      -5.30     298.22  1
        2001010909  1484549      -5.39     298.37  1
        2001010912  1583432      -5.45     298.51  1
        2001010915  1367725      -5.39     298.72  1
        2001010918  1651502      -5.52     298.59  1
        2001010921  2015459      -5.72     297.66  1
        2001011000  1845538      -5.83     297.97  1
        2001011003  1788200      -6.01     297.87  1
        2001011006  1878350      -6.34     297.46  1
        2001011009  1971495      -6.64     296.91  1
        2001011012  1877238      -7.05     296.70  1
        2001011015  1843860      -7.36     296.43  1
        2001011018  1964746      -7.70     296.49  1
        2001011021  1930955      -8.07     296.12  1
        2001011100  1416154      -8.51     296.35  1
        2001011103  1215500      -8.71     296.06  1
        2001011106  1240570      -8.97     296.30  1
        2001011109  1177813      -9.26     297.07  1
        2001011112  1401192      -9.56     297.52  1
        2001011115  1321851      -9.61     297.20  1
        2001011118  1728774      -9.73     297.18  1
        2001011121  1866082      -9.51     296.66  1
        2001011200  1528098      -9.42     295.92  1
        2001011203  1300183      -9.47     294.34  1
        2001011206  1308538      -9.43     293.42  1
        2001011209  1100214      -9.31     292.24  1
        2001011212  1036374      -9.25     291.82  1
        2001011215   987192      -9.12     291.41  1
        2001011218  1132925      -9.03     291.54  1
        2001011221  1071508      -8.93     291.22  1
        2001011300   723358      -8.85     290.83  1
        2001011303   589755      -8.94     290.78  1
        2001011306   530233      -8.98     290.97  1
        2001011309   374723      -8.92     291.11  1
LPT    20.0100
        2001010609   318921      -9.89      81.31  1
        2001010612   475576      -9.96      80.68  1
        2001010615   665613     -10.01      80.09  1
        2001010618   856380     -10.04      79.78  1
        2001010621  1055312     -10.10      79.36  1
        2001010700  1302114     -10.13      79.22  1
        2001010703  1450960     -10.13      79.00  1
        2001010706  1522253     -10.14      78.85  1
        2001010709  1625403     -10.16      78.61  1
        2001010712  1725662     -10.15      78.35  1
        2001010715  1831771     -10.18      78.02  1
        2001010718  1881063     -10.19      77.75  1
        2001010721  1954483     -10.22      77.47  1
        2001010800  2013402     -10.26      77.10  1
        2001010803  2024223     -10.35      76.66  1
        2001010806  2047955     -10.43      76.41  1
        2001010809  2072978     -10.54      76.09  1
        2001010812  2118159     -10.68      76.00  1
        2001010815  2128768     -10.88      75.82  1
        2001010818  2095788     -11.04      75.67  1
        2001010821  2074700     -11.22      75.55  1
        2001010900  2059348     -11.45      75.37  1
        2001010903  2058558     -11.65      75.29  1
        2001010906  2030469     -11.87      75.25  1
        2001010909  2016923     -12.06      75.18  1
        2001010912  2038794     -12.34      75.18  1
        2001010915  2015130     -12.57      75.24  1
        2001010918  1954036     -12.79      75.26  1
        2001010921  1931832     -13.03      75.24  1
        2001011000  1878662     -13.30      75.32  1
        2001011003  1795382     -13.59      75.33  1
        2001011006  1720517     -13.89      75.37  1
        2001011009  1660071     -14.08      75.48  1
        2001011012  1622411     -14.33      75.56  1
        2001011015  1570226     -14.53      75.71  1
        2001011018  1514817     -14.78      75.84  1
        2001011021  1522890     -14.91      75.91  1
        2001011100  1509254     -15.04      75.99  1
        2001011103  1474261     -15.15      76.02  1
        2001011106  1445031     -15.18      76.01  1
        2001011109  1407799     -15.19      76.01  1
        2001011112  1357760     -15.22      75.96  1
        2001011115  1279377     -15.26      75.89  1
        2001011118  1177707     -15.35      75.82  1
        2001011121  1138983     -15.36      75.73  1
        2001011200  1077109     -15.39      75.67  1
        2001011203   957593     -15.50      75.70  1
        2001011206   866848     -15.51      75.50  1
        2001011209   770133     -15.52      75.37  1
        2001011212   706920     -15.52      75.06  1
        2001011215   627229     -15.56      74.80  1
        2001011218   647789     -15.64      74.45  1
        2001011221   651371     -15.68      74.34  1
        2001011300   585671     -15.78      74.09  1
        2001011303   491841     -15.88      73.88  1
        2001011306   380170     -16.01      73.51  1
        2001011309   307796     -16.25      73.25  1
LPT    21.0100
        2001011000   602805      -3.57     114.11  1
        2001011003   821839      -3.17     114.41  1
        2001011006  1152391      -2.96     114.60  1
        2001011009  1419707      -2.71     114.68  1
        2001011012  1648860      -2.86     114.71  1
        2001011015  1813967      -3.05     114.80  1
        2001011018  2063256      -3.43     114.69  1
        2001011021  2215639      -3.70     114.73  1
        2001011100  2391516      -4.09     114.46  1
        2001011103  2542893      -4.38     114.12  1
        2001011106  2672796      -4.59     113.91  1
        2001011109  2841922      -4.71     113.70  1
        2001011112  2913356      -4.89     113.46  1
        2001011115  2930291      -5.07     113.30  1
        2001011118  2998206      -5.30     113.17  1
        2001011121  2961365      -5.47     113.15  1
        2001011200  3000127      -5.69     112.77  1
        2001011203  2978110      -5.82     112.48  1
        2001011206  2960667      -5.95     112.06  1
        2001011209  2953507      -6.06     111.95  1
        2001011212  2956175      -6.19     111.73  1
        2001011215  2987365      -6.33     111.42  1
        2001011218  3087184      -6.49     111.61  1
        2001011221  3114452      -6.58     111.93  1
        2001011300  3237575      -6.49     112.66  1
        2001011303  3261652      -6.34     114.58  1
        2001011306  3471305      -6.08     117.69  1
        2001011309  3383286      -5.61     119.76  1
        2001011312  3217840      -4.87     122.51  1
        2001011315  3327855      -4.40     123.26  1
        2001011318  3534788      -4.03     123.89  1
        2001011321  3621143      -3.66     124.64  1
        2001011400  3683908      -3.14     125.39  1
        2001011403  3613315      -2.54     126.52  1
        2001011406  3784962      -2.12     127.02  1
        2001011409  3941713      -1.71     127.10  1
        2001011412  4117233      -1.50     127.18  1
        2001011415  4282014      -1.15     126.87  1
        2001011418  4479476      -1.02     126.73  1
        2001011421  4551152      -0.77     126.37  1
        2001011500  4658802      -0.65     126.03  1
        2001011503  4723285      -0.52     125.83  1
        2001011506  4869409      -0.57     125.63  1
        2001011509  4973717      -0.56     125.54  1
        2001011512  5046094      -0.44     125.33  1
        2001011515  5115084      -0.31     125.25  1
        2001011518  5280779      -0.35     125.25  1
        2001011521  5230159      -0.11     124.82  1
        2001011600  5093485       0.27     124.43  1
        2001011603  4886079       0.84     124.10  1
        2001011606  4743886       1.20     123.67  1
        2001011609  4574983       1.45     123.29  1
        2001011612  4300003       1.77     123.11  1
        2001011615  2886531       5.56     119.95  1
        2001011618  2646937       5.99     119.74  1
        2001011621  2458716       6.36     119.67  1
        2001011700  2405542       6.49     119.19  1
        2001011703  2248690       6.67     118.70  1
        2001011706  2206287       6.75     118.24  1
        2001011709  3653025       1.87     113.95  1
        2001011712  3707427       1.89     113.48  1
        2001011715  3892993       1.61     112.44  1
        2001011718  4262636       0.72     111.96  1
        2001011721  4444512       0.46     111.49  1
        2001011800  4421453       0.34     111.28  1
        2001011803  4082592       0.38     110.59  1
        2001011806  4005437       0.25     110.08  1
        2001011809  3909099       0.18     109.79  1
        2001011812  3664457       0.33     109.51  1
        2001011815  3479871       0.45     109.36  1
        2001011818  3495395       0.46     109.48  1
        2001011821  3399383       0.37     109.42  1
        2001011900  3156357       0.41     109.42  1
        2001011903  2855756       0.52     109.44  1
        2001011906  2817640       0.59     109.38  1
        2001011909  2757519       0.63     109.34  1
        2001011912  2690952       0.60     109.33  1
        2001011915  2665111       0.29     109.14  1
        2001011918  2590155       0.10     108.79  1
        2001011921  2339120      -0.20     108.50  1
        2001012000  2022494      -0.83     107.97  1
        2001012003   875611      -4.71     106.60  1
        2001012006   889966      -4.30     106.54  1
        2001012009   845856      -4.64     107.10  1
        2001012012   875084      -4.67     107.44  1
        2001012015  1202451      -4.36     108.44  1
        2001012018  1414207      -4.25     109.34  1
        2001012021  1549133      -4.12     109.96  1
        2001012100  1567583      -4.17     110.37  1
        2001012103  1565983      -4.25     110.60  1
        2001012106  1552151      -4.28     111.05  1
        2001012109  1602138      -4.31     111.71  1
        2001012112  1471309      -4.35     112.01  1
        2001012115  1446372      -4.53     112.29  1
        2001012118  1481804      -4.53     112.66  1
        2001012121  1276903      -4.74     112.28  1
        2001012200  1059463      -4.58     112.86  1
        2001012203   860990      -4.52     113.17  1
        2001012206   862697      -4.40     113.16  1
        2001012209   937401      -4.39     112.34  1
        2001012212   838723      -4.47     110.96  1
        2001012215   663857      -4.52     109.67  1
        2001012218   689992      -4.54     109.24  1
        2001012221   726059      -4.64     109.28  1
        2001012300   668993      -4.74     109.32  1
        2001012303   458841      -4.79     109.96  1
        2001012306   419409      -5.06     110.38  1
        2001012309   439214      -5.34     110.60  1
LPT    22.0100
        2001012203   314881       4.75      84.75  1
        2001012206   330314       4.67      84.65  1
        2001012209   404390       4.32      84.27  1
        2001012212   485406       4.04      83.93  1
        2001012215   616555       3.70      83.59  1
        2001012218   625922       3.50      83.45  1
        2001012221   734832       3.04      83.11  1
        2001012300   768838       2.84      83.05  1
        2001012303   807519       2.54      82.76  1
        2001012306   776026       2.30      82.61  1
        2001012309   729205       1.77      82.25  1
        2001012312   751778       1.21      81.93  1
        2001012315   799774       0.37      81.34  1
        2001012318   817619      -0.32      80.96  1
        2001012321   915572      -1.14      80.52  1
        2001012400  1053530      -1.68      80.64  1
        2001012403  1200560      -2.21      80.71  1
        2001012406  1308186      -2.60      80.78  1
        2001012409  1352360      -3.14      80.79  1
        2001012412  1383596      -3.44      80.67  1
        2001012415  1406410      -3.65      80.76  1
        2001012418  1450119      -3.77      80.97  1
        2001012421  1616111      -3.94      80.76  1
        2001012500  1565863      -4.05      80.98  1
        2001012503  1422607      -4.10      81.39  1
        2001012506  1404697      -4.23      81.87  1
        2001012509  1592463      -4.27      82.32  1
        2001012512  1765844      -4.20      83.75  1
        2001012515  2067945      -4.01      85.50  1
        2001012518  2421064      -3.95      86.48  1
        2001012521  2850413      -3.73      87.20  1
        2001012600  3120174      -3.58      87.67  1
        2001012603  3283338      -3.34      88.09  1
        2001012606  3485211      -3.20      88.27  1
        2001012609  3726229      -3.10      88.36  1
        2001012612  3997662      -2.88      88.28  1
        2001012615  4187950      -2.78      88.16  1
        2001012618  4538439      -2.74      88.06  1
        2001012621  4877682      -2.77      87.91  1
        2001012700  5100922      -2.66      87.92  1
        2001012703  5245567      -2.60      88.10  1
        2001012706  5346246      -2.49      88.44  1
        2001012709  5515472      -2.42      88.71  1
        2001012712  5572452      -2.37      88.89  1
        2001012715  5666014      -2.39      89.05  1
        2001012718  5764151      -2.50      89.04  1
        2001012721  5929975      -2.71      89.12  1
        2001012800  6130043      -2.87      89.25  1
        2001012803  6251211      -2.85      89.56  1
        2001012806  6571303      -2.93      89.81  1
        2001012809  6817246      -2.89      90.26  1
        2001012812  7016460      -2.87      90.50  1
        2001012815  7138989      -2.90      90.72  1
        2001012818  7325374      -3.06      90.85  1
        2001012821  7351022      -3.14      90.84  1
        2001012900  7278896      -3.26      90.72  1
        2001012903  7006470      -3.37      90.50  1
        2001012906  6942761      -3.49      90.47  1
        2001012909  6947850      -3.58      90.72  1
        2001012912  6832052      -3.74      90.62  1
        2001012915  6721269      -3.96      90.75  1
        2001012918  6829279      -4.17      90.86  1
        2001012921  6746389      -4.36      91.10  1
        2001013000  6616764      -4.70      91.11  1
        2001013003  6599434      -5.06      91.08  1
        2001013006  6704568      -5.21      91.26  1
        2001013009  6836865      -5.29      91.53  1
        2001013012  6890016      -5.39      91.58  1
        2001013015  6911865      -5.51      91.44  1
        2001013018  6929389      -5.58      91.32  1
        2001013021  6946004      -5.64      91.34  1
        2001013100  6806536      -5.75      91.32  1
        2001013103  6541489      -5.91      91.53  1
        2001013106  6359965      -6.08      91.66  1
        2001013109  6033233      -6.22      92.02  1
        2001013112  2710113      -1.66     106.03  1
        2001013115  2643696      -1.58     106.35  1
        2001013118  2692591      -1.65     106.67  1
        2001013121  2696922      -1.67     106.99  1
        2001020100  2635940      -1.65     107.34  1
        2001020103  2548068      -1.60     107.59  1
        2001020106  2543348      -1.52     107.77  1
        2001020109  2567731      -1.54     107.88  1
        2001020112  2511797      -1.37     107.98  1
        2001020115  2461134      -1.26     108.16  1
        2001020118  2475124      -1.13     108.44  1
        2001020121  2455272      -1.04     108.84  1
        2001020200  2461637      -0.91     109.27  1
        2001020203  2470936      -0.98     109.66  1
        2001020206  2494088      -1.03     110.15  1
        2001020209  2529974      -1.42     110.52  1
        2001020212  2562309      -1.65     110.98  1
        2001020215  2628217      -2.07     111.14  1
        2001020218  2831097      -2.46     111.42  1
        2001020221  2915322      -2.88     112.23  1
        2001020300  2896944      -3.28     113.34  1
        2001020303  2822293      -3.59     114.41  1
        2001020306  2807213      -3.70     115.48  1
        2001020309  2902803      -3.74     116.09  1
        2001020312  2967733      -3.76     116.84  1
        2001020315  3096380      -4.18     117.22  1
        2001020318  3371397      -4.41     117.78  1
        2001020321  3643244      -4.51     118.37  1
        2001020400  3872804      -4.57     119.11  1
        2001020403  5525356      -3.37     125.83  1
        2001020406  6257016      -3.23     126.85  1
        2001020409  6818647      -3.28     127.23  1
        2001020412  7193653      -3.32     127.49  1
        2001020415  7802866      -3.41     128.19  1
        2001020418  8341925      -3.52     128.48  1
        2001020421  8722282      -3.62     128.26  1
        2001020500  9069247      -3.73     128.32  1
        2001020503  9904010      -4.58     128.85  1
        2001020506 10198315      -4.54     128.25  1
        2001020509 10669356      -4.27     125.34  1
        2001020512 10718092      -4.06     124.53  1
        2001020515 10530543      -4.13     123.84  1
        2001020518 10820486      -4.23     123.60  1
        2001020521 10850599      -4.36     123.19  1
        2001020600 10878221      -4.36     122.95  1
        2001020603 11081247      -4.40     122.56  1
        2001020606 11531247      -4.55     122.38  1
        2001020609 11772099      -4.61     121.80  1
        2001020612 11874937      -4.63     121.23  1
        2001020615 12117758      -4.72     120.78  1
        2001020618 12389016      -4.67     120.23  1
        2001020621 12759502      -4.63     120.07  1
        2001020700 13038075      -4.65     120.01  1
        2001020703 13570572      -4.60     120.36  1
        2001020706 13939645      -4.61     120.40  1
        2001020709 14077911      -4.68     120.30  1
        2001020712 14271934      -4.69     120.28  1
        2001020715 14543884      -4.76     120.34  1
        2001020718 14741057      -4.82     120.03  1
        2001020721 14871215      -4.84     120.04  1
        2001020800 14790444      -4.97     120.29  1
        2001020803 14658651      -5.03     120.29  1
        2001020806 14497288      -5.12     120.23  1
        2001020809 14132374      -5.30     120.47  1
        2001020812 13849245      -5.44     120.58  1
        2001020815 13613524      -5.56     120.46  1
        2001020818 13734581      -5.60     120.62  1
        2001020821 13560759      -5.57     120.76  1
        2001020900 13339443      -5.55     120.91  1
        2001020903 13025080      -5.56     120.95  1
        2001020906 12858045      -5.56     121.27  1
        2001020909 12580198      -5.51     121.55  1
        2001020912 12318863      -5.40     122.06  1
        2001020915 12200977      -5.41     122.57  1
        2001020918 12022216      -5.35     122.71  1
        2001020921 11702946      -5.34     122.71  1
        2001021000 11227504      -5.40     122.77  1
        2001021003 11016774      -5.34     123.23  1
        2001021006 10744343      -5.34     123.77  1
        2001021009 10500167      -5.32     124.27  1
        2001021012 10392884      -5.38     124.51  1
        2001021015 10388304      -5.47     124.81  1
        2001021018 10271779      -5.57     124.73  1
        2001021021 10396482      -5.59     124.59  1
        2001021100 10419218      -5.72     124.47  1
        2001021103 10557533      -5.76     124.61  1
        2001021106 10589310      -5.87     125.03  1
        2001021109 10728015      -5.96     125.27  1
        2001021112 10829140      -6.04     125.78  1
        2001021115 11026577      -6.13     126.44  1
        2001021118 11342362      -6.22     127.09  1
        2001021121 11467649      -6.33     127.98  1
        2001021200 11350659      -6.58     128.86  1
        2001021203 10719183      -7.03     130.51  1
        2001021206 10759965      -7.10     131.36  1
        2001021209 10866497      -7.09     131.99  1
        2001021212 10965643      -7.10     132.66  1
        2001021215 11310069      -7.15     133.03  1
        2001021218 11532220      -7.16     133.40  1
        2001021221 11682955      -7.18     133.69  1
        2001021300 11661311      -7.25     133.88  1
        2001021303 11689029      -7.28     134.28  1
        2001021306 11496865      -7.41     134.74  1
        2001021309 11439628      -7.53     135.12  1
        2001021312 11467371      -7.58     135.66  1
        2001021315 11297630      -7.58     136.64  1
        2001021318 11068080      -7.56     137.43  1
        2001021321 10736209      -7.45     138.59  1
        2001021400 10373082      -7.39     139.70  1
        2001021403 10057730      -7.24     140.79  1
        2001021406  9821869      -7.22     141.63  1
        2001021409  9785741      -7.34     141.94  1
        2001021412  9678151      -7.46     142.30  1
        2001021415  9671197      -7.54     142.70  1
        2001021418  9666085      -7.72     142.76  1
        2001021421  9777106      -7.98     142.46  1
        2001021500  9512594      -8.02     142.66  1
        2001021503  9261547      -8.17     142.61  1
        2001021506  9010915      -8.20     142.88  1
        2001021509  8881794      -8.32     142.86  1
        2001021512  8803086      -8.55     142.57  1
        2001021515  8777413      -8.74     142.53  1
        2001021518  8394942      -8.98     142.49  1
        2001021521  7966529      -9.29     142.21  1
        2001021600  7370284      -9.75     142.05  1
        2001021603  7074527     -10.01     141.93  1
        2001021606  6725657     -10.66     141.54  1
        2001021609  6915989     -10.78     141.25  1
        2001021612  6854087     -10.77     141.23  1
        2001021615  7244127     -10.11     140.76  1
        2001021618  5897173     -13.86     141.46  1
        2001021621  5749080     -13.91     141.71  1
        2001021700  5704783     -13.76     142.05  1
        2001021703  5791053     -13.51     142.39  1
        2001021706  5992261     -13.41     142.61  1
        2001021709  6047390     -13.28     143.00  1
        2001021712  6231173     -13.07     143.50  1
        2001021715  6520628     -12.93     143.71  1
        2001021718  6271829     -13.06     144.20  1
        2001021721  6126285     -13.13     144.58  1
        2001021800  5676621     -13.60     145.01  1
        2001021803  5143428     -14.79     145.04  1
        2001021806  5257748     -14.94     144.97  1
        2001021809  5331681     -15.00     144.96  1
        2001021812  5354729     -15.01     145.11  1
        2001021815  7439751     -13.62     153.54  1
        2001021818  7509762     -13.37     153.89  1
        2001021821  7747805     -12.91     153.92  1
        2001021900  7924861     -12.55     154.32  1
        2001021903  8047786     -12.17     154.36  1
        2001021906  8116473     -11.74     154.29  1
        2001021909  8365124     -11.34     154.51  1
        2001021912  8452540     -10.93     154.66  1
        2001021915  8802202     -10.51     154.91  1
        2001021918  9067005     -10.11     155.15  1
        2001021921  9138014      -9.83     155.24  1
        2001022000  9129823      -9.60     155.51  1
        2001022003  9078038      -9.44     155.67  1
        2001022006  9043149      -9.18     155.79  1
        2001022009  8863219      -8.87     156.03  1
        2001022012  8661397      -8.51     156.33  1
        2001022015  8313208      -8.05     156.86  1
        2001022018  8214374      -7.73     157.09  1
        2001022021  8125567      -7.54     157.07  1
        2001022100  8100139      -7.40     157.09  1
        2001022103  8007438      -7.19     157.07  1
        2001022106  8040260      -7.00     156.98  1
        2001022109  8033580      -6.74     156.80  1
        2001022112  7957167      -6.62     156.71  1
        2001022115  7894935      -6.52     156.51  1
        2001022118  7907433      -6.35     156.12  1
        2001022121  7781448      -6.25     155.86  1
        2001022200  7669955      -6.16     155.59  1
        2001022203  7727788      -5.90     154.81  1
        2001022206  7713155      -5.78     154.52  1
        2001022209  7684310      -5.70     154.28  1
        2001022212  7585404      -5.62     154.15  1
        2001022215  7541937      -5.59     154.01  1
        2001022218  7564520      -5.54     153.73  1
        2001022221  7441447      -5.47     153.56  1
        2001022300  7325017      -5.41     153.50  1
        2001022303  7301611      -5.38     153.27  1
        2001022306  7260720      -5.37     153.07  1
        2001022309  7215808      -5.43     152.85  1
        2001022312  7146506      -5.43     152.63  1
        2001022315  7049293      -5.50     152.36  1
        2001022318  6984203      -5.57     152.26  1
        2001022321  6753202      -5.65     152.05  1
        2001022400  6611478      -5.79     152.01  1
        2001022403  6521017      -5.92     151.91  1
        2001022406  6440287      -6.12     151.91  1
        2001022409  6275482      -6.29     151.91  1
        2001022412  6149194      -6.47     151.98  1
        2001022415  6128346      -6.56     151.93  1
        2001022418  6068507      -6.65     151.91  1
        2001022421  5942255      -6.75     152.04  1
        2001022500  5876677      -6.82     151.99  1
        2001022503  5786568      -6.90     152.02  1
        2001022506  5565043      -7.13     152.35  1
        2001022509  5417944      -7.39     152.48  1
        2001022512  5351555      -7.52     152.50  1
        2001022515  5374936      -7.51     152.67  1
        2001022518  5375151      -7.48     152.70  1
        2001022521  5100905      -7.37     153.03  1
        2001022600  5070835      -7.37     153.27  1
        2001022603  5062963      -7.44     153.63  1
        2001022606  5017695      -7.46     154.41  1
        2001022609  5051313      -7.59     155.01  1
        2001022612  5042470      -7.41     155.82  1
        2001022615  4490855      -6.62     158.64  1
        2001022618  4556235      -6.69     159.23  1
        2001022621  4553111      -6.88     159.96  1
        2001022700  4608815      -6.97     160.38  1
        2001022703  4682901      -7.08     160.76  1
        2001022706  4757872      -7.26     161.24  1
        2001022709  4866988      -7.50     161.73  1
        2001022712  5035168      -7.95     162.75  1
        2001022715  5185575      -8.54     163.98  1
        2001022718  5319035      -9.31     165.63  1
        2001022721  5390769      -9.91     166.83  1
        2001022800  5361050     -10.66     168.37  1
        2001022803  5294310     -11.32     169.60  1
        2001022806  5271681     -11.59     170.16  1
        2001022809  5307888     -11.84     170.76  1
        2001022812  5419448     -12.17     171.65  1
        2001022815  5503577     -12.49     172.41  1
        2001022818  5582511     -12.92     173.51  1
        2001022821  5635016     -13.33     174.56  1
        2001030100  5699267     -13.62     175.32  1
        2001030103  5720717     -13.91     175.96  1
        2001030106  5746018     -14.21     176.64  1
        2001030109  5797324     -14.50     177.42  1
        2001030112  5937578     -14.70     178.14  1
        2001030115  6056772     -14.92     179.00  1
        2001030118  6218600     -15.14     179.97  1
        2001030121  6293175     -15.37     180.96  1
        2001030200  6382532     -15.55     181.77  1
        2001030203  6389661     -15.70     182.58  1
        2001030206  6498389     -15.82     183.33  1
        2001030209  6611946     -15.90     183.94  1
        2001030212  6903310     -15.86     184.39  1
        2001030215  7206790     -15.80     184.72  1
        2001030218  7608171     -15.65     184.80  1
        2001030221  7851123     -15.56     184.97  1
        2001030300  8034009     -15.45     185.09  1
        2001030303  8022551     -15.37     185.20  1
        2001030306  7954131     -15.30     185.36  1
        2001030309  7914966     -15.25     185.51  1
        2001030312  7952306     -15.23     185.72  1
        2001030315  7918728     -15.14     185.88  1
        2001030318  7854840     -15.07     186.07  1
        2001030321  7791530     -15.04     186.26  1
        2001030400  7669772     -14.88     186.43  1
        2001030403  7563371     -14.78     186.63  1
        2001030406  7458998     -14.66     186.86  1
        2001030409  7373937     -14.47     186.91  1
        2001030412  7256680     -14.27     186.99  1
        2001030415  7105015     -13.99     186.90  1
        2001030418  6954785     -13.74     186.65  1
        2001030421  6690290     -13.47     186.39  1
        2001030500  6481286     -13.27     186.20  1
        2001030503  6257662     -13.06     186.06  1
        2001030506  6075553     -12.85     185.74  1
        2001030509  5847469     -12.55     185.11  1
        2001030512  5602799     -12.19     184.34  1
        2001030515  5192031     -11.70     183.28  1
        2001030518  4667821     -11.20     182.19  1
        2001030521  4077862     -10.83     181.76  1
        2001030600  3552061     -10.50     181.41  1
        2001030603  2915238     -10.04     180.65  1
        2001030606  2603963      -9.71     179.87  1
        2001030609  2302249      -9.31     178.45  1
        2001030612  1922548      -8.88     176.55  1
        2001030615  1676222      -8.71     174.69  1
        2001030618  1461287      -8.61     173.10  1
        2001030621  1386589      -8.57     172.33  1
        2001030700  1324180      -8.51     171.85  1
        2001030703  1256512      -8.43     171.46  1
        2001030706  1210190      -8.34     171.16  1
        2001030709  1144709      -8.28     171.09  1
        2001030712   983749      -8.21     171.04  1
        2001030715   819585      -8.16     171.14  1
        2001030718   522348      -8.11     171.45  1
LPT    22.0200
        2001012203   314881       4.75      84.75  1
        2001012206   330314       4.67      84.65  1
        2001012209   404390       4.32      84.27  1
        2001012212   485406       4.04      83.93  1
        2001012215   616555       3.70      83.59  1
        2001012218   625922       3.50      83.45  1
        2001012221   734832       3.04      83.11  1
        2001012300   768838       2.84      83.05  1
        2001012303   807519       2.54      82.76  1
        2001012306   776026       2.30      82.61  1
        2001012309   729205       1.77      82.25  1
        2001012312   751778       1.21      81.93  1
        2001012315   799774       0.37      81.34  1
        2001012318   817619      -0.32      80.96  1
        2001012321   915572      -1.14      80.52  1
        2001012400  1053530      -1.68      80.64  1
        2001012403  1200560      -2.21      80.71  1
        2001012406  1308186      -2.60      80.78  1
        2001012409  1352360      -3.14      80.79  1
        2001012412  1383596      -3.44      80.67  1
        2001012415  1406410      -3.65      80.76  1
        2001012418  1450119      -3.77      80.97  1
        2001012421  1616111      -3.94      80.76  1
        2001012500  1565863      -4.05      80.98  1
        2001012503  1422607      -4.10      81.39  1
        2001012506  1404697      -4.23      81.87  1
        2001012509  1592463      -4.27      82.32  1
        2001012512  1765844      -4.20      83.75  1
        2001012515  2067945      -4.01      85.50  1
        2001012518  2421064      -3.95      86.48  1
        2001012521  2850413      -3.73      87.20  1
        2001012600  3120174      -3.58      87.67  1
        2001012603  3283338      -3.34      88.09  1
        2001012606  3485211      -3.20      88.27  1
        2001012609  3726229      -3.10      88.36  1
        2001012612  3997662      -2.88      88.28  1
        2001012615  4187950      -2.78      88.16  1
        2001012618  4538439      -2.74      88.06  1
        2001012621  4877682      -2.77      87.91  1
        2001012700  5100922      -2.66      87.92  1
        2001012703  5245567      -2.60      88.10  1
        2001012706  5346246      -2.49      88.44  1
        2001012709  5515472      -2.42      88.71  1
        2001012712  5572452      -2.37      88.89  1
        2001012715  5666014      -2.39      89.05  1
        2001012718  5764151      -2.50      89.04  1
        2001012721  5929975      -2.71      89.12  1
        2001012800  6130043      -2.87      89.25  1
        2001012803  6251211      -2.85      89.56  1
        2001012806  6571303      -2.93      89.81  1
        2001012809  6817246      -2.89      90.26  1
        2001012812  7016460      -2.87      90.50  1
        2001012815  7138989      -2.90      90.72  1
        2001012818  7325374      -3.06      90.85  1
        2001012821  7351022      -3.14      90.84  1
        2001012900  7278896      -3.26      90.72  1
        2001012903  7006470      -3.37      90.50  1
        2001012906  6942761      -3.49      90.47  1
        2001012909  6947850      -3.58      90.72  1
        2001012912  6832052      -3.74      90.62  1
        2001012915  6721269      -3.96      90.75  1
        2001012918  6829279      -4.17      90.86  1
        2001012921  6746389      -4.36      91.10  1
        2001013000  6616764      -4.70      91.11  1
        2001013003  6599434      -5.06      91.08  1
        2001013006  6704568      -5.21      91.26  1
        2001013009  6836865      -5.29      91.53  1
        2001013012  6890016      -5.39      91.58  1
        2001013015  6911865      -5.51      91.44  1
        2001013018  6929389      -5.58      91.32  1
        2001013021  6946004      -5.64      91.34  1
        2001013100  6806536      -5.75      91.32  1
        2001013103  6541489      -5.91      91.53  1
        2001013106  6359965      -6.08      91.66  1
        2001013109  6033233      -6.22      92.02  1
        2001013112  2710113      -1.66     106.03  1
        2001013115  2643696      -1.58     106.35  1
        2001013118  2692591      -1.65     106.67  1
        2001013121  2696922      -1.67     106.99  1
        2001020100  2635940      -1.65     107.34  1
        2001020103  2548068      -1.60     107.59  1
        2001020106  2543348      -1.52     107.77  1
        2001020109  2567731      -1.54     107.88  1
        2001020112  2511797      -1.37     107.98  1
        2001020115  2461134      -1.26     108.16  1
        2001020118  2475124      -1.13     108.44  1
        2001020121  2455272      -1.04     108.84  1
        2001020200  2461637      -0.91     109.27  1
        2001020203  2470936      -0.98     109.66  1
        2001020206  2494088      -1.03     110.15  1
        2001020209  2529974      -1.42     110.52  1
        2001020212  2562309      -1.65     110.98  1
        2001020215  2628217      -2.07     111.14  1
        2001020218  2831097      -2.46     111.42  1
        2001020221  2915322      -2.88     112.23  1
        2001020300  2896944      -3.28     113.34  1
        2001020303  2822293      -3.59     114.41  1
        2001020306  2807213      -3.70     115.48  1
        2001020309  2902803      -3.74     116.09  1
        2001020312  2967733      -3.76     116.84  1
        2001020315  3096380      -4.18     117.22  1
        2001020318  3371397      -4.41     117.78  1
        2001020321  3643244      -4.51     118.37  1
        2001020400  3872804      -4.57     119.11  1
        2001020403  5525356      -3.37     125.83  1
        2001020406  6257016      -3.23     126.85  1
        2001020409  6818647      -3.28     127.23  1
        2001020412  7193653      -3.32     127.49  1
        2001020415  7802866      -3.41     128.19  1
        2001020418  8341925      -3.52     128.48  1
        2001020421  8722282      -3.62     128.26  1
        2001020500  9069247      -3.73     128.32  1
        2001020503  9904010      -4.58     128.85  1
        2001020506 10198315      -4.54     128.25  1
        2001020509 10669356      -4.27     125.34  1
        2001020512 10718092      -4.06     124.53  1
        2001020515 10530543      -4.13     123.84  1
        2001020518 10820486      -4.23     123.60  1
        2001020521 10850599      -4.36     123.19  1
        2001020600 10878221      -4.36     122.95  1
        2001020603 11081247      -4.40     122.56  1
        2001020606 11531247      -4.55     122.38  1
        2001020609 11772099      -4.61     121.80  1
        2001020612 11874937      -4.63     121.23  1
        2001020615 12117758      -4.72     120.78  1
        2001020618 12389016      -4.67     120.23  1
        2001020621 12759502      -4.63     120.07  1
        2001020700 13038075      -4.65     120.01  1
        2001020703 13570572      -4.60     120.36  1
        2001020706 13939645      -4.61     120.40  1
        2001020709 14077911      -4.68     120.30  1
        2001020712 14271934      -4.69     120.28  1
        2001020715 14543884      -4.76     120.34  1
        2001020718 14741057      -4.82     120.03  1
        2001020721 14871215      -4.84     120.04  1
        2001020800 14790444      -4.97     120.29  1
        2001020803 14658651      -5.03     120.29  1
        2001020806 14497288      -5.12     120.23  1
        2001020809 14132374      -5.30     120.47  1
        2001020812 13849245      -5.44     120.58  1
        2001020815 13613524      -5.56     120.46  1
        2001020818 13734581      -5.60     120.62  1
        2001020821 13560759      -5.57     120.76  1
        2001020900 13339443      -5.55     120.91  1
        2001020903 13025080      -5.56     120.95  1
        2001020906 12858045      -5.56     121.27  1
        2001020909 12580198      -5.51     121.55  1
        2001020912 12318863      -5.40     122.06  1
        2001020915 12200977      -5.41     122.57  1
        2001020918 12022216      -5.35     122.71  1
        2001020921 11702946      -5.34     122.71  1
        2001021000 11227504      -5.40     122.77  1
        2001021003 11016774      -5.34     123.23  1
        2001021006 10744343      -5.34     123.77  1
        2001021009 10500167      -5.32     124.27  1
        2001021012 10392884      -5.38     124.51  1
        2001021015 10388304      -5.47     124.81  1
        2001021018 10271779      -5.57     124.73  1
        2001021021 10396482      -5.59     124.59  1
        2001021100 10419218      -5.72     124.47  1
        2001021103 10557533      -5.76     124.61  1
        2001021106 10589310      -5.87     125.03  1
        2001021109 10728015      -5.96     125.27  1
        2001021112 10829140      -6.04     125.78  1
        2001021115 11026577      -6.13     126.44  1
        2001021118 11342362      -6.22     127.09  1
        2001021121 11467649      -6.33     127.98  1
        2001021200 11350659      -6.58     128.86  1
        2001021203 10719183      -7.03     130.51  1
        2001021206 10759965      -7.10     131.36  1
        2001021209 10866497      -7.09     131.99  1
        2001021212 10965643      -7.10     132.66  1
        2001021215 11310069      -7.15     133.03  1
        2001021218 11532220      -7.16     133.40  1
        2001021221 11682955      -7.18     133.69  1
        2001021300 11661311      -7.25     133.88  1
        2001021303 11689029      -7.28     134.28  1
        2001021306 11496865      -7.41     134.74  1
        2001021309 11439628      -7.53     135.12  1
        2001021312 11467371      -7.58     135.66  1
        2001021315 11297630      -7.58     136.64  1
        2001021318 11068080      -7.56     137.43  1
        2001021321 10736209      -7.45     138.59  1
        2001021400 10373082      -7.39     139.70  1
        2001021403 10057730      -7.24     140.79  1
        2001021406  9821869      -7.22     141.63  1
        2001021409  9785741      -7.34     141.94  1
        2001021412  9678151      -7.46     142.30  1
        2001021415  9671197      -7.54     142.70  1
        2001021418  9666085      -7.72     142.76  1
        2001021421  9777106      -7.98     142.46  1
        2001021500  9512594      -8.02     142.66  1
        2001021503  9261547      -8.17     142.61  1
        2001021506  9010915      -8.20     142.88  1
        2001021509  8881794      -8.32     142.86  1
        2001021512  8803086      -8.55     142.57  1
        2001021515  8777413      -8.74     142.53  1
        2001021518  8394942      -8.98     142.49  1
        2001021521  7966529      -9.29     142.21  1
        2001021600  7370284      -9.75     142.05  1
        2001021603  7074527     -10.01     141.93  1
        2001021606  6725657     -10.66     141.54  1
        2001021609  6915989     -10.78     141.25  1
        2001021612  6854087     -10.77     141.23  1
        2001021615  7244127     -10.11     140.76  1
        2001021618  1318003       8.37     134.20  1
        2001021621  1294337       8.54     132.65  1
        2001021700  1375807       8.55     131.87  1
        2001021703  1464813       8.59     131.44  1
        2001021706  1491518       8.75     131.21  1
        2001021709  1584630       8.88     131.01  1
        2001021712  1739916       9.07     130.99  1
        2001021715  1961321       9.23     130.90  1
        2001021718  2308049       9.36     130.60  1
        2001021721  2511501       9.39     130.42  1
        2001021800  2662065       9.47     130.34  1
        2001021803  2791368       9.54     130.27  1
        2001021806  2883590       9.68     130.17  1
        2001021809  2918257       9.79     129.97  1
        2001021812  2860868       9.84     129.68  1
        2001021815  2752126       9.94     129.23  1
        2001021818  2642694      10.05     128.87  1
        2001021821  2512016      10.17     128.46  1
        2001021900  2351139      10.28     128.10  1
        2001021903  2257532      10.33     127.90  1
        2001021906  2102737      10.35     127.60  1
        2001021909  2040250      10.40     127.50  1
        2001021912  1942089      10.47     127.30  1
        2001021915  1824274      10.53     127.12  1
        2001021918  1709347      10.63     126.94  1
        2001021921  1567260      10.86     126.68  1
        2001022000  1458865      11.04     126.40  1
        2001022003  1352952      11.20     126.16  1
        2001022006  1257557      11.39     125.91  1
        2001022009  1170655      11.57     125.64  1
        2001022012  1083085      11.74     125.38  1
        2001022015   938780      11.98     125.08  1
        2001022018   758228      12.31     124.61  1
        2001022021   389397      12.83     124.02  1
LPT    22.0300
        2001020118   296225     -27.42     153.20  1
        2001020121   419584     -27.06     153.19  1
        2001020200   541642     -26.68     153.10  1
        2001020203   667190     -26.19     152.99  1
        2001020206   796932     -25.73     152.84  1
        2001020209   930849     -25.21     152.66  1
        2001020212  1026142     -24.73     152.52  1
        2001020215  1108050     -24.33     152.40  1
        2001020218  1168877     -24.05     152.35  1
        2001020221  1209127     -23.72     152.26  1
        2001020300  1249324     -23.43     152.14  1
        2001020303  1285427     -23.27     152.04  1
        2001020306  1392496     -22.84     151.71  1
        2001020309  1462914     -22.56     151.46  1
        2001020312  1510107     -22.34     151.27  1
        2001020315  1542262     -22.13     151.18  1
        2001020318  1527439     -21.92     151.13  1
        2001020321  1493008     -21.73     151.08  1
        2001020400  1420133     -21.43     150.98  1
        2001020403  1226698     -20.73     150.69  1
        2001020406  1142649     -19.93     150.18  1
        2001020409  1013617     -19.26     149.65  1
        2001020412   906922     -18.81     149.18  1
        2001020415   779649     -18.22     148.62  1
        2001020418   697038     -17.61     148.17  1
        2001020421   543943     -17.14     147.70  1
        2001020500   445197     -16.12     147.05  1
        2001020503  9904010      -4.58     128.85  1
        2001020506 10198315      -4.54     128.25  1
        2001020509 10669356      -4.27     125.34  1
        2001020512 10718092      -4.06     124.53  1
        2001020515 10530543      -4.13     123.84  1
        2001020518 10820486      -4.23     123.60  1
        2001020521 10850599      -4.36     123.19  1
        2001020600 10878221      -4.36     122.95  1
        2001020603 11081247      -4.40     122.56  1
        2001020606 11531247      -4.55     122.38  1
        2001020609 11772099      -4.61     121.80  1
        2001020612 11874937      -4.63     121.23  1
        2001020615 12117758      -4.72     120.78  1
        2001020618 12389016      -4.67     120.23  1
        2001020621 12759502      -4.63     120.07  1
        2001020700 13038075      -4.65     120.01  1
        2001020703 13570572      -4.60     120.36  1
        2001020706 13939645      -4.61     120.40  1
        2001020709 14077911      -4.68     120.30  1
        2001020712 14271934      -4.69     120.28  1
        2001020715 14543884      -4.76     120.34  1
        2001020718 14741057      -4.82     120.03  1
        2001020721 14871215      -4.84     120.04  1
        2001020800 14790444      -4.97     120.29  1
        2001020803 14658651      -5.03     120.29  1
        2001020806 14497288      -5.12     120.23  1
        2001020809 14132374      -5.30     120.47  1
        2001020812 13849245      -5.44     120.58  1
        2001020815 13613524      -5.56     120.46  1
        2001020818 13734581      -5.60     120.62  1
        2001020821 13560759      -5.57     120.76  1
        2001020900 13339443      -5.55     120.91  1
        2001020903 13025080      -5.56     120.95  1
        2001020906 12858045      -5.56     121.27  1
        2001020909 12580198      -5.51     121.55  1
        2001020912 12318863      -5.40     122.06  1
        2001020915 12200977      -5.41     122.57  1
        2001020918 12022216      -5.35     122.71  1
        2001020921 11702946      -5.34     122.71  1
        2001021000 11227504      -5.40     122.77  1
        2001021003 11016774      -5.34     123.23  1
        2001021006 10744343      -5.34     123.77  1
        2001021009 10500167      -5.32     124.27  1
        2001021012 10392884      -5.38     124.51  1
        2001021015 10388304      -5.47     124.81  1
        2001021018 10271779      -5.57     124.73  1
        2001021021 10396482      -5.59     124.59  1
        2001021100 10419218      -5.72     124.47  1
        2001021103 10557533      -5.76     124.61  1
        2001021106 10589310      -5.87     125.03  1
        2001021109 10728015      -5.96     125.27  1
        2001021112 10829140      -6.04     125.78  1
        2001021115 11026577      -6.13     126.44  1
        2001021118 11342362      -6.22     127.09  1
        2001021121 11467649      -6.33     127.98  1
        2001021200 11350659      -6.58     128.86  1
        2001021203 10719183      -7.03     130.51  1
        2001021206 10759965      -7.10     131.36  1
        2001021209 10866497      -7.09     131.99  1
        2001021212 10965643      -7.10     132.66  1
        2001021215 11310069      -7.15     133.03  1
        2001021218 11532220      -7.16     133.40  1
        2001021221 11682955      -7.18     133.69  1
        2001021300 11661311      -7.25     133.88  1
        2001021303 11689029      -7.28     134.28  1
        2001021306 11496865      -7.41     134.74  1
        2001021309 11439628      -7.53     135.12  1
        2001021312 11467371      -7.58     135.66  1
        2001021315 11297630      -7.58     136.64  1
        2001021318 11068080      -7.56     137.43  1
        2001021321 10736209      -7.45     138.59  1
        2001021400 10373082      -7.39     139.70  1
        2001021403 10057730      -7.24     140.79  1
        2001021406  9821869      -7.22     141.63  1
        2001021409  9785741      -7.34     141.94  1
        2001021412  9678151      -7.46     142.30  1
        2001021415  9671197      -7.54     142.70  1
        2001021418  9666085      -7.72     142.76  1
        2001021421  9777106      -7.98     142.46  1
        2001021500  9512594      -8.02     142.66  1
        2001021503  9261547      -8.17     142.61  1
        2001021506  9010915      -8.20     142.88  1
        2001021509  8881794      -8.32     142.86  1
        2001021512  8803086      -8.55     142.57  1
        2001021515  8777413      -8.74     142.53  1
        2001021518  8394942      -8.98     142.49  1
        2001021521  7966529      -9.29     142.21  1
        2001021600  7370284      -9.75     142.05  1
        2001021603  7074527     -10.01     141.93  1
        2001021606  6725657     -10.66     141.54  1
        2001021609  6915989     -10.78     141.25  1
        2001021612  6854087     -10.77     141.23  1
        2001021615  7244127     -10.11     140.76  1
        2001021618  5897173     -13.86     141.46  1
        2001021621  5749080     -13.91     141.71  1
        2001021700  5704783     -13.76     142.05  1
        2001021703  5791053     -13.51     142.39  1
        2001021706  5992261     -13.41     142.61  1
        2001021709  6047390     -13.28     143.00  1
        2001021712  6231173     -13.07     143.50  1
        2001021715  6520628     -12.93     143.71  1
        2001021718  6271829     -13.06     144.20  1
        2001021721  6126285     -13.13     144.58  1
        2001021800  5676621     -13.60     145.01  1
        2001021803  5143428     -14.79     145.04  1
        2001021806  5257748     -14.94     144.97  1
        2001021809  5331681     -15.00     144.96  1
        2001021812  5354729     -15.01     145.11  1
        2001021815  7439751     -13.62     153.54  1
        2001021818  7509762     -13.37     153.89  1
        2001021821  7747805     -12.91     153.92  1
        2001021900  7924861     -12.55     154.32  1
        2001021903  8047786     -12.17     154.36  1
        2001021906  8116473     -11.74     154.29  1
        2001021909  8365124     -11.34     154.51  1
        2001021912  8452540     -10.93     154.66  1
        2001021915  8802202     -10.51     154.91  1
        2001021918  9067005     -10.11     155.15  1
        2001021921  9138014      -9.83     155.24  1
        2001022000  9129823      -9.60     155.51  1
        2001022003  9078038      -9.44     155.67  1
        2001022006  9043149      -9.18     155.79  1
        2001022009  8863219      -8.87     156.03  1
        2001022012  8661397      -8.51     156.33  1
        2001022015  8313208      -8.05     156.86  1
        2001022018  8214374      -7.73     157.09  1
        2001022021  8125567      -7.54     157.07  1
        2001022100  8100139      -7.40     157.09  1
        2001022103  8007438      -7.19     157.07  1
        2001022106  8040260      -7.00     156.98  1
        2001022109  8033580      -6.74     156.80  1
        2001022112  7957167      -6.62     156.71  1
        2001022115  7894935      -6.52     156.51  1
        2001022118  7907433      -6.35     156.12  1
        2001022121  7781448      -6.25     155.86  1
        2001022200  7669955      -6.16     155.59  1
        2001022203  7727788      -5.90     154.81  1
        2001022206  7713155      -5.78     154.52  1
        2001022209  7684310      -5.70     154.28  1
        2001022212  7585404      -5.62     154.15  1
        2001022215  7541937      -5.59     154.01  1
        2001022218  7564520      -5.54     153.73  1
        2001022221  7441447      -5.47     153.56  1
        2001022300  7325017      -5.41     153.50  1
        2001022303  7301611      -5.38     153.27  1
        2001022306  7260720      -5.37     153.07  1
        2001022309  7215808      -5.43     152.85  1
        2001022312  7146506      -5.43     152.63  1
        2001022315  7049293      -5.50     152.36  1
        2001022318  6984203      -5.57     152.26  1
        2001022321  6753202      -5.65     152.05  1
        2001022400  6611478      -5.79     152.01  1
        2001022403  6521017      -5.92     151.91  1
        2001022406  6440287      -6.12     151.91  1
        2001022409  6275482      -6.29     151.91  1
        2001022412  6149194      -6.47     151.98  1
        2001022415  6128346      -6.56     151.93  1
        2001022418  6068507      -6.65     151.91  1
        2001022421  5942255      -6.75     152.04  1
        2001022500  5876677      -6.82     151.99  1
        2001022503  5786568      -6.90     152.02  1
        2001022506  5565043      -7.13     152.35  1
        2001022509  5417944      -7.39     152.48  1
        2001022512  5351555      -7.52     152.50  1
        2001022515  5374936      -7.51     152.67  1
        2001022518  5375151      -7.48     152.70  1
        2001022521  5100905      -7.37     153.03  1
        2001022600  5070835      -7.37     153.27  1
        2001022603  5062963      -7.44     153.63  1
        2001022606  5017695      -7.46     154.41  1
        2001022609  5051313      -7.59     155.01  1
        2001022612  5042470      -7.41     155.82  1
        2001022615  4490855      -6.62     158.64  1
        2001022618  4556235      -6.69     159.23  1
        2001022621  4553111      -6.88     159.96  1
        2001022700  4608815      -6.97     160.38  1
        2001022703  4682901      -7.08     160.76  1
        2001022706  4757872      -7.26     161.24  1
        2001022709  4866988      -7.50     161.73  1
        2001022712  5035168      -7.95     162.75  1
        2001022715  5185575      -8.54     163.98  1
        2001022718  5319035      -9.31     165.63  1
        2001022721  5390769      -9.91     166.83  1
        2001022800  5361050     -10.66     168.37  1
        2001022803  5294310     -11.32     169.60  1
        2001022806  5271681     -11.59     170.16  1
        2001022809  5307888     -11.84     170.76  1
        2001022812  5419448     -12.17     171.65  1
        2001022815  5503577     -12.49     172.41  1
        2001022818  5582511     -12.92     173.51  1
        2001022821  5635016     -13.33     174.56  1
        2001030100  5699267     -13.62     175.32  1
        2001030103  5720717     -13.91     175.96  1
        2001030106  5746018     -14.21     176.64  1
        2001030109  5797324     -14.50     177.42  1
        2001030112  5937578     -14.70     178.14  1
        2001030115  6056772     -14.92     179.00  1
        2001030118  6218600     -15.14     179.97  1
        2001030121  6293175     -15.37     180.96  1
        2001030200  6382532     -15.55     181.77  1
        2001030203  6389661     -15.70     182.58  1
        2001030206  6498389     -15.82     183.33  1
        2001030209  6611946     -15.90     183.94  1
        2001030212  6903310     -15.86     184.39  1
        2001030215  7206790     -15.80     184.72  1
        2001030218  7608171     -15.65     184.80  1
        2001030221  7851123     -15.56     184.97  1
        2001030300  8034009     -15.45     185.09  1
        2001030303  8022551     -15.37     185.20  1
        2001030306  7954131     -15.30     185.36  1
        2001030309  7914966     -15.25     185.51  1
        2001030312  7952306     -15.23     185.72  1
        2001030315  7918728     -15.14     185.88  1
        2001030318  7854840     -15.07     186.07  1
        2001030321  7791530     -15.04     186.26  1
        2001030400  7669772     -14.88     186.43  1
        2001030403  7563371     -14.78     186.63  1
        2001030406  7458998     -14.66     186.86  1
        2001030409  7373937     -14.47     186.91  1
        2001030412  7256680     -14.27     186.99  1
        2001030415  7105015     -13.99     186.90  1
        2001030418  6954785     -13.74     186.65  1
        2001030421  6690290     -13.47     186.39  1
        2001030500  6481286     -13.27     186.20  1
        2001030503  6257662     -13.06     186.06  1
        2001030506  6075553     -12.85     185.74  1
        2001030509  5847469     -12.55     185.11  1
        2001030512  5602799     -12.19     184.34  1
        2001030515  5192031     -11.70     183.28  1
        2001030518  4667821     -11.20     182.19  1
        2001030521  4077862     -10.83     181.76  1
        2001030600  3552061     -10.50     181.41  1
        2001030603  2915238     -10.04     180.65  1
        2001030606  2603963      -9.71     179.87  1
        2001030609  2302249      -9.31     178.45  1
        2001030612  1922548      -8.88     176.55  1
        2001030615  1676222      -8.71     174.69  1
        2001030618  1461287      -8.61     173.10  1
        2001030621  1386589      -8.57     172.33  1
        2001030700  1324180      -8.51     171.85  1
        2001030703  1256512      -8.43     171.46  1
        2001030706  1210190      -8.34     171.16  1
        2001030709  1144709      -8.28     171.09  1
        2001030712   983749      -8.21     171.04  1
        2001030715   819585      -8.16     171.14  1
        2001030718   522348      -8.11     171.45  1
LPT    22.0400
        2001020118   296225     -27.42     153.20  1
        2001020121   419584     -27.06     153.19  1
        2001020200   541642     -26.68     153.10  1
        2001020203   667190     -26.19     152.99  1
        2001020206   796932     -25.73     152.84  1
        2001020209   930849     -25.21     152.66  1
        2001020212  1026142     -24.73     152.52  1
        2001020215  1108050     -24.33     152.40  1
        2001020218  1168877     -24.05     152.35  1
        2001020221  1209127     -23.72     152.26  1
        2001020300  1249324     -23.43     152.14  1
        2001020303  1285427     -23.27     152.04  1
        2001020306  1392496     -22.84     151.71  1
        2001020309  1462914     -22.56     151.46  1
        2001020312  1510107     -22.34     151.27  1
        2001020315  1542262     -22.13     151.18  1
        2001020318  1527439     -21.92     151.13  1
        2001020321  1493008     -21.73     151.08  1
        2001020400  1420133     -21.43     150.98  1
        2001020403  1226698     -20.73     150.69  1
        2001020406  1142649     -19.93     150.18  1
        2001020409  1013617     -19.26     149.65  1
        2001020412   906922     -18.81     149.18  1
        2001020415   779649     -18.22     148.62  1
        2001020418   697038     -17.61     148.17  1
        2001020421   543943     -17.14     147.70  1
        2001020500   445197     -16.12     147.05  1
        2001020503  9904010      -4.58     128.85  1
        2001020506 10198315      -4.54     128.25  1
        2001020509 10669356      -4.27     125.34  1
        2001020512 10718092      -4.06     124.53  1
        2001020515 10530543      -4.13     123.84  1
        2001020518 10820486      -4.23     123.60  1
        2001020521 10850599      -4.36     123.19  1
        2001020600 10878221      -4.36     122.95  1
        2001020603 11081247      -4.40     122.56  1
        2001020606 11531247      -4.55     122.38  1
        2001020609 11772099      -4.61     121.80  1
        2001020612 11874937      -4.63     121.23  1
        2001020615 12117758      -4.72     120.78  1
        2001020618 12389016      -4.67     120.23  1
        2001020621 12759502      -4.63     120.07  1
        2001020700 13038075      -4.65     120.01  1
        2001020703 13570572      -4.60     120.36  1
        2001020706 13939645      -4.61     120.40  1
        2001020709 14077911      -4.68     120.30  1
        2001020712 14271934      -4.69     120.28  1
        2001020715 14543884      -4.76     120.34  1
        2001020718 14741057      -4.82     120.03  1
        2001020721 14871215      -4.84     120.04  1
        2001020800 14790444      -4.97     120.29  1
        2001020803 14658651      -5.03     120.29  1
        2001020806 14497288      -5.12     120.23  1
        2001020809 14132374      -5.30     120.47  1
        2001020812 13849245      -5.44     120.58  1
        2001020815 13613524      -5.56     120.46  1
        2001020818 13734581      -5.60     120.62  1
        2001020821 13560759      -5.57     120.76  1
        2001020900 13339443      -5.55     120.91  1
        2001020903 13025080      -5.56     120.95  1
        2001020906 12858045      -5.56     121.27  1
        2001020909 12580198      -5.51     121.55  1
        2001020912 12318863      -5.40     122.06  1
        2001020915 12200977      -5.41     122.57  1
        2001020918 12022216      -5.35     122.71  1
        2001020921 11702946      -5.34     122.71  1
        2001021000 11227504      -5.40     122.77  1
        2001021003 11016774      -5.34     123.23  1
        2001021006 10744343      -5.34     123.77  1
        2001021009 10500167      -5.32     124.27  1
        2001021012 10392884      -5.38     124.51  1
        2001021015 10388304      -5.47     124.81  1
        2001021018 10271779      -5.57     124.73  1
        2001021021 10396482      -5.59     124.59  1
        2001021100 10419218      -5.72     124.47  1
        2001021103 10557533      -5.76     124.61  1
        2001021106 10589310      -5.87     125.03  1
        2001021109 10728015      -5.96     125.27  1
        2001021112 10829140      -6.04     125.78  1
        2001021115 11026577      -6.13     126.44  1
        2001021118 11342362      -6.22     127.09  1
        2001021121 11467649      -6.33     127.98  1
        2001021200 11350659      -6.58     128.86  1
        2001021203 10719183      -7.03     130.51  1
        2001021206 10759965      -7.10     131.36  1
        2001021209 10866497      -7.09     131.99  1
        2001021212 10965643      -7.10     132.66  1
        2001021215 11310069      -7.15     133.03  1
        2001021218 11532220      -7.16     133.40  1
        2001021221 11682955      -7.18     133.69  1
        2001021300 11661311      -7.25     133.88  1
        2001021303 11689029      -7.28     134.28  1
        2001021306 11496865      -7.41     134.74  1
        2001021309 11439628      -7.53     135.12  1
        2001021312 11467371      -7.58     135.66  1
        2001021315 11297630      -7.58     136.64  1
        2001021318 11068080      -7.56     137.43  1
        2001021321 10736209      -7.45     138.59  1
        2001021400 10373082      -7.39     139.70  1
        2001021403 10057730      -7.24     140.79  1
        2001021406  9821869      -7.22     141.63  1
        2001021409  9785741      -7.34     141.94  1
        2001021412  9678151      -7.46     142.30  1
        2001021415  9671197      -7.54     142.70  1
        2001021418  9666085      -7.72     142.76  1
        2001021421  9777106      -7.98     142.46  1
        2001021500  9512594      -8.02     142.66  1
        2001021503  9261547      -8.17     142.61  1
        2001021506  9010915      -8.20     142.88  1
        2001021509  8881794      -8.32     142.86  1
        2001021512  8803086      -8.55     142.57  1
        2001021515  8777413      -8.74     142.53  1
        2001021518  8394942      -8.98     142.49  1
        2001021521  7966529      -9.29     142.21  1
        2001021600  7370284      -9.75     142.05  1
        2001021603  7074527     -10.01     141.93  1
        2001021606  6725657     -10.66     141.54  1
        2001021609  6915989     -10.78     141.25  1
        2001021612  6854087     -10.77     141.23  1
        2001021615  7244127     -10.11     140.76  1
        2001021618  1318003       8.37     134.20  1
        2001021621  1294337       8.54     132.65  1
        2001021700  1375807       8.55     131.87  1
        2001021703  1464813       8.59     131.44  1
        2001021706  1491518       8.75     131.21  1
        2001021709  1584630       8.88     131.01  1
        2001021712  1739916       9.07     130.99  1
        2001021715  1961321       9.23     130.90  1
        2001021718  2308049       9.36     130.60  1
        2001021721  2511501       9.39     130.42  1
        2001021800  2662065       9.47     130.34  1
        2001021803  2791368       9.54     130.27  1
        2001021806  2883590       9.68     130.17  1
        2001021809  2918257       9.79     129.97  1
        2001021812  2860868       9.84     129.68  1
        2001021815  2752126       9.94     129.23  1
        2001021818  2642694      10.05     128.87  1
        2001021821  2512016      10.17     128.46  1
        2001021900  2351139      10.28     128.10  1
        2001021903  2257532      10.33     127.90  1
        2001021906  2102737      10.35     127.60  1
        2001021909  2040250      10.40     127.50  1
        2001021912  1942089      10.47     127.30  1
        2001021915  1824274      10.53     127.12  1
        2001021918  1709347      10.63     126.94  1
        2001021921  1567260      10.86     126.68  1
        2001022000  1458865      11.04     126.40  1
        2001022003  1352952      11.20     126.16  1
        2001022006  1257557      11.39     125.91  1
        2001022009  1170655      11.57     125.64  1
        2001022012  1083085      11.74     125.38  1
        2001022015   938780      11.98     125.08  1
        2001022018   758228      12.31     124.61  1
        2001022021   389397      12.83     124.02  1
LPT    23.0100
        2001030700   461175     -12.29      45.53  1
        2001030703   550820     -12.35      45.10  1
        2001030706   666013     -12.42      44.70  1
        2001030709   771253     -12.52      44.24  1
        2001030712   901248     -12.62      43.94  1
        2001030715   973640     -12.78      43.76  1
        2001030718   981415     -12.91      43.61  1
        2001030721   989949     -13.03      43.47  1
        2001030800  1039300     -13.09      43.33  1
        2001030803  1082226     -13.23      43.13  1
        2001030806  1120421     -13.40      43.00  1
        2001030809  1105022     -13.49      42.87  1
        2001030812  1151057     -13.58      42.57  1
        2001030815  1217144     -13.70      42.32  1
        2001030818  1231738     -13.77      42.09  1
        2001030821  1264729     -13.90      41.77  1
        2001030900  1285730     -14.02      41.54  1
        2001030903  1319064     -14.32      41.40  1
        2001030906  1369849     -14.68      41.22  1
        2001030909  1367908     -14.98      41.15  1
        2001030912  1395704     -15.28      40.96  1
        2001030915  1481774     -15.62      40.73  1
        2001030918  1488110     -15.87      40.70  1
        2001030921  1467853     -16.10      40.69  1
        2001031000  1295679     -16.38      40.49  1
        2001031003  1121029     -16.78      40.45  1
        2001031006  1061086     -17.19      40.51  1
        2001031009   949260     -17.59      40.52  1
        2001031012   903747     -18.01      40.53  1
        2001031015   912347     -18.33      40.44  1
        2001031018   873370     -18.50      40.52  1
        2001031021   856107     -18.58      40.46  1
        2001031100   897366     -18.65      40.34  1
        2001031103   860926     -19.05      40.38  1
        2001031106   766875     -19.67      40.48  1
        2001031109   642122     -20.33      40.59  1
        2001031112   698558     -20.79      40.69  1
        2001031115   701735     -21.63      40.99  1
        2001031118   633479     -22.62      41.32  1
        2001031121   607180     -23.39      41.49  1
        2001031200   562075     -24.32      41.63  1
        2001031203   619250     -25.65      41.84  1
        2001031206   548890     -27.00      42.02  1
        2001031209   492006     -28.19      42.24  1
        2001031212   541297     -29.16      42.44  1
        2001031215   666197     -30.60      42.82  1
        2001031218   793139     -32.04      43.25  1
        2001031221   805242     -32.65      43.39  1
        2001031300   855563     -32.62      43.25  1
        2001031303   932267     -32.67      43.22  1
        2001031306   954760     -32.81      43.27  1
        2001031309   917209     -33.07      43.42  1
        2001031312   919774     -33.13      43.44  1
        2001031315   875850     -33.33      43.54  1
        2001031318   785918     -33.60      43.70  1
        2001031321   679126     -33.88      43.85  1
        2001031400   464554     -34.02      43.88  1
        2001031403   264114     -34.51      44.13  1
LPT    24.0100
        2001030903   700629      -3.84     142.03  1
        2001030906  1277415      -3.89     142.68  1
        2001030909  1522041      -3.96     142.59  1
        2001030912  1619679      -4.00     142.66  1
        2001030915  1734702      -4.18     142.84  1
        2001030918  1868635      -4.12     142.87  1
        2001030921  1934452      -4.24     142.99  1
        2001031000  1909157      -4.21     142.93  1
        2001031003  1864831      -4.12     142.57  1
        2001031006  2193449      -4.01     142.50  1
        2001031009  2302310      -3.88     142.30  1
        2001031012  2401768      -3.88     142.71  1
        2001031015  2431207      -3.88     143.04  1
        2001031018  2647348      -3.91     143.81  1
        2001031021  2747498      -4.04     144.32  1
        2001031100  2818867      -4.02     144.65  1
        2001031103  2857477      -3.87     144.75  1
        2001031106  3088589      -3.74     145.29  1
        2001031109  3118321      -3.63     145.86  1
        2001031112  3244504      -3.43     146.21  1
        2001031115  3422814      -3.34     146.56  1
        2001031118  3927437      -3.07     146.29  1
        2001031121  4247005      -2.52     145.67  1
        2001031200  4474647      -2.30     145.48  1
        2001031203  4698555      -1.94     144.93  1
        2001031206  4883681      -1.78     144.64  1
        2001031209  4956696      -1.66     144.25  1
        2001031212  5041827      -1.41     143.74  1
        2001031215  5126983      -1.31     143.48  1
        2001031218  5366121      -0.96     142.51  1
        2001031221  5438639      -0.46     141.06  1
        2001031300  4168066       2.31     134.51  1
        2001031303  4308709       2.47     133.62  1
        2001031306  4495467       2.58     133.11  1
        2001031309  4646622       2.69     132.37  1
        2001031312  4768193       2.88     131.71  1
        2001031315  4807055       2.92     131.44  1
        2001031318  4988506       3.01     131.05  1
        2001031321  5105645       3.07     130.70  1
        2001031400  5036414       3.14     130.46  1
        2001031403  5008459       3.22     130.25  1
        2001031406  5042814       3.28     130.14  1
        2001031409  5023062       3.25     130.00  1
        2001031412  5071002       3.17     130.21  1
        2001031415  5092162       3.05     130.55  1
        2001031418  5242891       2.95     130.87  1
        2001031421  5198604       2.83     131.36  1
        2001031500  5132916       2.66     131.65  1
        2001031503  5094300       2.59     131.95  1
        2001031506  5048969       2.46     132.27  1
        2001031509  5134652       2.34     132.49  1
        2001031512  5162369       2.17     132.96  1
        2001031515  5478480       1.56     133.52  1
        2001031518  5983451       0.85     134.24  1
        2001031521  6239866       0.55     134.41  1
        2001031600  6309528       0.21     134.87  1
        2001031603  6402857      -0.17     135.31  1
        2001031606  6477872      -0.62     135.80  1
        2001031609  6485042      -0.99     136.18  1
        2001031612  6275590      -1.38     136.87  1
        2001031615  6274167      -2.22     137.45  1
        2001031618  6370468      -2.60     137.72  1
        2001031621  6424914      -3.07     137.90  1
        2001031700  6426729      -3.40     137.98  1
        2001031703  6560234      -3.64     138.07  1
        2001031706  6783420      -4.07     138.03  1
        2001031709  6904000      -4.40     137.87  1
        2001031712  7019877      -4.58     137.86  1
        2001031715  7145660      -4.98     137.63  1
        2001031718  7325478      -5.20     137.45  1
        2001031721  7419063      -5.36     137.28  1
        2001031800  7351707      -5.57     137.17  1
        2001031803  7227923      -5.77     137.16  1
        2001031806  7147423      -5.92     137.19  1
        2001031809  7055714      -6.05     137.07  1
        2001031812  6832486      -6.17     137.12  1
        2001031815  6393023      -6.17     137.45  1
        2001031818  6159692      -6.29     137.36  1
        2001031821  5882579      -6.41     136.92  1
        2001031900  5561492      -6.66     136.76  1
        2001031903  5204522      -7.05     136.32  1
        2001031906  4916749      -7.47     135.93  1
        2001031909  4542870      -7.94     135.44  1
        2001031912  4001060      -8.48     134.94  1
        2001031915  2012042     -13.87     126.51  1
        2001031918  1714989     -14.84     125.82  1
        2001031921  1560734     -15.54     125.80  1
        2001032000  1263003     -16.59     126.25  1
        2001032003  1129287     -17.33     126.34  1
        2001032006  1151485     -17.78     126.39  1
        2001032009   950033     -18.25     126.37  1
        2001032012   796926     -18.58     126.27  1
        2001032015   573182     -18.79     126.16  1
        2001032018   441401     -18.89     125.81  1
        2001032106   358241     -19.18     125.83  1
        2001032109   385893     -19.21     125.81  1
        2001032112   372494     -19.33     125.89  1
        2001032115   367804     -19.47     126.00  1
        2001032118   530469     -19.37     125.87  1
        2001032121   394748     -19.47     125.88  1
LPT    25.0100
        2001033112   316743      -5.66     135.58  1
        2001033118   424168      -5.88     135.87  1
        2001033121   411679      -6.15     136.05  1
        2001040100   371524      -6.47     136.08  1
        2001040103   365933      -6.77     136.13  1
        2001040106   410833      -7.17     136.30  1
        2001040109   395893      -7.59     136.43  1
        2001040112   421472      -8.04     136.75  1
        2001040115   464613      -8.42     137.11  1
        2001040118   606943      -8.76     137.87  1
        2001040121   597167      -9.14     138.22  1
        2001040200   640594      -9.58     139.01  1
        2001040203   667435      -9.88     139.53  1
        2001040206   797962     -10.34     141.25  1
        2001040209   811600     -10.65     141.95  1
        2001040212   861217     -10.82     142.61  1
        2001040215   904810     -10.95     142.92  1
        2001040218  1209684     -10.91     143.75  1
        2001040221  1221474     -11.00     143.90  1
        2001040300  1189205     -11.10     143.64  1
        2001040303  1280841     -11.10     143.80  1
        2001040306  1434638     -11.08     144.08  1
        2001040309  1481202     -11.15     144.02  1
        2001040312  1503273     -11.27     143.89  1
        2001040315  1508587     -11.41     143.70  1
        2001040318  1666174     -11.48     143.61  1
        2001040321  1671866     -11.55     143.75  1
        2001040400  1603508     -11.61     143.74  1
        2001040403  1564889     -11.62     143.74  1
        2001040406  1521227     -11.59     143.89  1
        2001040409  1451023     -11.57     143.75  1
        2001040412  1322760     -11.51     143.46  1
        2001040415  1219353     -11.46     142.99  1
        2001040418  1146900     -11.41     142.48  1
        2001040421  1105398     -11.37     141.91  1
        2001040500  1019955     -11.34     141.32  1
        2001040503   910976     -11.34     140.78  1
        2001040506   870002     -11.37     140.50  1
        2001040509   855692     -11.33     140.14  1
        2001040512   907333     -11.27     139.99  1
        2001040515   910739     -11.14     139.83  1
        2001040518  1016000     -10.90     139.55  1
        2001040521  1033625     -10.84     139.27  1
        2001040600  1013313     -10.79     139.06  1
        2001040603   996034     -10.74     138.85  1
        2001040606   985704     -10.65     138.64  1
        2001040609   945885     -10.53     138.48  1
        2001040612   905200     -10.43     138.48  1
        2001040615   847876     -10.30     138.41  1
        2001040618   849076     -10.13     138.62  1
        2001040621   755805     -10.07     138.62  1
        2001040700   682146     -10.04     138.59  1
        2001040703   606891     -10.04     138.51  1
        2001040706   593963     -10.04     138.44  1
        2001040709   566691      -9.98     138.34  1
        2001040712   540938      -9.92     138.20  1
        2001040715   489238      -9.92     138.16  1
        2001040718   466107      -9.60     138.31  1
        2001040721   350506      -9.47     138.55  1
LPT    26.0100
        2001040200   342437     -11.28     178.17  1
        2001040203   576054     -11.09     178.13  1
        2001040206   809355     -10.82     178.10  1
        2001040209  1059733     -10.54     178.14  1
        2001040212  1282121     -10.34     178.30  1
        2001040215  1471813     -10.20     178.28  1
        2001040218  1846329     -10.04     178.39  1
        2001040221  2247955      -9.87     178.66  1
        2001040300  2706284      -9.78     179.19  1
        2001040303  3205317      -9.82     179.70  1
        2001040306  3661507      -9.85     179.72  1
        2001040309  4059195      -9.87     179.91  1
        2001040312  4384173      -9.85     179.59  1
        2001040315  4625176      -9.93     179.97  1
        2001040318  4840551      -9.97     179.69  1
        2001040321  5039200      -9.98     179.05  1
        2001040400  5144086     -10.00     178.86  1
        2001040403  5320988     -10.07     178.93  1
        2001040406  5455741     -10.08     178.59  1
        2001040409  5520305     -10.11     178.35  1
        2001040412  5604189     -10.11     178.29  1
        2001040415  5718112     -10.09     178.08  1
        2001040418  5784490     -10.11     177.78  1
        2001040421  5849662     -10.11     177.47  1
        2001040500  5901530     -10.13     177.26  1
        2001040503  5971162     -10.14     177.16  1
        2001040506  5996269     -10.17     177.09  1
        2001040509  5999274     -10.24     176.98  1
        2001040512  6122942     -10.35     176.72  1
        2001040515  6107499     -10.48     176.61  1
        2001040518  6191402     -10.63     176.12  1
        2001040521  6042402     -10.75     175.75  1
        2001040600  5907838     -10.87     175.30  1
        2001040603  5784624     -10.96     174.68  1
        2001040606  5660043     -11.05     173.73  1
        2001040609  5425843     -11.15     172.86  1
        2001040612  5161608     -11.21     171.27  1
        2001040615  4991415     -11.41     170.49  1
        2001040618  5047765     -11.48     169.61  1
        2001040621  4883008     -11.75     168.99  1
        2001040700  4708487     -11.99     168.44  1
        2001040703  4602185     -12.24     167.82  1
        2001040706  4557276     -12.46     167.19  1
        2001040709  4543770     -12.73     166.84  1
        2001040712  4551277     -12.91     166.60  1
        2001040715  4647664     -13.05     166.37  1
        2001040718  4775260     -13.15     166.19  1
        2001040721  4889127     -13.39     166.26  1
        2001040800  5031658     -13.66     166.45  1
        2001040803  5112500     -13.90     166.53  1
        2001040806  5241828     -14.10     166.60  1
        2001040809  5391411     -14.30     166.70  1
        2001040812  5559909     -14.48     166.78  1
        2001040815  5629120     -14.78     167.02  1
        2001040818  5703670     -14.93     167.16  1
        2001040821  5689492     -15.25     167.51  1
        2001040900  5781472     -15.48     167.82  1
        2001040903  5856226     -15.72     168.15  1
        2001040906  5913274     -15.83     168.36  1
        2001040909  5862363     -16.00     168.67  1
        2001040912  5904497     -15.99     168.71  1
        2001040915  5787727     -16.16     168.99  1
        2001040918  5806087     -16.18     169.06  1
        2001040921  5485187     -16.55     169.56  1
        2001041000  5313305     -16.60     169.73  1
        2001041003  5162018     -16.65     169.87  1
        2001041006  4980772     -16.74     170.06  1
        2001041009  4714146     -16.93     170.37  1
        2001041012  4475879     -17.00     170.54  1
        2001041015  4296802     -16.63     170.06  1
        2001041018  3966493     -16.74     170.18  1
        2001041021  1009972      -5.01     156.26  1
        2001041100  1107067      -4.27     155.77  1
        2001041103  1210241      -3.56     155.35  1
        2001041106  1434365      -2.72     154.81  1
        2001041109  1629098      -1.92     154.33  1
        2001041112  1731964      -1.33     153.95  1
        2001041115  1984845      -0.90     153.72  1
        2001041118  2556285      -0.69     152.83  1
        2001041121  2770404      -0.53     152.41  1
        2001041200  3026112      -0.45     152.00  1
        2001041203  3275811      -0.47     151.35  1
        2001041206  3578560      -0.42     150.78  1
        2001041209  3698206      -0.39     150.28  1
        2001041212  3850180      -0.32     149.77  1
        2001041215  4038401      -0.29     149.10  1
        2001041218  4331020      -0.25     148.36  1
        2001041221  4443704      -0.15     147.79  1
        2001041300  4521536      -0.04     147.38  1
        2001041303  4581452       0.01     147.09  1
        2001041306  4660473       0.01     146.85  1
        2001041309  4634094       0.00     146.64  1
        2001041312  4651477      -0.05     146.36  1
        2001041315  4668116      -0.10     146.01  1
        2001041318  4722448      -0.16     145.50  1
        2001041321  4751342      -0.24     145.02  1
        2001041400  4766331      -0.34     144.42  1
        2001041403  4768967      -0.44     143.79  1
        2001041406  4805372      -0.56     143.31  1
        2001041409  4735100      -0.67     142.71  1
        2001041412  4645656      -0.74     142.15  1
        2001041415  4684181      -0.87     141.75  1
        2001041418  4639640      -0.90     141.23  1
        2001041421  4395942      -0.77     140.63  1
        2001041500  4289509      -0.69     140.47  1
        2001041503  4137789      -0.57     140.32  1
        2001041506  3971410      -0.49     140.36  1
        2001041509  3842767      -0.47     140.23  1
        2001041512  3775432      -0.54     140.24  1
        2001041515  3799285      -0.74     140.08  1
        2001041518  3706523      -0.92     139.91  1
        2001041521  3659211      -1.04     139.68  1
        2001041600  3595715      -1.22     139.38  1
        2001041603  3571436      -1.35     139.11  1
        2001041606  3579107      -1.50     138.73  1
        2001041609  3579264      -1.62     138.43  1
        2001041612  3668325      -1.71     138.04  1
        2001041615  3762258      -1.90     137.60  1
        2001041618  3757774      -1.94     137.27  1
        2001041621  3724425      -2.00     137.08  1
        2001041700  3600721      -2.04     136.90  1
        2001041703  3495817      -1.97     136.74  1
        2001041706  3348297      -2.06     136.65  1
        2001041709  3208433      -2.20     136.58  1
        2001041712  3002171      -2.53     136.50  1
        2001041715  2779395      -2.97     136.34  1
        2001041718  2434601      -3.50     136.15  1
        2001041721  1999898      -4.17     135.97  1
        2001041800  1595525      -5.18     135.74  1
        2001041803  1041339      -7.61     135.31  1
        2001041806   870898      -7.99     135.18  1
        2001041809   771291      -8.15     135.19  1
        2001041812   667936      -8.29     135.18  1
        2001041815   549290      -8.47     135.04  1
        2001041818   322139      -8.85     134.63  1
LPT    27.0100
        2001041012   385444      -1.27     313.43  1
        2001041015   454182      -1.22     313.76  1
        2001041018   569242      -1.22     314.10  1
        2001041021   637207      -1.20     314.36  1
        2001041100   736830      -1.19     315.38  1
        2001041103   815571      -1.24     316.11  1
        2001041106   948362      -1.25     317.14  1
        2001041109  1082645      -1.31     317.73  1
        2001041112  1138975      -1.36     318.04  1
        2001041115  1224612      -1.44     318.58  1
        2001041118  1352678      -1.52     318.98  1
        2001041121  1314833      -1.60     319.35  1
        2001041200  1185909      -1.68     320.30  1
        2001041203  1195112      -1.77     321.24  1
        2001041206  1184219      -1.86     322.49  1
        2001041209  1123134      -2.00     323.51  1
        2001041212  1083670      -2.12     324.43  1
        2001041215  1068166      -2.18     325.14  1
        2001041218  1108245      -2.21     325.77  1
        2001041221  1089714      -2.22     326.24  1
        2001041300  1091289      -2.18     326.90  1
        2001041303  1189384      -2.03     327.95  1
        2001041306  1315313      -1.77     329.09  1
        2001041309  1388689      -1.56     329.88  1
        2001041312  1355632      -1.25     330.77  1
        2001041315  1286264      -1.01     331.33  1
        2001041318  1304829      -0.78     331.94  1
        2001041321  1128162      -0.55     332.32  1
        2001041400  1075726      -0.19     333.15  1
        2001041403   996994       0.30     334.29  1
        2001041406   867289       0.58     334.87  1
        2001041409   644136       0.95     335.73  1
        2001041412   603160       1.24     336.37  1
        2001041415   559869       1.51     337.02  1
        2001041418   579867       1.79     337.82  1
        2001041421   503351       2.14     338.63  1
        2001041500   557313       2.31     339.29  1
        2001041503   643696       2.39     339.76  1
        2001041506   705403       2.40     340.18  1
        2001041509   762533       2.31     340.35  1
        2001041512   816577       2.21     340.43  1
        2001041515   817391       2.13     340.46  1
        2001041518   799670       2.09     340.57  1
        2001041521   744917       2.05     340.93  1
        2001041600   676249       2.04     341.27  1
        2001041603   580557       2.03     341.85  1
        2001041606   505660       2.11     342.66  1
        2001041609   465492       2.19     343.35  1
        2001041612   483968       2.30     343.67  1
        2001041615   499363       2.38     343.84  1
        2001041618   527886       2.43     343.93  1
        2001041621   532522       2.42     344.06  1
        2001041700   576497       2.43     344.41  1
        2001041703   635900       2.47     345.13  1
        2001041706   687578       2.51     345.75  1
        2001041709   780117       2.54     346.30  1
        2001041712   847955       2.59     346.64  1
        2001041715   838681       2.60     346.74  1
        2001041718   733806       2.59     346.64  1
        2001041721   648200       2.58     346.58  1
        2001041800   571067       2.58     346.61  1
        2001041803   501619       2.65     346.89  1
        2001041806   611820       3.04     349.99  1
        2001041809   650324       3.19     351.28  1
        2001041812   552322       3.28     351.74  1
        2001041815   568485       3.35     351.97  1
        2001041818   654015       3.45     352.59  1
        2001041821   643246       3.40     353.07  1
        2001041900   731774       3.54     353.71  1
        2001041903   751139       3.40     353.88  1
        2001041906   758865       3.32     354.48  1
        2001041909   724153       3.27     355.15  1
        2001041912   596141       3.21     356.26  1
        2001041915   367169       3.16     357.13  1
LPT    28.0100
        2001041912   357622      -1.40     148.78  1
        2001041915   394693      -1.43     148.53  1
        2001041918   507427      -1.46     148.25  1
        2001041921   677293      -1.38     148.69  1
        2001042000   758357      -1.33     149.04  1
        2001042003   874889      -1.31     149.32  1
        2001042006  1046200      -1.27     149.50  1
        2001042009  1160380      -1.26     149.55  1
        2001042012  1269902      -1.25     149.68  1
        2001042015  1429511      -1.31     149.69  1
        2001042018  1471984      -1.22     149.86  1
        2001042021  1606914      -1.24     149.93  1
        2001042100  1691749      -1.22     149.95  1
        2001042103  1754235      -1.23     150.15  1
        2001042106  1839869      -1.20     150.17  1
        2001042109  1903886      -1.22     150.27  1
        2001042112  1889304      -1.21     150.37  1
        2001042115  1985743      -1.16     150.61  1
        2001042118  1932736      -0.94     150.54  1
        2001042121  1899689      -0.70     150.49  1
        2001042200  1834237      -0.50     150.78  1
        2001042203  1837331      -0.38     150.75  1
        2001042206  1857294      -0.22     150.72  1
        2001042209  1774709      -0.14     150.69  1
        2001042212  1809396      -0.13     150.97  1
        2001042215  1857907      -0.28     151.36  1
        2001042218  1928001      -0.43     151.75  1
        2001042221  1930972      -0.62     152.25  1
        2001042300  1986287      -0.87     153.17  1
        2001042303  2052305      -1.15     154.00  1
        2001042306  2153623      -1.44     154.89  1
        2001042309  2128380      -1.82     155.83  1
        2001042312  2076196      -2.14     156.55  1
        2001042315  2095885      -2.34     157.32  1
        2001042318  2052781      -2.36     158.02  1
        2001042321  2087803      -2.13     158.54  1
        2001042400  2017969      -1.93     159.49  1
        2001042403  1948797      -1.76     160.14  1
        2001042406  1908855      -1.61     160.96  1
        2001042409  1733111      -1.64     161.78  1
        2001042412  1625969      -1.54     162.62  1
        2001042415  1533271      -1.70     163.57  1
        2001042418  1532939      -1.92     164.52  1
        2001042421  1446446      -2.16     164.99  1
        2001042500  1302944      -2.46     165.30  1
        2001042503  1163296      -2.80     165.49  1
        2001042506  1051564      -2.89     165.85  1
        2001042509   908436      -2.65     166.41  1
        2001042512   893530      -1.79     168.05  1
        2001042515   671008      -0.79     170.36  1
        2001042518   509093       0.24     173.03  1
        2001042521   394777       0.49     174.57  1
        2001042600   386278       0.41     175.64  1
        2001042603   440342       0.20     176.80  1
        2001042606   414849      -0.17     177.73  1
        2001042609   487378      -0.82     178.82  1
        2001042612   874938      -3.03     182.07  1
        2001042615  1195072      -3.95     183.60  1
        2001042618  1305902      -4.45     184.73  1
        2001042621  1207651      -4.83     185.81  1
        2001042700  1096853      -4.90     186.51  1
        2001042703   867928      -4.78     187.01  1
        2001042706   590525      -4.49     187.41  1
LPT    29.0100
        2001042000   359902       1.55      67.42  1
        2001042003   595379       1.61      68.27  1
        2001042006   694172       1.70      68.74  1
        2001042009   829999       1.76      69.31  1
        2001042012   928762       1.78      69.71  1
        2001042015   962742       1.73      69.96  1
        2001042018   982050       1.69      70.16  1
        2001042021  1068514       1.58      70.57  1
        2001042100  1012231       1.42      71.27  1
        2001042103  1072456       1.28      71.57  1
        2001042106   924322       1.10      72.14  1
        2001042109   918939       0.95      72.60  1
        2001042112   857212       0.79      73.05  1
        2001042115   900448       0.61      73.45  1
        2001042118  1006969       0.37      74.09  1
        2001042121  1268611      -0.08      75.36  1
        2001042200  1554794      -0.47      76.57  1
        2001042203  1753711      -0.71      77.25  1
        2001042206  1919405      -0.99      78.23  1
        2001042209  2087365      -1.10      78.59  1
        2001042212  2140396      -1.23      78.88  1
        2001042215  2258865      -1.45      79.27  1
        2001042218  2336505      -1.60      79.45  1
        2001042221  2397232      -1.70      79.59  1
        2001042300  2391755      -1.84      79.86  1
        2001042303  2350017      -2.01      80.07  1
        2001042306  2347516      -2.18      80.42  1
        2001042309  2378186      -2.28      80.72  1
        2001042312  2451798      -2.44      81.09  1
        2001042315  2504714      -2.55      81.49  1
        2001042318  2640751      -2.63      81.83  1
        2001042321  2779175      -2.63      82.09  1
        2001042400  2928525      -2.55      82.25  1
        2001042403  3086212      -2.52      82.41  1
        2001042406  3243142      -2.43      82.31  1
        2001042409  3391722      -2.36      82.28  1
        2001042412  3436345      -2.34      82.25  1
        2001042415  3450318      -2.28      82.07  1
        2001042418  3458960      -2.22      81.95  1
        2001042421  3452958      -2.18      82.05  1
        2001042500  3430779      -2.14      82.13  1
        2001042503  3336907      -2.15      82.23  1
        2001042506  3279170      -2.15      82.40  1
        2001042509  3230649      -2.13      82.46  1
        2001042512  3128183      -2.11      82.53  1
        2001042515  3069774      -2.06      82.64  1
        2001042518  3008451      -1.92      82.87  1
        2001042521  3088363      -1.71      83.58  1
        2001042600  3161246      -1.48      84.11  1
        2001042603  3210304      -1.23      84.73  1
        2001042606  3282408      -1.00      85.38  1
        2001042609  3222038      -0.80      85.78  1
        2001042612  3205336      -0.65      85.80  1
        2001042615  3192642      -0.42      86.13  1
        2001042618  3249188      -0.25      86.43  1
        2001042621  3356667      -0.01      87.06  1
        2001042700  3490590       0.17      86.82  1
        2001042703  3389742       0.33      87.28  1
        2001042706  3304263       0.50      87.62  1
        2001042709  3130052       0.70      88.73  1
        2001042712  2843854       0.92      89.25  1
        2001042715  2648628       1.12      90.26  1
        2001042718  2514250       1.29      91.37  1
        2001042721  2456053       1.45      92.53  1
        2001042800  2377819       1.60      93.35  1
        2001042803  2313398       1.77      94.08  1
        2001042806  2338502       1.91      94.51  1
        2001042809  2447561       2.10      94.63  1
        2001042812  2301711       2.27      94.34  1
        2001042815  2294574       2.38      94.83  1
        2001042818  2392179       2.69      94.66  1
        2001042821  2500574       2.88      94.92  1
        2001042900  2478922       3.19      94.24  1
        2001042903  2471257       3.25      94.04  1
        2001042906  2650218       3.22      92.96  1
        2001042909  2611910       3.39      93.13  1
        2001042912  2588527       3.44      92.67  1
        2001042915  2393129       3.60      92.94  1
        2001042918  1257092       4.87     100.67  1
        2001042921  1165336       5.03     100.56  1
        2001043000  1141195       5.21     100.64  1
        2001043003  1111631       5.40     100.69  1
        2001043006  1211353       5.48     100.11  1
        2001043009  1285029       5.49      99.74  1
        2001043012  1389488       5.45      99.37  1
        2001043015  1449338       5.45      99.08  1
        2001043018  1453186       5.45      98.84  1
        2001043021  1485606       5.37      98.50  1
        2001050100  1693804       5.57      97.85  1
        2001050103  1725384       5.76      97.72  1
        2001050106  1790525       5.99      97.52  1
        2001050109  1875646       6.34      97.56  1
        2001050112  1761669       6.68      97.63  1
        2001050115  1759231       6.87      97.51  1
        2001050118  1728472       7.09      97.29  1
        2001050121  1621008       7.38      97.13  1
        2001050200  1623233       7.94      96.85  1
        2001050203  1654114       8.35      96.67  1
        2001050206  1709017       8.82      96.63  1
        2001050209  1863429       8.93      96.52  1
        2001050212  1888613       9.17      96.33  1
        2001050215  1870862       9.35      96.24  1
        2001050218  1904022       9.37      96.11  1
        2001050221  2024763       9.33      95.90  1
        2001050300  2132123       9.35      95.81  1
        2001050303  2150619       9.40      95.73  1
        2001050306  2199757       9.37      95.61  1
        2001050309  2199010       9.46      95.68  1
        2001050312  2135752       9.47      95.67  1
        2001050315  1962966       9.59      95.67  1
        2001050318  1859803       9.86      95.83  1
        2001050321  1819283       9.92      95.93  1
        2001050400  1705794      10.38      96.26  1
        2001050403  1188975      11.86      97.42  1
        2001050406  1067987      12.17      97.79  1
        2001050409   898729      12.56      98.25  1
        2001050412   584564      13.01      98.53  1
        2001050415   386040      13.02      98.54  1
LPT    30.0100
        2001042721   362012      -2.48     135.66  1
        2001042800   651581      -1.80     137.06  1
        2001042803   952619      -1.35     137.82  1
        2001042806  1178670      -1.21     138.06  1
        2001042809  1357588      -1.16     138.25  1
        2001042812  1482547      -1.02     138.52  1
        2001042815  1609013      -1.02     138.69  1
        2001042818  1825617      -1.15     138.68  1
        2001042821  1891269      -1.06     139.25  1
        2001042900  1990786      -1.10     139.55  1
        2001042903  1928489      -0.96     140.47  1
        2001042906  1913139      -0.87     141.48  1
        2001042909  1954083      -0.75     142.72  1
        2001042912  2126045      -0.29     144.80  1
        2001042915  2351732      -0.10     146.38  1
        2001042918  2681291      -0.02     147.52  1
        2001042921  2842755       0.15     148.80  1
        2001043000  2942554       0.28     149.87  1
        2001043003  2976787       0.37     150.87  1
        2001043006  3136502       0.37     151.56  1
        2001043009  3301666       0.40     152.19  1
        2001043012  3532828       0.45     152.91  1
        2001043015  3743103       0.44     153.30  1
        2001043018  3963376       0.53     153.92  1
        2001043021  4104167       0.59     154.33  1
        2001050100  4243675       0.68     154.57  1
        2001050103  4100780       1.02     155.51  1
        2001050106  4151922       1.20     155.88  1
        2001050109  4177843       1.32     156.04  1
        2001050112  4231520       1.40     156.14  1
        2001050115  4284570       1.40     156.12  1
        2001050118  4322725       1.41     156.15  1
        2001050121  4313211       1.46     156.25  1
        2001050200  4250919       1.47     156.51  1
        2001050203  4217073       1.39     156.68  1
        2001050206  4259191       1.24     156.78  1
        2001050209  5265315       0.20     151.82  1
        2001050212  5345941       0.00     151.64  1
        2001050215  5415595      -0.31     150.71  1
        2001050218  5454238      -0.53     150.01  1
        2001050221  5112847      -0.85     148.74  1
        2001050300  2771478      -3.93     137.42  1
        2001050303  2548462      -4.02     135.96  1
        2001050306  2377348      -4.01     135.01  1
        2001050309  2390155      -4.03     134.99  1
        2001050312  2383972      -3.99     135.18  1
        2001050315  2636272      -3.90     135.59  1
        2001050318  2820073      -3.84     136.24  1
        2001050321  3125279      -3.45     136.73  1
        2001050400  3171086      -3.18     137.14  1
        2001050403  3327614      -2.84     137.69  1
        2001050406  3429229      -2.66     138.04  1
        2001050409  3489823      -2.48     138.11  1
        2001050412  3562756      -2.31     138.35  1
        2001050415  3737261      -2.09     138.28  1
        2001050418  3734239      -1.91     138.17  1
        2001050421  3864417      -1.55     137.94  1
        2001050500  3796349      -1.26     137.98  1
        2001050503  3873612      -0.99     138.01  1
        2001050506  4016190      -0.63     138.24  1
        2001050509  4144803      -0.31     138.44  1
        2001050512  4392807       0.02     138.95  1
        2001050515  4574560       0.18     139.39  1
        2001050518  4778663       0.26     139.89  1
        2001050521  4746162       0.52     139.97  1
        2001050600  4635134       0.75     140.10  1
        2001050603  4528626       0.86     140.14  1
        2001050606  4496995       0.99     140.17  1
        2001050609  4495344       1.03     140.15  1
        2001050612  4464569       1.13     140.17  1
        2001050615  4492171       1.14     140.27  1
        2001050618  4313978       1.34     140.57  1
        2001050621  4017010       1.65     140.89  1
        2001050700  1157148       6.08     130.15  1
        2001050703  1081683       6.63     129.64  1
        2001050706   905744       7.33     129.11  1
        2001050709   840893       7.65     128.87  1
        2001050712   726488       7.93     128.58  1
        2001050715   697684       8.25     128.32  1
        2001050718   538159       8.74     128.06  1
        2001050721   454614       9.05     127.93  1
        2001050800   321540       9.49     127.77  1
        2001050803   304635       9.66     127.69  1
        2001050809   321862       9.95     127.10  1
        2001050815   343017      10.09     126.14  1
        2001050818   342264      10.09     125.81  1
        2001050821   374832      10.20     125.30  1
        2001050900   404984      10.39     124.83  1
        2001050903   489003      10.57     124.31  1
        2001050906   557007      10.74     123.93  1
        2001050909   545365      10.88     123.48  1
        2001050912   544520      10.92     123.16  1
        2001050915   614698      11.07     122.81  1
        2001050918   621063      11.27     122.47  1
        2001050921   660145      11.38     122.17  1
        2001051000   765986      11.40     121.93  1
        2001051003   860398      11.42     121.57  1
        2001051006   964890      11.57     121.25  1
        2001051009  1047129      11.58     121.03  1
        2001051012  1100289      11.50     120.93  1
        2001051015  1195835      11.58     120.81  1
        2001051018  1240246      11.61     120.62  1
        2001051021  1376470      11.69     120.43  1
        2001051100  1574793      11.82     120.17  1
        2001051103  1737935      12.00     119.90  1
        2001051106  1875969      12.26     119.80  1
        2001051109  1979373      12.59     119.70  1
        2001051112  2015871      13.00     119.61  1
        2001051115  2037190      13.49     119.57  1
        2001051118  2022545      14.14     119.58  1
        2001051121  2092749      14.69     119.53  1
        2001051200  2084866      15.27     119.63  1
        2001051203  2075406      15.56     119.58  1
        2001051206  2035981      15.89     119.52  1
        2001051209  1977176      16.00     119.57  1
        2001051212  1919812      16.05     119.55  1
        2001051215  1902282      16.18     119.54  1
        2001051218  1891603      16.44     119.59  1
        2001051221  1942708      16.70     119.71  1
        2001051300  2016108      16.92     119.74  1
        2001051303  2090114      16.99     119.61  1
        2001051306  2130966      17.20     119.64  1
        2001051309  2138408      17.48     119.75  1
        2001051312  2148152      17.63     119.77  1
        2001051315  2159587      17.94     119.98  1
        2001051318  2164676      18.33     120.33  1
        2001051321  2050386      18.85     120.87  1
        2001051400  1907320      19.39     121.44  1
        2001051403  1520824      20.71     122.75  1
        2001051406  1288104      21.96     123.99  1
        2001051409  1146515      22.41     124.45  1
        2001051412  1013248      22.81     124.89  1
        2001051415   880635      23.20     125.32  1
        2001051418   766490      23.57     125.77  1
        2001051421   610504      23.95     126.15  1
        2001051500   461145      24.29     126.62  1
LPT    31.0100
        2001050406   441812     -32.34     313.45  1
        2001050409   522967     -31.95     314.21  1
        2001050412   635707     -31.66     314.79  1
        2001050415   710508     -31.41     315.07  1
        2001050418   855058     -31.08     315.32  1
        2001050421   950874     -30.88     315.41  1
        2001050500  1028201     -30.83     315.59  1
        2001050503  1144961     -30.75     316.15  1
        2001050506  1289133     -30.62     316.63  1
        2001050509  1375594     -30.56     316.98  1
        2001050512  1478307     -30.49     317.28  1
        2001050515  1498332     -30.35     317.60  1
        2001050518  1539016     -30.26     317.73  1
        2001050521  1586189     -30.11     317.84  1
        2001050600  1632536     -30.01     317.96  1
        2001050603  1725625     -29.91     318.29  1
        2001050606  1759038     -29.80     318.47  1
        2001050609  1750812     -29.66     318.60  1
        2001050612  1713234     -29.59     318.70  1
        2001050615  1703390     -29.53     318.78  1
        2001050618  1715680     -29.56     318.96  1
        2001050621  1666621     -29.61     319.28  1
        2001050700  1629059     -29.65     319.53  1
        2001050703  1569695     -29.72     320.11  1
        2001050706  1485907     -29.86     320.81  1
        2001050709  1278921     -29.99     321.79  1
        2001050712  1208594     -30.06     322.38  1
        2001050715  1121012     -30.08     323.01  1
        2001050718  1070963     -30.08     323.46  1
        2001050721   962880     -30.14     324.12  1
        2001050800   933997     -30.15     324.62  1
        2001050803   935944     -30.16     325.23  1
        2001050806   889096     -30.18     326.23  1
        2001050809   751611     -30.19     327.17  1
        2001050812   633825     -30.14     327.89  1
        2001050815   521687     -30.14     328.98  1
        2001050818   397824     -30.06     329.80  1
        2001050821   380367     -30.08     330.68  1
        2001050900   428991     -30.11     331.67  1
        2001050903   528611     -30.10     332.67  1
        2001050906   674201     -30.29     334.12  1
        2001050909   737814     -30.25     334.73  1
        2001050912   808762     -30.29     335.32  1
        2001050915   912602     -30.37     335.88  1
        2001050918  1018510     -30.49     336.40  1
        2001050921  1088197     -30.61     336.86  1
        2001051000  1143405     -30.77     337.36  1
        2001051003  1139366     -30.83     337.75  1
        2001051006  1144950     -31.03     338.26  1
        2001051009  1121131     -31.14     338.74  1
        2001051012  1096262     -31.35     339.25  1
        2001051015  1032079     -31.38     339.48  1
        2001051018   955708     -31.44     339.73  1
        2001051021   901687     -31.52     339.92  1
        2001051100   824645     -31.53     339.98  1
        2001051103   747078     -31.53     339.95  1
        2001051106   698642     -31.67     339.97  1
        2001051109   592605     -31.92     340.22  1
        2001051112   567003     -32.24     340.62  1
        2001051115   548729     -32.56     341.07  1
        2001051118   400849     -32.89     341.52  1
        2001051121   361781     -33.40     342.25  1
LPT    32.0100
        2001051018   607145      -0.88     134.53  1
        2001051021  1205717      -0.47     137.00  1
        2001051100  1667293      -0.29     137.70  1
        2001051103  1931146      -0.20     138.00  1
        2001051106  2180217      -0.12     138.05  1
        2001051109  2440772      -0.09     137.86  1
        2001051112  2694289      -0.03     137.71  1
        2001051115  2864561      -0.08     137.86  1
        2001051118  3015601      -0.12     138.09  1
        2001051121  3146536      -0.16     138.31  1
        2001051200  3259033      -0.20     138.71  1
        2001051203  3363020      -0.23     139.14  1
        2001051206  3377638      -0.20     139.47  1
        2001051209  3461516      -0.19     139.86  1
        2001051212  3563085      -0.10     140.36  1
        2001051215  3613789      -0.05     140.92  1
        2001051218  3575184       0.07     141.39  1
        2001051221  3550501       0.20     141.75  1
        2001051300  3501914       0.33     142.06  1
        2001051303  3476400       0.37     142.52  1
        2001051306  3524140       0.30     143.21  1
        2001051309  3617237       0.05     144.15  1
        2001051312  4183149      -1.01     147.40  1
        2001051315  4696121      -2.13     150.76  1
        2001051318  4855228      -2.70     152.61  1
        2001051321  4917146      -3.08     153.91  1
        2001051400  4932351      -3.37     155.25  1
        2001051403  4907389      -3.82     156.98  1
        2001051406  5340810      -5.27     160.36  1
        2001051409  5940992      -7.08     163.99  1
        2001051412  6407358      -7.91     165.94  1
        2001051415  6846729      -8.67     167.62  1
        2001051418  7032854      -8.85     168.24  1
        2001051421  7213643      -9.25     169.05  1
        2001051500  7329354      -9.46     169.61  1
        2001051503  7454814      -9.73     170.35  1
        2001051506  7591929      -9.97     170.94  1
        2001051509  7699086     -10.19     171.48  1
        2001051512  7728239     -10.34     171.97  1
        2001051515  7810835     -10.38     172.28  1
        2001051518  7855273     -10.24     172.46  1
        2001051521  7903383     -10.21     172.70  1
        2001051600  7879394      -9.92     172.59  1
        2001051603  7846762      -9.72     172.51  1
        2001051606  7817484      -9.64     172.55  1
        2001051609  7829511      -9.79     172.81  1
        2001051612  7724567      -9.79     172.82  1
        2001051615  5128713      -4.05     163.96  1
        2001051618  5024334      -3.89     163.70  1
        2001051621  4834171      -3.75     163.40  1
        2001051700  4627938      -3.73     163.23  1
        2001051703  4406920      -3.86     163.34  1
        2001051706  4240282      -3.96     163.45  1
        2001051709  4003100      -4.14     163.61  1
        2001051712  3838502      -4.34     163.80  1
        2001051715  3624278      -4.53     163.96  1
        2001051718  3458530      -4.68     164.09  1
        2001051721  3286457      -4.86     164.28  1
        2001051800  3099816      -5.03     164.40  1
        2001051803  2864390      -5.14     164.58  1
        2001051806  2637942      -5.32     164.62  1
        2001051809  2345630      -5.71     164.60  1
        2001051812  2084432      -6.21     164.60  1
        2001051815  1767658      -6.93     164.52  1
        2001051818  1354826      -7.74     164.31  1
        2001051821   910615      -8.93     163.91  1
        2001051900   640228      -9.68     163.61  1
        2001051903   344042     -10.54     163.19  1
        2001051906   320475     -11.28     162.66  1
        2001051912   398837     -12.58     161.77  1
        2001051915   422282     -12.98     161.56  1
        2001051918   456139     -13.38     161.36  1
        2001051921   453769     -13.83     161.21  1
        2001052000   467941     -14.23     161.10  1
        2001052003   452323     -14.55     161.01  1
        2001052006   494819     -14.93     161.00  1
        2001052009   526750     -15.28     160.99  1
        2001052012   547776     -15.50     161.00  1
        2001052015   579213     -15.69     161.06  1
        2001052018   600977     -15.87     161.14  1
        2001052021   621792     -16.09     161.26  1
        2001052100   596308     -16.42     161.41  1
        2001052103   560726     -16.69     161.59  1
        2001052106   573051     -17.01     161.69  1
        2001052109   579893     -17.41     161.81  1
        2001052112   521170     -17.85     161.91  1
        2001052115   416585     -18.26     161.95  1
LPT    33.0100
        2001051903   534952       7.11      60.48  1
        2001051906   690339       7.17      60.77  1
        2001051909   789815       7.21      61.10  1
        2001051912   864735       7.26      61.37  1
        2001051915   953421       7.30      61.61  1
        2001051918  1037307       7.43      61.83  1
        2001051921  1145664       7.53      62.12  1
        2001052000  1288050       7.71      62.29  1
        2001052003  1429496       7.89      62.49  1
        2001052006  1498446       8.03      62.63  1
        2001052009  1525435       8.15      62.79  1
        2001052012  1515196       8.23      62.93  1
        2001052015  1542261       8.33      63.06  1
        2001052018  1570260       8.39      63.21  1
        2001052021  1580635       8.46      63.40  1
        2001052100  1551230       8.58      63.58  1
        2001052103  1519543       8.69      63.83  1
        2001052106  1470861       8.88      64.11  1
        2001052109  1404750       9.05      64.49  1
        2001052112  1369336       9.15      64.85  1
        2001052115  1307998       9.28      65.04  1
        2001052118  1213181       9.42      65.30  1
        2001052121  1138090       9.58      65.61  1
        2001052200  1067288       9.84      66.03  1
        2001052203   998005      10.13      66.57  1
        2001052206   955363      10.42      67.09  1
        2001052209   903702      10.69      67.56  1
        2001052212   877746      11.01      67.97  1
        2001052215   851251      11.27      68.24  1
        2001052218   888090      11.58      68.61  1
        2001052221   829143      11.83      68.84  1
        2001052300   798251      12.05      69.16  1
        2001052303   801219      12.31      69.58  1
        2001052306   775067      12.48      69.95  1
        2001052309   795728      12.61      70.18  1
        2001052312   844248      12.74      70.32  1
        2001052315   889048      12.83      70.43  1
        2001052318   924625      12.97      70.57  1
        2001052321   946711      13.09      70.65  1
        2001052400   937252      13.21      70.74  1
        2001052403   956326      13.32      70.75  1
        2001052406   956427      13.49      70.78  1
        2001052409   943584      13.70      70.77  1
        2001052412   930964      13.86      70.69  1
        2001052415   914655      14.01      70.64  1
        2001052418   910576      14.09      70.58  1
        2001052421   922305      14.15      70.52  1
        2001052500   903225      14.25      70.47  1
        2001052503   870766      14.33      70.36  1
        2001052506   821060      14.43      70.28  1
        2001052509   728097      14.53      70.18  1
        2001052512   673275      14.62      70.04  1
        2001052515   605860      14.69      69.91  1
        2001052518   535538      14.75      69.77  1
        2001052521   435409      14.79      69.68  1
        2001052600   411486      14.81      69.54  1
        2001052603   345817      14.79      69.48  1
LPT    34.0100
        2001052415   410547      15.67      94.22  1
        2001052418   593855      15.51      94.00  1
        2001052421   685803      15.36      93.94  1
        2001052500   761528      15.19      93.91  1
        2001052503   829201      15.02      93.89  1
        2001052506   859854      14.99      93.92  1
        2001052509   942919      14.90      93.89  1
        2001052512  1001803      14.74      93.67  1
        2001052515  1048616      14.61      93.54  1
        2001052518  1252819      14.51      93.39  1
        2001052521  1385750      14.48      93.31  1
        2001052600  1452961      14.46      93.28  1
        2001052603  1520331      14.42      93.25  1
        2001052606  1582056      14.45      93.27  1
        2001052609  1645729      14.42      93.26  1
        2001052612  1639515      14.25      93.09  1
        2001052615  1677150      14.10      92.95  1
        2001052618  1798511      14.05      92.82  1
        2001052621  1873594      14.00      92.73  1
        2001052700  1952434      13.85      92.64  1
        2001052703  1977256      13.65      92.44  1
        2001052706  2055071      13.57      92.29  1
        2001052709  2145182      13.46      92.24  1
        2001052712  2078982      13.15      92.18  1
        2001052715  2046369      12.91      92.19  1
        2001052718  2089808      12.90      92.37  1
        2001052721  2131917      12.86      92.51  1
        2001052800  2524129      11.98      92.80  1
        2001052803  3341397      12.48      95.57  1
        2001052806  3712168      12.74      96.07  1
        2001052809  4054134      12.25      96.09  1
        2001052812  3882555      12.09      95.77  1
        2001052815  3770717      11.67      95.86  1
        2001052818  3925877      10.95      96.34  1
        2001052821  2920392      13.77      95.98  1
        2001052900  2000956      12.41      90.36  1
        2001052903  2021232      12.24      89.97  1
        2001052906  2094078      12.35      89.89  1
        2001052909  2268560      12.61      90.05  1
        2001052912  2252903      12.51      89.75  1
        2001052915  2212965      12.43      89.49  1
        2001052918  2154852      12.46      89.29  1
        2001052921  2024938      12.45      89.06  1
        2001053000  1895492      12.37      88.76  1
        2001053003  1770048      12.46      88.64  1
        2001053006  1793671      12.93      89.16  1
        2001053009  1922716      13.57      90.08  1
        2001053012  1824087      13.53      90.12  1
        2001053015  1878288      13.50      90.11  1
        2001053018  1843971      13.49      90.07  1
        2001053021  1992589      13.47      89.93  1
        2001053100  2013094      13.61      90.10  1
        2001053103  1883923      13.85      90.34  1
        2001053106  1939336      14.42      90.95  1
        2001053109  1870829      15.22      92.04  1
        2001053112  1938229      15.69      92.72  1
        2001053115  1923492      16.25      93.24  1
        2001053118  1953103      16.89      93.81  1
        2001053121  2136621      17.65      94.33  1
        2001060100  2160816      18.43      94.75  1
        2001060103  2090981      19.08      95.09  1
        2001060106  2102559      19.86      95.64  1
        2001060109  2204657      20.44      95.96  1
        2001060112  2066431      21.30      96.57  1
        2001060115  2020936      21.91      96.92  1
        2001060118  2182146      22.01      96.99  1
        2001060121  2260807      22.13      97.02  1
        2001060200  2309824      22.17      97.01  1
        2001060203  2361439      22.20      97.07  1
        2001060206  2446692      22.21      97.18  1
        2001060209  2539309      22.26      97.34  1
        2001060212  2452344      22.60      97.56  1
        2001060215  2387481      22.75      97.80  1
        2001060218  2359779      22.85      97.92  1
        2001060221  2363655      22.87      97.85  1
        2001060300  2317103      22.87      97.65  1
        2001060303  2334153      22.88      97.48  1
        2001060306  2363149      22.90      97.27  1
        2001060309  2333562      22.81      96.91  1
        2001060312  2343432      22.78      96.47  1
        2001060315  2260799      22.76      95.99  1
        2001060318  2304675      22.65      95.58  1
        2001060321  2353770      22.64      95.08  1
        2001060400  2279961      22.46      94.49  1
        2001060403  2225239      22.41      94.23  1
        2001060406  2234684      22.40      94.12  1
        2001060409  2211475      22.43      93.87  1
        2001060412  2111341      22.51      93.70  1
        2001060415  2105781      22.51      93.55  1
        2001060418  2046642      22.41      93.36  1
        2001060421  1958664      22.49      93.02  1
        2001060500  1894933      22.61      92.80  1
        2001060503  1819062      22.75      92.55  1
        2001060506  1773244      22.88      92.25  1
        2001060509  1804004      23.02      91.99  1
        2001060512  1740511      23.15      91.76  1
        2001060515  1666893      23.26      91.72  1
        2001060518  1658153      23.33      91.65  1
        2001060521  1677409      23.43      91.63  1
        2001060600  1617394      23.48      91.78  1
        2001060603  1517667      23.55      91.97  1
        2001060606  1508858      23.52      92.17  1
        2001060609  1553583      23.44      92.45  1
        2001060612  1462355      23.50      92.73  1
        2001060615  1330772      23.51      93.00  1
        2001060618  1326587      23.50      93.31  1
        2001060621  1268571      23.50      93.30  1
        2001060700  1138294      23.52      93.33  1
        2001060703  1000623      23.49      93.38  1
        2001060706   949702      23.39      93.40  1
        2001060709   991527      23.19      93.28  1
        2001060712  1020627      23.09      93.24  1
        2001060715   947140      23.04      93.10  1
        2001060718   940933      22.91      93.12  1
        2001060721   950697      22.83      93.13  1
        2001060800   889386      22.75      93.14  1
        2001060803   876534      22.53      93.13  1
        2001060806   964766      22.13      93.08  1
        2001060809  1173537      21.59      93.13  1
        2001060812  1264970      20.95      93.43  1
        2001060815  1443840      20.21      94.02  1
        2001060818  1844538      19.21      94.76  1
        2001060821  2137262      18.56      94.97  1
        2001060900  2238830      18.21      94.65  1
        2001060903  2312814      18.04      94.25  1
        2001060906  2483369      17.61      94.01  1
        2001060909  2460659      17.53      93.55  1
        2001060912  2381988      17.44      93.20  1
        2001060915  2404365      17.31      93.14  1
        2001060918  2435412      17.30      93.13  1
        2001060921  2518606      17.19      93.03  1
        2001061000  2638677      17.02      93.13  1
        2001061003  2723324      16.92      93.10  1
        2001061006  2842087      16.86      93.14  1
        2001061009  2959767      16.82      93.10  1
        2001061012  2922894      16.73      92.72  1
        2001061015  2894014      16.61      92.61  1
        2001061018  2938123      16.57      92.45  1
        2001061021  3007291      16.49      92.20  1
        2001061100  3186935      16.48      91.82  1
        2001061103  3292562      16.53      91.47  1
        2001061106  3424565      16.55      91.16  1
        2001061109  4735165      15.74      86.46  1
        2001061112  4918291      15.65      85.90  1
        2001061115  4982687      15.55      85.52  1
        2001061118  5122686      15.47      85.25  1
        2001061121  5298444      15.36      84.86  1
        2001061200  5388978      15.30      84.61  1
        2001061203  5554498      15.26      84.36  1
        2001061206  5761992      15.29      84.27  1
        2001061209  6700380      16.29      86.88  1
        2001061212  7016086      16.37      86.77  1
        2001061215  7049004      16.26      86.38  1
        2001061218  7258404      16.32      86.53  1
        2001061221  7210913      16.22      86.11  1
        2001061300  7157035      16.14      85.87  1
        2001061303  6947778      15.97      85.10  1
        2001061306  6875196      16.04      85.16  1
        2001061309  6324221      15.57      83.10  1
        2001061312  6238702      15.66      82.81  1
        2001061315  6070129      15.80      82.70  1
        2001061318  6063147      15.98      82.68  1
        2001061321  6043024      16.21      82.71  1
        2001061400  5927931      16.37      82.86  1
        2001061403  5685838      16.63      83.16  1
        2001061406  5478439      16.91      83.34  1
        2001061409  5336906      17.27      83.60  1
        2001061412  5049030      17.60      83.76  1
        2001061415  4846754      17.80      83.92  1
        2001061418  4780823      17.97      83.98  1
        2001061421  4686759      18.19      84.10  1
        2001061500  4567895      18.38      84.15  1
        2001061503  4471904      18.61      84.10  1
        2001061506  4281633      18.79      84.31  1
        2001061509  4194696      19.06      84.34  1
        2001061512  4011835      19.32      84.38  1
        2001061515  3767158      19.40      84.55  1
        2001061518  3661959      19.52      84.71  1
        2001061521  3563584      19.56      84.92  1
        2001061600  3431805      19.60      85.13  1
        2001061603  2020536      18.84      92.10  1
        2001061606  1982754      18.81      92.37  1
        2001061609  2065569      18.88      92.50  1
        2001061612  2021400      18.91      92.70  1
        2001061615  1983178      18.93      92.79  1
        2001061618  2014465      19.04      92.87  1
        2001061621  2002104      19.16      92.87  1
        2001061700  1951349      19.20      92.85  1
        2001061703  1905551      19.27      92.78  1
        2001061706  1850464      19.39      92.67  1
        2001061709  1891892      19.56      92.58  1
        2001061712  1831215      19.67      92.48  1
        2001061715  1826830      19.80      92.45  1
        2001061718  1802478      19.96      92.38  1
        2001061721  1774315      20.09      92.30  1
        2001061800  1714340      20.15      92.22  1
        2001061803  1666171      20.27      92.13  1
        2001061806  1651695      20.41      92.03  1
        2001061809  1663190      20.68      91.90  1
        2001061812  1592555      20.89      91.84  1
        2001061815  1545412      21.13      91.73  1
        2001061818  1434326      21.18      91.67  1
        2001061821  1370094      21.22      91.64  1
        2001061900  1315582      21.29      91.64  1
        2001061903  1215295      21.44      91.61  1
        2001061906  1126112      21.65      91.56  1
        2001061909  1069567      22.03      91.34  1
        2001061912   919570      22.57      90.91  1
        2001061915   833627      22.76      90.70  1
        2001061918   749820      22.74      90.57  1
        2001061921   628488      22.82      90.33  1
        2001062000   566512      22.85      90.28  1
        2001062003   469660      22.88      90.23  1
        2001062006   406692      23.00      90.24  1
        2001062009   394366      23.33      90.15  1
        2001062012   463362      23.46      89.94  1
        2001062015   416954      23.36      90.13  1
        2001062018   391983      23.17      90.30  1
        2001062021   393430      22.92      90.61  1
        2001062100   404744      22.45      91.13  1
        2001062103   401358      21.88      91.65  1
        2001062106   421115      21.24      92.20  1
        2001062109   400696      20.53      92.86  1
        2001062112   388473      20.22      93.15  1
        2001062115   372595      19.89      93.43  1
        2001062118   361519      19.65      93.64  1
        2001062121   479949      19.67      93.63  1
        2001062200   631278      19.44      93.75  1
        2001062203   663713      19.34      93.60  1
        2001062206   688804      19.26      93.54  1
        2001062209   793994      19.20      93.44  1
        2001062212   794173      18.86      93.63  1
        2001062215   767962      18.53      93.79  1
        2001062218   810358      18.38      93.95  1
        2001062221   889431      18.37      93.82  1
        2001062300  1003801      18.21      93.70  1
        2001062303  1128246      17.88      93.78  1
        2001062306 13542632       8.59     129.61  1
        2001062309 13701707       8.68     129.81  1
        2001062312 13576756       8.53     130.30  1
        2001062315 13429790       8.44     130.99  1
        2001062318 13561378       8.42     131.41  1
        2001062321 13909373       8.29     132.30  1
        2001062400 14599439       7.75     134.21  1
        2001062403 14792026       7.32     135.70  1
        2001062406 14923630       6.99     136.64  1
        2001062409 14998270       6.66     137.36  1
        2001062412 14968922       5.91     139.00  2
        2001062415 14999082       5.38     140.01  2
        2001062418 14902069       4.85     140.78  2
        2001062421 14547877       4.56     140.83  2
        2001062500 14016260       4.26     141.05  2
        2001062503 13135243       3.82     141.63  2
        2001062506 12705290       3.50     142.08  2
        2001062509 12691870       3.51     141.73  2
        2001062512 12511753       3.42     141.82  2
        2001062515 12340280       3.22     142.10  2
        2001062518 12056345       3.01     142.27  2
        2001062521 11718000       2.67     142.79  2
        2001062600 11183711       2.23     143.26  2
        2001062603 10685237       1.80     143.86  2
        2001062606 10109495       1.33     144.99  2
        2001062609  9855098       1.18     145.17  2
        2001062612  9547984       1.03     145.17  2
        2001062615  9142823       0.87     145.69  2
        2001062618  9014527       1.05     145.04  2
        2001062621  9016173       1.55     143.81  2
        2001062700  8922100       2.11     142.40  2
        2001062703  8692330       2.28     141.95  2
        2001062706  9320449       3.34     139.74  2
        2001062709  9617733       4.13     137.84  2
        2001062712  9237568       4.54     137.05  2
        2001062715  8589508       5.75     134.60  2
        2001062718  8771285       6.23     133.26  2
        2001062721  8901943       6.76     132.14  1
        2001062800  9013475       6.90     131.65  1
        2001062803  8910260       6.89     131.61  1
        2001062806  8961418       6.98     131.40  1
        2001062809  9280237       7.25     130.87  1
        2001062812  9170956       7.09     131.29  1
        2001062815  9264370       7.12     131.32  1
        2001062818  9556953       7.44     130.73  1
        2001062821 10015424       7.60     130.44  1
        2001062900 10241129       7.75     130.24  1
        2001062903 10487904       7.72     130.32  1
        2001062906 10413292       7.51     131.00  2
        2001062909 10633888       7.50     131.01  2
        2001062912 10684471       7.20     131.62  2
        2001062915 10947212       7.04     131.89  2
        2001062918 11241894       7.12     131.53  2
        2001062921 11446926       6.78     132.08  2
        2001063000 11503782       6.59     132.38  2
        2001063003 11563450       6.14     133.15  2
        2001063006  9816641       2.98     140.61  1
        2001063009 10191389       2.48     141.24  1
        2001063012 10461956       2.20     141.61  1
        2001063015 10955596       1.78     142.19  1
        2001063018 11243841       1.63     142.45  1
        2001063021 11544481       1.65     142.49  1
LPT    34.0200
        2001061615   366462      14.05     132.36  1
        2001061618   529770      14.37     131.67  1
        2001061621   656852      14.64     131.09  1
        2001061700   685541      14.77     130.72  1
        2001061703   796365      14.87     130.29  1
        2001061706   874104      15.01     129.86  1
        2001061709   945911      14.94     129.39  1
        2001061712  1070264      14.82     128.94  1
        2001061715  1334533      14.50     128.19  1
        2001061718  1588652      14.10     127.50  1
        2001061721  3048634       9.65     126.01  1
        2001061800  4194290       8.41     123.02  1
        2001061803  4626724       8.10     121.96  1
        2001061806  4870370       7.86     121.15  1
        2001061809  5025124       7.61     120.43  1
        2001061812  5224597       7.39     119.79  1
        2001061815  5290043       7.25     119.48  1
        2001061818  5522265       7.26     119.12  1
        2001061821  5611258       7.44     119.08  1
        2001061900  5749331       7.62     119.01  1
        2001061903  5832774       7.87     119.20  1
        2001061906  5899220       8.18     119.31  1
        2001061909  6031515       8.34     119.42  1
        2001061912  6123392       8.33     119.48  1
        2001061915  6613317       8.11     120.67  1
        2001061918  7520194       7.96     122.20  1
        2001061921  8041688       7.80     122.58  1
        2001062000  8250785       7.70     122.80  1
        2001062003  8545940       7.68     123.17  1
        2001062006  8761833       7.68     123.37  1
        2001062009  9260691       8.06     123.32  1
        2001062012 11018139      12.06     124.51  1
        2001062015 11262273      12.13     124.82  1
        2001062018 11289985      12.07     125.11  1
        2001062021  9606718       7.53     124.41  1
        2001062100  9326321       7.09     124.90  1
        2001062103  9141080       6.96     125.41  1
        2001062106  9068074       6.93     125.88  1
        2001062109  9116098       6.98     126.27  1
        2001062112  9115718       6.91     126.83  1
        2001062115  9288150       7.09     127.40  1
        2001062118  9561686       7.17     127.82  1
        2001062121  9646158       7.19     128.26  1
        2001062200  9782263       7.19     128.54  1
        2001062203  9935272       7.23     128.83  1
        2001062206 10062918       7.18     129.25  1
        2001062209 10181738       7.12     129.64  1
        2001062212 10414629       6.97     130.29  1
        2001062215 10804946       6.87     131.25  1
        2001062218 11254374       7.00     131.66  1
        2001062221 11546942       7.14     132.31  1
        2001062300 11789026       7.25     133.07  1
        2001062303 12118739       7.42     133.36  1
        2001062306 13542632       8.59     129.61  1
        2001062309 13701707       8.68     129.81  1
        2001062312 13576756       8.53     130.30  1
        2001062315 13429790       8.44     130.99  1
        2001062318 13561378       8.42     131.41  1
        2001062321 13909373       8.29     132.30  1
        2001062400 14599439       7.75     134.21  1
        2001062403 14792026       7.32     135.70  1
        2001062406 14923630       6.99     136.64  1
        2001062409 14998270       6.66     137.36  1
        2001062412 14968922       5.91     139.00  2
        2001062415 14999082       5.38     140.01  2
        2001062418 14902069       4.85     140.78  2
        2001062421 14547877       4.56     140.83  2
        2001062500 14016260       4.26     141.05  2
        2001062503 13135243       3.82     141.63  2
        2001062506 12705290       3.50     142.08  2
        2001062509 12691870       3.51     141.73  2
        2001062512 12511753       3.42     141.82  2
        2001062515 12340280       3.22     142.10  2
        2001062518 12056345       3.01     142.27  2
        2001062521 11718000       2.67     142.79  2
        2001062600 11183711       2.23     143.26  2
        2001062603 10685237       1.80     143.86  2
        2001062606 10109495       1.33     144.99  2
        2001062609  9855098       1.18     145.17  2
        2001062612  9547984       1.03     145.17  2
        2001062615  9142823       0.87     145.69  2
        2001062618  9014527       1.05     145.04  2
        2001062621  9016173       1.55     143.81  2
        2001062700  8922100       2.11     142.40  2
        2001062703  8692330       2.28     141.95  2
        2001062706  9320449       3.34     139.74  2
        2001062709  9617733       4.13     137.84  2
        2001062712  9237568       4.54     137.05  2
        2001062715  8589508       5.75     134.60  2
        2001062718  8771285       6.23     133.26  2
        2001062721  8901943       6.76     132.14  1
        2001062800  9013475       6.90     131.65  1
        2001062803  8910260       6.89     131.61  1
        2001062806  8961418       6.98     131.40  1
        2001062809  9280237       7.25     130.87  1
        2001062812  9170956       7.09     131.29  1
        2001062815  9264370       7.12     131.32  1
        2001062818  9556953       7.44     130.73  1
        2001062821 10015424       7.60     130.44  1
        2001062900 10241129       7.75     130.24  1
        2001062903 10487904       7.72     130.32  1
        2001062906 10413292       7.51     131.00  2
        2001062909 10633888       7.50     131.01  2
        2001062912 10684471       7.20     131.62  2
        2001062915 10947212       7.04     131.89  2
        2001062918 11241894       7.12     131.53  2
        2001062921 11446926       6.78     132.08  2
        2001063000 11503782       6.59     132.38  2
        2001063003 11563450       6.14     133.15  2
        2001063006  9816641       2.98     140.61  1
        2001063009 10191389       2.48     141.24  1
        2001063012 10461956       2.20     141.61  1
        2001063015 10955596       1.78     142.19  1
        2001063018 11243841       1.63     142.45  1
        2001063021 11544481       1.65     142.49  1
