LPT nnnnn.nnnn
        YYYYMMDDHH _A_[km2] cen_lat.__ cen_lon.__ Nobj
LPT     0.0100
        2015060100  3575207      10.36     246.28  1
        2015060103  3545810      10.40     246.15  1
        2015060106  3686982      10.44     246.29  1
        2015060109  3845121      10.52     246.69  1
        2015060112  3948751      10.53     246.93  1
        2015060115  3955855      10.59     247.23  1
        2015060118  4058562      10.62     247.68  1
        2015060121  4028439      10.80     248.46  1
        2015060200  3808387      11.17     249.65  1
        2015060203  3746636      11.35     250.25  1
        2015060206  3736771      11.47     250.73  1
        2015060209  3743551      11.54     251.19  1
        2015060212  3721503      11.55     251.57  1
        2015060215  3632856      11.59     251.82  1
        2015060218  3554694      11.56     252.14  1
        2015060221  3462290      11.52     252.57  1
        2015060300  3300336      11.49     253.04  1
        2015060303  3170883      11.44     253.58  1
        2015060306  3096523      11.39     254.03  1
        2015060309  3025683      11.28     254.67  1
        2015060312  2920069      11.16     255.40  1
        2015060315  2853287      11.08     255.93  1
        2015060318  2825881      11.00     256.36  1
        2015060321  2824530      10.88     256.81  1
        2015060400  2808182      10.76     257.18  1
        2015060403  2854402      10.58     257.61  1
        2015060406  3514304       9.76     260.53  1
        2015060409  3974036       9.43     262.08  1
        2015060412  4697499      10.34     264.60  1
        2015060415  4909651      10.41     265.26  1
        2015060418  5054092      10.49     265.72  1
        2015060421  5116275      10.49     266.10  1
        2015060500  5076052      10.38     266.21  1
        2015060503  5079074      10.12     266.28  1
        2015060506  4876291       8.90     265.74  1
        2015060509  5209608       8.63     266.65  1
        2015060512  5313403       8.49     267.08  1
        2015060515  5376703       8.41     267.21  1
        2015060518  5444254       8.36     267.33  1
        2015060521  5513983       8.38     267.29  1
        2015060600  5521744       8.36     267.33  1
        2015060603  5455768       8.40     267.11  1
        2015060606  5307298       8.46     266.67  1
        2015060609  5249072       8.52     266.19  1
        2015060612  5063857       8.61     265.86  1
        2015060615  4925320       8.68     265.52  1
        2015060618  4700172       8.80     264.86  1
        2015060621  4551811       8.92     264.31  1
        2015060700  4309696       9.08     263.69  1
        2015060703  4239243       9.13     263.54  1
        2015060706  4167821       9.15     263.34  1
        2015060709  4158522       9.19     263.29  1
        2015060712  3996078       9.15     263.39  1
        2015060715  3938928       9.06     263.64  1
        2015060718  3935538       8.92     264.20  1
        2015060721  4785190       7.91     269.13  1
        2015060800  4780032       7.67     270.08  1
        2015060803  5266599       6.95     274.44  1
        2015060806  5262927       6.66     276.09  1
        2015060809  5009546       6.41     277.71  1
        2015060812  4515033       6.38     278.62  2
        2015060815  4443636       6.49     278.40  2
        2015060818  4691965       6.44     279.09  2
        2015060821  4841082       6.39     278.84  2
        2015060900  4769200       6.36     278.67  2
        2015060903  4698875       6.32     278.57  2
        2015060906  4635353       6.31     278.04  2
        2015060909  4604269       6.42     277.29  2
        2015060912  4367012       6.59     276.66  2
        2015060915  4304308       6.73     276.30  2
        2015060918  4466404       6.71     276.88  2
        2015060921  4647270       6.78     277.21  1
        2015061000  4473347       6.93     277.09  1
        2015061003  4427446       6.94     277.01  1
        2015061006  4252519       7.04     276.46  1
        2015061009  4127512       7.25     275.80  1
        2015061012  3841984       7.51     274.90  1
        2015061015  3018361       9.03     271.14  1
        2015061018  2913292       9.32     270.56  1
        2015061021  2831039       9.61     270.10  1
        2015061100  2693342       9.83     269.52  1
        2015061103  2576639      10.10     269.10  1
        2015061106  2449104      10.40     268.40  1
        2015061109  2389292      10.69     268.01  1
        2015061112  2320816      10.92     267.61  1
        2015061115  2295230      11.09     267.39  1
        2015061118  2160727      11.28     266.98  1
        2015061121  2089549      11.60     266.64  1
        2015061200  1973316      11.91     266.44  1
        2015061203  1928976      12.20     266.20  1
        2015061206  1929828      12.50     266.04  1
        2015061209  1955528      12.68     265.83  1
        2015061212  1950179      12.88     265.55  1
        2015061215  1952793      13.02     265.25  1
        2015061218  1974199      13.15     264.98  1
        2015061221  2040050      13.26     264.78  1
        2015061300  2070414      13.38     264.64  1
        2015061303  2102529      13.48     264.55  1
        2015061306  2140991      13.62     264.50  1
        2015061309  2197120      13.71     264.57  1
        2015061312  2236466      13.90     264.74  1
        2015061315  2268577      14.06     264.87  1
        2015061318  2284604      14.25     264.98  1
        2015061321  2256744      14.35     265.05  1
        2015061400  2235276      14.48     265.20  1
        2015061403  2218624      14.58     265.32  1
        2015061406  2188787      14.66     265.43  1
        2015061409  2184827      14.83     265.72  1
        2015061412  2135346      15.08     265.97  1
        2015061415  2087322      15.41     266.23  1
        2015061418  2008765      15.76     266.47  1
        2015061421  1915689      16.11     266.81  1
        2015061500  1722030      16.41     266.86  1
        2015061503  1539590      16.57     266.95  1
        2015061506  1295534      16.70     267.04  1
        2015061509  1043815      16.90     267.31  1
        2015061512   724866      17.26     267.94  1
        2015061515   308609      19.19     271.68  1
LPT     1.0100
        2015061009   624801       1.28     125.57  1
        2015061012   875486       1.76     126.82  1
        2015061015  1165386       2.12     128.09  1
        2015061018  1500513       2.48     129.86  1
        2015061021  1646719       2.68     131.28  1
        2015061100  1667265       2.86     132.45  1
        2015061103  1723997       3.03     133.64  1
        2015061106  1841677       3.17     134.47  1
        2015061109  2021193       3.16     135.47  1
        2015061112  3219416       1.48     141.48  1
        2015061115  4128055       1.18     143.42  1
        2015061118  4641524       1.12     144.29  1
        2015061121  4966247       1.08     144.95  1
        2015061200  5352426       0.98     145.80  1
        2015061203  5694710       0.81     146.76  1
        2015061206  5948663       0.64     147.54  1
        2015061209  6141924       0.38     148.36  1
        2015061212  6378942       0.16     149.22  1
        2015061215  6706097      -0.15     150.51  1
        2015061218  6764336      -0.55     151.93  1
        2015061221  6596018      -0.86     153.23  1
        2015061300  6588792      -1.09     154.55  1
        2015061303  6596299      -1.27     155.40  1
        2015061306  6642530      -1.37     156.04  1
        2015061309  6672915      -1.42     156.57  1
        2015061312  6814709      -1.39     157.07  1
        2015061315  6931387      -1.30     157.44  1
        2015061318  6976167      -1.20     157.75  1
        2015061321  6891833      -1.13     158.15  1
        2015061400  6884350      -1.10     158.52  1
        2015061403  6817919      -1.05     158.75  1
        2015061406  6735986      -1.08     159.09  1
        2015061409  6673146      -1.12     159.40  1
        2015061412  6606286      -1.17     159.80  1
        2015061415  6538422      -1.28     160.32  1
        2015061418  6286745      -1.47     160.82  1
        2015061421  6071996      -1.61     161.44  1
        2015061500  5956482      -1.74     162.23  1
        2015061503  5775561      -1.88     163.22  1
        2015061506  5632562      -1.94     164.11  1
        2015061509  5727754      -1.79     165.11  1
        2015061512  6084045      -1.49     166.24  1
        2015061515  6359789      -1.33     166.86  1
        2015061518  6314609      -1.09     167.65  1
        2015061521  6137227      -0.79     168.38  1
        2015061600  6141473      -0.56     169.22  1
        2015061603  5903465      -0.29     170.05  1
        2015061606  5565311       0.02     170.96  1
        2015061609  5328336       0.28     171.70  1
        2015061612  5286731       0.44     172.09  1
        2015061615  5188094       0.55     172.37  1
        2015061618  4958487       0.71     172.99  1
        2015061621  4660484       0.99     174.00  1
        2015061700  4507155       1.17     174.70  1
        2015061703  4393899       1.28     175.23  1
        2015061706  4305250       1.37     175.62  1
        2015061709  4208774       1.51     176.11  1
        2015061712  4138589       1.63     176.50  1
        2015061715  4042995       1.73     176.79  1
        2015061718  3701740       1.90     177.12  1
        2015061721  3458221       2.06     177.48  1
        2015061800  4097580       2.55     183.34  1
        2015061803  3864199       2.79     184.41  1
        2015061806  3113453       3.06     185.07  1
        2015061809  2563461       3.42     187.09  1
        2015061812  1977331       3.71     191.31  1
        2015061815  1260008       3.57     195.73  2
        2015061818  1025911       3.29     200.15  2
        2015061821   853952       3.25     202.32  1
        2015061900   921063       3.22     203.98  1
        2015061903   899408       3.27     204.62  1
        2015061906   912483       3.29     204.93  1
        2015061909   924801       3.32     204.55  1
        2015061912   907829       3.34     203.59  1
        2015061915   732006       3.34     203.17  1
LPT     2.0100
        2015061812   504186     -26.90     205.08  1
        2015061815   868090     -26.82     205.22  1
        2015061818  1165684     -26.92     205.55  1
        2015061821  1469270     -27.13     205.96  1
        2015061900  1697793     -27.47     206.62  1
        2015061903  1870726     -27.74     207.25  1
        2015061906  2038649     -28.08     207.92  1
        2015061909  2314781     -28.30     208.54  1
        2015061912  2466573     -28.58     209.16  1
        2015061915  2605229     -28.72     209.66  1
        2015061918  2778292     -28.84     210.11  1
        2015061921  2921286     -28.97     210.55  1
        2015062000  3062314     -29.19     211.13  1
        2015062003  3179012     -29.46     211.74  1
        2015062006  3217152     -29.63     212.17  1
        2015062009  3324445     -29.81     212.59  1
        2015062012  3438495     -30.03     213.18  1
        2015062015  3535698     -30.24     213.75  1
        2015062018  3586129     -30.38     214.24  1
        2015062021  3529515     -30.33     214.44  1
        2015062100  3568321     -30.45     214.93  1
        2015062103  3501791     -30.46     215.33  1
        2015062106  3383748     -30.38     215.60  1
        2015062109  3205145     -30.28     215.86  1
        2015062112  3003585     -30.22     216.15  1
        2015062115  2640277     -29.78     215.90  1
        2015062118  2316439     -29.41     215.70  1
        2015062121  2107212     -29.35     216.02  1
        2015062200  1794819     -29.11     216.23  1
        2015062203  1514939     -29.11     216.71  1
        2015062206  1247580     -29.12     217.21  1
        2015062209  1010013     -29.04     217.73  1
        2015062212   625043     -28.35     217.74  1
        2015062215   595806     -27.24     217.74  1
        2015062218   545679     -26.39     217.77  1
        2015062221   609071     -25.77     217.99  1
        2015062300   716859     -25.29     218.03  1
        2015062303   645616     -24.78     218.07  1
        2015062306   603888     -24.43     218.09  1
        2015062309   627836     -24.28     218.13  1
        2015062312   595566     -23.96     218.13  1
        2015062315   600954     -23.72     218.09  1
        2015062318   631498     -23.54     218.08  1
        2015062321   676004     -23.41     218.13  1
        2015062400   756441     -23.34     218.28  1
        2015062403   801677     -23.24     218.43  1
        2015062406   803363     -23.19     218.51  1
        2015062409   803640     -23.15     218.66  1
        2015062412   812925     -23.02     218.85  1
        2015062415   823273     -22.95     218.97  1
        2015062418   812815     -22.92     219.13  1
        2015062421   833209     -22.83     219.32  1
        2015062500   833458     -22.68     219.38  1
        2015062503   827106     -22.55     219.43  1
        2015062506   813776     -22.51     219.46  1
        2015062509   790303     -22.38     219.51  1
        2015062512   751979     -22.21     219.56  1
        2015062515   660517     -22.06     219.68  1
        2015062518   482478     -21.84     219.85  1
        2015062521   345375     -21.63     220.06  1
LPT     3.0100
        2015070203   392680       7.78     231.53  1
        2015070206   682379       7.97     231.33  1
        2015070209  1058868       8.14     231.10  1
        2015070212  1491776       8.22     230.58  1
        2015070215  1772352       8.33     230.76  1
        2015070218  2061052       8.44     230.68  1
        2015070221  2358100       8.53     230.36  1
        2015070300  2574929       8.62     230.01  1
        2015070303  2765997       8.67     229.81  1
        2015070306  2941790       8.72     229.84  1
        2015070309  3162460       8.68     229.93  1
        2015070312  3409554       8.59     229.82  1
        2015070315  3692578       8.50     229.99  1
        2015070318  3849306       8.46     230.04  1
        2015070321  4028260       8.41     230.24  1
        2015070400  4206453       8.37     230.27  1
        2015070403  4166340       8.42     230.93  1
        2015070406  4222054       8.43     231.36  1
        2015070409  4329398       8.40     231.81  1
        2015070412  4439906       8.37     231.69  1
        2015070415  4431801       8.36     232.16  1
        2015070418  4426162       8.34     232.73  1
        2015070421  4675548       8.25     234.17  1
        2015070500  4768573       8.21     235.15  1
        2015070503  4775668       8.14     236.18  1
        2015070506  4691244       8.03     237.56  2
        2015070509  4730492       7.94     238.61  2
        2015070512  4608262       7.81     239.34  2
        2015070515  4426928       7.69     240.25  2
        2015070518  4419512       7.61     240.54  2
        2015070521  4414497       7.52     240.58  2
        2015070600  4397442       7.49     240.15  2
        2015070603  4339699       7.46     240.11  2
        2015070606  4303958       7.45     239.20  2
        2015070609  4433623       7.50     237.01  2
        2015070612  4469332       7.54     233.73  2
        2015070615  3379173       7.31     223.81  2
        2015070618  3116778       7.37     221.85  2
        2015070621  3269344       7.47     220.38  2
        2015070700  3156997       7.60     219.75  2
        2015070703  3228652       7.61     218.61  2
        2015070706  3344307       7.66     217.99  2
        2015070709  3583587       7.72     216.94  2
        2015070712  3805700       7.82     216.24  2
        2015070715  3894860       7.83     215.55  2
        2015070718  3888702       7.92     215.34  2
        2015070721  3956265       7.96     214.91  2
        2015070800  3989740       8.04     214.51  2
        2015070803  4051578       8.05     213.86  2
        2015070806  4110603       8.10     213.37  2
        2015070809  4185888       8.13     212.68  2
        2015070812  4302748       8.13     211.85  2
        2015070815  4477418       8.11     211.27  1
        2015070818  4585514       8.09     210.97  1
        2015070821  4565898       8.07     210.56  1
        2015070900  4451024       8.03     210.18  1
        2015070903  4307079       8.00     209.59  1
        2015070906  4154222       8.02     209.24  1
        2015070909  3960614       8.07     208.97  1
        2015070912  3628305       8.10     208.43  1
        2015070915  3298061       8.16     208.21  1
        2015070918  2885804       8.27     208.37  1
        2015070921  2494018       8.31     208.35  1
        2015071000  1838467       8.13     207.86  1
        2015071003  1287132       7.80     207.12  1
        2015071006   657336       7.88     209.26  1
        2015071009   461113       7.51     207.92  1
        2015071012   353327       7.25     207.13  1
LPT     4.0100
        2015070703   453945       5.20     276.23  1
        2015070706   721513       5.29     275.95  1
        2015070709  1002769       5.39     275.59  1
        2015070712  1117968       5.44     275.54  1
        2015070715  1169470       5.42     275.81  1
        2015070718  1233153       5.46     275.86  1
        2015070721  1210066       5.45     276.26  1
        2015070800  1288309       5.49     276.43  1
        2015070803  1337208       5.61     276.31  1
        2015070806  1309480       5.64     276.50  1
        2015070809  1311474       5.77     276.55  1
        2015070812  1289025       5.84     276.54  1
        2015070815  1268036       5.95     276.48  1
        2015070818  1208656       6.07     276.30  1
        2015070821  1127062       6.19     276.07  1
        2015070900  1076114       6.35     275.58  1
        2015070903  1018937       6.57     274.87  1
        2015070906  1011597       6.79     274.29  1
        2015070909   928991       7.10     273.21  1
        2015070912   871783       7.38     272.28  1
        2015070915   802360       7.68     271.02  1
        2015070918   583860       7.94     270.11  1
        2015070921   525278       8.27     267.94  1
        2015071000   454680       8.49     266.88  1
        2015071003   493416       8.66     266.54  1
        2015071006   562591       8.86     265.92  1
        2015071009   699374       9.14     265.63  1
        2015071012   708659       9.45     265.27  1
        2015071015   861918       9.67     265.60  1
        2015071018   995051       9.93     265.78  1
        2015071021  1187706      10.24     265.81  1
        2015071100  1217719      10.52     265.80  1
        2015071103  1266848      10.74     265.80  1
        2015071106  1358823      11.00     265.79  1
        2015071109  1499724      11.13     265.99  1
        2015071112  1558482      11.31     265.93  1
        2015071115  1642699      11.39     266.00  1
        2015071118  1694779      11.52     265.93  1
        2015071121  1816287      11.53     265.97  1
        2015071200  1822797      11.58     266.02  1
        2015071203  1811187      11.62     266.06  1
        2015071206  1867602      11.76     265.87  1
        2015071209  1959631      11.86     265.68  1
        2015071212  1938402      11.99     265.49  1
        2015071215  1942709      12.02     265.44  1
        2015071218  1829588      12.36     264.71  1
        2015071221  1969373      12.28     264.72  1
        2015071300  1812534      12.76     263.56  1
        2015071303  1775242      12.94     262.98  1
        2015071306  1746916      13.12     262.23  1
        2015071309  1788090      13.25     261.57  1
        2015071312  1772308      13.36     260.92  1
        2015071315  1758146      13.45     260.39  1
        2015071318  1777934      13.52     259.71  1
        2015071321  1816689      13.54     259.16  1
        2015071400  1739977      13.67     258.62  1
        2015071403  1709926      13.77     258.21  1
        2015071406  1728056      13.85     257.73  1
        2015071409  1742940      13.95     257.21  1
        2015071412  1786502      14.03     256.59  1
        2015071415  1838204      14.01     255.92  1
        2015071418  1929578      13.99     255.23  1
        2015071421  2031092      13.92     254.59  1
        2015071500  2043551      13.94     254.17  1
        2015071503  2064339      13.94     253.89  1
        2015071506  2085250      13.94     253.65  1
        2015071509  2020051      14.02     253.42  1
        2015071512  1911198      14.15     253.25  1
        2015071515  1824290      14.27     253.21  1
        2015071518  1777626      14.41     253.12  1
        2015071521  1732990      14.58     252.98  1
        2015071600  1609129      14.69     252.80  1
        2015071603  1528670      14.79     252.70  1
        2015071606  1419164      14.90     252.53  1
        2015071609  1318955      14.96     252.38  1
        2015071612  1174070      15.03     252.27  1
        2015071615  1057344      15.14     252.17  1
        2015071618   964018      15.20     252.04  1
        2015071621   845208      15.31     251.93  1
        2015071700   719615      15.48     251.83  1
        2015071703   598013      15.61     251.70  1
        2015071706   464164      15.62     251.53  1
        2015071709   333287      15.62     251.29  1
LPT     5.0100
        2015072106   397895       3.50     186.98  1
        2015072109   764612       3.67     187.08  1
        2015072112  1068005       3.72     187.32  1
        2015072115  1468340       3.68     187.46  1
        2015072118  1796227       3.62     187.75  1
        2015072121  2090964       3.55     188.02  1
        2015072200  2340190       3.54     188.44  1
        2015072203  2619497       3.48     188.73  1
        2015072206  2831877       3.44     188.97  1
        2015072209  3081848       3.42     189.17  1
        2015072212  3394120       3.37     189.44  1
        2015072215  3655687       3.32     189.50  1
        2015072218  3769564       3.31     189.71  1
        2015072221  3867256       3.30     189.92  1
        2015072300  4065713       3.28     190.33  1
        2015072303  4362141       3.27     191.28  1
        2015072306  4535447       3.24     192.05  1
        2015072309  4831196       3.20     193.06  1
        2015072312  5155231       3.10     193.86  1
        2015072315  5312201       3.00     194.17  1
        2015072318  5423344       2.85     194.43  1
        2015072321  5639628       2.72     194.79  1
        2015072400  5888744       2.55     195.02  1
        2015072403  6125617       2.35     195.16  1
        2015072406  6255641       2.25     195.31  1
        2015072409  6402554       2.21     195.60  1
        2015072412  6567285       2.16     195.83  1
        2015072415  6617069       2.13     195.84  1
        2015072418  6514837       2.24     196.16  1
        2015072421  6461727       2.28     196.38  1
        2015072500  6550690       2.24     196.54  1
        2015072503  6484391       2.24     196.73  1
        2015072506  6460123       2.23     197.02  1
        2015072509  6443409       2.27     197.35  1
        2015072512  6480591       2.30     197.72  1
        2015072515  6362089       2.43     198.22  1
        2015072518  6161869       2.60     198.87  1
        2015072521  5976953       2.77     199.52  1
        2015072600  5762018       2.92     200.23  1
        2015072603  5314100       3.06     201.18  1
        2015072606  4913103       3.11     202.18  1
        2015072609  4496625       3.12     203.30  1
        2015072612  4025360       3.11     204.66  1
        2015072615  3619512       3.12     205.47  1
        2015072618  3363669       3.19     205.97  1
        2015072621  3149826       3.34     206.42  1
        2015072700  2918721       3.59     207.07  1
        2015072703  2593733       3.90     207.81  1
        2015072706  2443515       4.22     208.44  1
        2015072709  2373690       4.66     209.39  1
        2015072712  2317459       5.18     210.54  1
        2015072715  2190981       5.59     211.51  1
        2015072718  2190816       5.87     212.56  1
        2015072721  2147907       6.09     213.08  1
        2015072800  2183835       6.32     213.76  1
        2015072803  1995128       6.57     214.10  1
        2015072806  1910673       6.82     214.44  1
        2015072809  1826124       7.10     214.75  1
        2015072812  1658130       7.41     215.29  1
        2015072815  1229736       7.85     216.44  1
        2015072818   684835       8.38     219.85  1
        2015072821   422571       8.50     221.07  1
LPT     6.0100
        2015060306   368873       4.53      63.64  1
        2015060309   836232       4.28      64.07  1
        2015060312  1198200       3.93      64.53  1
        2015060315  1506190       3.66      64.95  1
        2015060318  1996458       3.20      65.72  1
        2015060321  2522258       2.92      66.31  1
        2015060400  2870615       2.95      66.59  1
        2015060403  3223807       2.82      67.07  1
        2015060406  3560457       2.76      67.39  1
        2015060409  3915878       2.72      67.82  1
        2015060412  4184352       2.72      68.18  1
        2015060415  4325680       2.70      68.35  1
        2015060418  4522819       2.70      68.54  1
        2015060421  4725445       2.64      68.78  1
        2015060500  4829994       2.69      68.87  1
        2015060503  4907573       2.79      68.98  1
        2015060506  5035652       2.87      69.11  1
        2015060509  5207469       2.93      69.38  1
        2015060512  5298076       2.98      69.67  1
        2015060515  5326463       2.95      69.87  1
        2015060518  5383850       2.92      70.21  1
        2015060521  5429039       2.86      70.56  1
        2015060600  5390163       2.95      70.84  1
        2015060603  5348525       3.00      71.15  1
        2015060606  5284649       3.02      71.50  1
        2015060609  5161800       3.20      71.83  1
        2015060612  4979256       3.40      72.24  1
        2015060615  4823642       3.56      72.50  1
        2015060618  4796789       3.59      72.77  1
        2015060621  4691849       3.67      72.94  1
        2015060700  4448151       3.76      73.41  1
        2015060703  4330057       3.67      74.35  1
        2015060706  4124647       3.53      76.23  1
        2015060709  2040646      -2.19      84.80  1
        2015060712  1943165      -2.41      86.53  1
        2015060715  1962310      -2.47      87.65  1
        2015060718  2073223      -2.51      88.50  1
        2015060721  2230305      -2.58      89.50  1
        2015060800  2271835      -2.61      90.36  1
        2015060803  2319440      -2.69      91.34  1
        2015060806  2347746      -2.77      92.23  1
        2015060809  2353075      -2.80      93.06  1
        2015060812  2339135      -2.80      93.83  1
        2015060815  2331444      -2.78      94.56  1
        2015060818  2517987      -2.73      95.65  1
        2015060821  2579735      -2.69      96.44  1
        2015060900  2535092      -2.68      96.85  1
        2015060903  2555233      -2.66      97.05  1
        2015060906  2503529      -2.69      97.09  1
        2015060909  2489811      -2.65      97.03  1
        2015060912  2348673      -2.67      96.50  1
        2015060915  2246836      -2.70      96.00  1
        2015060918  2147280      -2.78      95.57  1
        2015060921  2125443      -2.86      94.94  1
        2015061000  2004094      -3.08      94.64  1
        2015061003  1965909      -3.31      94.44  1
        2015061006  1866788      -3.62      94.50  1
        2015061009  1807890      -3.84      94.79  1
        2015061012  1673464      -4.07      95.06  1
        2015061015  1657791      -4.18      95.28  1
        2015061018  1610530      -4.34      95.32  1
        2015061021  1597397      -4.34      95.39  1
        2015061100  1502677      -4.38      95.27  1
        2015061103  1536409      -4.39      95.11  1
        2015061106  1540106      -4.43      94.80  1
        2015061109  1588598      -4.38      94.54  1
        2015061112  1658682      -4.31      94.47  1
        2015061115  1790213      -4.26      94.45  1
        2015061118  1935444      -4.26      94.46  1
        2015061121  2001463      -4.26      94.07  1
        2015061200  2020477      -4.28      93.89  1
        2015061203  2076556      -4.23      93.92  1
        2015061206  2134860      -4.18      93.99  1
        2015061209  2198049      -4.04      94.20  1
        2015061212  2141047      -4.03      94.31  1
        2015061215  2112624      -3.98      94.39  1
        2015061218  2080984      -3.97      94.48  1
        2015061221  2084078      -3.92      94.54  1
        2015061300  1924374      -3.84      94.77  1
        2015061303  1817779      -3.71      94.91  1
        2015061306  1709141      -3.40      95.29  1
        2015061309  1783069      -2.81      95.84  1
        2015061312  1916565      -1.83      97.13  1
        2015061315  2215172      -1.03      98.16  1
        2015061318  2449650      -0.24      99.23  1
        2015061321  2740923       0.39      99.90  1
        2015061400  2909543       0.66     100.20  1
        2015061403  3098011       0.75     100.45  1
        2015061406  3319248       1.11     100.92  1
        2015061409  3556177       1.44     101.16  1
        2015061412  3579900       1.51     101.22  1
        2015061415  3632681       1.57     101.28  1
        2015061418  3816105       2.16     101.50  1
        2015061421  3984104       3.00     101.55  1
        2015061500  3821418       3.82     101.85  1
        2015061503  3877107       4.73     102.15  1
        2015061506  4107693       5.55     102.24  1
        2015061509  4141053       6.22     102.46  1
        2015061512  4124432       6.48     102.48  1
        2015061515  4249371       6.65     102.41  1
        2015061518  4496563       6.84     102.34  1
        2015061521  4655022       6.99     102.11  1
        2015061600  4732457       7.11     101.88  1
        2015061603  4934051       7.11     101.87  1
        2015061606  5142215       7.15     101.97  1
        2015061609  5391956       7.33     101.68  1
        2015061612  5348260       7.42     101.81  1
        2015061615  5435673       7.54     101.89  1
        2015061618  5500181       7.71     102.03  1
        2015061621  5627002       8.01     101.75  1
        2015061700  5735332       8.28     101.56  1
        2015061703  5860978       8.55     101.35  1
        2015061706  6098537       8.84     101.17  1
        2015061709  6221228       9.15     101.04  1
        2015061712  6172091       9.24     100.98  1
        2015061715  6285300       9.31     101.11  1
        2015061718  6369603       9.39     101.14  1
        2015061721  6383049       9.54     100.76  1
        2015061800  7068835       9.02     104.21  1
        2015061803  7625874       8.80     105.89  1
        2015061806  8428485       8.06     109.06  1
        2015061809  9266137       7.62     111.49  1
        2015061812  9900674       7.39     112.71  1
        2015061815 10545350       7.09     114.36  1
        2015061818 11104904       7.09     115.01  1
        2015061821 11274675       7.31     114.62  1
        2015061900 11324419       7.32     114.96  1
        2015061903 11445484       7.36     115.11  1
        2015061906 11569653       7.46     115.23  1
        2015061909 11764782       7.50     115.53  1
        2015061912 11794053       7.51     115.89  1
        2015061915 11932573       7.45     116.37  1
        2015061918  7899252       3.94     132.53  1
        2015061921  7918949       4.08     132.24  1
        2015062000  7987552       4.11     132.19  1
        2015062003  8190584       4.19     132.05  1
        2015062006  8370964       4.26     131.87  1
        2015062009  8415096       4.31     131.82  1
        2015062012  8507972       4.22     132.14  1
        2015062015  9040904       3.86     133.48  1
        2015062018  9488904       3.55     134.90  1
        2015062021  9474248       3.68     135.02  1
        2015062100  9852378       3.78     136.03  1
        2015062103 10313008       3.99     136.96  1
        2015062106 10520018       4.23     137.14  1
        2015062109 10625216       4.50     137.11  1
        2015062112 10971647       4.54     138.05  1
        2015062115 11573821       4.36     139.47  1
        2015062118 11903707       4.32     140.18  1
        2015062121 11604773       4.51     140.05  1
        2015062200  2961329      -0.84     171.34  1
        2015062203  3080315      -0.98     171.68  1
        2015062206  3233065      -0.92     172.19  1
        2015062209  3290950      -0.75     172.62  1
        2015062212  3418133      -0.56     173.10  1
        2015062215  3529639      -0.27     173.45  1
        2015062218  3472506       0.17     173.96  1
        2015062221  3385880       0.67     174.54  1
        2015062300  3433268       1.06     175.60  1
        2015062303  3443547       1.53     176.55  1
        2015062306  3311959       1.97     177.67  1
        2015062309  3137649       2.77     179.36  1
        2015062312  3155096       3.40     181.59  1
        2015062315  3042932       3.89     183.42  1
        2015062318  3007569       4.08     184.67  1
        2015062321  3063220       4.18     185.75  1
        2015062400  3190672       4.19     186.38  1
        2015062403  3268189       4.18     187.13  1
        2015062406  3237870       4.23     187.80  1
        2015062409  3257578       4.28     188.26  1
        2015062412  3421581       4.35     188.77  1
        2015062415  3451252       4.42     189.39  1
        2015062418  3437299       4.47     189.97  1
        2015062421  3425800       4.48     190.67  1
        2015062500  3477454       4.48     191.48  1
        2015062503  3447596       4.48     192.35  1
        2015062506  3429163       4.51     193.16  1
        2015062509  3485366       4.52     194.13  1
        2015062512  3566608       4.60     195.16  1
        2015062515  3647649       4.72     196.29  1
        2015062518  3577327       4.84     197.08  1
        2015062521  3508450       4.98     197.89  1
        2015062600  3470270       5.13     198.95  1
        2015062603  3290054       5.26     200.09  1
        2015062606  3154428       5.39     201.39  1
        2015062609  3200915       5.51     203.08  1
        2015062612  3507038       5.63     205.98  1
        2015062615  3556347       5.76     208.79  1
        2015062618  3678596       5.87     210.96  1
        2015062621  3902718       5.98     212.80  1
        2015062700  3963906       6.08     214.47  1
        2015062703  3930755       6.18     215.87  1
        2015062706  3888360       6.27     217.06  1
        2015062709  3975974       6.32     217.66  1
        2015062712  4002422       6.36     217.97  1
        2015062715  3859278       6.42     218.46  1
        2015062718  3726539       6.54     218.87  1
        2015062721  3615064       6.69     219.11  1
        2015062800  3413236       6.85     219.54  1
        2015062803  3147148       7.01     220.06  1
        2015062806  2870590       7.15     220.43  1
        2015062809  2595620       7.30     220.76  1
        2015062812  2118725       7.47     221.31  1
        2015062815  1674629       7.70     222.33  1
        2015062818  1168388       8.12     224.37  1
        2015062821   880184       8.45     225.05  1
        2015062900   549735       8.76     224.86  1
        2015062903   307464       9.08     225.18  1
LPT     6.0200
        2015060306   368873       4.53      63.64  1
        2015060309   836232       4.28      64.07  1
        2015060312  1198200       3.93      64.53  1
        2015060315  1506190       3.66      64.95  1
        2015060318  1996458       3.20      65.72  1
        2015060321  2522258       2.92      66.31  1
        2015060400  2870615       2.95      66.59  1
        2015060403  3223807       2.82      67.07  1
        2015060406  3560457       2.76      67.39  1
        2015060409  3915878       2.72      67.82  1
        2015060412  4184352       2.72      68.18  1
        2015060415  4325680       2.70      68.35  1
        2015060418  4522819       2.70      68.54  1
        2015060421  4725445       2.64      68.78  1
        2015060500  4829994       2.69      68.87  1
        2015060503  4907573       2.79      68.98  1
        2015060506  5035652       2.87      69.11  1
        2015060509  5207469       2.93      69.38  1
        2015060512  5298076       2.98      69.67  1
        2015060515  5326463       2.95      69.87  1
        2015060518  5383850       2.92      70.21  1
        2015060521  5429039       2.86      70.56  1
        2015060600  5390163       2.95      70.84  1
        2015060603  5348525       3.00      71.15  1
        2015060606  5284649       3.02      71.50  1
        2015060609  5161800       3.20      71.83  1
        2015060612  4979256       3.40      72.24  1
        2015060615  4823642       3.56      72.50  1
        2015060618  4796789       3.59      72.77  1
        2015060621  4691849       3.67      72.94  1
        2015060700  4448151       3.76      73.41  1
        2015060703  4330057       3.67      74.35  1
        2015060706  4124647       3.53      76.23  1
        2015060709  2040646      -2.19      84.80  1
        2015060712  1943165      -2.41      86.53  1
        2015060715  1962310      -2.47      87.65  1
        2015060718  2073223      -2.51      88.50  1
        2015060721  2230305      -2.58      89.50  1
        2015060800  2271835      -2.61      90.36  1
        2015060803  2319440      -2.69      91.34  1
        2015060806  2347746      -2.77      92.23  1
        2015060809  2353075      -2.80      93.06  1
        2015060812  2339135      -2.80      93.83  1
        2015060815  2331444      -2.78      94.56  1
        2015060818  2517987      -2.73      95.65  1
        2015060821  2579735      -2.69      96.44  1
        2015060900  2535092      -2.68      96.85  1
        2015060903  2555233      -2.66      97.05  1
        2015060906  2503529      -2.69      97.09  1
        2015060909  2489811      -2.65      97.03  1
        2015060912  2348673      -2.67      96.50  1
        2015060915  2246836      -2.70      96.00  1
        2015060918  2147280      -2.78      95.57  1
        2015060921  2125443      -2.86      94.94  1
        2015061000  2004094      -3.08      94.64  1
        2015061003  1965909      -3.31      94.44  1
        2015061006  1866788      -3.62      94.50  1
        2015061009  1807890      -3.84      94.79  1
        2015061012  1673464      -4.07      95.06  1
        2015061015  1657791      -4.18      95.28  1
        2015061018  1610530      -4.34      95.32  1
        2015061021  1597397      -4.34      95.39  1
        2015061100  1502677      -4.38      95.27  1
        2015061103  1536409      -4.39      95.11  1
        2015061106  1540106      -4.43      94.80  1
        2015061109  1588598      -4.38      94.54  1
        2015061112  1658682      -4.31      94.47  1
        2015061115  1790213      -4.26      94.45  1
        2015061118  1935444      -4.26      94.46  1
        2015061121  2001463      -4.26      94.07  1
        2015061200  2020477      -4.28      93.89  1
        2015061203  2076556      -4.23      93.92  1
        2015061206  2134860      -4.18      93.99  1
        2015061209  2198049      -4.04      94.20  1
        2015061212  2141047      -4.03      94.31  1
        2015061215  2112624      -3.98      94.39  1
        2015061218  2080984      -3.97      94.48  1
        2015061221  2084078      -3.92      94.54  1
        2015061300  1924374      -3.84      94.77  1
        2015061303  1817779      -3.71      94.91  1
        2015061306  1709141      -3.40      95.29  1
        2015061309  1783069      -2.81      95.84  1
        2015061312  1916565      -1.83      97.13  1
        2015061315  2215172      -1.03      98.16  1
        2015061318  2449650      -0.24      99.23  1
        2015061321  2740923       0.39      99.90  1
        2015061400  2909543       0.66     100.20  1
        2015061403  3098011       0.75     100.45  1
        2015061406  3319248       1.11     100.92  1
        2015061409  3556177       1.44     101.16  1
        2015061412  3579900       1.51     101.22  1
        2015061415  3632681       1.57     101.28  1
        2015061418  3816105       2.16     101.50  1
        2015061421  3984104       3.00     101.55  1
        2015061500  3821418       3.82     101.85  1
        2015061503  3877107       4.73     102.15  1
        2015061506  4107693       5.55     102.24  1
        2015061509  4141053       6.22     102.46  1
        2015061512  4124432       6.48     102.48  1
        2015061515  4249371       6.65     102.41  1
        2015061518  4496563       6.84     102.34  1
        2015061521  4655022       6.99     102.11  1
        2015061600  4732457       7.11     101.88  1
        2015061603  4934051       7.11     101.87  1
        2015061606  5142215       7.15     101.97  1
        2015061609  5391956       7.33     101.68  1
        2015061612  5348260       7.42     101.81  1
        2015061615  5435673       7.54     101.89  1
        2015061618  5500181       7.71     102.03  1
        2015061621  5627002       8.01     101.75  1
        2015061700  5735332       8.28     101.56  1
        2015061703  5860978       8.55     101.35  1
        2015061706  6098537       8.84     101.17  1
        2015061709  6221228       9.15     101.04  1
        2015061712  6172091       9.24     100.98  1
        2015061715  6285300       9.31     101.11  1
        2015061718  6369603       9.39     101.14  1
        2015061721  6383049       9.54     100.76  1
        2015061800  7068835       9.02     104.21  1
        2015061803  7625874       8.80     105.89  1
        2015061806  8428485       8.06     109.06  1
        2015061809  9266137       7.62     111.49  1
        2015061812  9900674       7.39     112.71  1
        2015061815 10545350       7.09     114.36  1
        2015061818 11104904       7.09     115.01  1
        2015061821 11274675       7.31     114.62  1
        2015061900 11324419       7.32     114.96  1
        2015061903 11445484       7.36     115.11  1
        2015061906 11569653       7.46     115.23  1
        2015061909 11764782       7.50     115.53  1
        2015061912 11794053       7.51     115.89  1
        2015061915 11932573       7.45     116.37  1
        2015061918 11973763       7.47     116.59  2
        2015061921 12083743       7.66     116.07  2
        2015062000 12058628       7.67     116.17  2
        2015062003 12184420       7.68     116.46  2
        2015062006 12278414       7.69     116.65  2
        2015062009 12269884       7.77     116.68  2
        2015062012 12340595       7.72     117.01  2
        2015062015 12876051       7.38     118.51  2
        2015062018 13362676       7.13     119.78  2
        2015062021 13392707       7.29     119.73  2
        2015062100 13693696       7.27     120.95  2
        2015062103 14123694       7.33     122.12  2
        2015062106 14285791       7.49     122.48  2
        2015062109 14371142       7.71     122.54  2
        2015062112 14599258       7.65     123.85  2
        2015062115 15133270       7.37     125.65  2
        2015062118 15414716       7.27     126.62  2
        2015062121 15203428       7.57     125.98  2
        2015062200 12189299       9.51     116.10  2
        2015062203 12075576       9.65     115.92  2
        2015062206 11827793       9.75     115.96  2
        2015062209 11667708       9.89     115.96  2
        2015062212 11407175       9.97     116.03  2
        2015062215 11441254       9.85     117.07  2
        2015062218 11556591       9.87     117.63  2
        2015062221 11701063       9.96     118.07  2
        2015062300 11667658       9.92     118.90  2
        2015062303 11825906      10.12     118.73  1
        2015062306 11758995      10.23     118.86  1
        2015062309 11757629      10.37     118.84  1
        2015062312 10185597       8.79     126.44  1
        2015062315 10237541       8.62     127.13  1
        2015062318 10175447       8.45     127.58  1
        2015062321 10189899       8.46     127.36  1
        2015062400 10210307       8.38     127.45  1
        2015062403 10294031       8.28     127.43  1
        2015062406 10283623       8.24     127.26  1
        2015062409  6483842       3.01     141.15  1
        2015062412  6618594       2.91     141.47  1
        2015062415  6859882       2.58     142.45  1
        2015062418  7086501       2.42     143.11  1
        2015062421  7197163       2.20     144.07  1
        2015062500  7311793       2.10     144.65  1
        2015062503  7489744       1.99     145.39  1
        2015062506  7472141       1.89     146.15  1
        2015062509  7419244       1.77     146.91  1
        2015062512  7481611       1.60     147.70  1
        2015062515  7682953       1.45     148.38  1
        2015062518  7820372       1.31     148.93  1
        2015062521  7915214       1.17     149.47  1
        2015062600  8003950       1.08     149.78  1
        2015062603  8138174       0.98     150.37  1
        2015062606  8184843       0.90     150.85  1
        2015062609  8252697       0.85     151.40  1
        2015062612  8390893       0.81     152.20  1
        2015062615  8489234       0.72     153.07  1
        2015062618  8530701       0.69     153.77  1
        2015062621  8367448       0.60     154.64  1
        2015062700  8234696       0.47     155.56  1
        2015062703  8228404       0.34     156.31  1
        2015062706  7990516       0.14     157.46  1
        2015062709  8069061       0.13     157.93  1
        2015062712  8198768       0.20     157.90  1
        2015062715  8463112       0.23     158.08  1
        2015062718  8733856       0.39     158.08  1
        2015062721  8996851       0.54     158.26  1
        2015062800  9328066       0.74     158.58  1
        2015062803  9756792       0.95     159.26  1
        2015062806  9996095       1.12     159.95  1
        2015062809 10271729       1.29     160.62  1
        2015062812 10694976       1.46     161.28  1
        2015062815 11078869       1.60     161.73  1
        2015062818 11311406       1.76     161.89  1
        2015062821 11477634       1.85     162.24  1
        2015062900 11741908       1.96     162.34  1
        2015062903 11957800       2.00     162.62  1
        2015062906 12139510       2.08     162.72  1
        2015062909 12345337       2.12     162.82  1
        2015062912 12549045       2.16     162.91  1
        2015062915 12770907       2.18     162.94  1
        2015062918 12819040       2.21     162.91  1
        2015062921 12776540       2.26     162.99  1
        2015063000 12704243       2.26     162.96  1
        2015063003 12718552       2.30     163.13  1
        2015063006 12606084       2.33     163.30  1
        2015063009 12611231       2.37     163.53  1
        2015063012 12602769       2.40     163.52  1
        2015063015 12707072       2.38     163.66  1
        2015063018 12750083       2.43     163.57  1
        2015063021 12784362       2.50     163.44  1
        2015070100 12811279       2.54     163.32  1
        2015070103 12846162       2.50     163.27  1
        2015070106 12701794       2.47     163.14  1
        2015070109 12608546       2.44     163.16  1
        2015070112 12568079       2.43     163.08  1
        2015070115 12708744       2.45     162.83  1
        2015070118 12727006       2.57     162.61  1
        2015070121 12763758       2.63     162.35  1
        2015070200 12726634       2.73     162.13  1
        2015070203 12528022       2.88     161.90  1
        2015070206 12463851       3.11     161.28  1
        2015070209 12397910       3.25     160.90  1
        2015070212 12389983       3.42     160.40  1
        2015070215 12611646       3.63     159.70  1
        2015070218 12660839       3.89     158.74  1
        2015070221 12670246       4.04     158.21  1
        2015070300 12702088       4.18     157.56  1
        2015070303 12838234       4.29     157.11  1
        2015070306 12814378       4.49     156.34  1
        2015070309 12787788       4.67     155.72  1
        2015070312 12740465       4.84     155.10  1
        2015070315 12750197       5.01     154.62  1
        2015070318 12558741       5.28     153.72  1
        2015070321 12401704       5.46     152.96  1
        2015070400 12248899       5.59     152.38  1
        2015070403 12025680       5.67     151.79  1
        2015070406 11700323       5.87     151.17  1
        2015070409 11502884       6.00     150.68  1
        2015070412 11244846       6.12     150.12  1
        2015070415  8912379       9.81     146.23  1
        2015070418  8623676      10.08     145.42  1
        2015070421  8342907      10.29     144.69  1
        2015070500  8012189      10.54     144.06  2
        2015070503  7681130      10.80     143.23  2
        2015070506  7327026      11.10     141.93  2
        2015070509  6892969      11.41     140.55  2
        2015070512  6549747      11.67     139.39  2
        2015070515  6282260      11.93     138.38  2
        2015070518  5885491      12.28     137.28  2
        2015070521  5632208      12.52     136.55  2
        2015070600  5568177      12.69     136.45  2
        2015070603  5597466      12.86     136.72  2
        2015070606  5566288      13.01     136.69  2
        2015070609  5494408      13.14     137.11  2
        2015070612  5470352      13.28     137.43  2
        2015070615  5577206      13.45     137.68  2
        2015070618  5567999      13.71     137.37  2
        2015070621  5481318      13.92     137.30  2
        2015070700  5463959      14.08     137.30  2
        2015070703  5519331      14.29     137.34  2
        2015070706  5553242      14.45     137.36  2
        2015070709  5532475      14.56     137.44  2
        2015070712  5557611      14.66     137.71  2
        2015070715  5624591      14.77     137.90  2
        2015070718  5530587      14.89     138.19  2
        2015070721  5446766      15.03     138.12  2
        2015070800  5436637      15.19     138.12  2
        2015070803  5419629      15.32     138.33  2
        2015070806  5456698      15.46     137.97  2
        2015070809  5493752      15.60     137.73  2
        2015070812  5554051      15.70     137.58  2
        2015070815  5690223      15.79     137.16  2
        2015070818  5843104      15.94     136.57  2
        2015070821  6053712      16.12     135.79  1
        2015070900  6166460      16.32     135.19  1
        2015070903  6395620      16.48     134.49  1
        2015070906  7057853      17.68     132.84  1
        2015070909  7261639      17.63     132.05  1
        2015070912  7479403      17.59     131.24  1
        2015070915  7693988      17.54     130.49  1
        2015070918  7777045      17.43     129.78  1
        2015070921  7726953      17.27     129.46  1
        2015071000  7705055      16.99     129.17  1
        2015071003  7612774      16.83     128.77  1
        2015071006  7653007      16.83     128.50  1
        2015071009  7596826      16.98     128.51  1
        2015071012  7553793      17.16     128.66  1
        2015071015  7440404      17.33     128.71  1
        2015071018  7362204      17.50     128.63  1
        2015071021  7306173      17.56     128.56  1
        2015071100  7220898      17.60     128.50  1
        2015071103  7053055      17.73     128.38  1
        2015071106  6879537      17.99     128.33  1
        2015071109  6628624      18.29     128.47  1
        2015071112  6390488      18.60     128.70  1
        2015071115  6167385      18.90     128.90  1
        2015071118  5924443      19.40     129.17  1
        2015071121  4536564      21.82     132.87  1
        2015071200  4507724      22.03     132.91  1
        2015071203  4484452      22.31     132.88  1
        2015071206  4443278      22.72     132.67  1
        2015071209  4407788      23.06     132.59  1
        2015071212  4372515      23.28     132.53  1
        2015071215  4262027      23.52     132.43  1
        2015071218  4247710      23.71     132.45  1
        2015071221  4229747      23.93     132.45  1
        2015071300  4199640      24.09     132.45  1
        2015071303  4204933      24.23     132.39  1
        2015071306  4192814      24.28     132.42  1
        2015071309  3979951      24.35     132.49  1
        2015071312  3837955      24.37     132.64  1
        2015071315  2177845      17.72     137.35  1
        2015071318  2227188      17.82     137.37  1
        2015071321  2230330      17.92     137.36  1
        2015071400  2282224      18.10     137.20  1
        2015071403  2354482      18.33     137.06  1
        2015071406  2477794      18.45     136.81  1
        2015071409  2565030      18.59     136.53  1
        2015071412  2679453      18.69     136.27  1
        2015071415  2755372      18.83     136.01  1
        2015071418  2918633      18.96     135.60  1
        2015071421  3015706      19.12     135.22  1
        2015071500  3124933      19.31     134.82  1
        2015071503  3212612      19.47     134.41  1
        2015071506  3287929      19.59     133.97  1
        2015071509  3336034      19.68     133.65  1
        2015071512  3383571      19.76     133.46  1
        2015071515  3382269      19.89     133.21  1
        2015071518  3527151      19.98     132.76  1
        2015071521  3569713      20.12     132.28  1
        2015071600  3625280      20.24     131.82  1
        2015071603  3680395      20.35     131.36  1
        2015071606  3739658      20.47     130.89  1
        2015071609  3747133      20.59     130.66  1
        2015071612  3751547      20.78     130.57  1
        2015071615  3795274      20.98     130.35  1
        2015071618  3904445      21.10     130.10  1
        2015071621  3908494      21.14     129.72  1
        2015071700  3890155      21.05     129.19  1
        2015071703  3848295      21.00     128.65  1
        2015071706  3824347      20.87     127.86  1
        2015071709  3772419      20.79     127.07  1
        2015071712  3692263      20.67     126.29  1
        2015071715  3598018      20.44     125.57  1
        2015071718  3559420      20.28     124.97  1
        2015071721  3347715      19.92     124.08  1
        2015071800  3075539      19.16     122.73  1
        2015071803  3057850      19.06     122.13  1
        2015071806  3120241      19.03     121.66  1
        2015071809  3127625      19.02     121.22  1
        2015071812  3113587      18.99     120.87  1
        2015071815  3074896      18.95     120.66  1
        2015071818  5687615      18.96     108.77  1
        2015071821  5401193      18.85     109.67  1
        2015071900  5239037      18.82     110.28  1
        2015071903  5237573      18.82     110.36  1
        2015071906  5282637      18.78     110.57  1
        2015071909  5262943      18.77     110.52  1
        2015071912  5278841      18.80     110.47  1
        2015071915  5385423      18.71     110.11  1
        2015071918  5508236      18.67     109.97  1
        2015071921  5668034      18.68     109.37  1
        2015072000  5770700      18.67     109.08  1
        2015072003  5864241      18.65     108.84  1
        2015072006  6008146      18.50     108.58  1
        2015072009  6015473      18.42     108.35  1
        2015072012  5972093      18.37     108.33  1
        2015072015  6004242      18.31     108.24  1
        2015072018  6008549      18.17     108.00  1
        2015072021  6033219      18.20     107.94  1
        2015072100  5963363      18.29     107.94  1
        2015072103  5920258      18.35     107.80  1
        2015072106  5768160      18.46     107.54  1
        2015072109  5679128      18.55     106.90  1
        2015072112  5492815      18.58     106.24  1
        2015072115  5342130      18.58     105.57  1
        2015072118  5248409      18.68     105.13  1
        2015072121  5068667      18.72     104.34  1
        2015072200  4440035      17.91     101.48  1
        2015072203  4304102      17.90     101.00  1
        2015072206  4129267      17.95     100.73  1
        2015072209  3985522      17.96      99.89  2
        2015072212  3788346      17.93      99.38  2
        2015072215  3751929      18.02      98.92  2
        2015072218  4028376      18.83      99.40  1
        2015072221  3896398      19.14      98.93  1
        2015072300  3576007      19.44      99.42  1
        2015072303  3274783      19.75      99.61  1
        2015072306  3248814      20.44     100.20  1
        2015072309  3108008      21.11     100.30  1
        2015072312  3831743      21.55      95.27  1
        2015072315  4037311      21.75      94.31  1
        2015072318  4199070      21.92      93.39  1
        2015072321  4392822      21.95      92.85  1
        2015072400  4417380      22.00      92.81  1
        2015072403  4549555      22.12      92.86  1
        2015072406  4727682      22.21      92.89  1
        2015072409  4921345      22.27      92.48  1
        2015072412  4819168      22.37      92.27  1
        2015072415  4838823      22.42      92.44  1
        2015072418  4733938      22.50      92.56  1
        2015072421  4787740      22.45      92.31  1
        2015072500  4668944      22.43      92.14  1
        2015072503  4662559      22.42      91.96  1
        2015072506  4693703      22.36      91.64  1
        2015072509  4776829      22.27      90.75  1
        2015072512  4628574      22.18      90.12  1
        2015072515  4527930      22.07      89.82  1
        2015072518  4349942      21.90      88.88  1
        2015072521  4060285      21.70      87.84  1
        2015072600  4061930      21.63      87.70  1
        2015072603  4150321      21.53      87.89  1
        2015072606  4288040      21.42      87.96  1
        2015072609  4394303      21.40      87.62  1
        2015072612  4345866      21.29      87.85  1
        2015072615  4252404      21.22      88.03  1
        2015072618  4281717      21.10      88.35  1
        2015072621  4275738      20.98      88.37  1
        2015072700  4180525      20.86      88.58  1
        2015072703  4175363      20.78      88.72  1
        2015072706  4243402      20.72      88.63  1
        2015072709  4292429      20.69      88.39  1
        2015072712  4200454      20.63      88.42  1
        2015072715  4168133      20.55      88.68  1
        2015072718  4185579      20.44      88.83  1
        2015072721  4324165      20.41      88.92  1
        2015072800  4274370      20.33      89.21  1
        2015072803  4352991      20.25      89.51  1
        2015072806  4420156      20.20      89.61  1
        2015072809  3586754      19.30      93.76  1
        2015072812  3525592      19.23      94.07  1
        2015072815  3514956      19.18      94.36  1
        2015072818  3535226      19.11      94.61  1
        2015072821  3596191      19.12      94.75  1
        2015072900  3531173      19.13      94.80  1
        2015072903  3527252      19.14      94.86  1
        2015072906  3484977      19.15      94.95  1
        2015072909  3427404      19.22      95.03  1
        2015072912  3343330      19.28      95.05  1
        2015072915  3311444      19.31      95.05  1
        2015072918  3348820      19.29      94.90  1
        2015072921  3301147      19.31      94.69  1
        2015073000  3275094      19.33      94.57  1
        2015073003  3253298      19.36      94.47  1
        2015073006  3236855      19.38      94.40  1
        2015073009  3275240      19.44      94.47  1
        2015073012  3311904      19.50      94.59  1
        2015073015  3371638      19.52      94.66  1
        2015073018  3443241      19.52      94.66  1
        2015073021  3453122      19.60      94.49  1
        2015073100  3406710      19.63      94.45  1
        2015073103  3368273      19.66      94.37  1
        2015073106  3381645      19.67      94.23  1
        2015073109  3359529      19.75      94.17  1
        2015073112  3406174      19.91      94.13  1
        2015073115  3408992      20.01      94.09  1
        2015073118  3459268      20.12      94.02  1
        2015073121  3443836      20.20      93.91  1
        2015080100  3420242      20.26      93.90  1
        2015080103  3417248      20.26      93.95  1
        2015080106  3456711      20.34      94.07  1
        2015080109  3450560      20.42      94.14  1
        2015080112  3414031      20.45      94.14  1
        2015080115  3407933      20.40      94.19  1
        2015080118  3371613      20.32      94.30  1
        2015080121  3275549      20.33      94.48  1
        2015080200  3218493      20.30      94.54  1
        2015080203  3195564      20.27      94.66  1
        2015080206  3208965      20.21      94.82  1
        2015080209  3182872      20.29      94.89  1
        2015080212  3067699      20.31      94.80  1
        2015080215  2963075      20.27      94.76  1
        2015080218  2878152      20.25      94.75  1
        2015080221  2774815      20.22      94.73  1
        2015080300  2687017      20.07      94.90  1
        2015080303  2672426      19.90      95.10  1
        2015080306  2688567      19.65      95.41  1
        2015080309  2752261      19.36      95.93  1
        2015080312  2708419      18.97      96.30  1
        2015080315  3197936      14.70      97.60  1
        2015080318  3147546      14.04      97.93  1
        2015080321  2970541      12.93      98.45  1
        2015080400  2933470      12.75      98.50  1
        2015080403  2880717      12.68      98.47  1
        2015080406  2990223      12.82      98.38  1
        2015080409  3018331      12.80      98.39  1
        2015080412  2966989      12.92      98.35  1
        2015080415  4215094      11.28     103.36  1
        2015080418  4524579      11.18     103.39  1
        2015080421  4647301      10.97     103.34  1
        2015080500  4701234      10.87     103.46  1
        2015080503  4852430      10.71     103.60  1
        2015080506  5056094      10.65     103.44  1
        2015080509  5054654      10.65     103.22  1
        2015080512  4997309      10.56     103.13  1
        2015080515  5014379      10.53     103.22  1
        2015080518  5115453      10.52     103.19  1
        2015080521  5157788      10.54     103.27  1
        2015080600  5137440      10.53     103.45  1
        2015080603  5137624      10.46     103.73  1
        2015080606  5193297      10.41     104.00  1
        2015080609  5156805      10.39     104.08  1
        2015080612  5007610      10.17     104.37  1
        2015080615  5007446      10.19     104.53  1
        2015080618  5125003      10.25     104.46  1
        2015080621  5080999      10.19     104.35  1
        2015080700  4993980      10.15     104.32  1
        2015080703  4955780      10.09     104.33  1
        2015080706  4965746      10.04     104.31  1
        2015080709  4808051       9.97     104.25  1
        2015080712  4653007       9.82     104.26  1
        2015080715  4585670       9.82     104.22  1
        2015080718  4560015       9.77     104.21  1
        2015080721  4408477       9.72     104.20  1
        2015080800  4334851       9.73     104.09  1
        2015080803  4260952       9.69     103.95  1
        2015080806  4153320       9.58     103.91  1
        2015080809  3946323       9.46     104.05  1
        2015080812  3770889       9.28     104.31  1
        2015080815  3666775       9.14     104.51  1
        2015080818  3637753       8.85     104.70  1
        2015080821  3430840       8.82     104.77  1
        2015080900  3289467       8.87     104.42  1
        2015080903  3147813       8.87     104.28  1
        2015080906  3013724       8.80     104.15  1
        2015080909  2845027       8.94     103.79  1
        2015080912  2699619       9.04     103.42  1
        2015080915  2637669       9.17     103.02  1
        2015080918  2564885       9.14     102.70  1
        2015080921  2418910       9.30     102.15  1
        2015081000  2365463       9.71     101.25  1
        2015081003  2316349      10.07     100.37  1
        2015081006  2267659      10.39      99.26  1
        2015081009  2170911      10.89      97.74  1
        2015081012  5327514       4.99      83.37  1
        2015081015  5361043       4.83      82.36  1
        2015081018  5681392       4.86      81.91  1
        2015081021  5919343       5.00      81.54  1
        2015081100  6058848       5.07      81.46  1
        2015081103  6195991       5.11      81.65  1
        2015081106  6355085       5.28      81.82  1
        2015081109  6391940       5.47      81.60  1
        2015081112  6218765       5.53      81.79  1
        2015081115  5966177       5.70      81.83  1
        2015081118  5717101       5.95      81.67  1
        2015081121  5147192       6.77      80.50  1
        2015081200  4967318       6.92      80.34  1
        2015081203  4910377       7.09      80.29  1
        2015081206  4945013       7.33      80.20  1
        2015081209  5030102       7.83      80.05  1
        2015081212  2485763       0.48      73.11  1
        2015081215  2454916       0.34      72.79  1
        2015081218  2426395       0.18      72.30  1
        2015081221  2484997       0.07      72.50  1
        2015081300  2363837      -0.11      72.51  1
        2015081303  2239581      -0.29      72.52  1
        2015081306  2186249      -0.47      72.69  1
        2015081309  2059574      -0.64      72.76  1
        2015081312  1840364      -0.83      73.18  1
        2015081315  1694463      -0.96      73.59  1
        2015081318  1594860      -1.08      73.98  1
        2015081321  1512250      -1.17      74.49  1
        2015081400  1427386      -1.21      74.77  1
        2015081403  1369507      -1.26      74.94  1
        2015081406  1369433      -1.39      75.05  1
        2015081409  1434896      -1.57      75.40  1
        2015081412  1434687      -1.83      75.98  1
        2015081415  1483830      -2.08      76.43  1
        2015081418  1595404      -2.31      76.76  1
        2015081421  1770852      -2.67      77.97  1
        2015081500  1961620      -3.00      79.41  1
        2015081503  2072768      -3.32      80.55  1
        2015081506  2196681      -3.66      81.50  1
        2015081509  2433993      -4.08      82.98  1
        2015081512  2528829      -4.42      84.06  1
        2015081515  2661638      -4.81      85.20  1
        2015081518  2851827      -5.13      86.19  1
        2015081521  2990682      -5.38      86.90  1
        2015081600  2948239      -5.69      87.61  1
        2015081603  2932004      -5.95      88.37  1
        2015081606  2974540      -6.22      89.07  1
        2015081609  3013286      -6.32      89.56  1
        2015081612  2968544      -6.33      89.83  1
        2015081615  2920489      -6.39      89.98  1
        2015081618  2946034      -6.42      89.83  1
        2015081621  2976563      -6.36      89.66  1
        2015081700  2975218      -6.26      89.28  1
        2015081703  2933937      -6.18      88.97  1
        2015081706  3021443      -5.99      88.41  1
        2015081709  2987464      -5.77      87.95  1
        2015081712  2845282      -5.68      87.73  1
        2015081715  2723693      -5.60      87.56  1
        2015081718  2679686      -5.37      87.23  1
        2015081721  2591897      -5.15      86.90  1
        2015081800  2551205      -4.63      86.06  1
        2015081803  2424743      -4.20      85.33  1
        2015081806  1170785       1.89      78.74  1
        2015081809  1193490       2.46      77.57  1
        2015081812  1274765       2.85      76.76  1
        2015081815  1342324       3.01      76.22  1
        2015081818  1419074       3.17      75.63  1
        2015081821  1469381       3.44      74.90  1
        2015081900  1513083       3.49      74.50  1
        2015081903  1543767       3.50      74.31  1
        2015081906  1586784       3.49      74.17  1
        2015081909  1665181       3.48      74.02  1
        2015081912  1657523       3.40      74.01  1
        2015081915  1665266       3.34      74.00  1
        2015081918  1609142       3.30      74.00  1
        2015081921  1530528       3.37      73.96  1
        2015082000  1423473       3.42      73.95  1
        2015082003  1257059       3.57      73.80  1
        2015082006  1102953       3.72      73.67  1
        2015082009   834685       4.16      73.38  1
        2015082012   531075       4.72      73.05  1
LPT     6.0300
        2015060306   368873       4.53      63.64  1
        2015060309   836232       4.28      64.07  1
        2015060312  1198200       3.93      64.53  1
        2015060315  1506190       3.66      64.95  1
        2015060318  1996458       3.20      65.72  1
        2015060321  2522258       2.92      66.31  1
        2015060400  2870615       2.95      66.59  1
        2015060403  3223807       2.82      67.07  1
        2015060406  3560457       2.76      67.39  1
        2015060409  3915878       2.72      67.82  1
        2015060412  4184352       2.72      68.18  1
        2015060415  4325680       2.70      68.35  1
        2015060418  4522819       2.70      68.54  1
        2015060421  4725445       2.64      68.78  1
        2015060500  4829994       2.69      68.87  1
        2015060503  4907573       2.79      68.98  1
        2015060506  5035652       2.87      69.11  1
        2015060509  5207469       2.93      69.38  1
        2015060512  5298076       2.98      69.67  1
        2015060515  5326463       2.95      69.87  1
        2015060518  5383850       2.92      70.21  1
        2015060521  5429039       2.86      70.56  1
        2015060600  5390163       2.95      70.84  1
        2015060603  5348525       3.00      71.15  1
        2015060606  5284649       3.02      71.50  1
        2015060609  5161800       3.20      71.83  1
        2015060612  4979256       3.40      72.24  1
        2015060615  4823642       3.56      72.50  1
        2015060618  4796789       3.59      72.77  1
        2015060621  4691849       3.67      72.94  1
        2015060700  4448151       3.76      73.41  1
        2015060703  4330057       3.67      74.35  1
        2015060706  4124647       3.53      76.23  1
        2015060709  2040646      -2.19      84.80  1
        2015060712  1943165      -2.41      86.53  1
        2015060715  1962310      -2.47      87.65  1
        2015060718  2073223      -2.51      88.50  1
        2015060721  2230305      -2.58      89.50  1
        2015060800  2271835      -2.61      90.36  1
        2015060803  2319440      -2.69      91.34  1
        2015060806  2347746      -2.77      92.23  1
        2015060809  2353075      -2.80      93.06  1
        2015060812  2339135      -2.80      93.83  1
        2015060815  2331444      -2.78      94.56  1
        2015060818  2517987      -2.73      95.65  1
        2015060821  2579735      -2.69      96.44  1
        2015060900  2535092      -2.68      96.85  1
        2015060903  2555233      -2.66      97.05  1
        2015060906  2503529      -2.69      97.09  1
        2015060909  2489811      -2.65      97.03  1
        2015060912  2348673      -2.67      96.50  1
        2015060915  2246836      -2.70      96.00  1
        2015060918  2147280      -2.78      95.57  1
        2015060921  2125443      -2.86      94.94  1
        2015061000  2004094      -3.08      94.64  1
        2015061003  1965909      -3.31      94.44  1
        2015061006  1866788      -3.62      94.50  1
        2015061009  1807890      -3.84      94.79  1
        2015061012  1673464      -4.07      95.06  1
        2015061015  1657791      -4.18      95.28  1
        2015061018  1610530      -4.34      95.32  1
        2015061021  1597397      -4.34      95.39  1
        2015061100  1502677      -4.38      95.27  1
        2015061103  1536409      -4.39      95.11  1
        2015061106  1540106      -4.43      94.80  1
        2015061109  1588598      -4.38      94.54  1
        2015061112  1658682      -4.31      94.47  1
        2015061115  1790213      -4.26      94.45  1
        2015061118  1935444      -4.26      94.46  1
        2015061121  2001463      -4.26      94.07  1
        2015061200  2020477      -4.28      93.89  1
        2015061203  2076556      -4.23      93.92  1
        2015061206  2134860      -4.18      93.99  1
        2015061209  2198049      -4.04      94.20  1
        2015061212  2141047      -4.03      94.31  1
        2015061215  2112624      -3.98      94.39  1
        2015061218  2080984      -3.97      94.48  1
        2015061221  2084078      -3.92      94.54  1
        2015061300  1924374      -3.84      94.77  1
        2015061303  1817779      -3.71      94.91  1
        2015061306  1709141      -3.40      95.29  1
        2015061309  1783069      -2.81      95.84  1
        2015061312  1916565      -1.83      97.13  1
        2015061315  2215172      -1.03      98.16  1
        2015061318  2449650      -0.24      99.23  1
        2015061321  2740923       0.39      99.90  1
        2015061400  2909543       0.66     100.20  1
        2015061403  3098011       0.75     100.45  1
        2015061406  3319248       1.11     100.92  1
        2015061409  3556177       1.44     101.16  1
        2015061412  3579900       1.51     101.22  1
        2015061415  3632681       1.57     101.28  1
        2015061418  3816105       2.16     101.50  1
        2015061421  3984104       3.00     101.55  1
        2015061500  3821418       3.82     101.85  1
        2015061503  3877107       4.73     102.15  1
        2015061506  4107693       5.55     102.24  1
        2015061509  4141053       6.22     102.46  1
        2015061512  4124432       6.48     102.48  1
        2015061515  4249371       6.65     102.41  1
        2015061518  4496563       6.84     102.34  1
        2015061521  4655022       6.99     102.11  1
        2015061600  4732457       7.11     101.88  1
        2015061603  4934051       7.11     101.87  1
        2015061606  5142215       7.15     101.97  1
        2015061609  5391956       7.33     101.68  1
        2015061612  5348260       7.42     101.81  1
        2015061615  5435673       7.54     101.89  1
        2015061618  5500181       7.71     102.03  1
        2015061621  5627002       8.01     101.75  1
        2015061700  5735332       8.28     101.56  1
        2015061703  5860978       8.55     101.35  1
        2015061706  6098537       8.84     101.17  1
        2015061709  6221228       9.15     101.04  1
        2015061712  6172091       9.24     100.98  1
        2015061715  6285300       9.31     101.11  1
        2015061718  6369603       9.39     101.14  1
        2015061721  6383049       9.54     100.76  1
        2015061800  7068835       9.02     104.21  1
        2015061803  7625874       8.80     105.89  1
        2015061806  8428485       8.06     109.06  1
        2015061809  9266137       7.62     111.49  1
        2015061812  9900674       7.39     112.71  1
        2015061815 10545350       7.09     114.36  1
        2015061818 11104904       7.09     115.01  1
        2015061821 11274675       7.31     114.62  1
        2015061900 11324419       7.32     114.96  1
        2015061903 11445484       7.36     115.11  1
        2015061906 11569653       7.46     115.23  1
        2015061909 11764782       7.50     115.53  1
        2015061912 11794053       7.51     115.89  1
        2015061915 11932573       7.45     116.37  1
        2015061918 11973763       7.47     116.59  2
        2015061921 12083743       7.66     116.07  2
        2015062000 12058628       7.67     116.17  2
        2015062003 12184420       7.68     116.46  2
        2015062006 12278414       7.69     116.65  2
        2015062009 12269884       7.77     116.68  2
        2015062012 12340595       7.72     117.01  2
        2015062015 12876051       7.38     118.51  2
        2015062018 13362676       7.13     119.78  2
        2015062021 13392707       7.29     119.73  2
        2015062100 13693696       7.27     120.95  2
        2015062103 14123694       7.33     122.12  2
        2015062106 14285791       7.49     122.48  2
        2015062109 14371142       7.71     122.54  2
        2015062112 14599258       7.65     123.85  2
        2015062115 15133270       7.37     125.65  2
        2015062118 15414716       7.27     126.62  2
        2015062121 15203428       7.57     125.98  2
        2015062200 12189299       9.51     116.10  2
        2015062203 12075576       9.65     115.92  2
        2015062206 11827793       9.75     115.96  2
        2015062209 11667708       9.89     115.96  2
        2015062212 11407175       9.97     116.03  2
        2015062215 11441254       9.85     117.07  2
        2015062218 11556591       9.87     117.63  2
        2015062221 11701063       9.96     118.07  2
        2015062300 11667658       9.92     118.90  2
        2015062303 11825906      10.12     118.73  1
        2015062306 11758995      10.23     118.86  1
        2015062309 11757629      10.37     118.84  1
        2015062312 10185597       8.79     126.44  1
        2015062315 10237541       8.62     127.13  1
        2015062318 10175447       8.45     127.58  1
        2015062321 10189899       8.46     127.36  1
        2015062400 10210307       8.38     127.45  1
        2015062403 10294031       8.28     127.43  1
        2015062406 10283623       8.24     127.26  1
        2015062409  3612370      17.09     103.53  1
        2015062412  3482656      17.21     102.78  1
        2015062415  3313002      17.39     101.94  1
        2015062418  3367477      17.79     100.50  1
        2015062421  3311404      18.09      99.15  1
        2015062500  3321418      18.19      98.43  1
        2015062503  3354510      18.30      97.71  1
        2015062506  3385047      18.51      96.83  1
        2015062509  3387315      18.63      96.17  1
        2015062512  3354167      18.67      95.73  1
        2015062515  3363382      18.67      95.53  1
        2015062518  3495979      18.74      95.12  1
        2015062521  3513837      18.84      94.77  1
        2015062600  3520649      18.84      94.58  1
        2015062603  3473639      18.86      94.39  1
        2015062606  3464024      18.89      94.24  1
        2015062609  3474604      18.93      94.09  1
        2015062612  3432577      19.02      93.87  1
        2015062615  3364732      19.03      93.79  1
        2015062618  3377664      18.99      93.69  1
        2015062621  3366378      19.00      93.62  1
        2015062700  3335596      18.93      93.58  1
        2015062703  3324279      18.84      93.58  1
        2015062706  3350006      18.74      93.57  1
        2015062709  3387105      18.65      93.56  1
        2015062712  3358871      18.60      93.56  1
        2015062715  3320429      18.48      93.58  1
        2015062718  3305426      18.30      93.57  1
        2015062721  3193470      18.01      93.64  1
        2015062800  3127985      17.75      93.67  1
        2015062803  3024616      17.55      93.69  1
        2015062806  2954391      17.32      93.73  1
        2015062809  2830738      17.11      93.82  1
        2015062812  2723345      16.98      93.89  1
        2015062815  2585688      16.79      94.01  1
        2015062818  2452147      16.66      94.04  1
        2015062821  2194180      16.31      94.20  1
        2015062900  2041071      16.07      94.25  1
        2015062903  1884391      15.77      94.31  1
        2015062906  1717530      15.46      94.38  1
        2015062909  1603010      15.21      94.44  1
        2015062912  1480096      14.95      94.52  1
        2015062915  1377683      14.79      94.59  1
        2015062918  1323277      14.68      94.59  1
        2015062921  1183825      14.70      94.62  1
        2015063000  1113117      14.68      94.51  1
        2015063003  1025287      14.64      94.43  1
        2015063006   863543      14.61      94.32  1
        2015063009   683643      14.62      94.25  1
        2015063012   455698      14.71      94.20  1
        2015063015   328041      14.68      94.17  1
LPT     6.0400
        2015060306   368873       4.53      63.64  1
        2015060309   836232       4.28      64.07  1
        2015060312  1198200       3.93      64.53  1
        2015060315  1506190       3.66      64.95  1
        2015060318  1996458       3.20      65.72  1
        2015060321  2522258       2.92      66.31  1
        2015060400  2870615       2.95      66.59  1
        2015060403  3223807       2.82      67.07  1
        2015060406  3560457       2.76      67.39  1
        2015060409  3915878       2.72      67.82  1
        2015060412  4184352       2.72      68.18  1
        2015060415  4325680       2.70      68.35  1
        2015060418  4522819       2.70      68.54  1
        2015060421  4725445       2.64      68.78  1
        2015060500  4829994       2.69      68.87  1
        2015060503  4907573       2.79      68.98  1
        2015060506  5035652       2.87      69.11  1
        2015060509  5207469       2.93      69.38  1
        2015060512  5298076       2.98      69.67  1
        2015060515  5326463       2.95      69.87  1
        2015060518  5383850       2.92      70.21  1
        2015060521  5429039       2.86      70.56  1
        2015060600  5390163       2.95      70.84  1
        2015060603  5348525       3.00      71.15  1
        2015060606  5284649       3.02      71.50  1
        2015060609  5161800       3.20      71.83  1
        2015060612  4979256       3.40      72.24  1
        2015060615  4823642       3.56      72.50  1
        2015060618  4796789       3.59      72.77  1
        2015060621  4691849       3.67      72.94  1
        2015060700  4448151       3.76      73.41  1
        2015060703  4330057       3.67      74.35  1
        2015060706  4124647       3.53      76.23  1
        2015060709  1460475      11.40      69.56  1
        2015060712  1116131      12.50      69.49  1
        2015060715   935664      13.05      69.34  1
        2015060718   958547      13.35      69.50  1
        2015060721  1033548      13.54      69.74  1
        2015060800  1067541      13.66      69.69  1
        2015060803  1112337      13.69      69.71  1
        2015060806  1244063      13.71      69.77  1
        2015060809  1306795      13.75      69.80  1
        2015060812  1337569      13.86      69.84  1
        2015060815  1339121      13.85      69.78  1
        2015060818  1377191      13.86      69.71  1
        2015060821  1432213      13.92      69.54  1
        2015060900  1461278      13.94      69.47  1
        2015060903  1464965      13.95      69.38  1
        2015060906  1513701      13.92      69.28  1
        2015060909  1562907      13.84      69.29  1
        2015060912  1569697      13.82      69.28  1
        2015060915  1565379      13.80      69.32  1
        2015060918  1561668      13.79      69.32  1
        2015060921  1552001      13.78      69.30  1
        2015061000  1488214      13.82      69.32  1
        2015061003  1399254      13.80      69.34  1
        2015061006  1300704      13.76      69.30  1
        2015061009  1141108      13.62      69.35  1
        2015061012   945179      13.51      69.24  1
        2015061015   772859      13.44      69.16  1
        2015061018   578786      13.30      69.16  1
        2015061021   414464      13.16      69.24  1
LPT     6.0500
        2015070221   318765      33.00     133.27  1
        2015070300   315630      33.15     133.65  1
        2015070303   382589      33.22     133.82  1
        2015070306   371671      33.20     133.79  1
        2015070309   268277      33.20     133.95  1
        2015070315   423126      33.12     133.85  1
        2015070318   423819      32.97     133.57  1
        2015070321   369629      32.61     133.19  1
        2015070400   309996      32.16     132.53  1
        2015070403   423716      32.03     132.14  1
        2015070406   608764      32.06     132.04  1
        2015070409   707160      32.11     132.11  1
        2015070412   772927      32.14     132.19  1
        2015070415   822449      32.22     132.30  1
        2015070418   932489      32.31     132.54  1
        2015070421   991930      32.36     132.65  1
        2015070500  1004898      32.43     132.76  1
        2015070503   991409      32.47     132.83  1
        2015070506   982776      32.55     132.97  1
        2015070509   917888      32.66     133.18  1
        2015070512   846049      32.70     133.32  1
        2015070515   776260      32.74     133.43  1
        2015070518   706863      32.73     133.39  1
        2015070521   634957      32.62     133.10  1
        2015070600   598922      32.46     132.63  1
        2015070603   639221      32.38     132.42  1
        2015070606   558551      32.35     132.18  1
        2015070609   486387      32.43     132.27  1
        2015070612   457347      32.38     131.99  1
        2015070615   461480      32.20     131.42  1
        2015070621   336368      31.20     128.24  1
        2015070700   512027      31.33     128.13  1
        2015070703   651596      31.46     128.16  1
        2015070706   564267      31.41     127.84  1
        2015070709   453644      31.39     127.56  1
        2015070712   393570      31.41     127.33  1
        2015070715   417447      31.53     127.34  1
        2015070718   464551      31.58     127.36  1
        2015070721   550240      31.77     127.49  1
        2015070800   611905      31.87     127.62  1
        2015070803   609105      31.90     127.70  1
        2015070806   622523      31.95     127.84  1
        2015070809   605502      31.94     127.90  1
        2015070812   572753      31.95     127.94  1
        2015070815   512341      31.97     128.02  1
        2015070818   535496      32.04     128.13  1
        2015070821   541740      32.09     128.25  1
        2015070900   528787      32.07     128.34  1
        2015070903   472478      31.95     128.41  1
        2015070906  7057853      17.68     132.84  1
        2015070909  7261639      17.63     132.05  1
        2015070912  7479403      17.59     131.24  1
        2015070915  7693988      17.54     130.49  1
        2015070918  7777045      17.43     129.78  1
        2015070921  7726953      17.27     129.46  1
        2015071000  7705055      16.99     129.17  1
        2015071003  7612774      16.83     128.77  1
        2015071006  7653007      16.83     128.50  1
        2015071009  7596826      16.98     128.51  1
        2015071012  7553793      17.16     128.66  1
        2015071015  7440404      17.33     128.71  1
        2015071018  7362204      17.50     128.63  1
        2015071021  7306173      17.56     128.56  1
        2015071100  7220898      17.60     128.50  1
        2015071103  7053055      17.73     128.38  1
        2015071106  6879537      17.99     128.33  1
        2015071109  6628624      18.29     128.47  1
        2015071112  6390488      18.60     128.70  1
        2015071115  6167385      18.90     128.90  1
        2015071118  5924443      19.40     129.17  1
        2015071121  4536564      21.82     132.87  1
        2015071200  4507724      22.03     132.91  1
        2015071203  4484452      22.31     132.88  1
        2015071206  4443278      22.72     132.67  1
        2015071209  4407788      23.06     132.59  1
        2015071212  4372515      23.28     132.53  1
        2015071215  4262027      23.52     132.43  1
        2015071218  4247710      23.71     132.45  1
        2015071221  4229747      23.93     132.45  1
        2015071300  4199640      24.09     132.45  1
        2015071303  4204933      24.23     132.39  1
        2015071306  4192814      24.28     132.42  1
        2015071309  3979951      24.35     132.49  1
        2015071312  3837955      24.37     132.64  1
        2015071315  2177845      17.72     137.35  1
        2015071318  2227188      17.82     137.37  1
        2015071321  2230330      17.92     137.36  1
        2015071400  2282224      18.10     137.20  1
        2015071403  2354482      18.33     137.06  1
        2015071406  2477794      18.45     136.81  1
        2015071409  2565030      18.59     136.53  1
        2015071412  2679453      18.69     136.27  1
        2015071415  2755372      18.83     136.01  1
        2015071418  2918633      18.96     135.60  1
        2015071421  3015706      19.12     135.22  1
        2015071500  3124933      19.31     134.82  1
        2015071503  3212612      19.47     134.41  1
        2015071506  3287929      19.59     133.97  1
        2015071509  3336034      19.68     133.65  1
        2015071512  3383571      19.76     133.46  1
        2015071515  3382269      19.89     133.21  1
        2015071518  3527151      19.98     132.76  1
        2015071521  3569713      20.12     132.28  1
        2015071600  3625280      20.24     131.82  1
        2015071603  3680395      20.35     131.36  1
        2015071606  3739658      20.47     130.89  1
        2015071609  3747133      20.59     130.66  1
        2015071612  3751547      20.78     130.57  1
        2015071615  3795274      20.98     130.35  1
        2015071618  3904445      21.10     130.10  1
        2015071621  3908494      21.14     129.72  1
        2015071700  3890155      21.05     129.19  1
        2015071703  3848295      21.00     128.65  1
        2015071706  3824347      20.87     127.86  1
        2015071709  3772419      20.79     127.07  1
        2015071712  3692263      20.67     126.29  1
        2015071715  3598018      20.44     125.57  1
        2015071718  3559420      20.28     124.97  1
        2015071721  3347715      19.92     124.08  1
        2015071800  3075539      19.16     122.73  1
        2015071803  3057850      19.06     122.13  1
        2015071806  3120241      19.03     121.66  1
        2015071809  3127625      19.02     121.22  1
        2015071812  3113587      18.99     120.87  1
        2015071815  3074896      18.95     120.66  1
        2015071818  5687615      18.96     108.77  1
        2015071821  5401193      18.85     109.67  1
        2015071900  5239037      18.82     110.28  1
        2015071903  5237573      18.82     110.36  1
        2015071906  5282637      18.78     110.57  1
        2015071909  5262943      18.77     110.52  1
        2015071912  5278841      18.80     110.47  1
        2015071915  5385423      18.71     110.11  1
        2015071918  5508236      18.67     109.97  1
        2015071921  5668034      18.68     109.37  1
        2015072000  5770700      18.67     109.08  1
        2015072003  5864241      18.65     108.84  1
        2015072006  6008146      18.50     108.58  1
        2015072009  6015473      18.42     108.35  1
        2015072012  5972093      18.37     108.33  1
        2015072015  6004242      18.31     108.24  1
        2015072018  6008549      18.17     108.00  1
        2015072021  6033219      18.20     107.94  1
        2015072100  5963363      18.29     107.94  1
        2015072103  5920258      18.35     107.80  1
        2015072106  5768160      18.46     107.54  1
        2015072109  5679128      18.55     106.90  1
        2015072112  5492815      18.58     106.24  1
        2015072115  5342130      18.58     105.57  1
        2015072118  5248409      18.68     105.13  1
        2015072121  5068667      18.72     104.34  1
        2015072200  4440035      17.91     101.48  1
        2015072203  4304102      17.90     101.00  1
        2015072206  4129267      17.95     100.73  1
        2015072209  3985522      17.96      99.89  2
        2015072212  3788346      17.93      99.38  2
        2015072215  3751929      18.02      98.92  2
        2015072218  4028376      18.83      99.40  1
        2015072221  3896398      19.14      98.93  1
        2015072300  3576007      19.44      99.42  1
        2015072303  3274783      19.75      99.61  1
        2015072306  3248814      20.44     100.20  1
        2015072309  3108008      21.11     100.30  1
        2015072312  3831743      21.55      95.27  1
        2015072315  4037311      21.75      94.31  1
        2015072318  4199070      21.92      93.39  1
        2015072321  4392822      21.95      92.85  1
        2015072400  4417380      22.00      92.81  1
        2015072403  4549555      22.12      92.86  1
        2015072406  4727682      22.21      92.89  1
        2015072409  4921345      22.27      92.48  1
        2015072412  4819168      22.37      92.27  1
        2015072415  4838823      22.42      92.44  1
        2015072418  4733938      22.50      92.56  1
        2015072421  4787740      22.45      92.31  1
        2015072500  4668944      22.43      92.14  1
        2015072503  4662559      22.42      91.96  1
        2015072506  4693703      22.36      91.64  1
        2015072509  4776829      22.27      90.75  1
        2015072512  4628574      22.18      90.12  1
        2015072515  4527930      22.07      89.82  1
        2015072518  4349942      21.90      88.88  1
        2015072521  4060285      21.70      87.84  1
        2015072600  4061930      21.63      87.70  1
        2015072603  4150321      21.53      87.89  1
        2015072606  4288040      21.42      87.96  1
        2015072609  4394303      21.40      87.62  1
        2015072612  4345866      21.29      87.85  1
        2015072615  4252404      21.22      88.03  1
        2015072618  4281717      21.10      88.35  1
        2015072621  4275738      20.98      88.37  1
        2015072700  4180525      20.86      88.58  1
        2015072703  4175363      20.78      88.72  1
        2015072706  4243402      20.72      88.63  1
        2015072709  4292429      20.69      88.39  1
        2015072712  4200454      20.63      88.42  1
        2015072715  4168133      20.55      88.68  1
        2015072718  4185579      20.44      88.83  1
        2015072721  4324165      20.41      88.92  1
        2015072800  4274370      20.33      89.21  1
        2015072803  4352991      20.25      89.51  1
        2015072806  4420156      20.20      89.61  1
        2015072809  3586754      19.30      93.76  1
        2015072812  3525592      19.23      94.07  1
        2015072815  3514956      19.18      94.36  1
        2015072818  3535226      19.11      94.61  1
        2015072821  3596191      19.12      94.75  1
        2015072900  3531173      19.13      94.80  1
        2015072903  3527252      19.14      94.86  1
        2015072906  3484977      19.15      94.95  1
        2015072909  3427404      19.22      95.03  1
        2015072912  3343330      19.28      95.05  1
        2015072915  3311444      19.31      95.05  1
        2015072918  3348820      19.29      94.90  1
        2015072921  3301147      19.31      94.69  1
        2015073000  3275094      19.33      94.57  1
        2015073003  3253298      19.36      94.47  1
        2015073006  3236855      19.38      94.40  1
        2015073009  3275240      19.44      94.47  1
        2015073012  3311904      19.50      94.59  1
        2015073015  3371638      19.52      94.66  1
        2015073018  3443241      19.52      94.66  1
        2015073021  3453122      19.60      94.49  1
        2015073100  3406710      19.63      94.45  1
        2015073103  3368273      19.66      94.37  1
        2015073106  3381645      19.67      94.23  1
        2015073109  3359529      19.75      94.17  1
        2015073112  3406174      19.91      94.13  1
        2015073115  3408992      20.01      94.09  1
        2015073118  3459268      20.12      94.02  1
        2015073121  3443836      20.20      93.91  1
        2015080100  3420242      20.26      93.90  1
        2015080103  3417248      20.26      93.95  1
        2015080106  3456711      20.34      94.07  1
        2015080109  3450560      20.42      94.14  1
        2015080112  3414031      20.45      94.14  1
        2015080115  3407933      20.40      94.19  1
        2015080118  3371613      20.32      94.30  1
        2015080121  3275549      20.33      94.48  1
        2015080200  3218493      20.30      94.54  1
        2015080203  3195564      20.27      94.66  1
        2015080206  3208965      20.21      94.82  1
        2015080209  3182872      20.29      94.89  1
        2015080212  3067699      20.31      94.80  1
        2015080215  2963075      20.27      94.76  1
        2015080218  2878152      20.25      94.75  1
        2015080221  2774815      20.22      94.73  1
        2015080300  2687017      20.07      94.90  1
        2015080303  2672426      19.90      95.10  1
        2015080306  2688567      19.65      95.41  1
        2015080309  2752261      19.36      95.93  1
        2015080312  2708419      18.97      96.30  1
        2015080315  3197936      14.70      97.60  1
        2015080318  3147546      14.04      97.93  1
        2015080321  2970541      12.93      98.45  1
        2015080400  2933470      12.75      98.50  1
        2015080403  2880717      12.68      98.47  1
        2015080406  2990223      12.82      98.38  1
        2015080409  3018331      12.80      98.39  1
        2015080412  2966989      12.92      98.35  1
        2015080415  4215094      11.28     103.36  1
        2015080418  4524579      11.18     103.39  1
        2015080421  4647301      10.97     103.34  1
        2015080500  4701234      10.87     103.46  1
        2015080503  4852430      10.71     103.60  1
        2015080506  5056094      10.65     103.44  1
        2015080509  5054654      10.65     103.22  1
        2015080512  4997309      10.56     103.13  1
        2015080515  5014379      10.53     103.22  1
        2015080518  5115453      10.52     103.19  1
        2015080521  5157788      10.54     103.27  1
        2015080600  5137440      10.53     103.45  1
        2015080603  5137624      10.46     103.73  1
        2015080606  5193297      10.41     104.00  1
        2015080609  5156805      10.39     104.08  1
        2015080612  5007610      10.17     104.37  1
        2015080615  5007446      10.19     104.53  1
        2015080618  5125003      10.25     104.46  1
        2015080621  5080999      10.19     104.35  1
        2015080700  4993980      10.15     104.32  1
        2015080703  4955780      10.09     104.33  1
        2015080706  4965746      10.04     104.31  1
        2015080709  4808051       9.97     104.25  1
        2015080712  4653007       9.82     104.26  1
        2015080715  4585670       9.82     104.22  1
        2015080718  4560015       9.77     104.21  1
        2015080721  4408477       9.72     104.20  1
        2015080800  4334851       9.73     104.09  1
        2015080803  4260952       9.69     103.95  1
        2015080806  4153320       9.58     103.91  1
        2015080809  3946323       9.46     104.05  1
        2015080812  3770889       9.28     104.31  1
        2015080815  3666775       9.14     104.51  1
        2015080818  3637753       8.85     104.70  1
        2015080821  3430840       8.82     104.77  1
        2015080900  3289467       8.87     104.42  1
        2015080903  3147813       8.87     104.28  1
        2015080906  3013724       8.80     104.15  1
        2015080909  2845027       8.94     103.79  1
        2015080912  2699619       9.04     103.42  1
        2015080915  2637669       9.17     103.02  1
        2015080918  2564885       9.14     102.70  1
        2015080921  2418910       9.30     102.15  1
        2015081000  2365463       9.71     101.25  1
        2015081003  2316349      10.07     100.37  1
        2015081006  2267659      10.39      99.26  1
        2015081009  2170911      10.89      97.74  1
        2015081012  5327514       4.99      83.37  1
        2015081015  5361043       4.83      82.36  1
        2015081018  5681392       4.86      81.91  1
        2015081021  5919343       5.00      81.54  1
        2015081100  6058848       5.07      81.46  1
        2015081103  6195991       5.11      81.65  1
        2015081106  6355085       5.28      81.82  1
        2015081109  6391940       5.47      81.60  1
        2015081112  6218765       5.53      81.79  1
        2015081115  5966177       5.70      81.83  1
        2015081118  5717101       5.95      81.67  1
        2015081121  5147192       6.77      80.50  1
        2015081200  4967318       6.92      80.34  1
        2015081203  4910377       7.09      80.29  1
        2015081206  4945013       7.33      80.20  1
        2015081209  5030102       7.83      80.05  1
        2015081212  2485763       0.48      73.11  1
        2015081215  2454916       0.34      72.79  1
        2015081218  2426395       0.18      72.30  1
        2015081221  2484997       0.07      72.50  1
        2015081300  2363837      -0.11      72.51  1
        2015081303  2239581      -0.29      72.52  1
        2015081306  2186249      -0.47      72.69  1
        2015081309  2059574      -0.64      72.76  1
        2015081312  1840364      -0.83      73.18  1
        2015081315  1694463      -0.96      73.59  1
        2015081318  1594860      -1.08      73.98  1
        2015081321  1512250      -1.17      74.49  1
        2015081400  1427386      -1.21      74.77  1
        2015081403  1369507      -1.26      74.94  1
        2015081406  1369433      -1.39      75.05  1
        2015081409  1434896      -1.57      75.40  1
        2015081412  1434687      -1.83      75.98  1
        2015081415  1483830      -2.08      76.43  1
        2015081418  1595404      -2.31      76.76  1
        2015081421  1770852      -2.67      77.97  1
        2015081500  1961620      -3.00      79.41  1
        2015081503  2072768      -3.32      80.55  1
        2015081506  2196681      -3.66      81.50  1
        2015081509  2433993      -4.08      82.98  1
        2015081512  2528829      -4.42      84.06  1
        2015081515  2661638      -4.81      85.20  1
        2015081518  2851827      -5.13      86.19  1
        2015081521  2990682      -5.38      86.90  1
        2015081600  2948239      -5.69      87.61  1
        2015081603  2932004      -5.95      88.37  1
        2015081606  2974540      -6.22      89.07  1
        2015081609  3013286      -6.32      89.56  1
        2015081612  2968544      -6.33      89.83  1
        2015081615  2920489      -6.39      89.98  1
        2015081618  2946034      -6.42      89.83  1
        2015081621  2976563      -6.36      89.66  1
        2015081700  2975218      -6.26      89.28  1
        2015081703  2933937      -6.18      88.97  1
        2015081706  3021443      -5.99      88.41  1
        2015081709  2987464      -5.77      87.95  1
        2015081712  2845282      -5.68      87.73  1
        2015081715  2723693      -5.60      87.56  1
        2015081718  2679686      -5.37      87.23  1
        2015081721  2591897      -5.15      86.90  1
        2015081800  2551205      -4.63      86.06  1
        2015081803  2424743      -4.20      85.33  1
        2015081806  1170785       1.89      78.74  1
        2015081809  1193490       2.46      77.57  1
        2015081812  1274765       2.85      76.76  1
        2015081815  1342324       3.01      76.22  1
        2015081818  1419074       3.17      75.63  1
        2015081821  1469381       3.44      74.90  1
        2015081900  1513083       3.49      74.50  1
        2015081903  1543767       3.50      74.31  1
        2015081906  1586784       3.49      74.17  1
        2015081909  1665181       3.48      74.02  1
        2015081912  1657523       3.40      74.01  1
        2015081915  1665266       3.34      74.00  1
        2015081918  1609142       3.30      74.00  1
        2015081921  1530528       3.37      73.96  1
        2015082000  1423473       3.42      73.95  1
        2015082003  1257059       3.57      73.80  1
        2015082006  1102953       3.72      73.67  1
        2015082009   834685       4.16      73.38  1
        2015082012   531075       4.72      73.05  1
LPT     6.0600
        2015071321   500602      -0.38      93.34  1
        2015071400   714512      -0.29      93.17  1
        2015071403   935307      -0.18      93.04  1
        2015071406  1203883      -0.03      92.82  1
        2015071409  1393685       0.11      92.63  1
        2015071412  1558006       0.25      92.35  1
        2015071415  1704472       0.44      92.34  1
        2015071418  1909429       0.70      92.26  1
        2015071421  2054127       0.94      92.19  1
        2015071500  2115337       1.24      92.28  1
        2015071503  2130092       1.61      92.45  1
        2015071506  2686122       1.65      89.69  1
        2015071509  3029733       1.95      88.66  1
        2015071512  3170575       2.41      88.56  1
        2015071515  3369294       2.77      88.26  1
        2015071518  3777833       3.70      88.38  1
        2015071521  5058190       8.53      89.38  1
        2015071600  5318671       9.67      89.51  1
        2015071603  5579044      10.39      89.40  1
        2015071606  5983970      10.93      89.19  1
        2015071609  6076841      11.43      89.09  1
        2015071612  6159516      11.50      88.79  1
        2015071615  6145508      11.46      88.35  1
        2015071618  6286652      11.47      88.04  1
        2015071621  6344219      11.79      87.77  1
        2015071700  6395201      12.07      87.61  1
        2015071703  4180795      17.87      93.03  1
        2015071706  4169316      18.39      93.07  1
        2015071709  4068587      18.92      92.97  1
        2015071712  3942730      19.14      92.86  1
        2015071715  3810731      19.26      92.63  1
        2015071718  3796111      19.20      92.66  1
        2015071721  3602833      18.98      92.61  1
        2015071800  3410564      18.82      92.71  1
        2015071803  3276316      18.91      92.76  1
        2015071806  3194151      18.93      92.90  1
        2015071809  3007904      19.09      92.91  1
        2015071812  2810052      19.28      92.88  1
        2015071815  2556129      19.30      92.97  1
        2015071818  5687615      18.96     108.77  1
        2015071821  5401193      18.85     109.67  1
        2015071900  5239037      18.82     110.28  1
        2015071903  5237573      18.82     110.36  1
        2015071906  5282637      18.78     110.57  1
        2015071909  5262943      18.77     110.52  1
        2015071912  5278841      18.80     110.47  1
        2015071915  5385423      18.71     110.11  1
        2015071918  5508236      18.67     109.97  1
        2015071921  5668034      18.68     109.37  1
        2015072000  5770700      18.67     109.08  1
        2015072003  5864241      18.65     108.84  1
        2015072006  6008146      18.50     108.58  1
        2015072009  6015473      18.42     108.35  1
        2015072012  5972093      18.37     108.33  1
        2015072015  6004242      18.31     108.24  1
        2015072018  6008549      18.17     108.00  1
        2015072021  6033219      18.20     107.94  1
        2015072100  5963363      18.29     107.94  1
        2015072103  5920258      18.35     107.80  1
        2015072106  5768160      18.46     107.54  1
        2015072109  5679128      18.55     106.90  1
        2015072112  5492815      18.58     106.24  1
        2015072115  5342130      18.58     105.57  1
        2015072118  5248409      18.68     105.13  1
        2015072121  5068667      18.72     104.34  1
        2015072200  4440035      17.91     101.48  1
        2015072203  4304102      17.90     101.00  1
        2015072206  4129267      17.95     100.73  1
        2015072209  3985522      17.96      99.89  2
        2015072212  3788346      17.93      99.38  2
        2015072215  3751929      18.02      98.92  2
        2015072218  4028376      18.83      99.40  1
        2015072221  3896398      19.14      98.93  1
        2015072300  3576007      19.44      99.42  1
        2015072303  3274783      19.75      99.61  1
        2015072306  3248814      20.44     100.20  1
        2015072309  3108008      21.11     100.30  1
        2015072312  3831743      21.55      95.27  1
        2015072315  4037311      21.75      94.31  1
        2015072318  4199070      21.92      93.39  1
        2015072321  4392822      21.95      92.85  1
        2015072400  4417380      22.00      92.81  1
        2015072403  4549555      22.12      92.86  1
        2015072406  4727682      22.21      92.89  1
        2015072409  4921345      22.27      92.48  1
        2015072412  4819168      22.37      92.27  1
        2015072415  4838823      22.42      92.44  1
        2015072418  4733938      22.50      92.56  1
        2015072421  4787740      22.45      92.31  1
        2015072500  4668944      22.43      92.14  1
        2015072503  4662559      22.42      91.96  1
        2015072506  4693703      22.36      91.64  1
        2015072509  4776829      22.27      90.75  1
        2015072512  4628574      22.18      90.12  1
        2015072515  4527930      22.07      89.82  1
        2015072518  4349942      21.90      88.88  1
        2015072521  4060285      21.70      87.84  1
        2015072600  4061930      21.63      87.70  1
        2015072603  4150321      21.53      87.89  1
        2015072606  4288040      21.42      87.96  1
        2015072609  4394303      21.40      87.62  1
        2015072612  4345866      21.29      87.85  1
        2015072615  4252404      21.22      88.03  1
        2015072618  4281717      21.10      88.35  1
        2015072621  4275738      20.98      88.37  1
        2015072700  4180525      20.86      88.58  1
        2015072703  4175363      20.78      88.72  1
        2015072706  4243402      20.72      88.63  1
        2015072709  4292429      20.69      88.39  1
        2015072712  4200454      20.63      88.42  1
        2015072715  4168133      20.55      88.68  1
        2015072718  4185579      20.44      88.83  1
        2015072721  4324165      20.41      88.92  1
        2015072800  4274370      20.33      89.21  1
        2015072803  4352991      20.25      89.51  1
        2015072806  4420156      20.20      89.61  1
        2015072809  3586754      19.30      93.76  1
        2015072812  3525592      19.23      94.07  1
        2015072815  3514956      19.18      94.36  1
        2015072818  3535226      19.11      94.61  1
        2015072821  3596191      19.12      94.75  1
        2015072900  3531173      19.13      94.80  1
        2015072903  3527252      19.14      94.86  1
        2015072906  3484977      19.15      94.95  1
        2015072909  3427404      19.22      95.03  1
        2015072912  3343330      19.28      95.05  1
        2015072915  3311444      19.31      95.05  1
        2015072918  3348820      19.29      94.90  1
        2015072921  3301147      19.31      94.69  1
        2015073000  3275094      19.33      94.57  1
        2015073003  3253298      19.36      94.47  1
        2015073006  3236855      19.38      94.40  1
        2015073009  3275240      19.44      94.47  1
        2015073012  3311904      19.50      94.59  1
        2015073015  3371638      19.52      94.66  1
        2015073018  3443241      19.52      94.66  1
        2015073021  3453122      19.60      94.49  1
        2015073100  3406710      19.63      94.45  1
        2015073103  3368273      19.66      94.37  1
        2015073106  3381645      19.67      94.23  1
        2015073109  3359529      19.75      94.17  1
        2015073112  3406174      19.91      94.13  1
        2015073115  3408992      20.01      94.09  1
        2015073118  3459268      20.12      94.02  1
        2015073121  3443836      20.20      93.91  1
        2015080100  3420242      20.26      93.90  1
        2015080103  3417248      20.26      93.95  1
        2015080106  3456711      20.34      94.07  1
        2015080109  3450560      20.42      94.14  1
        2015080112  3414031      20.45      94.14  1
        2015080115  3407933      20.40      94.19  1
        2015080118  3371613      20.32      94.30  1
        2015080121  3275549      20.33      94.48  1
        2015080200  3218493      20.30      94.54  1
        2015080203  3195564      20.27      94.66  1
        2015080206  3208965      20.21      94.82  1
        2015080209  3182872      20.29      94.89  1
        2015080212  3067699      20.31      94.80  1
        2015080215  2963075      20.27      94.76  1
        2015080218  2878152      20.25      94.75  1
        2015080221  2774815      20.22      94.73  1
        2015080300  2687017      20.07      94.90  1
        2015080303  2672426      19.90      95.10  1
        2015080306  2688567      19.65      95.41  1
        2015080309  2752261      19.36      95.93  1
        2015080312  2708419      18.97      96.30  1
        2015080315  3197936      14.70      97.60  1
        2015080318  3147546      14.04      97.93  1
        2015080321  2970541      12.93      98.45  1
        2015080400  2933470      12.75      98.50  1
        2015080403  2880717      12.68      98.47  1
        2015080406  2990223      12.82      98.38  1
        2015080409  3018331      12.80      98.39  1
        2015080412  2966989      12.92      98.35  1
        2015080415  4215094      11.28     103.36  1
        2015080418  4524579      11.18     103.39  1
        2015080421  4647301      10.97     103.34  1
        2015080500  4701234      10.87     103.46  1
        2015080503  4852430      10.71     103.60  1
        2015080506  5056094      10.65     103.44  1
        2015080509  5054654      10.65     103.22  1
        2015080512  4997309      10.56     103.13  1
        2015080515  5014379      10.53     103.22  1
        2015080518  5115453      10.52     103.19  1
        2015080521  5157788      10.54     103.27  1
        2015080600  5137440      10.53     103.45  1
        2015080603  5137624      10.46     103.73  1
        2015080606  5193297      10.41     104.00  1
        2015080609  5156805      10.39     104.08  1
        2015080612  5007610      10.17     104.37  1
        2015080615  5007446      10.19     104.53  1
        2015080618  5125003      10.25     104.46  1
        2015080621  5080999      10.19     104.35  1
        2015080700  4993980      10.15     104.32  1
        2015080703  4955780      10.09     104.33  1
        2015080706  4965746      10.04     104.31  1
        2015080709  4808051       9.97     104.25  1
        2015080712  4653007       9.82     104.26  1
        2015080715  4585670       9.82     104.22  1
        2015080718  4560015       9.77     104.21  1
        2015080721  4408477       9.72     104.20  1
        2015080800  4334851       9.73     104.09  1
        2015080803  4260952       9.69     103.95  1
        2015080806  4153320       9.58     103.91  1
        2015080809  3946323       9.46     104.05  1
        2015080812  3770889       9.28     104.31  1
        2015080815  3666775       9.14     104.51  1
        2015080818  3637753       8.85     104.70  1
        2015080821  3430840       8.82     104.77  1
        2015080900  3289467       8.87     104.42  1
        2015080903  3147813       8.87     104.28  1
        2015080906  3013724       8.80     104.15  1
        2015080909  2845027       8.94     103.79  1
        2015080912  2699619       9.04     103.42  1
        2015080915  2637669       9.17     103.02  1
        2015080918  2564885       9.14     102.70  1
        2015080921  2418910       9.30     102.15  1
        2015081000  2365463       9.71     101.25  1
        2015081003  2316349      10.07     100.37  1
        2015081006  2267659      10.39      99.26  1
        2015081009  2170911      10.89      97.74  1
        2015081012  5327514       4.99      83.37  1
        2015081015  5361043       4.83      82.36  1
        2015081018  5681392       4.86      81.91  1
        2015081021  5919343       5.00      81.54  1
        2015081100  6058848       5.07      81.46  1
        2015081103  6195991       5.11      81.65  1
        2015081106  6355085       5.28      81.82  1
        2015081109  6391940       5.47      81.60  1
        2015081112  6218765       5.53      81.79  1
        2015081115  5966177       5.70      81.83  1
        2015081118  5717101       5.95      81.67  1
        2015081121  5147192       6.77      80.50  1
        2015081200  4967318       6.92      80.34  1
        2015081203  4910377       7.09      80.29  1
        2015081206  4945013       7.33      80.20  1
        2015081209  5030102       7.83      80.05  1
        2015081212  2485763       0.48      73.11  1
        2015081215  2454916       0.34      72.79  1
        2015081218  2426395       0.18      72.30  1
        2015081221  2484997       0.07      72.50  1
        2015081300  2363837      -0.11      72.51  1
        2015081303  2239581      -0.29      72.52  1
        2015081306  2186249      -0.47      72.69  1
        2015081309  2059574      -0.64      72.76  1
        2015081312  1840364      -0.83      73.18  1
        2015081315  1694463      -0.96      73.59  1
        2015081318  1594860      -1.08      73.98  1
        2015081321  1512250      -1.17      74.49  1
        2015081400  1427386      -1.21      74.77  1
        2015081403  1369507      -1.26      74.94  1
        2015081406  1369433      -1.39      75.05  1
        2015081409  1434896      -1.57      75.40  1
        2015081412  1434687      -1.83      75.98  1
        2015081415  1483830      -2.08      76.43  1
        2015081418  1595404      -2.31      76.76  1
        2015081421  1770852      -2.67      77.97  1
        2015081500  1961620      -3.00      79.41  1
        2015081503  2072768      -3.32      80.55  1
        2015081506  2196681      -3.66      81.50  1
        2015081509  2433993      -4.08      82.98  1
        2015081512  2528829      -4.42      84.06  1
        2015081515  2661638      -4.81      85.20  1
        2015081518  2851827      -5.13      86.19  1
        2015081521  2990682      -5.38      86.90  1
        2015081600  2948239      -5.69      87.61  1
        2015081603  2932004      -5.95      88.37  1
        2015081606  2974540      -6.22      89.07  1
        2015081609  3013286      -6.32      89.56  1
        2015081612  2968544      -6.33      89.83  1
        2015081615  2920489      -6.39      89.98  1
        2015081618  2946034      -6.42      89.83  1
        2015081621  2976563      -6.36      89.66  1
        2015081700  2975218      -6.26      89.28  1
        2015081703  2933937      -6.18      88.97  1
        2015081706  3021443      -5.99      88.41  1
        2015081709  2987464      -5.77      87.95  1
        2015081712  2845282      -5.68      87.73  1
        2015081715  2723693      -5.60      87.56  1
        2015081718  2679686      -5.37      87.23  1
        2015081721  2591897      -5.15      86.90  1
        2015081800  2551205      -4.63      86.06  1
        2015081803  2424743      -4.20      85.33  1
        2015081806  1170785       1.89      78.74  1
        2015081809  1193490       2.46      77.57  1
        2015081812  1274765       2.85      76.76  1
        2015081815  1342324       3.01      76.22  1
        2015081818  1419074       3.17      75.63  1
        2015081821  1469381       3.44      74.90  1
        2015081900  1513083       3.49      74.50  1
        2015081903  1543767       3.50      74.31  1
        2015081906  1586784       3.49      74.17  1
        2015081909  1665181       3.48      74.02  1
        2015081912  1657523       3.40      74.01  1
        2015081915  1665266       3.34      74.00  1
        2015081918  1609142       3.30      74.00  1
        2015081921  1530528       3.37      73.96  1
        2015082000  1423473       3.42      73.95  1
        2015082003  1257059       3.57      73.80  1
        2015082006  1102953       3.72      73.67  1
        2015082009   834685       4.16      73.38  1
        2015082012   531075       4.72      73.05  1
LPT     7.0100
        2015072421   409444      -5.05     153.41  1
        2015072500   819550      -5.02     154.33  1
        2015072503  1433420      -5.02     155.85  1
        2015072506  1807491      -4.89     156.62  1
        2015072509  2070278      -4.70     157.16  1
        2015072512  2599347      -4.50     158.22  1
        2015072515  3237758      -4.26     158.84  1
        2015072518  3437410      -4.10     158.51  1
        2015072521  3507508      -4.06     158.55  1
        2015072600  3781526      -4.02     158.78  1
        2015072603  3893292      -3.95     158.55  1
        2015072606  3908100      -3.91     158.23  1
        2015072609  3901379      -3.85     157.92  1
        2015072612  3930200      -3.78     157.95  1
        2015072615  4010533      -3.66     157.84  1
        2015072618  4108721      -3.52     158.01  1
        2015072621  4203026      -3.36     158.34  1
        2015072700  4447736      -3.23     158.73  1
        2015072703  4636136      -3.14     159.19  1
        2015072706  4808539      -3.00     159.35  1
        2015072709  4917614      -2.92     159.74  1
        2015072712  5127841      -2.89     160.20  1
        2015072715  5433159      -2.84     160.37  1
        2015072718  5566751      -2.77     160.48  1
        2015072721  5671976      -2.72     160.50  1
        2015072800  5800062      -2.66     160.61  1
        2015072803  5928267      -2.61     160.62  1
        2015072806  5920061      -2.53     160.60  1
        2015072809  5943088      -2.52     160.64  1
        2015072812  6029716      -2.51     160.62  1
        2015072815  6127732      -2.47     160.60  1
        2015072818  6099812      -2.42     160.68  1
        2015072821  6168412      -2.38     160.90  1
        2015072900  6277144      -2.41     161.30  1
        2015072903  6213470      -2.44     161.85  1
        2015072906  6137582      -2.48     162.43  1
        2015072909  6149549      -2.54     162.90  1
        2015072912  6284039      -2.64     163.33  1
        2015072915  6468942      -2.60     163.55  1
        2015072918  6626013      -2.51     163.63  1
        2015072921  6702442      -2.48     163.85  1
        2015073000  6842901      -2.46     164.17  1
        2015073003  6944372      -2.42     164.55  1
        2015073006  7022918      -2.33     164.85  1
        2015073009  7159416      -2.28     165.16  1
        2015073012  7419484      -2.17     165.49  1
        2015073015  7747496      -1.96     165.69  1
        2015073018  7822126      -1.81     165.97  1
        2015073021  7961701      -1.70     166.10  1
        2015073100  8102888      -1.61     166.29  1
        2015073103  8191288      -1.47     166.44  1
        2015073106  8191502      -1.38     166.54  1
        2015073109  8247623      -1.29     166.59  1
        2015073112  8375789      -1.14     166.64  1
        2015073115  8565964      -0.92     166.59  1
        2015073118  8589799      -0.75     166.57  1
        2015073121  8585876      -0.67     166.60  1
        2015080100  8584544      -0.61     166.63  1
        2015080103  8574489      -0.55     166.68  1
        2015080106  8607356      -0.45     166.74  1
        2015080109  8687177      -0.39     166.80  1
        2015080112  8823999      -0.35     166.92  1
        2015080115  9008598      -0.27     166.92  1
        2015080118  9104675      -0.21     166.96  1
        2015080121  9093809      -0.27     167.11  1
        2015080200  9171747      -0.37     167.24  1
        2015080203  9232871      -0.36     167.27  1
        2015080206  9255175      -0.38     167.29  1
        2015080209  9274700      -0.42     167.31  1
        2015080212  9348135      -0.52     167.37  1
        2015080215  9428609      -0.55     167.34  1
        2015080218  9380535      -0.65     167.44  1
        2015080221  9356050      -0.69     167.59  1
        2015080300  9365645      -0.75     167.70  1
        2015080303  9454428      -0.68     167.61  1
        2015080306  9515514      -0.57     167.46  1
        2015080309  9649110      -0.43     167.23  1
        2015080312  9906812      -0.26     166.81  1
        2015080315 10159651       0.02     166.09  1
        2015080318 10052727       0.15     165.47  1
        2015080321  9792189       0.03     165.38  2
        2015080400  9813136       0.09     165.15  2
        2015080403  9876138       0.33     164.59  2
        2015080406  9798870       0.53     164.19  2
        2015080409  9742266       0.71     164.01  2
        2015080412  9804630       0.95     163.72  2
        2015080415  9945449       1.33     163.22  2
        2015080418  9958356       1.70     162.77  2
        2015080421  9885044       1.89     162.79  2
        2015080500 10586890       2.07     164.58  2
        2015080503 10865704       2.45     164.88  2
        2015080506 10894614       2.72     165.14  2
        2015080509 10961409       2.97     165.40  2
        2015080512 11091512       3.28     165.71  2
        2015080515 11228723       3.73     165.54  2
        2015080518 11052269       4.16     165.41  2
        2015080521 10960623       4.46     165.27  2
        2015080600 11143261       4.72     164.79  1
        2015080603 11042261       5.12     164.38  1
        2015080606 11008091       5.45     163.76  1
        2015080609 10903475       5.69     163.31  1
        2015080612 10877008       5.94     163.01  1
        2015080615 10910237       6.14     162.56  1
        2015080618 10623747       6.48     162.07  1
        2015080621 10246194       6.83     161.81  2
        2015080700 10092278       7.12     161.40  2
        2015080703  9935106       7.49     160.78  2
        2015080706  9744950       7.77     160.27  2
        2015080709  9804353       7.80     160.24  2
        2015080712  9880814       7.82     160.11  2
        2015080715 10040909       7.89     159.33  2
        2015080718  4678762      -0.73     176.52  1
        2015080721  4523361      -0.93     175.08  1
        2015080800  4163705      -1.27     172.88  1
        2015080803  3914087      -1.41     171.25  1
        2015080806  3845101      -1.37     170.48  1
        2015080809  3839392      -1.31     170.05  1
        2015080812  3960637      -1.18     169.50  1
        2015080815  4008102      -0.94     168.76  1
        2015080818  3915782      -0.65     168.05  1
        2015080821  3735697      -0.36     167.37  1
        2015080900  3810211      -0.16     167.10  1
        2015080903  3800904       0.08     166.84  1
        2015080906  3833154       0.30     166.69  1
        2015080909  4068935       0.13     167.64  1
        2015080912  4545221      -0.04     168.80  1
        2015080915  4856472       0.16     169.41  1
        2015080918  5088820       0.48     169.87  1
        2015080921  5396494       0.70     170.61  1
        2015081000  5872854       0.94     171.36  1
        2015081003  6125088       1.27     171.59  1
        2015081006  6314048       1.48     171.64  1
        2015081009  6456171       1.57     171.73  1
        2015081012  6732751       1.67     171.84  1
        2015081015  7018497       1.77     171.75  1
        2015081018  7110713       1.88     171.56  1
        2015081021  7234243       2.05     171.42  1
        2015081100  7424081       2.23     171.48  1
        2015081103  7567930       2.48     171.39  1
        2015081106  7629143       2.69     171.37  1
        2015081109  7758321       2.89     171.42  1
        2015081112  7906826       3.16     171.40  1
        2015081115  7974502       3.42     171.23  1
        2015081118  7961063       3.62     171.08  1
        2015081121  7905780       3.77     171.02  1
        2015081200  7879991       3.93     170.76  1
        2015081203  7821084       4.08     170.42  1
        2015081206  7758124       4.15     170.04  1
        2015081209  7782535       4.18     169.77  1
        2015081212  7845345       4.18     169.33  1
        2015081215  7925743       4.16     168.80  1
        2015081218  8017538       4.10     168.38  1
        2015081221  8041858       4.04     168.01  1
        2015081300  8061047       4.04     167.54  1
        2015081303  7989219       4.10     166.98  1
        2015081306  7977419       4.16     166.56  1
        2015081309  7932613       4.27     166.24  1
        2015081312  7898549       4.51     165.80  1
        2015081315  7866490       4.73     165.32  1
        2015081318  7625970       5.07     164.84  1
        2015081321  7503196       5.30     164.63  1
        2015081400  7317658       5.67     164.25  1
        2015081403  7101232       6.07     163.87  1
        2015081406  6962230       6.38     163.57  1
        2015081409  6834840       6.72     163.35  1
        2015081412  6676516       7.23     162.98  1
        2015081415  6554418       7.65     162.69  1
        2015081418  5480116      10.04     161.49  1
        2015081421  5418583      10.29     161.46  1
        2015081500  5375286      10.50     161.41  1
        2015081503  5307571      10.73     161.40  1
        2015081506  5195803      10.95     161.25  1
        2015081509  5114668      11.11     161.07  1
        2015081512  5093690      11.28     160.76  1
        2015081515  5026875      11.43     160.55  1
        2015081518  4872093      11.58     160.42  1
        2015081521  4756212      11.70     160.18  1
        2015081600  4688919      11.80     160.06  1
        2015081603  4598209      11.91     160.00  1
        2015081606  4511970      12.03     159.93  1
        2015081609  4352939      12.13     160.04  1
        2015081612  4286900      12.21     159.88  1
        2015081615  4186296      12.29     159.72  1
        2015081618  4006209      12.41     159.47  1
        2015081621  3864757      12.51     159.10  1
        2015081700  3785410      12.58     158.78  1
        2015081703  3638915      12.67     158.76  1
        2015081706  3527604      12.72     158.52  1
        2015081709  3322813      12.78     158.71  1
        2015081712  3215981      12.83     158.70  1
        2015081715  3046619      12.90     158.68  1
        2015081718  2873553      12.95     158.85  2
        2015081721  2899605      12.96     158.56  2
        2015081800  3071216      13.01     157.69  2
        2015081803  3303856      13.04     156.76  1
        2015081806  3394932      13.09     156.12  1
        2015081809  3399442      13.15     155.80  1
        2015081812  3454277      13.25     155.44  1
        2015081815  3461550      13.27     155.12  1
        2015081818  3407016      13.35     154.92  1
        2015081821  3418646      13.42     154.82  1
        2015081900  3423439      13.55     154.74  1
        2015081903  3388232      13.75     154.69  1
        2015081906  3366574      13.84     154.50  1
        2015081909  3385422      13.98     154.14  1
        2015081912  3503627      14.07     153.66  1
        2015081915  3616743      14.13     153.19  1
        2015081918  3676868      14.20     152.52  1
        2015081921  3609103      14.31     152.41  1
        2015082000  3591039      14.49     152.13  1
        2015082003  3465773      14.74     152.12  1
        2015082006  3390014      15.00     151.74  1
        2015082009  3268071      15.23     151.42  1
        2015082012  3251230      15.44     151.03  1
        2015082015  3276970      15.62     150.53  1
        2015082018  3157969      15.86     150.33  1
        2015082021  3058493      16.11     149.99  1
        2015082100  2961085      16.43     149.67  1
        2015082103  2760355      16.88     149.54  1
        2015082106  2577968      17.33     149.27  1
        2015082109  2480850      17.71     149.00  1
        2015082112  2406312      18.01     148.70  1
        2015082115  2294779      18.36     148.45  1
        2015082118  2195697      18.73     148.16  1
        2015082121  2127974      19.00     147.85  1
        2015082200  2064174      19.32     147.56  1
        2015082203  1956888      19.71     147.30  1
        2015082206  1826870      20.17     147.10  1
        2015082209  1724009      20.58     146.98  1
        2015082212  1616689      21.10     146.93  1
        2015082215  1479601      21.59     146.82  1
        2015082218  1327062      22.20     146.67  1
        2015082221  1228962      22.73     146.59  1
        2015082300  1163012      23.21     146.46  1
        2015082303  1084431      23.72     146.34  1
        2015082306   977492      24.24     146.26  1
        2015082309   885301      24.65     146.18  1
        2015082312   835352      25.09     146.15  1
        2015082315   735004      25.52     146.12  1
        2015082318   633417      26.03     146.13  1
        2015082321   584505      26.52     146.15  1
        2015082400   558066      27.12     146.25  1
        2015082403   558005      27.93     146.37  1
        2015082406   520732      28.58     146.56  1
        2015082409   490348      29.27     146.76  1
        2015082412   473106      30.07     147.11  1
        2015082415   477910      30.85     147.55  1
        2015082418   426055      31.34     147.87  1
        2015082421   365174      31.74     148.20  1
        2015082500   388506      32.72     149.07  1
        2015082503   422407      34.27     150.66  1
        2015082506   398598      35.37     151.89  1
        2015082509   350128      36.37     153.20  1
        2015082512   414021      37.53     154.81  1
        2015082515   425876      38.24     155.87  1
        2015082518   342764      38.63     156.51  1
        2015082521   290093      38.97     157.01  1
        2015082600   253428      39.31     157.51  1
        2015082603   267811      39.76     158.08  1
        2015082606   312993      40.14     158.57  1
        2015082609   346368      40.42     158.93  1
        2015082612   413851      40.81     159.38  1
        2015082615   507934      41.33     159.91  1
        2015082618   590780      41.77     160.37  1
        2015082621   658383      42.23     160.83  1
        2015082700   743860      42.90     161.34  1
        2015082703   801670      43.23     161.68  1
        2015082706   848403      43.50     162.01  1
        2015082709   886118      43.71     162.29  1
        2015082712   887875      43.93     162.59  1
        2015082715   892542      44.21     162.98  1
        2015082718   792742      44.65     163.48  1
        2015082721   746626      44.91     163.82  1
        2015082800   675267      45.22     164.15  1
        2015082803   516143      45.92     164.76  1
        2015082806   372565      46.67     165.21  1
        2015082809   258287      47.18     165.32  1
LPT     7.0200
        2015072421   409444      -5.05     153.41  1
        2015072500   819550      -5.02     154.33  1
        2015072503  1433420      -5.02     155.85  1
        2015072506  1807491      -4.89     156.62  1
        2015072509  2070278      -4.70     157.16  1
        2015072512  2599347      -4.50     158.22  1
        2015072515  3237758      -4.26     158.84  1
        2015072518  3437410      -4.10     158.51  1
        2015072521  3507508      -4.06     158.55  1
        2015072600  3781526      -4.02     158.78  1
        2015072603  3893292      -3.95     158.55  1
        2015072606  3908100      -3.91     158.23  1
        2015072609  3901379      -3.85     157.92  1
        2015072612  3930200      -3.78     157.95  1
        2015072615  4010533      -3.66     157.84  1
        2015072618  4108721      -3.52     158.01  1
        2015072621  4203026      -3.36     158.34  1
        2015072700  4447736      -3.23     158.73  1
        2015072703  4636136      -3.14     159.19  1
        2015072706  4808539      -3.00     159.35  1
        2015072709  4917614      -2.92     159.74  1
        2015072712  5127841      -2.89     160.20  1
        2015072715  5433159      -2.84     160.37  1
        2015072718  5566751      -2.77     160.48  1
        2015072721  5671976      -2.72     160.50  1
        2015072800  5800062      -2.66     160.61  1
        2015072803  5928267      -2.61     160.62  1
        2015072806  5920061      -2.53     160.60  1
        2015072809  5943088      -2.52     160.64  1
        2015072812  6029716      -2.51     160.62  1
        2015072815  6127732      -2.47     160.60  1
        2015072818  6099812      -2.42     160.68  1
        2015072821  6168412      -2.38     160.90  1
        2015072900  6277144      -2.41     161.30  1
        2015072903  6213470      -2.44     161.85  1
        2015072906  6137582      -2.48     162.43  1
        2015072909  6149549      -2.54     162.90  1
        2015072912  6284039      -2.64     163.33  1
        2015072915  6468942      -2.60     163.55  1
        2015072918  6626013      -2.51     163.63  1
        2015072921  6702442      -2.48     163.85  1
        2015073000  6842901      -2.46     164.17  1
        2015073003  6944372      -2.42     164.55  1
        2015073006  7022918      -2.33     164.85  1
        2015073009  7159416      -2.28     165.16  1
        2015073012  7419484      -2.17     165.49  1
        2015073015  7747496      -1.96     165.69  1
        2015073018  7822126      -1.81     165.97  1
        2015073021  7961701      -1.70     166.10  1
        2015073100  8102888      -1.61     166.29  1
        2015073103  8191288      -1.47     166.44  1
        2015073106  8191502      -1.38     166.54  1
        2015073109  8247623      -1.29     166.59  1
        2015073112  8375789      -1.14     166.64  1
        2015073115  8565964      -0.92     166.59  1
        2015073118  8589799      -0.75     166.57  1
        2015073121  8585876      -0.67     166.60  1
        2015080100  8584544      -0.61     166.63  1
        2015080103  8574489      -0.55     166.68  1
        2015080106  8607356      -0.45     166.74  1
        2015080109  8687177      -0.39     166.80  1
        2015080112  8823999      -0.35     166.92  1
        2015080115  9008598      -0.27     166.92  1
        2015080118  9104675      -0.21     166.96  1
        2015080121  9093809      -0.27     167.11  1
        2015080200  9171747      -0.37     167.24  1
        2015080203  9232871      -0.36     167.27  1
        2015080206  9255175      -0.38     167.29  1
        2015080209  9274700      -0.42     167.31  1
        2015080212  9348135      -0.52     167.37  1
        2015080215  9428609      -0.55     167.34  1
        2015080218  9380535      -0.65     167.44  1
        2015080221  9356050      -0.69     167.59  1
        2015080300  9365645      -0.75     167.70  1
        2015080303  9454428      -0.68     167.61  1
        2015080306  9515514      -0.57     167.46  1
        2015080309  9649110      -0.43     167.23  1
        2015080312  9906812      -0.26     166.81  1
        2015080315 10159651       0.02     166.09  1
        2015080318 10052727       0.15     165.47  1
        2015080321  9792189       0.03     165.38  2
        2015080400  9813136       0.09     165.15  2
        2015080403  9876138       0.33     164.59  2
        2015080406  9798870       0.53     164.19  2
        2015080409  9742266       0.71     164.01  2
        2015080412  9804630       0.95     163.72  2
        2015080415  9945449       1.33     163.22  2
        2015080418  9958356       1.70     162.77  2
        2015080421  9885044       1.89     162.79  2
        2015080500 10586890       2.07     164.58  2
        2015080503 10865704       2.45     164.88  2
        2015080506 10894614       2.72     165.14  2
        2015080509 10961409       2.97     165.40  2
        2015080512 11091512       3.28     165.71  2
        2015080515 11228723       3.73     165.54  2
        2015080518 11052269       4.16     165.41  2
        2015080521 10960623       4.46     165.27  2
        2015080600 11143261       4.72     164.79  1
        2015080603 11042261       5.12     164.38  1
        2015080606 11008091       5.45     163.76  1
        2015080609 10903475       5.69     163.31  1
        2015080612 10877008       5.94     163.01  1
        2015080615 10910237       6.14     162.56  1
        2015080618 10623747       6.48     162.07  1
        2015080621  6893179      10.60     149.04  1
        2015080700  6887691      10.83     148.81  1
        2015080703  6904836      11.08     148.46  1
        2015080706  6868278      11.26     148.29  1
        2015080709  6899023      11.31     148.27  1
        2015080712  6945272      11.38     148.20  1
        2015080715  7167512      11.35     148.13  1
        2015080718  5255310      15.69     142.52  1
        2015080721  5152800      16.02     142.12  1
        2015080800  5166784      16.35     141.59  1
        2015080803  5177520      16.71     141.06  1
        2015080806  5068700      17.19     140.56  1
        2015080809  5043011      17.55     139.92  1
        2015080812  5025846      17.82     139.58  1
        2015080815  4732692      18.14     139.14  1
        2015080818  4467897      18.77     138.57  1
        2015080821  1819355      21.10     125.63  1
        2015080900  1815505      21.46     125.20  1
        2015080903  1743166      21.93     124.62  1
        2015080906  1742759      22.30     124.19  1
        2015080909  1686245      22.62     123.78  1
        2015080912  1619038      22.83     123.42  1
        2015080915  1543459      23.11     123.09  1
        2015080918  1505466      23.52     122.63  1
        2015080921  1482050      23.90     122.26  1
        2015081000  1406839      24.40     121.81  1
        2015081003  1319559      24.90     121.40  1
        2015081006  1205200      25.44     120.96  1
        2015081009  1079583      25.87     120.61  1
        2015081012   961098      26.20     120.37  1
        2015081015   881390      26.67     120.21  1
        2015081018   741706      27.26     119.95  1
        2015081021   603991      27.75     119.66  1
        2015081100   484367      28.09     119.52  1
        2015081103   337190      28.55     119.43  1
LPT     8.0100
        2015081518   359615       2.66     199.88  1
        2015081521   618632       2.94     199.48  1
        2015081600   899773       3.20     198.94  1
        2015081603  1109904       3.38     198.56  1
        2015081606  1293055       3.49     198.13  1
        2015081609  1520730       3.66     197.51  1
        2015081612  1689782       3.82     197.16  1
        2015081615  1800384       3.93     196.75  1
        2015081618  1821728       4.03     196.55  1
        2015081621  1772181       4.20     196.45  1
        2015081700  1752345       4.49     196.39  1
        2015081703  1691003       4.78     196.38  1
        2015081706  1662783       5.04     196.44  1
        2015081709  1698346       5.29     196.78  1
        2015081712  1755411       5.54     197.68  1
        2015081715  1870221       5.72     198.59  1
        2015081718  1932177       5.84     200.11  1
        2015081721  2228124       6.01     202.80  1
        2015081800  2492925       6.21     205.38  1
        2015081803  2455436       6.36     206.78  1
        2015081806  2463858       6.50     208.29  1
        2015081809  2517471       6.62     209.85  1
        2015081812  2553298       6.75     211.08  1
        2015081815  2533942       6.76     211.88  1
        2015081818  2492574       6.73     212.79  1
        2015081821  2676143       6.77     213.05  1
        2015081900  2862683       6.81     213.38  1
        2015081903  2959843       6.80     213.61  1
        2015081906  3093521       6.83     213.76  1
        2015081909  3303573       6.87     213.72  1
        2015081912  3436381       6.90     213.61  1
        2015081915  3525603       6.93     213.51  1
        2015081918  3562188       6.94     213.36  1
        2015081921  3624842       6.94     213.11  1
        2015082000  3696581       6.97     212.78  1
        2015082003  3715839       6.96     212.45  1
        2015082006  3734103       6.99     212.23  1
        2015082009  3744649       7.02     211.73  1
        2015082012  3765964       7.04     211.28  1
        2015082015  3714589       7.08     210.82  1
        2015082018  3679034       7.14     210.54  1
        2015082021  3627401       7.20     210.13  1
        2015082100  3594030       7.27     209.87  1
        2015082103  3494072       7.35     209.41  1
        2015082106  3436528       7.38     209.21  1
        2015082109  3378917       7.42     208.84  1
        2015082112  3277602       7.48     208.66  1
        2015082115  3066312       7.52     208.83  1
        2015082118  2881578       7.59     209.00  1
        2015082121  2669426       7.64     209.26  1
        2015082200  2291224       7.71     209.92  1
        2015082203  1797352       7.81     211.33  1
        2015082206  1585371       7.88     211.51  1
        2015082209  1338314       7.94     211.35  1
        2015082212  1011017       8.02     211.20  1
        2015082215   715836       8.08     211.02  1
        2015082218   451192       8.17     210.93  1
LPT     9.0100
        2015082000   371165      25.21      90.66  1
        2015082003   495281      25.27      90.97  1
        2015082006   620016      25.31      91.18  1
        2015082009   747430      25.25      91.31  1
        2015082012   801351      25.11      91.41  1
        2015082015   886540      24.93      91.43  1
        2015082018   972476      24.76      91.38  1
        2015082021  1087519      24.49      91.38  1
        2015082100  1138698      24.18      91.48  1
        2015082103  1218075      23.73      91.67  1
        2015082106  1355489      23.18      91.93  1
        2015082109  1547328      22.53      92.24  1
        2015082112  1652448      21.98      92.54  1
        2015082115  1751425      21.45      92.75  1
        2015082118  1833586      20.86      93.00  1
        2015082121  2036395      20.29      93.14  1
        2015082200  2120631      19.80      93.26  1
        2015082203  2219162      19.42      93.29  1
        2015082206  2235449      19.08      93.35  1
        2015082209  2251082      18.84      93.30  1
        2015082212  2255322      18.64      93.25  1
        2015082215  2246699      18.52      93.30  1
        2015082218  2182927      18.15      93.47  1
        2015082221  2085036      17.79      93.55  1
        2015082300  1952998      17.29      93.66  1
        2015082303  1895269      17.00      93.61  1
        2015082306  1805050      16.61      93.60  1
        2015082309  1701357      16.44      93.42  1
        2015082312  1602743      16.32      93.32  1
        2015082315  1465106      16.25      93.24  1
        2015082318  1317069      16.16      93.22  1
        2015082321  1179855      16.08      93.19  1
        2015082400  1032194      15.99      93.19  1
        2015082403   854324      15.98      93.00  1
        2015082406   648229      15.95      92.85  1
        2015082409   424989      15.87      92.75  1
        2015082603   312344      15.21      91.24  1
        2015082606   398674      15.27      90.77  1
        2015082609   603756      15.44      90.51  1
        2015082612   639236      15.51      90.30  1
        2015082615   752738      15.59      90.27  1
        2015082618   962230      15.75      90.20  1
        2015082621  1173124      15.99      90.11  1
        2015082700  1290543      15.94      90.09  1
        2015082703  1342899      15.98      89.89  1
        2015082706  1428894      16.08      89.60  1
        2015082709  1534120      16.34      89.24  1
        2015082712  1511196      16.62      88.79  1
        2015082715  1486157      16.71      88.60  1
        2015082718  1489287      16.78      88.46  1
        2015082721  1456516      16.92      88.19  1
        2015082800  1324044      17.08      87.65  1
        2015082803  1191416      17.20      87.24  1
        2015082806  1076975      17.36      86.91  1
        2015082809   967875      17.67      86.53  1
        2015082812   838979      17.89      86.11  1
        2015082815   711296      18.06      85.76  1
        2015082818   597846      18.20      85.42  1
        2015082821   468323      18.38      85.19  1
LPT    10.0100
        2015082421   340442      -2.25     159.66  1
        2015082500   571974      -2.13     159.58  1
        2015082503   860548      -1.99     159.45  1
        2015082506   956225      -1.90     159.39  1
        2015082509  1028757      -1.81     159.36  1
        2015082512  1104369      -1.74     159.38  1
        2015082515  1264775      -1.63     159.64  1
        2015082518  1302540      -1.62     159.87  1
        2015082521  1332607      -1.48     160.09  1
        2015082600  1384238      -1.28     160.23  1
        2015082603  1555352      -0.98     160.33  1
        2015082606  1687900      -0.59     160.29  1
        2015082609  1876527      -0.30     160.29  1
        2015082612  2091218       0.06     160.17  1
        2015082615  2386572       0.53     159.99  1
        2015082618  2489549       0.76     159.83  1
        2015082621  2574799       0.96     159.68  1
        2015082700  2706215       1.11     159.61  1
        2015082703  2826147       1.19     159.65  1
        2015082706  2905382       1.22     159.56  1
        2015082709  2959131       1.26     159.58  1
        2015082712  3040671       1.25     159.62  1
        2015082715  3258879       1.18     159.85  1
        2015082718  3368670       1.08     160.01  1
        2015082721  3445329       1.01     160.14  1
        2015082800  3534986       0.90     160.25  1
        2015082803  3657639       0.70     160.45  1
        2015082806  3708808       0.58     160.62  1
        2015082809  3746766       0.58     160.68  1
        2015082812  3870660       0.49     160.74  1
        2015082815  4035954       0.32     160.88  1
        2015082818  4045966       0.24     160.93  1
        2015082821  4049830       0.23     160.95  1
        2015082900  4104604       0.10     161.07  1
        2015082903  4422628      -0.26     162.10  1
        2015082906  4749258      -0.54     163.69  1
        2015082909  5114565      -0.87     165.47  1
        2015082912  5358799      -1.14     166.90  1
        2015082915  5663246      -1.45     168.34  1
        2015082918  5716726      -1.91     169.98  1
        2015082921  5667308      -2.22     171.12  1
        2015083000  5702809      -2.55     172.55  1
        2015083003  5582494      -2.89     174.09  1
        2015083006  5505861      -2.98     174.94  1
        2015083009  5558585      -2.92     175.47  1
        2015083012  5651903      -2.87     175.73  1
        2015083015  5731599      -2.73     175.79  1
        2015083018  5692510      -2.66     176.06  1
        2015083021  5623131      -2.53     176.25  1
        2015083100  5678814      -2.39     176.26  1
        2015083103  5725230      -2.28     176.16  1
        2015083106  5674517      -2.15     176.19  1
        2015083109  5621328      -2.05     176.30  1
        2015083112  5736119      -2.02     176.21  1
        2015083115  5727895      -1.88     176.11  1
        2015083118  5635722      -1.77     176.32  1
        2015083121  5650478      -1.68     176.34  1
        2015090100  5720442      -1.63     176.23  1
        2015090103  5727152      -1.51     176.03  1
        2015090106  5727607      -1.37     175.94  1
        2015090109  5727079      -1.26     175.86  1
        2015090112  5780241      -1.20     175.68  1
        2015090115  5835392      -0.95     175.35  1
        2015090118  5846136      -0.78     174.93  1
        2015090121  5748417      -0.58     174.55  1
        2015090200  5758741      -0.47     174.23  1
        2015090203  5677799      -0.30     173.82  1
        2015090206  5633372      -0.26     173.49  1
        2015090209  5603393      -0.27     173.21  1
        2015090212  5550159      -0.36     172.90  1
        2015090215  5446939      -0.44     172.54  1
        2015090218  5079725      -0.65     172.26  1
        2015090221  4579421      -0.90     171.82  1
        2015090300  1893789       1.92     162.04  1
        2015090303  1507217       2.35     160.87  1
        2015090306  1247911       2.86     160.10  1
        2015090309   991856       3.27     159.44  1
        2015090312   885289       3.61     158.93  1
        2015090315   838127       3.83     158.44  1
        2015090318   605440       4.08     157.72  1
        2015090321   511373       4.29     157.21  1
        2015090400   374977       4.55     156.65  1
LPT    11.0100
        2015090821   343065       8.53     111.66  1
        2015090900   427002       8.62     111.21  1
        2015090903   497934       8.69     110.67  1
        2015090906   589299       8.85     110.06  1
        2015090909   643243       8.98     109.23  1
        2015090912   700343       9.03     108.28  1
        2015090915   830628       9.08     107.38  1
        2015090918  1077248       9.20     106.11  1
        2015090921  1310579       9.35     104.64  1
        2015091000  1679431       9.59     103.01  1
        2015091003  1993188       9.89     101.50  1
        2015091006  2309736      10.22     100.47  1
        2015091009  2580718      10.46      99.83  1
        2015091012  2673813      10.55      99.63  1
        2015091015  2759256      10.64      99.43  1
        2015091018  2939965      10.81      99.12  1
        2015091021  2993450      10.96      98.43  1
        2015091100  3101676      11.08      97.94  1
        2015091103  3064218      11.12      97.47  1
        2015091106  3023219      11.20      96.92  1
        2015091109  2995094      11.34      96.22  1
        2015091112  2898810      11.44      95.62  1
        2015091115  2835116      11.53      95.20  1
        2015091118  2861535      11.66      94.80  1
        2015091121  2827938      11.97      94.26  1
        2015091200  2775299      12.18      93.74  1
        2015091203  2736930      12.41      93.28  1
        2015091206  2759112      12.59      92.81  1
        2015091209  2745253      12.85      92.50  1
        2015091212  2690519      12.99      92.21  1
        2015091215  2604079      13.08      92.07  1
        2015091218  2597448      13.20      92.00  1
        2015091221  2433109      13.22      91.71  1
        2015091300  2311681      13.20      91.39  1
        2015091303  2120890      13.14      91.15  1
        2015091306  2024213      13.13      91.09  1
        2015091309  1886280      13.22      91.15  1
        2015091312  1720366      13.23      91.05  1
        2015091315  1660867      13.27      91.28  1
        2015091318  1672132      13.39      91.45  1
        2015091321  1652878      13.59      91.54  1
        2015091400  1624900      13.75      91.56  1
        2015091403  3892091      13.58     103.23  1
        2015091406  4208203      13.62     103.19  1
        2015091409  4463456      13.65     103.23  1
        2015091412  4568753      13.65     103.37  1
        2015091415  4651558      13.61     103.47  1
        2015091418  5002349      13.59     103.11  1
        2015091421  5117720      13.59     103.04  1
        2015091500  5200269      13.52     103.10  1
        2015091503  5230361      13.40     103.49  1
        2015091506  5291798      13.25     104.03  1
        2015091509  4343294      12.25     108.37  1
        2015091512  4384218      12.17     108.48  1
        2015091515  4454142      12.07     108.44  1
        2015091518  4560712      11.94     108.29  1
        2015091521  4557997      11.86     108.21  1
        2015091600  4601785      11.85     108.05  1
        2015091603  4628844      11.84     107.68  1
        2015091606  4741046      11.83     107.26  1
        2015091609  4725743      11.83     106.92  1
        2015091612  4671778      11.80     106.55  1
        2015091615  4681692      11.78     106.04  1
        2015091618  4773289      11.68     105.36  1
        2015091621  4736953      11.55     104.97  1
        2015091700  4664369      11.47     104.58  1
        2015091703  4619116      11.38     104.11  1
        2015091706  4616724      11.31     103.36  1
        2015091709  4499765      11.26     102.81  1
        2015091712  4414944      11.29     102.30  1
        2015091715  4417872      11.39     101.80  1
        2015091718  4635978      11.67     100.87  1
        2015091721  4542050      11.76     100.32  1
        2015091800  4501204      11.82      99.85  1
        2015091803  4438930      11.90      99.29  1
        2015091806  4449926      12.01      98.58  1
        2015091809  4441209      12.17      97.91  1
        2015091812  4402271      12.28      97.38  1
        2015091815  4397227      12.40      96.93  1
        2015091818  4462954      12.61      96.41  1
        2015091821  4416225      12.78      95.96  1
        2015091900  4401709      12.92      95.45  1
        2015091903  4375375      13.05      94.95  1
        2015091906  4402610      13.15      94.37  1
        2015091909  4438942      13.40      93.84  1
        2015091912  4410263      13.54      93.33  1
        2015091915  4357083      13.70      92.93  1
        2015091918  4267155      13.86      92.50  1
        2015091921  4057488      14.08      92.16  1
        2015092000  3969351      14.24      91.81  1
        2015092003  3880949      14.42      91.53  1
        2015092006  3769573      14.48      91.22  1
        2015092009  3635863      14.73      90.81  1
        2015092012  5375400      10.44      85.40  1
        2015092015  5400399      10.01      84.78  1
        2015092018  5385176       9.36      84.13  1
        2015092021  5113693       8.50      83.13  1
        2015092100  4911896       8.10      82.79  1
        2015092103  4794029       7.58      82.30  1
        2015092106  4477278       7.15      81.83  1
        2015092109  2610060       0.37      77.03  1
        2015092112  2580112       0.18      77.02  1
        2015092115  2496277      -0.02      77.04  1
        2015092118  2428580      -0.16      77.05  1
        2015092121  2368618      -0.36      77.02  1
        2015092200  2288624      -0.46      77.02  1
        2015092203  2210934      -0.59      77.11  1
        2015092206  2124777      -0.71      77.13  1
        2015092209  2044690      -0.79      77.08  1
        2015092212  1938519      -0.84      77.23  1
        2015092215  1780667      -0.95      77.45  1
        2015092218  1699017      -1.06      77.67  1
        2015092221  1571944      -1.12      77.98  1
        2015092300  1312129      -1.25      78.51  1
        2015092303  1161006      -1.27      78.92  1
        2015092306  1083831      -1.37      79.27  1
        2015092309   945725      -1.37      79.40  1
        2015092312   702644      -1.39      79.37  1
        2015092315   390774      -1.45      79.29  1
LPT    12.0100
        2015091303   550567       3.43     181.81  1
        2015091306   605087       3.72     181.56  1
        2015091309   680353       4.01     181.19  1
        2015091312   824803       4.31     180.69  1
        2015091315   951680       4.40     180.43  1
        2015091318  1115303       4.61     180.47  1
        2015091321  2201264       5.58     188.84  1
        2015091400  2361502       5.68     188.48  1
        2015091403  2428162       5.72     187.91  1
        2015091406  2449146       5.85     187.73  1
        2015091409  2510814       5.97     187.90  1
        2015091412  2556371       6.09     188.19  1
        2015091415  2589995       6.12     188.10  1
        2015091418  2425298       6.24     188.23  1
        2015091421  2233153       6.29     188.81  1
        2015091500  1328317       6.41     196.16  1
        2015091503  1330509       6.40     196.37  1
        2015091506  1401783       6.39     196.49  1
        2015091509  1511424       6.36     196.67  1
        2015091512  1684702       6.32     196.77  1
        2015091515  1752348       6.24     197.07  1
        2015091518  1797088       6.15     197.10  1
        2015091521  1811905       6.08     197.00  1
        2015091600  1832069       6.01     196.92  1
        2015091603  1800840       5.95     196.71  1
        2015091606  1756373       5.95     196.52  1
        2015091609  1739578       5.93     196.33  1
        2015091612  1723474       5.94     196.04  1
        2015091615  1676553       5.99     195.75  1
        2015091618  1627388       6.02     195.56  1
        2015091621  1513896       6.01     195.49  1
        2015091700  1460910       6.03     195.40  1
        2015091703  1361857       6.07     195.39  1
        2015091706  1264240       6.15     195.22  1
        2015091709  1157291       6.29     194.94  1
        2015091712  1036954       6.60     194.47  1
        2015091715   808155       7.25     193.57  1
        2015091718   375260       9.12     190.99  1
        2015091721   310782      10.40     189.65  1
        2015091800   359095      11.27     189.27  1
        2015091803   396612      12.04     189.02  1
        2015091806   424464      12.55     188.95  1
        2015091809   483677      13.11     188.94  1
        2015091812   572555      13.67     188.97  1
        2015091815   680908      14.30     188.62  1
        2015091818   752676      14.75     188.35  1
        2015091821   829100      15.24     188.10  1
        2015091900   905939      15.71     188.06  1
        2015091903   906538      16.08     188.06  1
        2015091906   944262      16.40     188.09  1
        2015091909  1039032      16.66     188.06  1
        2015091912  1169889      16.88     188.07  1
        2015091915  1285071      17.19     188.10  1
        2015091918  1355281      17.36     188.11  1
        2015091921  1444065      17.57     188.17  1
        2015092000  1534158      17.77     188.28  1
        2015092003  1557145      17.99     188.31  1
        2015092006  1571839      18.22     188.39  1
        2015092009  1618388      18.48     188.48  1
        2015092012  1637209      18.80     188.60  1
        2015092015  1634970      19.10     188.65  1
        2015092018  1625920      19.42     188.70  1
        2015092021  1629314      19.72     188.77  1
        2015092100  1696358      20.15     188.84  1
        2015092103  1703170      20.44     188.85  1
        2015092106  1709752      20.74     188.90  1
        2015092109  1793129      21.15     188.94  1
        2015092112  1873155      21.55     188.96  1
        2015092115  1873702      21.77     188.96  1
        2015092118  1832362      22.09     189.09  1
        2015092121  1800452      22.40     189.18  1
        2015092200  1800251      22.94     189.28  1
        2015092203  1871910      23.82     189.18  1
        2015092206  2119806      25.35     188.59  1
        2015092209  2241892      26.18     188.32  1
        2015092212  2325995      27.07     188.00  1
        2015092215  2378232      27.99     187.62  1
        2015092218  2367523      28.77     187.33  1
        2015092221  2327484      29.48     187.04  1
        2015092300  2263878      30.27     186.76  1
        2015092303  2225748      30.97     186.54  1
        2015092306  2220795      31.48     186.39  1
        2015092309  2213058      32.06     186.21  1
        2015092312  2166159      32.76     186.08  1
        2015092315  2037241      33.21     185.94  1
        2015092318  1924752      33.68     185.79  1
        2015092321  1754545      34.26     185.56  1
        2015092400  1554365      35.14     185.14  1
        2015092403  1235354      36.67     184.20  1
        2015092406  1102263      37.22     183.85  1
        2015092409   992069      37.49     183.66  1
        2015092412   874274      37.68     183.42  1
        2015092415   786187      37.81     183.30  1
        2015092418   711413      37.92     183.30  1
        2015092421   595117      38.00     183.28  1
        2015092500   494205      38.09     183.25  1
        2015092503   374547      38.20     183.17  1
        2015092506   252157      38.32     183.15  1
LPT    13.0100
        2015091515   403919      -1.41     152.82  1
        2015091518   453293      -1.66     153.56  1
        2015091521   622994      -2.05     154.82  1
        2015091600   784911      -2.33     155.89  1
        2015091603   982986      -2.56     156.65  1
        2015091606  1166364      -2.71     157.24  1
        2015091609  1303505      -2.76     157.57  1
        2015091612  1425278      -2.74     157.74  1
        2015091615  1621941      -2.60     157.81  1
        2015091618  1762425      -2.41     157.62  1
        2015091621  1804956      -2.30     157.75  1
        2015091700  1821314      -2.13     158.03  1
        2015091703  1904611      -1.98     158.33  1
        2015091706  1978611      -1.79     158.71  1
        2015091709  2054905      -1.57     158.98  1
        2015091712  2171985      -1.22     159.28  1
        2015091715  2372864      -0.69     159.62  1
        2015091718  2509528      -0.13     159.81  1
        2015091721  2581472       0.28     159.80  1
        2015091800  2697902       0.70     159.71  1
        2015091803  2880215       1.19     159.42  1
        2015091806  3146645       1.57     159.05  1
        2015091809  3281694       1.93     158.89  1
        2015091812  3432914       2.41     158.63  1
        2015091815  3595727       2.77     158.45  1
        2015091818  3713214       3.13     158.34  1
        2015091821  3827568       3.46     158.27  1
        2015091900  3927217       3.80     158.11  1
        2015091903  4057023       4.19     157.97  1
        2015091906  4164841       4.49     157.91  1
        2015091909  4280779       4.69     157.90  1
        2015091912  4449258       4.75     157.99  1
        2015091915  5401035       3.67     160.06  1
        2015091918  5733051       3.36     160.63  1
        2015091921  6036459       3.09     161.17  1
        2015092000  6332014       2.86     161.49  1
        2015092003  6580500       2.72     161.59  1
        2015092006  6711742       2.62     161.68  1
        2015092009  6821760       2.45     161.81  1
        2015092012  6934894       2.36     161.87  1
        2015092015  7095256       2.26     161.92  1
        2015092018  7115614       2.18     161.94  1
        2015092021  7005874       2.11     162.03  1
        2015092100  7027967       2.09     162.05  1
        2015092103  7017285       2.01     162.16  1
        2015092106  6777887       1.88     162.44  1
        2015092109  6374572       1.55     163.00  1
        2015092112  4513621      -2.45     170.02  1
        2015092115  4559953      -2.51     170.35  1
        2015092118  4580595      -2.45     170.55  1
        2015092121  4495537      -2.47     170.77  1
        2015092200  4382235      -2.42     170.88  1
        2015092203  4316533      -2.33     171.01  1
        2015092206  4178385      -2.20     171.14  1
        2015092209  4067930      -2.13     171.48  1
        2015092212  4074142      -1.97     171.88  1
        2015092215  4115134      -1.65     171.97  1
        2015092218  3816702      -1.90     172.91  1
        2015092221  3738402      -1.91     173.42  1
        2015092300  3748019      -1.77     173.75  1
        2015092303  3682060      -1.65     174.05  1
        2015092306  3570711      -1.52     174.34  1
        2015092309  3477815      -1.39     174.56  1
        2015092312  3418756      -1.24     174.82  1
        2015092315  3434370      -0.99     175.03  1
        2015092318  3390898      -0.68     175.14  1
        2015092321  3359656      -0.43     175.15  1
        2015092400  3327566      -0.22     175.20  1
        2015092403  3286988       0.01     175.28  1
        2015092406  3225543       0.19     175.40  1
        2015092409  3203935       0.30     175.53  1
        2015092412  3167053       0.39     175.69  1
        2015092415  3245426       0.38     175.97  1
        2015092418  3196053       0.35     176.09  1
        2015092421  3137455       0.27     176.27  1
        2015092500  3098889       0.18     176.32  1
        2015092503  3146492       0.09     176.34  1
        2015092506  3080147       0.03     176.43  1
        2015092509  3151763      -0.05     176.64  1
        2015092512  3257482       0.09     177.12  1
        2015092515  3377515       0.18     177.40  1
        2015092518  3343897       0.31     177.87  1
        2015092521  3258521       0.46     178.44  1
        2015092600  3088918       0.70     179.38  1
        2015092603  2626650       1.21     180.66  1
        2015092606  2335915       1.68     181.83  1
        2015092609  2356496       1.79     182.14  1
        2015092612  2519662       1.76     182.13  1
        2015092615  2728981       1.67     182.05  1
        2015092618  2781935       1.67     182.25  1
        2015092621  2898630       1.44     182.08  1
        2015092700  3033507       1.35     182.04  1
        2015092703  3124467       1.61     182.40  1
        2015092706  3129400       1.86     182.77  1
        2015092709  3206477       2.05     182.90  1
        2015092712  3202893       2.43     183.27  1
        2015092715  3199815       2.80     183.41  1
        2015092718  2976107       3.46     183.90  1
        2015092721  2942144       3.73     183.84  1
        2015092800  2916348       4.05     183.66  1
        2015092803  2925862       4.32     183.41  1
        2015092806  2874519       4.66     183.17  1
        2015092809  2898798       5.06     182.92  1
        2015092812  2866121       5.49     182.43  1
        2015092815  2707009       5.95     181.82  1
        2015092818  2476460       6.50     181.22  1
        2015092821  2257316       7.10     180.83  1
        2015092900  2128425       8.01     180.52  1
        2015092903  1944503       8.99     180.42  1
        2015092906  1910889       9.47     180.44  1
        2015092909  1907027       9.79     180.17  1
        2015092912  1832923      10.03     179.72  1
        2015092915  1847125      10.23     179.21  1
        2015092918  1800494      10.29     178.14  1
        2015092921  1732458      10.38     177.24  1
        2015093000  1709801      10.76     176.78  1
        2015093003  1806648      11.14     176.30  1
        2015093006  1833127      11.37     175.89  1
        2015093009  2010059      11.59     176.11  1
        2015093012  2270090      11.83     176.19  1
        2015093015  2593140      12.06     176.26  1
        2015093018  2878702      12.20     176.63  1
        2015093021  3081127      12.33     176.72  1
        2015100100  3304235      12.34     176.98  1
        2015100103  3538585      12.35     177.14  1
        2015100106  3645427      12.44     177.23  1
        2015100109  3874588      12.53     177.38  1
        2015100112  4158786      12.64     177.56  1
        2015100115  5633173      12.58     182.53  1
        2015100118  5895988      12.64     182.62  1
        2015100121  6130688      12.74     182.66  1
        2015100200  6407329      12.79     182.59  1
        2015100203  6521030      12.89     182.27  1
        2015100206  6580466      12.98     182.01  1
        2015100209  6706202      13.09     181.75  1
        2015100212  6914746      13.19     181.50  1
        2015100215  7029956      13.31     181.04  1
        2015100218  7071533      13.41     180.83  1
        2015100221  7083757      13.53     180.67  1
        2015100300  7109707      13.67     180.44  1
        2015100303  7142375      13.76     180.12  1
        2015100306  7208964      13.86     179.93  1
        2015100309  7317566      13.89     179.96  1
        2015100312  7563787      13.91     180.35  1
        2015100315  7595636      14.01     180.37  1
        2015100318  7590200      14.04     180.59  1
        2015100321  7523063      14.10     180.90  1
        2015100400  7402160      14.18     181.08  2
        2015100403  7215407      14.34     180.84  2
        2015100406  7002663      14.52     180.93  2
        2015100409  6989528      14.56     181.15  2
        2015100412  7004916      14.58     181.77  2
        2015100415  6956855      14.71     181.73  2
        2015100418  6558822      14.89     181.59  2
        2015100421  5915126      15.12     181.20  2
        2015100500  5922296      15.10     181.29  2
        2015100503  5870312      15.27     180.78  2
        2015100506  5827960      15.39     180.42  2
        2015100509  5900730      15.45     180.08  2
        2015100512  5922188      15.44     179.90  2
        2015100515  5835095      15.61     179.20  2
        2015100518  5789846      15.64     178.96  2
        2015100521  5840762      15.74     178.42  2
        2015100600  8747572      10.91     181.13  2
        2015100603  9048501      10.96     180.48  1
        2015100606  9156522      11.02     180.26  1
        2015100609  9249526      11.07     179.91  1
        2015100612  9520218      11.32     179.34  1
        2015100615  9550708      11.97     177.88  1
        2015100618  9714142      12.66     176.74  1
        2015100621  5138306      20.03     158.92  1
        2015100700  5437622      20.52     158.73  1
        2015100703  5654998      21.04     158.41  1
        2015100706  5784698      21.61     158.06  1
        2015100709  6050702      21.84     158.17  1
        2015100712  6264946      22.13     158.26  1
        2015100715  6623762      22.05     158.81  1
        2015100718  6628974      22.60     158.84  1
        2015100721  3148248      11.69     168.64  1
        2015100800  5308446       5.60     167.76  1
        2015100803  5465139       5.14     168.02  1
        2015100806  5523309       4.63     168.23  1
        2015100809  5674129       4.15     168.51  1
        2015100812  5775424       3.67     168.81  1
        2015100815  5986960       3.30     169.03  1
        2015100818  6205996       2.95     169.42  1
        2015100821  6360571       2.63     169.84  1
        2015100900  6495899       2.25     170.40  1
        2015100903  6509726       1.88     170.77  1
        2015100906  6421308       1.56     171.12  1
        2015100909  6503816       1.29     171.55  1
        2015100912  6613108       1.00     171.99  1
        2015100915  6911050       0.91     172.26  1
        2015100918  6941524       0.65     172.81  1
        2015100921  7061415       0.50     173.21  1
        2015101000  7320760       0.31     173.87  1
        2015101003  7490805       0.07     174.30  1
        2015101006  7618692      -0.16     174.60  1
        2015101009  7832094      -0.28     174.91  1
        2015101012  8128487      -0.54     175.28  1
        2015101015  8484264      -0.48     175.27  1
        2015101018  8425965      -0.56     175.54  1
        2015101021  8581757      -0.47     175.62  1
        2015101100  8862414      -0.29     175.93  1
        2015101103  9084786      -0.03     175.97  1
        2015101106  9215188       0.18     176.02  1
        2015101109  9446175       0.42     176.01  1
        2015101112  9905812       0.65     176.07  1
        2015101115 10383818       0.85     175.71  1
        2015101118 10573827       0.91     175.72  1
        2015101121 10671368       0.92     175.50  1
        2015101200 10816571       0.78     175.21  1
        2015101203 10860188       0.74     174.85  1
        2015101206 10845111       0.74     174.48  1
        2015101209 10930554       0.74     174.20  1
        2015101212 11065082       0.69     173.92  1
        2015101215 11188672       0.79     173.51  1
        2015101218 11114818       0.77     173.23  1
        2015101221 10867395       0.72     172.88  1
        2015101300 10494016       0.62     172.58  1
        2015101303 10069150       0.65     171.92  1
        2015101306  9752700       0.56     171.71  1
        2015101309  9675361       0.54     171.72  1
        2015101312  9563028       0.50     171.70  1
        2015101315  9402871       0.72     171.34  1
        2015101318  9336544       0.63     171.55  1
        2015101321  9293725       0.66     171.74  1
        2015101400  9202328       0.69     171.93  1
        2015101403  9088558       0.85     171.78  1
        2015101406  8994893       0.95     171.78  1
        2015101409  8906534       1.06     171.73  1
        2015101412  8957877       1.21     171.54  1
        2015101415  8838195       1.44     171.33  1
        2015101418  8681538       1.42     171.46  1
        2015101421  8618710       1.65     171.20  1
        2015101500  8668100       1.78     171.13  1
        2015101503  8674673       1.98     171.02  1
        2015101506  8593111       2.06     170.99  1
        2015101509  8762682       2.33     170.58  1
        2015101512  8798504       2.40     170.56  1
        2015101515  8790285       2.62     170.31  1
        2015101518  9482915       3.70     166.71  2
        2015101521  9150771       3.57     166.95  3
        2015101600  9139536       3.76     166.78  3
        2015101603  9268441       4.00     166.37  3
        2015101606  9210624       4.22     165.95  3
        2015101609  9241167       4.47     165.61  3
        2015101612  9370727       4.84     165.15  3
        2015101615  9700769       5.25     164.40  3
        2015101618  9716120       5.50     163.72  3
        2015101621  9773292       5.88     163.26  3
        2015101700  9915751       6.36     162.47  2
        2015101703  9976020       6.81     161.78  2
        2015101706  9713034       7.40     160.90  2
        2015101709  9485718       7.99     159.99  2
        2015101712  9112821       9.30     158.34  2
        2015101715  8972525      10.14     156.64  1
        2015101718  8925688      10.51     155.68  1
        2015101721  8704902      10.95     154.67  1
        2015101800  8460180      11.28     153.77  1
        2015101803  8173306      11.66     152.95  1
        2015101806  3404933       7.61     173.37  1
        2015101809  3237714       7.92     173.20  1
        2015101812  3040743       8.49     172.55  1
        2015101815  2760141       9.20     171.80  1
        2015101818  2590034       9.71     171.25  1
        2015101821  2418001      10.22     170.70  1
        2015101900  2235753      10.60     170.23  1
        2015101903  2154554      10.96     169.87  1
        2015101906  2027235      11.21     169.75  1
        2015101909  1935325      11.39     169.76  1
        2015101912  1779953      11.59     169.68  1
        2015101915  1643033      11.88     169.36  1
        2015101918  1475009      12.11     169.18  1
        2015101921  1326657      12.22     168.93  1
        2015102000  1089711      12.26     168.95  1
        2015102003   893598      12.26     168.92  1
        2015102006   652297      12.21     168.97  1
        2015102009   466525      12.27     168.84  1
        2015102012   311429      12.58     168.13  1
LPT    13.0200
        2015091515   403919      -1.41     152.82  1
        2015091518   453293      -1.66     153.56  1
        2015091521   622994      -2.05     154.82  1
        2015091600   784911      -2.33     155.89  1
        2015091603   982986      -2.56     156.65  1
        2015091606  1166364      -2.71     157.24  1
        2015091609  1303505      -2.76     157.57  1
        2015091612  1425278      -2.74     157.74  1
        2015091615  1621941      -2.60     157.81  1
        2015091618  1762425      -2.41     157.62  1
        2015091621  1804956      -2.30     157.75  1
        2015091700  1821314      -2.13     158.03  1
        2015091703  1904611      -1.98     158.33  1
        2015091706  1978611      -1.79     158.71  1
        2015091709  2054905      -1.57     158.98  1
        2015091712  2171985      -1.22     159.28  1
        2015091715  2372864      -0.69     159.62  1
        2015091718  2509528      -0.13     159.81  1
        2015091721  2581472       0.28     159.80  1
        2015091800  2697902       0.70     159.71  1
        2015091803  2880215       1.19     159.42  1
        2015091806  3146645       1.57     159.05  1
        2015091809  3281694       1.93     158.89  1
        2015091812  3432914       2.41     158.63  1
        2015091815  3595727       2.77     158.45  1
        2015091818  3713214       3.13     158.34  1
        2015091821  3827568       3.46     158.27  1
        2015091900  3927217       3.80     158.11  1
        2015091903  4057023       4.19     157.97  1
        2015091906  4164841       4.49     157.91  1
        2015091909  4280779       4.69     157.90  1
        2015091912  4449258       4.75     157.99  1
        2015091915  5401035       3.67     160.06  1
        2015091918  5733051       3.36     160.63  1
        2015091921  6036459       3.09     161.17  1
        2015092000  6332014       2.86     161.49  1
        2015092003  6580500       2.72     161.59  1
        2015092006  6711742       2.62     161.68  1
        2015092009  6821760       2.45     161.81  1
        2015092012  6934894       2.36     161.87  1
        2015092015  7095256       2.26     161.92  1
        2015092018  7115614       2.18     161.94  1
        2015092021  7005874       2.11     162.03  1
        2015092100  7027967       2.09     162.05  1
        2015092103  7017285       2.01     162.16  1
        2015092106  6777887       1.88     162.44  1
        2015092109  6374572       1.55     163.00  1
        2015092112  1534062      12.22     144.11  1
        2015092115  1447476      12.46     143.09  1
        2015092118  1350884      12.62     142.54  1
        2015092121  1308884      12.73     142.21  1
        2015092200  1326138      12.87     141.82  1
        2015092203  1352693      13.10     141.36  1
        2015092206  1310623      13.23     140.82  1
        2015092209  1309868      13.36     140.34  1
        2015092212  1310906      13.45     139.96  1
        2015092215  1374978      13.65     139.44  1
        2015092218  1302099      13.81     138.91  1
        2015092221  1260676      13.99     138.38  1
        2015092300  1193217      14.15     137.99  1
        2015092303  1130856      14.36     137.56  1
        2015092306  1089760      14.66     137.15  1
        2015092309  1079060      14.86     136.83  1
        2015092312  1086347      15.04     136.60  1
        2015092315  1127267      15.19     136.21  1
        2015092318  1111407      15.37     135.87  1
        2015092321  1113077      15.47     135.54  1
        2015092400  1138035      15.53     135.24  1
        2015092403  1125847      15.58     134.88  1
        2015092406  1141430      15.71     134.58  1
        2015092409  1133136      15.86     134.41  1
        2015092412  1134340      16.04     134.26  1
        2015092415  1107665      16.17     134.13  1
        2015092418  1134107      16.20     133.87  1
        2015092421  1157623      16.22     133.66  1
        2015092500  1186408      16.24     133.52  1
        2015092503  1187927      16.23     133.30  1
        2015092506  1178341      16.22     132.95  1
        2015092509  1156503      16.28     132.76  1
        2015092512  1146909      16.40     132.65  1
        2015092515  1199609      16.49     132.63  1
        2015092518  1155399      16.47     132.40  1
        2015092521  1178942      16.49     132.46  1
        2015092600  1157336      16.52     132.41  1
        2015092603  1182391      16.54     132.37  1
        2015092606  1192259      16.62     132.29  1
        2015092609  1166968      16.64     132.13  1
        2015092612  1174888      16.68     131.96  1
        2015092615  1207053      16.73     131.70  1
        2015092618  1190637      16.87     131.47  1
        2015092621  1162977      16.93     131.26  1
        2015092700  1138200      17.12     131.04  1
        2015092703  1094271      17.32     130.85  1
        2015092706  1046029      17.52     130.67  1
        2015092709   978093      17.70     130.40  1
        2015092712   930291      17.85     130.22  1
        2015092715   901404      18.04     129.89  1
        2015092718   937945      18.21     129.64  1
        2015092721   864651      18.50     129.35  1
        2015092800   836459      18.88     128.94  1
        2015092803   793989      19.22     128.59  1
        2015092806   756566      19.59     128.20  1
        2015092809   666203      19.99     127.70  1
        2015092812   634892      20.38     127.34  1
        2015092815   583694      20.71     126.97  1
        2015092818   541788      21.12     126.58  1
        2015092821   490898      21.48     126.21  1
        2015092900   509795      21.82     125.92  1
        2015092903   523915      22.07     125.59  1
        2015092906   528545      22.36     125.18  1
        2015092909   494831      22.61     124.78  1
        2015092912   460645      22.81     124.44  1
        2015092915   400752      23.09     124.13  1
        2015092918   321647      23.49     123.76  1
LPT    14.0100
        2015092409   457794      10.65     273.59  1
        2015092412   655104      10.65     273.27  1
        2015092415   821958      10.68     272.92  1
        2015092418   965263      10.71     272.82  1
        2015092421  1146557      10.70     272.54  1
        2015092500  1221060      10.66     272.24  1
        2015092503  1308340      10.65     271.84  1
        2015092506  1349393      10.64     271.41  1
        2015092509  1425084      10.68     270.90  1
        2015092512  1420315      10.73     270.32  1
        2015092515  1399259      10.85     269.84  1
        2015092518  1359213      10.98     269.55  1
        2015092521  1387780      11.18     269.41  1
        2015092600  1378988      11.28     269.03  1
        2015092603  1386671      11.41     268.71  1
        2015092606  1369936      11.43     268.26  1
        2015092609  1429011      11.57     268.03  1
        2015092612  1460458      11.76     267.64  1
        2015092615  1526110      12.02     267.46  1
        2015092618  1458135      12.16     266.79  1
        2015092621  1476029      12.19     265.83  1
        2015092700  1391618      12.19     265.03  1
        2015092703  1401433      12.20     264.15  1
        2015092706  1349123      12.25     263.34  1
        2015092709  1420587      12.53     262.98  1
        2015092712   952560      11.56     258.52  1
        2015092715   995815      11.71     258.00  1
        2015092718  1030017      11.85     257.64  1
        2015092721  1142426      12.05     257.42  1
        2015092800  1200389      12.24     257.21  1
        2015092803  1252244      12.42     257.05  1
        2015092806  1358136      12.62     256.82  1
        2015092809  1407641      12.78     256.69  1
        2015092812  1398162      12.86     256.47  1
        2015092815  1457956      13.04     256.32  1
        2015092818  1469523      13.12     256.15  1
        2015092821  1497904      13.15     256.03  1
        2015092900  1495470      13.18     255.89  1
        2015092903  1474460      13.19     255.80  1
        2015092906  1461856      13.17     255.73  1
        2015092909  1453470      13.20     255.87  1
        2015092912  1449891      13.17     255.78  1
        2015092915  1443433      13.13     255.59  1
        2015092918  1415047      13.11     255.32  1
        2015092921  1455481      13.01     254.93  1
        2015093000  1455167      12.94     254.53  1
        2015093003  1533805      12.75     253.77  1
        2015093006  1522349      12.54     252.87  1
        2015093009  1540873      12.35     251.97  1
        2015093012  1437348      12.27     251.41  1
        2015093015  1361686      12.18     250.84  1
        2015093018  1210554      12.08     250.00  1
        2015093021  1096414      11.94     249.10  1
        2015100100   832733      11.71     247.91  1
        2015100103   574299      11.27     245.95  1
        2015100106   470358      10.90     244.30  1
        2015100109   459199      10.75     243.53  1
        2015100112   463073      10.70     243.08  1
        2015100115   426010      10.61     242.67  1
        2015100118   393464      10.53     242.19  1
        2015100121   369271      10.43     241.72  1
        2015100200   395932      10.37     241.23  1
        2015100203   376261      10.30     240.81  1
        2015100206   402149      10.26     240.39  1
        2015100209   403625      10.29     240.12  1
        2015100212   364852      10.31     239.92  1
LPT    15.0100
        2015092806   446055      30.46     291.62  1
        2015092809   629961      30.31     291.95  1
        2015092812   730560      30.13     292.36  1
        2015092815   774577      29.97     292.81  1
        2015092818   807037      29.84     293.14  1
        2015092821   839405      29.73     293.36  1
        2015092900   900329      29.59     293.48  1
        2015092903   971011      29.42     293.68  1
        2015092906  1056251      29.30     293.84  1
        2015092909  1134244      29.18     293.98  1
        2015092912  1192748      29.13     294.18  1
        2015092915  1224364      29.02     294.27  1
        2015092918  1279252      28.84     294.44  1
        2015092921  1263444      28.70     294.54  1
        2015093000  1302332      28.51     294.51  1
        2015093003  1314423      28.36     294.60  1
        2015093006  1360714      28.19     294.71  1
        2015093009  1365654      28.08     294.97  1
        2015093012  1415384      27.93     295.13  1
        2015093015  1436885      27.75     295.29  1
        2015093018  1541392      27.56     295.79  1
        2015093021  1575019      27.37     295.87  1
        2015100100  1585526      27.17     296.00  1
        2015100103  1581235      26.94     295.84  1
        2015100106  1645233      26.65     295.59  1
        2015100109  1651701      26.35     295.27  1
        2015100112  1662417      26.09     295.02  1
        2015100115  1747562      25.86     294.77  1
        2015100118  3922268      34.40     291.62  1
        2015100121  3375482      35.93     288.89  1
        2015100200  3483789      35.86     288.74  1
        2015100203  3629465      35.69     288.55  1
        2015100206  3799529      35.36     288.30  1
        2015100209  3970284      35.24     288.10  1
        2015100212  4107499      35.13     287.98  1
        2015100215  4207447      35.04     287.90  1
        2015100218  4294681      34.94     287.93  1
        2015100221  4329074      34.83     287.98  1
        2015100300  4365063      34.68     288.02  1
        2015100303  4429166      34.40     288.05  1
        2015100306  4495218      34.02     288.10  1
        2015100309  4545459      33.60     288.16  1
        2015100312  4592538      33.15     288.15  1
        2015100315  4598509      32.68     288.09  1
        2015100318  4535536      31.89     288.06  1
        2015100321  4130259      29.95     287.27  1
        2015100400  3936322      29.20     287.05  1
        2015100403  3887955      28.92     287.12  1
        2015100406  3824329      28.76     287.21  1
        2015100409  3759100      28.76     287.23  1
        2015100412  3718386      28.80     287.29  1
        2015100415  3638694      28.84     287.44  1
        2015100418  3540059      28.88     287.66  1
        2015100421  3348866      28.99     287.78  1
        2015100500  3227476      29.10     288.02  1
        2015100503  3105463      29.13     288.26  1
        2015100506  2950427      29.13     288.59  1
        2015100509  2804952      29.30     288.96  1
        2015100512  2673996      29.29     289.31  1
        2015100515  2488515      29.21     289.79  1
        2015100518  2303096      29.16     290.26  1
        2015100521  2090895      29.25     290.62  1
        2015100600  1923690      29.43     291.04  1
        2015100603  1800328      29.57     291.49  1
        2015100606  1628432      30.00     291.95  1
        2015100609  1462039      30.50     292.43  1
        2015100612  1323456      31.11     292.89  1
        2015100615  1197956      31.68     293.38  1
        2015100618  1067932      32.31     293.95  1
        2015100621   915418      32.95     294.46  1
        2015100700   772725      33.42     294.94  1
        2015100703   633439      33.70     295.17  1
        2015100706   459911      34.21     295.55  1
        2015100709   357983      34.60     295.78  1
LPT    16.0100
        2015101606   332976      10.87     278.03  1
        2015101609   620401      11.47     277.40  1
        2015101612   898810      11.59     277.11  1
        2015101615  1118597      12.12     276.55  1
        2015101618  1387814      13.02     276.01  1
        2015101621  1500376      13.66     275.34  1
        2015101700  1576161      14.19     274.85  1
        2015101703  1722795      14.35     274.47  1
        2015101706  1876758      14.56     274.13  1
        2015101709  1999968      14.78     273.82  1
        2015101712  2068264      14.94     273.51  1
        2015101715  2131886      15.13     273.17  1
        2015101718  2245839      15.31     272.90  1
        2015101721  2389876      15.43     272.71  1
        2015101800  2493857      15.55     272.50  1
        2015101803  2583378      15.68     272.32  1
        2015101806  2757749      15.70     272.05  1
        2015101809  2869479      15.82     271.70  1
        2015101812  2995588      15.90     271.43  1
        2015101815  3049972      16.01     271.19  1
        2015101818  3117096      16.12     271.01  1
        2015101821  3234732      16.15     270.83  1
        2015101900  3287969      16.23     270.75  1
        2015101903  3340932      16.33     270.67  1
        2015101906  3363597      16.43     270.59  1
        2015101909  3399572      16.49     270.42  1
        2015101912  3412270      16.57     270.28  1
        2015101915  3394731      16.61     270.13  1
        2015101918  3342313      16.63     270.05  1
        2015101921  3289294      16.50     269.82  1
        2015102000  3214175      16.51     269.72  1
        2015102003  3182535      16.46     269.55  1
        2015102006  3132979      16.43     269.44  1
        2015102009  3127458      16.32     269.30  1
        2015102012  3148551      16.24     269.25  1
        2015102015  3107510      16.18     269.16  1
        2015102018  3075443      16.05     269.04  1
        2015102021  3059247      15.85     268.83  1
        2015102100  3005267      15.70     268.72  1
        2015102103  2961055      15.49     268.51  1
        2015102106  2973741      15.22     268.34  1
        2015102109  2964373      15.00     268.14  1
        2015102112  2951129      14.77     268.08  1
        2015102115  2950736      14.54     267.92  1
        2015102118  3008530      14.18     267.61  1
        2015102121  3045137      13.92     267.24  1
        2015102200  3076593      13.53     266.60  1
        2015102203  3100966      13.24     265.90  1
        2015102206  3254638      12.86     264.90  1
        2015102209  3412654      12.58     264.00  1
        2015102212  3432795      12.28     263.27  1
        2015102215  3495836      11.98     262.06  1
        2015102218  3491566      11.81     261.27  1
        2015102221  3558652      11.70     260.47  1
        2015102300  3509774      11.69     259.85  1
        2015102303  3488546      11.70     259.26  1
        2015102306  3496654      11.81     258.64  1
        2015102309  3547917      11.91     257.93  1
        2015102312  3533251      12.09     257.35  1
        2015102315  3503747      12.24     256.72  1
        2015102318  3522085      12.47     256.23  1
        2015102321  3593161      12.67     255.70  1
        2015102400  3541187      12.86     255.22  1
        2015102403  3572210      12.97     254.81  1
        2015102406  3590292      13.14     254.45  1
        2015102409  3626831      13.26     254.11  1
        2015102412  3586949      13.49     253.97  1
        2015102415  4035750      15.64     254.90  1
        2015102418  4256909      16.77     255.37  1
        2015102421  4336923      17.44     255.57  1
        2015102500  4323260      18.09     255.97  1
        2015102503  4356001      18.70     256.27  1
        2015102506  4297253      18.99     256.45  1
        2015102509  4087130      19.35     256.73  1
        2015102512  3874299      19.72     257.06  1
        2015102515  3766913      20.20     257.53  1
        2015102518  3519083      20.94     258.22  1
        2015102521  3362825      21.33     258.61  1
        2015102600  3100383      22.08     259.28  1
        2015102603  2966815      22.52     259.66  1
        2015102606  2789392      22.89     260.02  1
        2015102609  1479274      29.57     265.28  1
        2015102612  1450411      29.73     265.58  1
        2015102615  1419663      29.82     265.91  1
        2015102618  1373077      29.86     266.15  1
        2015102621  1305195      29.90     266.40  1
        2015102700  1261774      29.95     266.64  1
        2015102703  1218846      29.97     266.89  1
        2015102706  1166506      30.05     267.11  1
        2015102709  1066015      30.09     267.51  1
        2015102712   968148      30.20     267.88  1
        2015102715   880360      30.25     268.29  1
        2015102718   762555      30.40     268.71  1
        2015102721   646103      30.60     269.27  1
        2015102800   545882      30.93     269.73  1
        2015102803   388501      31.36     270.33  1
LPT    17.0100
        2015101912   353952      37.16     303.28  1
        2015101915   737662      37.34     303.63  1
        2015101918  1073688      37.45     303.93  1
        2015101921  1273537      37.52     304.21  1
        2015102000  1454824      37.79     304.59  1
        2015102003  1553643      37.91     304.83  1
        2015102006  1748921      38.57     305.50  1
        2015102009  1834139      39.14     306.12  1
        2015102012  1873166      39.24     306.48  1
        2015102015  1877849      39.22     306.68  1
        2015102018  1833537      38.97     306.62  1
        2015102021  1832128      38.39     306.24  1
        2015102100  1849655      37.90     305.90  1
        2015102103  1905899      37.40     305.69  1
        2015102106  1898096      37.35     305.86  1
        2015102109  1931758      37.10     305.83  1
        2015102112  2084367      36.92     305.82  1
        2015102115  2075966      36.59     305.83  1
        2015102118  2045702      35.65     305.38  1
        2015102121  1793529      34.20     304.62  1
        2015102200  1445471      30.56     302.35  1
        2015102203  1387926      29.37     301.69  1
        2015102206  1278953      28.26     300.93  1
        2015102209  1286565      27.92     300.67  1
        2015102212  1322196      27.69     300.45  1
        2015102215  1327410      27.43     300.20  1
        2015102218  1347232      27.22     299.90  1
        2015102221  1300362      27.12     299.75  1
        2015102300  1269831      27.21     299.76  1
        2015102303  1225903      27.40     299.91  1
        2015102306  1220674      27.74     300.14  1
        2015102309  1226461      27.95     300.26  1
        2015102312  1226073      28.22     300.46  1
        2015102315  1216148      28.61     300.64  1
        2015102318  1249114      29.02     300.86  1
        2015102321  1257147      29.40     301.08  1
        2015102400  1296121      29.81     301.26  1
        2015102403  1337326      30.03     301.37  1
        2015102406  1374691      30.31     301.51  1
        2015102409  1396689      30.49     301.60  1
        2015102412  1392325      30.69     301.75  1
        2015102415  1351941      30.78     301.78  1
        2015102418  1309589      30.93     301.90  1
        2015102421  1221643      31.14     302.04  1
        2015102500  1180818      31.24     302.08  1
        2015102503  1142195      31.32     302.06  1
        2015102506  1087593      31.60     302.17  1
        2015102509  1013321      31.97     302.40  1
        2015102512   926921      32.43     302.67  1
        2015102515   852248      33.02     303.01  1
        2015102518   782060      33.71     303.44  1
        2015102521   662001      34.30     303.80  1
        2015102600   603593      34.80     304.16  1
        2015102603   576471      35.32     304.62  1
        2015102606   547377      35.71     305.09  1
        2015102609   460913      36.25     305.67  1
        2015102612   421330      36.66     306.15  1
        2015102615   365181      37.13     306.71  1
        2015102618   295248      37.69     307.42  1
LPT    18.0100
        2015101918   470868      -2.44      67.14  1
        2015101921   862006      -2.52      67.24  1
        2015102000  1104877      -2.61      66.85  1
        2015102003  1245012      -2.76      66.70  1
        2015102006  1407418      -2.91      66.30  1
        2015102009  1614437      -3.04      65.95  1
        2015102012  1758453      -3.02      65.77  1
        2015102015  1891832      -2.90      65.72  1
        2015102018  2183965      -2.68      65.70  1
        2015102021  2615561      -2.38      65.66  1
        2015102100  2854452      -2.24      65.53  1
        2015102103  3028143      -1.98      65.57  1
        2015102106  3222396      -1.81      65.68  1
        2015102109  3516397      -1.66      65.74  1
        2015102112  3638858      -1.51      65.78  1
        2015102115  3724091      -1.44      65.76  1
        2015102118  3840193      -1.31      65.85  1
        2015102121  3975502      -1.15      65.78  1
        2015102200  3966946      -1.03      65.76  1
        2015102203  3980626      -0.94      65.70  1
        2015102206  3992729      -0.80      65.65  1
        2015102209  3994882      -0.62      65.61  1
        2015102212  3960808      -0.50      65.63  1
        2015102215  3998180      -0.36      65.57  1
        2015102218  4022534      -0.26      65.55  1
        2015102221  4089059      -0.19      65.51  1
        2015102300  4019035      -0.17      65.50  1
        2015102303  4063578      -0.17      65.66  1
        2015102306  4034432      -0.12      65.70  1
        2015102309  4040801      -0.07      65.85  1
        2015102312  4040378       0.03      66.04  1
        2015102315  4044428       0.07      66.22  1
        2015102318  4096185       0.12      66.46  1
        2015102321  4212720       0.24      67.02  1
        2015102400  4199428       0.39      67.74  1
        2015102403  4300883       0.58      68.76  1
        2015102406  4459749       0.68      69.56  1
        2015102409  4496712       0.78      69.95  1
        2015102412  4470040       0.89      70.46  1
        2015102415  4532292       0.94      70.82  1
        2015102418  4629838       1.09      71.28  1
        2015102421  4714075       1.30      71.66  1
        2015102500  4646139       1.50      72.21  1
        2015102503  4657528       1.64      72.76  1
        2015102506  4679562       1.87      73.25  1
        2015102509  4723080       2.07      73.87  1
        2015102512  4710733       2.20      74.45  1
        2015102515  4763738       2.29      74.93  1
        2015102518  4806678       2.39      75.42  1
        2015102521  4920214       2.52      75.80  1
        2015102600  4875393       2.68      76.26  1
        2015102603  4885753       2.84      76.39  1
        2015102606  4859876       3.09      76.65  1
        2015102609  4864669       3.26      76.62  1
        2015102612  4882577       3.42      76.70  1
        2015102615  4828075       3.58      76.68  1
        2015102618  4860469       3.75      76.85  1
        2015102621  4768962       3.90      76.81  1
        2015102700  4630557       4.07      76.87  1
        2015102703  4526113       4.19      76.86  1
        2015102706  4458386       4.37      76.97  1
        2015102709  4394293       4.57      77.04  1
        2015102712  4352633       4.74      77.22  1
        2015102715  4326046       4.84      77.40  1
        2015102718  4319441       4.93      77.74  1
        2015102721  4448824       4.99      78.14  1
        2015102800  4475100       4.99      78.89  1
        2015102803  4513654       4.98      79.26  1
        2015102806  4603280       5.02      79.77  1
        2015102809  4676869       5.03      80.46  1
        2015102812  4566896       5.08      80.93  1
        2015102815  4503106       5.08      81.48  1
        2015102818  4323014       5.15      81.87  1
        2015102821  4222074       5.26      82.20  1
        2015102900  2704973       4.49      88.74  1
        2015102903  2603057       4.59      88.72  1
        2015102906  2518163       4.68      88.63  1
        2015102909  2384414       4.90      88.50  1
        2015102912  2259628       5.18      88.19  1
        2015102915  2091536       5.54      87.73  1
        2015102918  1937571       5.86      87.37  1
        2015102921  1810817       6.48      86.63  1
        2015103000  1744120       7.09      86.55  1
        2015103003  1633517       7.79      86.41  1
        2015103006  1612634       8.40      86.43  1
        2015103009  1534361       9.05      86.39  1
        2015103012  1517112       9.66      86.40  1
        2015103015  1511108      10.27      86.31  1
        2015103018  1507262      10.73      86.20  1
        2015103021  1601383      11.22      85.93  1
        2015103100  1664680      11.87      85.89  1
        2015103103  1733868      12.56      85.84  1
        2015103106  1821686      13.10      85.86  1
        2015103109  1882947      13.50      85.82  1
        2015103112  1935708      13.83      85.80  1
        2015103115  2011171      14.00      85.79  1
        2015103118  2083275      14.19      85.78  1
        2015103121  2228979      14.31      85.77  1
        2015110100  2238664      14.54      85.83  1
        2015110103  2256628      14.76      85.91  1
        2015110106  2294433      14.98      86.00  1
        2015110109  2315664      15.09      86.00  1
        2015110112  2350102      15.05      85.86  1
        2015110115  2325921      15.02      85.74  1
        2015110118  2272157      14.90      85.47  1
        2015110121  2330444      14.64      85.13  1
        2015110200  2245666      14.49      84.82  1
        2015110203  2192255      14.31      84.51  1
        2015110206  2064698      14.25      84.33  1
        2015110209  2010022      14.01      84.00  1
        2015110212  1965460      13.62      83.52  1
        2015110215  1853314      13.31      83.15  1
        2015110218  1657371      13.04      82.82  1
        2015110221  1546933      12.71      82.51  1
        2015110300  1159617      12.99      82.87  1
        2015110303   452286      14.91      85.30  1
LPT    19.0100
        2015110318   393129       7.27     111.77  1
        2015110321   526146       7.50     111.61  1
        2015110400   665070       7.76     111.67  1
        2015110403   738865       7.99     111.66  1
        2015110406   895619       8.31     111.50  1
        2015110409   962245       8.54     111.23  1
        2015110412  1003579       8.78     111.00  1
        2015110415  1064668       9.02     110.80  1
        2015110418  1101962       9.27     110.60  1
        2015110421  1170919       9.58     110.37  1
        2015110500  1159126       9.90     110.28  1
        2015110503  1245390      10.36     110.06  1
        2015110506  1272717      10.71     109.84  1
        2015110509  1268409      11.01     109.68  1
        2015110512  1262934      11.22     109.43  1
        2015110515  1216339      11.33     109.32  1
        2015110518  1159381      11.39     109.25  1
        2015110521  1092440      11.49     109.26  1
        2015110600  1001873      11.66     109.22  1
        2015110603   932532      11.83     109.10  1
        2015110606   926723      11.98     108.83  1
        2015110609  2796062       6.93      97.73  1
        2015110612  2916591       7.12      97.63  1
        2015110615  2953128       7.16      97.15  1
        2015110618  3004361       7.26      96.76  1
        2015110621  2059299       4.82      90.71  1
        2015110700  1979786       4.93      90.05  1
        2015110703  1897150       5.05      89.64  1
        2015110706  1861417       5.18      89.31  1
        2015110709  1790070       5.41      88.89  1
        2015110712  1784000       5.63      88.53  1
        2015110715  1768736       5.86      88.07  1
        2015110718  1748156       6.06      87.56  1
        2015110721  1848692       6.27      87.03  1
        2015110800  1947956       6.37      86.40  1
        2015110803  2004273       6.46      85.73  1
        2015110806  2148968       6.46      85.01  1
        2015110809  2278107       6.48      84.33  1
        2015110812  2353554       6.51      83.73  1
        2015110815  2453300       6.57      83.26  1
        2015110818  2584035       6.68      82.77  1
        2015110821  2728438       6.77      82.34  1
        2015110900  2830558       6.90      82.10  1
        2015110903  2933180       7.16      81.83  1
        2015110906  3042712       7.39      81.66  1
        2015110909  3123457       7.57      81.51  1
        2015110912  3134705       7.67      81.38  1
        2015110915  3142962       7.76      81.35  1
        2015110918  3163021       7.88      81.21  1
        2015110921  3119457       7.98      81.21  1
        2015111000  3010192       8.23      81.37  1
        2015111003  2919026       8.42      81.49  1
        2015111006  2805879       8.71      81.71  1
        2015111009  2704472       8.99      81.99  1
        2015111012  2589880       9.23      82.36  1
        2015111015  2478843       9.37      82.57  1
        2015111018  2456530       9.43      82.94  1
        2015111021  2474484       9.25      83.26  1
        2015111100  2563276       8.77      83.56  1
        2015111103  2759299       7.91      84.45  1
        2015111106  3055884       6.99      85.41  1
        2015111109  3254808       6.20      85.84  1
        2015111112  3262747       5.68      86.23  1
        2015111115  3405680       4.97      86.29  1
        2015111118  3671871       4.23      86.20  1
        2015111121  3861939       3.34      85.63  1
        2015111200  3618134       2.46      85.83  1
        2015111203  3273960       1.59      85.99  1
        2015111206  3363836       1.39      85.95  1
        2015111209  3327097       1.27      86.08  1
        2015111212  3389004       1.17      86.13  1
        2015111215  3515334       1.17      86.15  1
        2015111218  3690869       1.16      86.16  1
        2015111221  3897954       1.10      86.03  1
        2015111300  3972442       1.07      85.72  1
        2015111303  3998370       1.01      85.26  1
        2015111306  4111041       0.97      84.85  1
        2015111309  4234444       0.93      84.48  1
        2015111312  4277695       0.90      83.96  1
        2015111315  4363184       0.87      83.50  1
        2015111318  4413046       0.94      83.02  1
        2015111321  4545377       0.96      82.74  1
        2015111400  4553103       1.04      82.54  1
        2015111403  4497330       1.08      82.38  1
        2015111406  4550861       1.26      82.37  1
        2015111409  4540324       1.36      82.35  1
        2015111412  4472121       1.52      82.48  1
        2015111415  4414577       1.69      82.71  1
        2015111418  4311513       1.90      83.04  1
        2015111421  4249767       2.14      83.40  1
        2015111500  4128145       2.36      83.93  1
        2015111503  4108889       2.52      84.17  1
        2015111506  4112394       2.68      84.34  1
        2015111509  4102034       2.77      84.38  1
        2015111512  4147192       2.84      84.43  1
        2015111515  4191355       2.94      84.49  1
        2015111518  4298707       3.07      84.54  1
        2015111521  4299906       3.34      84.53  1
        2015111600  4171357       3.60      84.68  1
        2015111603  4020760       3.87      84.78  1
        2015111606  3887566       4.17      84.92  1
        2015111609  3708333       4.51      85.13  1
        2015111612  3508301       4.88      85.25  1
        2015111615  3339133       5.15      85.39  1
        2015111618  3170769       5.52      85.58  1
        2015111621  3080313       5.47      86.21  1
        2015111700  2839143       5.66      86.75  1
        2015111703  2571869       5.84      87.33  1
        2015111706  1229640      11.27      82.18  1
        2015111709  1043212      12.03      82.03  1
        2015111712   972934      12.49      82.06  1
        2015111715   918094      12.88      82.17  1
        2015111718   873209      13.25      82.29  1
        2015111721   819519      13.59      82.38  1
        2015111800   761267      13.98      82.56  1
        2015111803   737908      14.26      82.71  1
        2015111806   705097      14.47      82.85  1
        2015111809   660377      14.69      83.08  1
        2015111812   592632      14.89      83.24  1
        2015111815   517576      15.08      83.40  1
        2015111818   409912      15.24      83.54  1
LPT    20.0100
        2015110718   440231      -5.98     190.60  1
        2015110721   687404      -6.05     190.02  1
        2015110800   935103      -6.17     189.74  1
        2015110803  1080737      -6.23     189.43  1
        2015110806  1151939      -6.29     189.37  1
        2015110809  1255557      -6.25     189.28  1
        2015110812  1379944      -6.19     189.30  1
        2015110815  1468954      -6.17     189.21  1
        2015110818  1528898      -6.14     189.10  1
        2015110821  1553707      -6.08     188.94  1
        2015110900  1575750      -5.92     188.48  1
        2015110903  1637316      -5.64     187.23  1
        2015110906  1749867      -5.49     186.61  1
        2015110909  1883091      -5.36     185.99  1
        2015110912  2019350      -5.25     185.20  1
        2015110915  2101832      -5.13     184.21  1
        2015110918  2108022      -5.08     183.43  1
        2015110921  2011395      -5.00     182.47  1
        2015111000  1992573      -4.85     181.55  1
        2015111003  1937086      -4.61     180.54  1
        2015111006  1974726      -4.34     179.82  1
        2015111009  1933213      -4.06     179.10  1
        2015111012  1871724      -3.70     178.17  1
        2015111015  1830990      -3.26     176.99  1
        2015111018  1725898      -2.97     176.31  1
        2015111021  1648304      -2.79     176.04  1
        2015111100  1592105      -2.68     175.74  1
        2015111103  1638961      -2.69     175.52  1
        2015111106  1614916      -2.75     175.31  1
        2015111109  1731687      -2.86     175.28  1
        2015111112  1770640      -2.99     175.18  1
        2015111115  1896471      -3.12     175.06  1
        2015111118  1892244      -3.27     175.15  1
        2015111121  1818519      -3.15     175.15  1
        2015111200  1742432      -2.98     175.09  1
        2015111203  1605483      -2.83     175.15  1
        2015111206  1490971      -2.50     175.14  1
        2015111209  1612691      -2.69     175.41  1
        2015111212  1785527      -2.98     175.65  1
        2015111215  1966455      -3.27     175.99  1
        2015111218  1952969      -3.82     176.09  1
        2015111221  1896412      -4.56     176.22  1
        2015111300  1977463      -5.00     176.35  1
        2015111303  1943470      -5.47     176.54  1
        2015111306  1963836      -5.85     176.85  1
        2015111309  1917880      -6.09     176.99  1
        2015111312  2037740      -5.79     176.81  1
        2015111315  2191243      -5.60     176.72  1
        2015111318  2214731      -5.33     176.41  1
        2015111321  2257086      -5.26     176.18  1
        2015111400  2372054      -5.21     175.94  1
        2015111403  2375044      -5.29     175.74  1
        2015111406  2306350      -5.49     175.66  1
        2015111409  2334052      -5.64     175.56  1
        2015111412  2344651      -5.92     175.51  1
        2015111415  2406867      -6.03     175.49  1
        2015111418  2339691      -6.20     175.54  1
        2015111421  2305457      -6.38     175.57  1
        2015111500  2332778      -6.43     175.49  1
        2015111503  2355755      -6.43     175.42  1
        2015111506  2354039      -6.31     175.20  1
        2015111509  2328763      -6.14     174.95  1
        2015111512  2278168      -5.78     174.48  1
        2015111515  2164276      -5.32     173.84  1
        2015111518  2006229      -4.64     172.86  1
        2015111521  1850863      -3.92     171.92  1
        2015111600  1862978      -3.28     171.08  1
        2015111603  1847816      -2.77     170.33  1
        2015111606  1887453      -2.55     169.78  1
        2015111609  2037270      -2.09     169.14  1
        2015111612  2146852      -1.81     168.65  1
        2015111615  2299385      -1.60     167.98  1
        2015111618  2326597      -1.34     167.40  1
        2015111621  2294526      -1.19     166.87  1
        2015111700  2310185      -0.89     166.29  1
        2015111703  2322911      -0.41     165.66  1
        2015111706  2411635       0.02     165.14  1
        2015111709  2467896       0.35     164.87  1
        2015111712  2572530       0.70     164.54  1
        2015111715  2764843       1.08     164.05  1
        2015111718  2854678       1.32     163.79  1
        2015111721  2925975       1.52     163.51  1
        2015111800  2908226       1.68     163.38  1
        2015111803  2859677       1.82     163.26  1
        2015111806  2784902       1.96     163.16  1
        2015111809  2721738       2.05     163.09  1
        2015111812  2707012       2.13     162.99  1
        2015111815  2716731       2.42     162.60  1
        2015111818  2734104       2.68     162.20  1
        2015111821  2667455       3.05     161.58  1
        2015111900  2674256       3.45     160.85  1
        2015111903  2583583       4.03     159.77  1
        2015111906  2478996       4.53     158.78  1
        2015111909  2489433       5.03     157.83  1
        2015111912  2409729       5.56     156.72  1
        2015111915  2491642       6.07     155.92  1
        2015111918  2545679       6.60     155.06  1
        2015111921  2522203       6.85     154.62  1
        2015112000  2504331       7.05     154.26  1
        2015112003  2469554       7.28     153.76  1
        2015112006  2398780       7.52     153.29  1
        2015112009  2286072       7.77     152.81  1
        2015112012  2231950       7.91     152.42  1
        2015112015  2150119       8.11     151.96  1
        2015112018  1944504       8.37     151.40  1
        2015112021  1801430       8.48     151.02  1
        2015112100  1586945       8.54     150.65  1
        2015112103  1448917       8.54     150.38  1
        2015112106  1280176       8.60     150.23  1
        2015112109  1126771       8.63     150.19  1
        2015112112   971673       8.72     150.11  1
        2015112115   805756       8.90     149.81  1
        2015112118   503246       9.23     149.33  1
LPT    21.0100
        2015111115   337317      11.12     278.37  1
        2015111118   458300      11.27     278.47  1
        2015111121   582101      11.44     278.42  1
        2015111200   644308      11.69     278.31  1
        2015111203   663530      11.87     278.19  1
        2015111206   677319      12.09     278.06  1
        2015111209   643814      12.22     277.96  1
        2015111212   595171      12.38     277.88  1
        2015111215   584832      12.62     277.82  1
        2015111218   697641      12.95     277.76  1
        2015111221   758405      13.25     277.66  1
        2015111300   852363      13.43     277.64  1
        2015111303   861428      13.62     277.59  1
        2015111306   887118      13.77     277.57  1
        2015111309   851964      13.96     277.58  1
        2015111312   791005      14.05     277.58  1
        2015111315   719617      14.14     277.57  1
        2015111318   667872      14.18     277.52  1
        2015111321   627823      14.32     277.28  1
        2015111400   578779      14.49     277.00  1
        2015111403   553592      14.70     276.68  1
        2015111406   553650      14.97     276.25  1
        2015111409   520192      15.24     275.90  1
        2015111412   559246      15.40     275.56  1
        2015111415   598871      15.60     275.18  1
        2015111418   683615      15.82     274.80  1
        2015111421   716862      16.08     274.34  1
        2015111500   736795      16.31     273.94  1
        2015111503   693103      16.51     273.69  1
        2015111506   705783      16.68     273.69  1
        2015111509   713501      16.78     273.59  1
        2015111512   800485      16.83     273.64  1
        2015111515   856162      16.92     273.61  1
        2015111518   968008      16.83     273.89  1
        2015111521   938085      16.90     273.76  1
        2015111600   928015      16.84     273.81  1
        2015111603   850653      16.79     273.89  1
        2015111606  1175375      15.28     275.22  1
        2015111609  1356597      14.53     275.80  1
        2015111612  1513426      13.89     276.34  1
        2015111615  1577302      13.60     276.69  1
        2015111618  1699930      13.26     277.05  1
        2015111621  1843180      13.02     277.38  1
        2015111700  1909188      12.71     277.72  1
        2015111703  2021774      12.23     278.11  1
        2015111706  2115538      11.60     278.48  1
        2015111709  2229005      11.06     278.82  1
        2015111712  2360000      10.72     279.03  1
        2015111715  2471754      10.37     279.15  1
        2015111718  2580412      10.13     279.25  1
        2015111721  2590160       9.97     279.37  1
        2015111800  2650693       9.90     279.41  1
        2015111803  2707874       9.79     279.49  1
        2015111806  2802519       9.73     279.56  1
        2015111809  2843582       9.74     279.56  1
        2015111812  2896212       9.80     279.60  1
        2015111815  2858205       9.84     279.62  1
        2015111818  2875726       9.85     279.65  1
        2015111821  2773557       9.71     279.70  1
        2015111900  2681515       9.68     279.69  1
        2015111903  2594230       9.62     279.75  1
        2015111906  2540511       9.53     279.77  1
        2015111909  2388024       9.46     279.77  1
        2015111912  2311208       9.40     279.70  1
        2015111915  2227422       9.34     279.55  1
        2015111918  2167725       9.30     279.49  1
        2015111921  2123374       9.23     279.34  1
        2015112000  2030692       9.10     279.11  1
        2015112003  1980929       9.04     278.93  1
        2015112006  1862398       9.02     278.73  1
        2015112009  1714424       9.09     278.69  1
        2015112012  1547680       9.12     278.54  1
        2015112015  1305453       9.17     278.44  1
        2015112018  1004213       9.33     278.53  1
        2015112021   763315       9.46     278.50  1
        2015112100   640684       9.49     278.24  1
        2015112103   440380       9.50     278.08  1
LPT    22.0100
        2015111321   575444       8.45     234.72  1
        2015111400   828213       8.49     234.71  1
        2015111403  1045677       8.56     234.59  1
        2015111406  1298103       8.63     234.55  1
        2015111409  1649453       8.71     234.17  1
        2015111412  1823264       8.73     233.85  1
        2015111415  2032801       8.75     233.39  1
        2015111418  2217445       8.84     233.23  1
        2015111421  2481283       8.92     232.80  1
        2015111500  2638269       9.02     232.46  1
        2015111503  2773125       9.10     232.28  1
        2015111506  2940053       9.16     231.93  1
        2015111509  3151634       9.22     231.51  1
        2015111512  3166537       9.24     231.10  1
        2015111515  3165629       9.33     231.08  1
        2015111518  3072455       9.44     231.04  1
        2015111521  3006359       9.51     230.97  1
        2015111600  2898137       9.72     231.11  1
        2015111603  2799275       9.90     231.21  1
        2015111606  2735647      10.15     231.41  1
        2015111609  2621857      10.41     231.68  1
        2015111612  2477827      10.70     232.06  1
        2015111615  2442579      10.94     232.40  1
        2015111618  2377204      11.26     233.21  1
        2015111621  2406473      11.48     233.91  1
        2015111700  2358387      11.72     234.68  1
        2015111703  2240794      12.08     235.98  1
        2015111706  2139493      12.49     237.73  1
        2015111709  2179280      12.70     239.03  1
        2015111712  2118954      12.81     240.18  1
        2015111715  2147175      12.86     241.11  1
        2015111718  2134982      12.87     242.00  1
        2015111721  2067840      12.89     242.79  1
        2015111800  2015275      12.87     243.53  1
        2015111803  1997497      12.83     244.06  1
        2015111806  2008372      12.79     244.56  1
        2015111809  2000701      12.71     245.23  1
        2015111812  1950526      12.58     245.85  1
        2015111815  1964092      12.48     246.35  1
        2015111818  1949850      12.38     246.87  1
        2015111821  1947455      12.29     247.34  1
        2015111900  1956123      12.24     247.72  1
        2015111903  1903068      12.18     247.92  1
        2015111906  1876053      12.16     248.17  1
        2015111909  1835592      12.13     248.61  1
        2015111912  1786367      12.05     248.85  1
        2015111915  1682326      12.05     249.08  1
        2015111918  1528803      12.11     249.28  1
        2015111921  1410030      12.03     249.75  1
        2015112000  1239463      12.02     250.10  1
        2015112003  1121770      12.00     250.44  1
        2015112006  1034038      12.04     250.58  1
        2015112009   847619      12.02     250.82  1
        2015112012   686035      12.01     251.41  1
        2015112015   580334      11.99     251.74  1
        2015112018   485907      11.99     252.13  1
        2015112021   352235      11.95     252.58  1
        2015112100   344062      11.83     252.90  1
LPT    23.0100
        2015111721   431270      -3.00      88.40  1
        2015111800   458833      -3.44      87.91  1
        2015111803   473296      -3.78      87.45  1
        2015111806   507079      -3.99      87.01  1
        2015111809   521585      -4.18      86.55  1
        2015111812   465270      -4.33      86.15  1
        2015111815   413599      -4.46      85.84  1
        2015111818   398138      -4.58      85.52  1
        2015111821   341123      -4.66      85.07  1
        2015111900   405716      -4.79      84.62  1
        2015111903   508805      -4.85      84.03  1
        2015111906   684895      -4.95      83.44  1
        2015111909   874723      -5.05      82.74  1
        2015111912  1060490      -5.22      82.05  1
        2015111915  1254596      -5.35      81.50  1
        2015111918  1439998      -5.53      80.98  1
        2015111921  1696096      -5.61      80.53  1
        2015112000  1828575      -5.69      80.18  1
        2015112003  1906568      -5.75      79.84  1
        2015112006  1930643      -5.89      79.52  1
        2015112009  1925806      -5.95      79.31  1
        2015112012  1879397      -6.06      79.08  1
        2015112015  1848369      -6.14      78.84  1
        2015112018  1829834      -6.38      78.44  1
        2015112021  1699175      -6.49      78.24  1
        2015112100  1639733      -6.82      77.84  1
        2015112103  1605766      -7.12      77.57  1
        2015112106  1591651      -7.42      77.31  1
        2015112109  1601213      -7.72      76.97  1
        2015112112  1643975      -7.90      76.67  1
        2015112115  1674262      -8.13      76.49  1
        2015112118  1789464      -8.28      76.28  1
        2015112121  1914989      -8.46      76.02  1
        2015112200  1956016      -8.62      75.79  1
        2015112203  1968969      -8.75      75.57  1
        2015112206  2027545      -8.88      75.33  1
        2015112209  2077584      -9.03      75.09  1
        2015112212  2042785      -9.13      74.87  1
        2015112215  2008664      -9.23      74.69  1
        2015112218  2016057      -9.38      74.50  1
        2015112221  2061992      -9.68      74.43  1
        2015112300  2014729      -9.95      74.31  1
        2015112303  1967081     -10.17      74.33  1
        2015112306  1961385     -10.46      74.43  1
        2015112309  1971911     -10.70      74.51  1
        2015112312  1970988     -10.83      74.53  1
        2015112315  1985622     -10.90      74.57  1
        2015112318  1998469     -10.99      74.59  1
        2015112321  2062302     -11.02      74.63  1
        2015112400  2190836     -10.97      74.61  1
        2015112403  2246116     -10.91      74.62  1
        2015112406  2347006     -10.89      74.65  1
        2015112409  2432003     -10.69      74.55  1
        2015112412  2433115     -10.60      74.51  1
        2015112415  2431182     -10.41      74.34  1
        2015112418  2447003     -10.06      74.10  1
        2015112421  2386265      -9.79      73.85  1
        2015112500  2227535      -9.55      73.64  1
        2015112503  1996661      -9.33      73.48  1
        2015112506  1703362      -9.09      73.35  1
        2015112509  1173694      -8.64      73.03  1
        2015112512   316202      -3.27      69.41  1
LPT    24.0100
        2015112012   404098      -7.02     194.44  1
        2015112015   653789      -7.15     193.95  1
        2015112018   873466      -7.23     193.66  1
        2015112021   916935      -7.30     193.49  1
        2015112100   786860      -7.25     193.44  1
        2015112103   723079      -7.38     193.54  1
        2015112106   644850      -7.46     193.54  1
        2015112109   629315      -7.61     193.54  1
        2015112112   682230      -8.00     193.35  1
        2015112115   743404      -8.40     192.91  1
        2015112118   810556      -8.79     192.23  1
        2015112121   967377      -9.19     191.38  1
        2015112200  1156439      -9.59     190.76  1
        2015112203  1404678      -9.89     189.94  1
        2015112206  1596850     -10.05     189.44  1
        2015112209  1817657     -10.06     189.00  1
        2015112212  2009544     -10.09     188.62  1
        2015112215  2298936     -10.13     188.04  1
        2015112218  2388261     -10.24     187.73  1
        2015112221  2473747     -10.24     187.52  1
        2015112300  2498625     -10.43     187.40  1
        2015112303  2504893     -10.65     187.21  1
        2015112306  2454827     -10.83     187.03  1
        2015112309  2490043     -10.95     186.94  1
        2015112312  2461155     -11.06     186.71  1
        2015112315  2501101     -11.08     186.48  1
        2015112318  2470377     -10.98     186.21  1
        2015112321  2433452     -10.88     185.98  1
        2015112400  2447354     -10.75     185.85  1
        2015112403  2598054     -10.54     186.02  1
        2015112406  2688235     -10.14     186.17  1
        2015112409  3588207      -7.78     189.47  1
        2015112412  4269442      -6.64     190.92  1
        2015112415  4777715      -5.91     191.59  1
        2015112418  4952761      -5.61     191.86  1
        2015112421  5115210      -5.35     192.08  1
        2015112500  5193182      -5.05     192.52  1
        2015112503  5171573      -4.91     192.70  1
        2015112506  5131896      -4.80     192.97  1
        2015112509  5237685      -4.81     193.11  1
        2015112512  5400782      -4.98     193.19  1
        2015112515  5530930      -5.14     193.31  1
        2015112518  5544863      -5.26     193.39  1
        2015112521  5635250      -5.46     193.36  1
        2015112600  5711888      -5.59     193.25  1
        2015112603  5820861      -5.76     193.15  1
        2015112606  5877957      -5.81     193.03  1
        2015112609  6091238      -5.88     192.71  1
        2015112612  6382194      -5.87     192.24  1
        2015112615  6674037      -5.90     191.70  1
        2015112618  6899238      -5.91     191.18  1
        2015112621  7132743      -5.95     190.73  1
        2015112700  7435054      -5.94     190.19  1
        2015112703  7662576      -6.01     189.71  1
        2015112706  7743136      -6.10     189.38  1
        2015112709  7887513      -6.19     189.06  1
        2015112712  7955703      -6.35     188.60  1
        2015112715  7796297      -6.62     187.95  1
        2015112718  7401825      -7.03     187.09  1
        2015112721  7040788      -7.38     186.36  1
        2015112800  6860658      -7.65     185.94  1
        2015112803  6846140      -7.79     185.50  1
        2015112806  7926395      -7.06     181.62  1
        2015112809  8197602      -7.10     181.32  1
        2015112812  8474901      -7.23     181.39  1
        2015112815  8656398      -7.32     181.45  1
        2015112818  8792231      -7.51     181.94  1
        2015112821  8962923      -7.74     182.67  1
        2015112900  9387780      -7.98     183.83  1
        2015112903 10010494      -8.22     185.15  1
        2015112906 10437712      -8.35     185.85  1
        2015112909 10809668      -8.57     186.81  1
        2015112912 11213032      -8.84     187.87  1
        2015112915 11355143      -9.08     188.47  1
        2015112918 11425845      -9.38     189.38  1
        2015112921 11535499      -9.75     190.71  1
        2015113000 11586775     -10.15     192.18  1
        2015113003 11345208     -10.53     193.37  1
        2015113006 10975617     -11.04     195.24  1
        2015113009 10800447     -11.42     197.13  1
        2015113012 10536088     -11.67     198.82  1
        2015113015  9811549     -12.34     202.03  1
        2015113018  9845451     -12.43     203.05  1
        2015113021  9890155     -12.35     203.40  1
        2015120100  9925128     -12.25     203.64  1
        2015120103  9745585     -12.24     204.22  1
        2015120106  9555839     -12.30     204.60  1
        2015120109  9413604     -12.21     205.00  2
        2015120112  9080339     -12.15     205.09  2
        2015120115  8712010     -12.02     205.14  2
        2015120118  8450295     -11.97     205.02  2
        2015120121  8150131     -11.84     204.89  2
        2015120200  7749846     -11.36     203.79  2
        2015120203  6486790     -10.04     199.78  2
        2015120206  6159477      -9.77     199.43  2
        2015120209  5934674      -9.44     199.11  2
        2015120212  5744798      -9.03     199.04  2
        2015120215  4835253      -6.53     198.80  2
        2015120218  4854049      -6.38     198.62  2
        2015120221  5199326      -6.32     198.46  1
        2015120300  5480248      -6.15     198.04  1
        2015120303  5534670      -6.03     197.84  1
        2015120306  5490562      -5.85     197.57  1
        2015120309  5592675      -5.67     197.32  1
        2015120312  5688688      -5.45     196.92  1
        2015120315  5616302      -5.21     196.50  1
        2015120318  5492947      -4.95     196.07  1
        2015120321  5412388      -4.60     195.34  1
        2015120400  5391359      -4.17     194.50  1
        2015120403  5262004      -3.87     193.87  1
        2015120406  5080343      -3.44     192.95  1
        2015120409  5052496      -3.01     192.06  1
        2015120412  5088146      -2.54     191.27  1
        2015120415  5306259      -2.08     190.40  1
        2015120418  5369541      -1.71     189.80  1
        2015120421  5461648      -1.34     189.22  1
        2015120500  5585849      -0.90     188.68  1
        2015120503  5565150      -0.53     188.39  1
        2015120506  5522722      -0.28     188.05  1
        2015120509  5632682      -0.05     187.37  1
        2015120512  5830119       0.25     186.73  1
        2015120515  6006123       0.54     185.76  1
        2015120518  5991608       0.71     185.16  1
        2015120521  5976844       0.82     184.90  1
        2015120600  5935389       0.92     184.30  1
        2015120603  5793218       1.04     183.45  1
        2015120606  5616963       1.14     182.94  1
        2015120609  5514701       1.19     182.34  1
        2015120612  5397838       1.28     181.56  1
        2015120615  5249230       1.47     180.67  1
        2015120618  5065897       1.65     180.05  1
        2015120621  4832285       1.85     179.69  1
        2015120700  4476781       2.17     179.08  1
        2015120703  3875066       2.55     178.19  1
        2015120706  1837204       2.46     167.10  1
        2015120709  1751280       2.74     166.55  1
        2015120712  1679160       3.08     165.80  1
        2015120715  1574887       3.32     165.27  1
        2015120718  1192482       3.59     164.89  1
        2015120721   814823       3.68     165.58  1
        2015120800   350330       2.76     169.37  1
        2015120806   342029       1.97     172.04  1
        2015120809   522549       2.19     172.57  1
        2015120812   709073       2.53     172.99  1
        2015120815   967801       2.97     173.49  1
        2015120818   970493       3.38     173.76  1
        2015120821  1024755       3.77     173.96  1
        2015120900  1021335       4.04     173.91  1
        2015120903   984151       4.24     173.90  1
        2015120906   899350       4.37     173.85  1
        2015120909   839218       4.48     173.74  1
        2015120912   729812       4.62     173.54  1
        2015120915   658903       4.76     173.23  1
        2015120918   575740       4.84     173.08  1
        2015120921   482545       4.97     172.96  1
        2015121000   432506       5.02     172.76  1
        2015121003   387063       5.10     172.69  1
        2015121006   376302       5.08     172.77  1
        2015121009   344789       5.02     172.92  1
LPT    24.0200
        2015112012   404098      -7.02     194.44  1
        2015112015   653789      -7.15     193.95  1
        2015112018   873466      -7.23     193.66  1
        2015112021   916935      -7.30     193.49  1
        2015112100   786860      -7.25     193.44  1
        2015112103   723079      -7.38     193.54  1
        2015112106   644850      -7.46     193.54  1
        2015112109   629315      -7.61     193.54  1
        2015112112   682230      -8.00     193.35  1
        2015112115   743404      -8.40     192.91  1
        2015112118   810556      -8.79     192.23  1
        2015112121   967377      -9.19     191.38  1
        2015112200  1156439      -9.59     190.76  1
        2015112203  1404678      -9.89     189.94  1
        2015112206  1596850     -10.05     189.44  1
        2015112209  1817657     -10.06     189.00  1
        2015112212  2009544     -10.09     188.62  1
        2015112215  2298936     -10.13     188.04  1
        2015112218  2388261     -10.24     187.73  1
        2015112221  2473747     -10.24     187.52  1
        2015112300  2498625     -10.43     187.40  1
        2015112303  2504893     -10.65     187.21  1
        2015112306  2454827     -10.83     187.03  1
        2015112309  2490043     -10.95     186.94  1
        2015112312  2461155     -11.06     186.71  1
        2015112315  2501101     -11.08     186.48  1
        2015112318  2470377     -10.98     186.21  1
        2015112321  2433452     -10.88     185.98  1
        2015112400  2447354     -10.75     185.85  1
        2015112403  2598054     -10.54     186.02  1
        2015112406  2688235     -10.14     186.17  1
        2015112409  3588207      -7.78     189.47  1
        2015112412  4269442      -6.64     190.92  1
        2015112415  4777715      -5.91     191.59  1
        2015112418  4952761      -5.61     191.86  1
        2015112421  5115210      -5.35     192.08  1
        2015112500  5193182      -5.05     192.52  1
        2015112503  5171573      -4.91     192.70  1
        2015112506  5131896      -4.80     192.97  1
        2015112509  5237685      -4.81     193.11  1
        2015112512  5400782      -4.98     193.19  1
        2015112515  5530930      -5.14     193.31  1
        2015112518  5544863      -5.26     193.39  1
        2015112521  5635250      -5.46     193.36  1
        2015112600  5711888      -5.59     193.25  1
        2015112603  5820861      -5.76     193.15  1
        2015112606  5877957      -5.81     193.03  1
        2015112609  6091238      -5.88     192.71  1
        2015112612  6382194      -5.87     192.24  1
        2015112615  6674037      -5.90     191.70  1
        2015112618  6899238      -5.91     191.18  1
        2015112621  7132743      -5.95     190.73  1
        2015112700  7435054      -5.94     190.19  1
        2015112703  7662576      -6.01     189.71  1
        2015112706  7743136      -6.10     189.38  1
        2015112709  7887513      -6.19     189.06  1
        2015112712  7955703      -6.35     188.60  1
        2015112715  7796297      -6.62     187.95  1
        2015112718  7401825      -7.03     187.09  1
        2015112721  7040788      -7.38     186.36  1
        2015112800  6860658      -7.65     185.94  1
        2015112803  6846140      -7.79     185.50  1
        2015112806  7926395      -7.06     181.62  1
        2015112809  8197602      -7.10     181.32  1
        2015112812  8474901      -7.23     181.39  1
        2015112815  8656398      -7.32     181.45  1
        2015112818  8792231      -7.51     181.94  1
        2015112821  8962923      -7.74     182.67  1
        2015112900  9387780      -7.98     183.83  1
        2015112903 10010494      -8.22     185.15  1
        2015112906 10437712      -8.35     185.85  1
        2015112909 10809668      -8.57     186.81  1
        2015112912 11213032      -8.84     187.87  1
        2015112915 11355143      -9.08     188.47  1
        2015112918 11425845      -9.38     189.38  1
        2015112921 11535499      -9.75     190.71  1
        2015113000 11586775     -10.15     192.18  1
        2015113003 11345208     -10.53     193.37  1
        2015113006 10975617     -11.04     195.24  1
        2015113009 10800447     -11.42     197.13  1
        2015113012 10536088     -11.67     198.82  1
        2015113015  9811549     -12.34     202.03  1
        2015113018  9845451     -12.43     203.05  1
        2015113021  9890155     -12.35     203.40  1
        2015120100  9925128     -12.25     203.64  1
        2015120103  9745585     -12.24     204.22  1
        2015120106  9555839     -12.30     204.60  1
        2015120109  9413604     -12.21     205.00  2
        2015120112  9080339     -12.15     205.09  2
        2015120115  8712010     -12.02     205.14  2
        2015120118  8450295     -11.97     205.02  2
        2015120121  8150131     -11.84     204.89  2
        2015120200  7749846     -11.36     203.79  2
        2015120203  6486790     -10.04     199.78  2
        2015120206  6159477      -9.77     199.43  2
        2015120209  5934674      -9.44     199.11  2
        2015120212  5744798      -9.03     199.04  2
        2015120215  4835253      -6.53     198.80  2
        2015120218  4854049      -6.38     198.62  2
        2015120221  5199326      -6.32     198.46  1
        2015120300  5480248      -6.15     198.04  1
        2015120303  5534670      -6.03     197.84  1
        2015120306  5490562      -5.85     197.57  1
        2015120309  5592675      -5.67     197.32  1
        2015120312  5688688      -5.45     196.92  1
        2015120315  5616302      -5.21     196.50  1
        2015120318  5492947      -4.95     196.07  1
        2015120321  5412388      -4.60     195.34  1
        2015120400  5391359      -4.17     194.50  1
        2015120403  5262004      -3.87     193.87  1
        2015120406  5080343      -3.44     192.95  1
        2015120409  5052496      -3.01     192.06  1
        2015120412  5088146      -2.54     191.27  1
        2015120415  5306259      -2.08     190.40  1
        2015120418  5369541      -1.71     189.80  1
        2015120421  5461648      -1.34     189.22  1
        2015120500  5585849      -0.90     188.68  1
        2015120503  5565150      -0.53     188.39  1
        2015120506  5522722      -0.28     188.05  1
        2015120509  5632682      -0.05     187.37  1
        2015120512  5830119       0.25     186.73  1
        2015120515  6006123       0.54     185.76  1
        2015120518  5991608       0.71     185.16  1
        2015120521  5976844       0.82     184.90  1
        2015120600  5935389       0.92     184.30  1
        2015120603  5793218       1.04     183.45  1
        2015120606  5616963       1.14     182.94  1
        2015120609  5514701       1.19     182.34  1
        2015120612  5397838       1.28     181.56  1
        2015120615  5249230       1.47     180.67  1
        2015120618  5065897       1.65     180.05  1
        2015120621  4832285       1.85     179.69  1
        2015120700  4476781       2.17     179.08  1
        2015120703  3875066       2.55     178.19  1
        2015120706  1594615       3.48     189.61  1
        2015120709  1473450       3.70     189.99  1
        2015120712  1430071       3.92     190.51  1
        2015120715  1392391       3.96     190.77  1
        2015120718  1327034       3.96     191.08  1
        2015120721  1411164       3.87     191.27  1
        2015120800  1405374       3.72     191.51  1
        2015120803  1288714       3.50     191.55  1
        2015120806  1216417       3.47     191.47  1
        2015120809  1220302       3.51     191.41  1
        2015120812  4770887       4.82     218.98  1
        2015120815  4405620       4.94     221.04  1
        2015120818  3904041       5.09     224.54  1
        2015120821  3688386       5.13     226.19  1
        2015120900  3635606       5.12     225.85  1
        2015120903  3525019       5.13     225.63  1
        2015120906  3588846       5.13     225.16  1
        2015120909  3492901       5.12     224.63  1
        2015120912  3352162       5.13     223.73  1
        2015120915  3239454       5.18     223.19  1
        2015120918  3118225       5.24     222.87  1
        2015120921  3121447       5.27     222.32  1
        2015121000  2915802       5.13     220.99  1
        2015121003   690254       9.09     238.54  1
        2015121006   618707       9.46     239.48  1
        2015121009   527431       9.87     240.48  1
        2015121012   416070      10.08     241.11  1
        2015121015   340740      10.12     241.44  1
        2015121018   384828      10.13     241.71  1
        2015121021   513380      10.09     241.96  1
        2015121100   603174      10.04     242.31  1
        2015121103   688306      10.05     242.67  1
        2015121106   843167      10.12     243.03  1
        2015121109   992604      10.20     243.46  1
        2015121112  1127680      10.22     243.62  1
        2015121115  1223645      10.33     243.90  1
        2015121118  1347753      10.40     244.17  1
        2015121121  1490424      10.54     244.56  1
        2015121200  1613488      10.62     244.86  1
        2015121203  1672909      10.70     245.10  1
        2015121206  1805825      10.76     245.44  1
        2015121209  1915539      10.88     245.86  1
        2015121212  2012406      10.98     246.19  1
        2015121215  2078171      11.09     246.59  1
        2015121218  2160851      11.25     247.00  1
        2015121221  2240466      11.40     247.47  1
        2015121300  2288723      11.59     247.88  1
        2015121303  2303318      11.74     248.17  1
        2015121306  2344734      11.84     248.42  1
        2015121309  2355382      11.92     248.62  1
        2015121312  2311668      11.93     248.63  1
        2015121315  2267791      11.95     248.63  1
        2015121318  2239553      11.91     248.61  1
        2015121321  2179772      11.85     248.74  1
        2015121400  2071442      11.92     249.11  1
        2015121403  1971158      12.03     249.53  1
        2015121406  1856713      12.13     249.98  1
        2015121409  1664312      12.28     250.51  1
        2015121412  1405403      12.51     251.09  1
        2015121415  1225539      12.65     251.47  1
        2015121418  1044363      12.78     251.91  1
        2015121421   794161      12.89     252.40  1
        2015121500   474213      12.97     252.91  1
LPT    25.0100
        2015112606   399378       0.85     103.50  1
        2015112609   566946       0.90     103.54  1
        2015112612   699751       0.93     103.47  1
        2015112615   840261       0.93     103.44  1
        2015112618  1018531       0.99     103.60  1
        2015112621  1155817       1.12     103.73  1
        2015112700  1213578       1.26     103.68  1
        2015112703  1205711       1.48     103.84  1
        2015112706  1310329       1.84     103.93  1
        2015112709  1280083       2.03     104.05  1
        2015112712  1164230       2.26     104.29  1
        2015112715  1062305       2.45     104.53  1
        2015112718  1058302       2.62     104.99  1
        2015112721  1026682       2.62     105.44  1
        2015112800  1019716       2.64     105.91  1
        2015112803  1023533       2.66     106.17  1
        2015112806  1101371       2.63     106.29  1
        2015112809  1143753       2.64     106.24  1
        2015112812  1275745       2.41     105.85  1
        2015112815  1382293       2.23     105.49  1
        2015112818  2156103       1.81     100.56  1
        2015112821  3018262       1.59      97.37  1
        2015112900  3408566       1.63      95.55  1
        2015112903  3605942       1.61      94.68  1
        2015112906  3735913       1.68      94.34  1
        2015112909  3829239       1.63      93.42  1
        2015112912  3837798       1.59      92.59  1
        2015112915  3845420       1.63      92.23  1
        2015112918  3882289       1.72      92.27  1
        2015112921  3942877       1.79      91.89  1
        2015113000  3697300       1.97      91.64  1
        2015113003  3418438       2.19      91.58  1
        2015113006  3297716       2.55      92.01  1
        2015113009  3044188       2.96      91.92  1
        2015113012  2924558       3.37      91.93  1
        2015113015  3033174       3.57      91.85  1
        2015113018  3278777       3.53      92.14  1
        2015113021  3583618       3.54      91.78  1
        2015120100  3743060       3.56      91.79  1
        2015120103  3893880       3.46      91.87  1
        2015120106  4233794       3.26      91.98  1
        2015120109  4476746       3.20      92.03  1
        2015120112  4522122       3.22      91.97  1
        2015120115  4527789       3.35      91.42  1
        2015120118  4539412       3.47      90.82  1
        2015120121  4490639       3.66      90.36  1
        2015120200  4232261       3.91      89.92  1
        2015120203  3973399       4.04      89.27  1
        2015120206  3876748       4.05      88.51  1
        2015120209  3741470       4.06      87.83  1
        2015120212  3509575       4.24      87.06  1
        2015120215  3274222       4.49      86.24  1
        2015120218  3125776       4.74      85.43  1
        2015120221  3135590       4.80      85.12  1
        2015120300  3006166       5.11      84.82  1
        2015120303  2832562       5.43      84.49  1
        2015120306  2729833       5.68      84.31  1
        2015120309  2553185       5.92      84.01  1
        2015120312  2529355       5.59      84.08  1
        2015120315  2566150       4.98      84.41  1
        2015120318  2610474       4.36      84.66  1
        2015120321  2794126       3.75      85.04  1
        2015120400  2804891       3.23      85.21  1
        2015120403  2772533       2.90      85.19  1
        2015120406  2775495       2.57      85.21  1
        2015120409  2767588       2.21      85.24  1
        2015120412  2713986       1.90      85.13  1
        2015120415  2701796       1.55      85.00  1
        2015120418  2591776       1.07      84.80  1
        2015120421  2508471       0.46      84.57  1
        2015120500  2282941      -0.09      84.29  1
        2015120503  2071880      -0.59      83.97  1
        2015120506  1882831      -1.13      83.67  1
        2015120509  1526582      -1.49      83.07  1
        2015120512  1303317      -1.77      82.52  1
        2015120515  1344905      -1.52      82.26  1
        2015120518  1555362      -1.01      82.00  1
        2015120521  1798118      -1.02      82.05  1
        2015120600  2047079      -1.04      82.11  1
        2015120603  2358856      -0.96      82.17  1
        2015120606  2672256      -0.69      82.37  1
        2015120609  2894708      -0.71      82.36  1
        2015120612  3033919      -0.92      82.13  1
        2015120615  3108413      -1.06      81.88  1
        2015120618  3274638      -1.16      81.55  1
        2015120621  3516963      -1.18      81.23  1
        2015120700  3513192      -1.14      80.81  1
        2015120703  3503997      -1.18      80.49  1
        2015120706  3639401      -1.17      80.24  1
        2015120709  3794565      -1.17      79.94  1
        2015120712  3778971      -1.18      79.71  1
        2015120715  3912902      -1.25      79.61  1
        2015120718  3999220      -1.25      79.50  1
        2015120721  4241677      -1.26      79.52  1
        2015120800  4329364      -1.23      79.49  1
        2015120803  4405538      -1.30      79.49  1
        2015120806  4558572      -1.40      79.52  1
        2015120809  4713159      -1.45      79.49  1
        2015120812  4732499      -1.62      79.49  1
        2015120815  4722909      -1.82      79.38  1
        2015120818  4677929      -2.09      79.20  1
        2015120821  4626451      -2.52      79.00  1
        2015120900  4462351      -2.90      78.82  1
        2015120903  4287583      -3.24      78.66  1
        2015120906  4104433      -3.70      78.44  1
        2015120909  3953039      -4.08      78.31  1
        2015120912  3813869      -4.44      78.21  1
        2015120915  3737940      -4.63      78.21  1
        2015120918  3605285      -4.96      78.01  1
        2015120921  3580017      -5.13      77.93  1
        2015121000  3437113      -5.38      77.85  1
        2015121003  3375475      -5.45      78.00  1
        2015121006  3344087      -5.41      78.07  1
        2015121009  3332733      -5.16      78.32  1
        2015121012  3294008      -4.92      78.74  1
        2015121015  3323497      -4.62      79.12  1
        2015121018  3173535      -4.47      79.19  1
        2015121021  3114048      -4.10      79.62  1
        2015121100  1518372       2.27      84.91  1
        2015121103  1467752       2.15      86.31  1
        2015121106  1498931       1.80      88.09  1
        2015121109  1527630       1.47      89.72  1
        2015121112  1467482       1.22      91.33  1
        2015121115  1618592       1.17      91.80  1
        2015121118  1766559       1.14      92.00  1
        2015121121  1917541       1.08      92.26  1
        2015121200  2012986       1.06      92.58  1
        2015121203  2044494       1.04      92.76  1
        2015121206  2150009       0.95      92.89  1
        2015121209  2361867       0.81      93.17  1
        2015121212  2419735       0.71      93.48  1
        2015121215  2473811       0.55      93.97  1
        2015121218  2611904       0.30      94.85  1
        2015121221  2743678       0.17      95.27  1
        2015121300  2661244      -0.09      95.98  1
        2015121303  2531005      -0.33      96.56  1
        2015121306  2554763      -0.56      97.14  1
        2015121309  2624848      -0.70      97.61  1
        2015121312  2544680      -0.81      97.94  1
        2015121315  2477588      -0.92      98.31  1
        2015121318  2451319      -0.94      98.47  1
        2015121321  2514365      -1.04      98.77  1
        2015121400  2513475      -1.21      99.18  1
        2015121403  2536423      -1.43      99.71  1
        2015121406  2573827      -1.67     100.15  1
        2015121409  2555875      -1.83     100.61  1
        2015121412  2487073      -2.05     101.12  1
        2015121415  2468353      -2.23     101.51  1
        2015121418  2455823      -2.40     101.98  1
        2015121421  2526581      -2.46     102.44  1
        2015121500  2499623      -2.56     102.96  1
        2015121503  2486535      -2.64     103.42  1
        2015121506  2545014      -2.67     103.84  1
        2015121509  2565763      -2.67     104.15  1
        2015121512  2524053      -2.73     104.56  1
        2015121515  2551606      -2.80     104.83  1
        2015121518  2619672      -2.96     105.13  1
        2015121521  2685610      -3.06     105.57  1
        2015121600  2730793      -3.12     106.00  1
        2015121603  2790552      -3.17     106.57  1
        2015121606  2870339      -3.18     107.06  1
        2015121609  2860026      -3.22     107.55  1
        2015121612  2850609      -3.25     107.90  1
        2015121615  2886691      -3.22     108.22  1
        2015121618  3039642      -3.09     108.66  1
        2015121621  3160277      -3.01     109.00  1
        2015121700  3189631      -2.90     109.31  1
        2015121703  3205105      -2.79     109.56  1
        2015121706  3253034      -2.62     109.78  1
        2015121709  3228014      -2.42     110.12  1
        2015121712  3215245      -2.26     110.42  1
        2015121715  3278413      -2.10     110.78  1
        2015121718  5158306       3.97     115.01  1
        2015121721  5234685       3.94     115.07  1
        2015121800  5269009       3.92     115.14  1
        2015121803  5289755       3.83     115.07  1
        2015121806  5248498       3.67     114.94  1
        2015121809  5191089       3.65     114.98  1
        2015121812  5151722       3.50     115.06  1
        2015121815  5180181       3.41     115.20  1
        2015121818  5245081       3.13     115.35  1
        2015121821  5104787       2.88     115.47  1
        2015121900  5109458       2.87     115.82  1
        2015121903  5052983       2.75     115.95  1
        2015121906  4851520       2.60     115.90  1
        2015121909  4681748       2.46     115.81  1
        2015121912  4590964       2.42     115.87  1
        2015121915  4613043       2.25     115.90  1
        2015121918  4592195       1.85     115.83  1
        2015121921  5822766      -1.15     120.47  1
        2015122000  6165025      -1.53     121.33  1
        2015122003  6502506      -1.74     122.03  1
        2015122006  6721059      -2.03     122.59  1
        2015122009  6800774      -2.19     123.19  1
        2015122012  6879472      -2.22     123.47  1
        2015122015  6925571      -2.36     123.75  1
        2015122018  7043010      -2.52     123.95  1
        2015122021  6774472      -2.49     124.36  1
        2015122100  3561004      -9.83     132.79  1
        2015122103  3485431     -10.01     133.25  1
        2015122106  3499666     -10.17     133.65  1
        2015122109  3437587     -10.29     133.93  1
        2015122112  3451681     -10.38     134.02  1
        2015122115  3411941     -10.47     133.99  1
        2015122118  3472666     -10.51     134.05  1
        2015122121  3473260     -10.52     134.16  1
        2015122200  3465164     -10.50     134.27  1
        2015122203  3454087     -10.48     134.41  1
        2015122206  3407277     -10.54     134.51  1
        2015122209  3347768     -10.59     134.66  1
        2015122212  3309109     -10.67     134.84  1
        2015122215  3201501     -10.76     135.00  1
        2015122218  3181077     -10.77     135.46  1
        2015122221  3112617     -10.89     135.76  1
        2015122300  3087242     -11.01     135.98  1
        2015122303 13359424      -3.51     174.67  1
        2015122306 13036716      -3.34     174.35  2
        2015122309 12276828      -2.69     174.33  2
        2015122312 12149088      -2.62     174.22  2
        2015122315 12282068      -2.66     173.52  2
        2015122318 12092671      -2.66     173.08  2
        2015122321 11909919      -2.62     173.09  2
        2015122400 11862254      -2.71     172.48  2
        2015122403 11775342      -2.82     171.78  2
        2015122406 12156856      -3.02     171.50  2
        2015122409 12721502      -3.18     171.59  1
        2015122412 13154670      -3.32     171.29  1
        2015122415 13575494      -3.44     171.03  1
        2015122418 13653982      -3.42     171.10  1
        2015122421 13652338      -3.35     171.60  1
        2015122500 13797978      -3.35     172.11  1
        2015122503 13830242      -3.35     172.43  1
        2015122506 13848018      -3.35     172.66  1
        2015122509 13883366      -3.26     173.16  1
        2015122512 13959522      -3.19     173.54  1
        2015122515 13900363      -3.18     173.63  1
        2015122518 13675598      -3.15     173.76  1
        2015122521 13246299      -2.98     174.50  1
        2015122600 11351677      -1.63     179.63  1
        2015122603 11055682      -1.77     179.25  1
        2015122606 10758447      -1.87     179.16  1
        2015122609 10924946      -1.87     179.81  1
        2015122612 11048601      -1.83     180.52  1
        2015122615  9986750      -2.78     175.76  1
        2015122618  9917334      -2.89     175.65  1
        2015122621  9905773      -2.97     175.61  1
        2015122700  9858594      -3.07     175.42  1
        2015122703  9657574      -3.23     175.18  1
        2015122706  9493889      -3.36     175.14  1
        2015122709  9413668      -3.51     175.06  1
        2015122712  9216095      -3.77     174.45  1
        2015122715  8925027      -4.22     173.66  1
        2015122718  8615859      -4.58     173.27  1
        2015122721  8623724      -4.77     173.36  1
        2015122800  8728020      -4.98     173.44  1
        2015122803  8863613      -5.20     173.41  1
        2015122806  8966511      -5.36     173.57  1
        2015122809  9296863      -5.50     173.86  1
        2015122812  9558732      -5.58     173.97  1
        2015122815  9919324      -5.69     174.14  1
        2015122818 10159156      -5.82     174.28  1
        2015122821 10446481      -5.91     174.46  1
        2015122900 10818459      -6.02     174.71  1
        2015122903 11666372      -6.68     173.18  1
        2015122906 11995815      -6.85     173.15  1
        2015122909 12136523      -6.77     173.86  1
        2015122912 12428295      -6.94     174.05  1
        2015122915 12625140      -7.00     174.33  1
        2015122918 12545884      -7.04     174.65  1
        2015122921 12520244      -7.15     174.84  1
        2015123000 12558982      -7.25     175.12  1
        2015123003 12561589      -7.29     175.42  1
        2015123006 12590470      -7.28     175.68  1
        2015123009 12729707      -7.15     176.25  1
        2015123012 13070044      -6.99     176.95  1
        2015123015 13177478      -6.86     177.58  1
        2015123018 13175258      -6.70     178.28  1
        2015123021 13265711      -6.55     178.86  1
        2015123100 13308113      -6.50     179.25  1
        2015123103 13326223      -6.42     179.54  1
        2015123106 13251115      -6.34     179.88  1
        2015123109 13225994      -6.23     180.29  1
        2015123112 13219780      -6.09     180.66  1
        2015123115 13143312      -6.02     181.04  1
        2015123118 12940708      -5.95     181.42  1
        2015123121 12803304      -5.82     181.71  1
        2016010100 12692144      -5.80     181.97  1
        2016010103 12478539      -5.73     182.14  1
        2016010106 12225502      -5.70     182.43  1
        2016010109 12002059      -5.64     182.83  1
        2016010112 11812302      -5.60     183.17  1
        2016010115 11556089      -5.53     183.50  1
        2016010118 11218820      -5.49     183.90  1
        2016010121 10952741      -5.44     184.38  1
        2016010200 14626055      -8.54     195.23  1
        2016010203 14525897      -8.50     195.91  1
        2016010206 14336923      -8.53     196.55  1
        2016010209 14273316      -8.48     197.07  1
        2016010212 14064940      -8.46     197.39  1
        2016010215 13508015      -8.45     197.87  1
        2016010218 13063527      -8.50     198.79  1
        2016010221 12547063      -8.62     199.86  1
        2016010300 12034786      -8.72     200.21  1
        2016010303 11398298      -8.79     201.10  1
        2016010306 10952231      -8.98     201.94  1
        2016010309 10783933      -9.12     202.57  1
        2016010312 10526246      -9.30     203.26  1
        2016010315 10122279      -9.56     204.10  1
        2016010318  9927401      -9.61     204.44  1
        2016010321  9890387      -9.54     204.50  1
        2016010400  9806426      -9.21     204.04  1
        2016010403  9575739      -9.06     204.18  1
        2016010406  9521526      -8.97     204.11  1
        2016010409  9588923      -8.75     203.85  1
        2016010412  9648629      -8.57     203.70  1
        2016010415  9554708      -8.49     203.79  1
        2016010418  9523670      -8.50     203.98  1
        2016010421  9537941      -8.45     204.00  1
        2016010500  9361297      -8.11     203.51  1
        2016010503  9096581      -8.01     203.61  1
        2016010506  8905252      -8.04     203.88  1
        2016010509  8837225      -7.88     203.83  1
        2016010512  8727899      -7.68     203.63  1
        2016010515  7215001      -4.08     198.30  1
        2016010518  7153712      -4.02     198.39  1
        2016010521  7223659      -3.97     198.38  1
        2016010600  7364005      -3.85     198.22  1
        2016010603  7383351      -3.72     198.33  1
        2016010606  7402152      -3.58     198.29  1
        2016010609  7485634      -3.39     198.14  1
        2016010612  7678471      -3.04     197.81  1
        2016010615  7636061      -2.69     197.48  1
        2016010618  7589713      -2.41     197.22  1
        2016010621  7564149      -2.16     197.05  1
        2016010700  7469956      -1.82     196.72  1
        2016010703  7301570      -1.67     196.48  1
        2016010706  7156146      -1.58     196.28  1
        2016010709  7164721      -1.60     196.14  1
        2016010712  7250648      -1.71     196.05  1
        2016010715  7018291      -1.71     195.79  1
        2016010718  6928648      -1.85     195.71  1
        2016010721  6819305      -1.83     195.47  2
        2016010800  6711080      -1.97     195.50  2
        2016010803  6511279      -2.11     195.42  2
        2016010806  6378575      -2.18     195.33  2
        2016010809  6416756      -2.24     195.38  2
        2016010812  6416816      -2.27     195.40  2
        2016010815  6295709      -2.38     195.43  2
        2016010818  6247945      -2.30     195.50  2
        2016010821  6285549      -2.17     195.56  2
        2016010900  6288159      -2.06     195.77  2
        2016010903  6175751      -1.94     195.82  2
        2016010906  6068584      -1.81     195.78  2
        2016010909  6327251      -1.80     196.24  1
        2016010912  6468298      -1.75     196.62  1
        2016010915  6312832      -1.76     196.90  1
        2016010918  6259984      -1.62     197.13  1
        2016010921  6238554      -1.46     197.35  1
        2016011000  6143568      -1.32     197.66  1
        2016011003  5922999      -1.20     197.93  1
        2016011006  5795143      -0.97     198.08  1
        2016011009  5745179      -0.87     198.29  1
        2016011012  5676593      -0.87     198.64  1
        2016011015  5405031      -0.96     199.05  1
        2016011018  5287453      -1.06     199.18  1
        2016011021  5166291      -1.06     199.12  1
        2016011100  4974054      -1.20     199.26  1
        2016011103  4859382      -1.40     199.34  1
        2016011106  4670434      -1.65     199.55  1
        2016011109  4554365      -1.92     199.72  1
        2016011112  4341275      -2.49     200.15  1
        2016011115  4097862      -3.00     200.48  1
        2016011118  3895362      -3.34     200.68  1
        2016011121  3678689      -3.75     200.74  1
        2016011200  3420547      -4.31     201.03  1
        2016011203  3281982      -4.66     200.80  1
        2016011206  3166350      -5.11     200.88  1
        2016011209  3239176      -5.49     200.79  1
        2016011212  3253232      -6.06     200.64  1
        2016011215  3183094      -6.64     200.48  1
        2016011218  3221246      -6.95     200.23  1
        2016011221  3277178      -7.19     199.96  1
        2016011300  3313968      -7.43     199.74  1
        2016011303  3373186      -7.52     199.48  1
        2016011306  3376694      -7.66     199.39  1
        2016011309  3428236      -7.67     199.16  1
        2016011312  3513523      -7.79     198.99  1
        2016011315  3504127      -7.94     198.82  1
        2016011318  3538434      -8.04     198.71  1
        2016011321  3545759      -8.22     198.61  1
        2016011400  3627296      -8.40     198.47  1
        2016011403  3730788      -8.49     198.36  1
        2016011406  3758189      -8.59     198.16  1
        2016011409  3873236      -8.65     197.94  1
        2016011412  4030926      -8.70     197.71  1
        2016011415  4078709      -8.72     197.37  1
        2016011418  4094663      -8.80     197.15  1
        2016011421  4173275      -8.83     196.95  1
        2016011500  4284732      -8.97     196.81  1
        2016011503  4364544      -9.07     196.71  1
        2016011506  4395453      -9.14     196.62  1
        2016011509  4501042      -9.16     196.59  1
        2016011512  4536005      -9.27     196.64  1
        2016011515  4515674      -9.24     196.45  1
        2016011518  4471537      -9.26     196.37  1
        2016011521  4474842      -9.35     196.36  1
        2016011600  4512191      -9.51     196.43  1
        2016011603  4480427      -9.63     196.46  1
        2016011606  4474918      -9.75     196.50  1
        2016011609  4581601      -9.78     196.53  1
        2016011612  4705702      -9.84     196.49  1
        2016011615  4759785      -9.83     196.42  1
        2016011618  4802716      -9.80     196.31  1
        2016011621  4813582      -9.78     196.12  1
        2016011700  4876996      -9.79     196.00  1
        2016011703  4869500      -9.85     195.89  1
        2016011706  4775681      -9.97     195.78  1
        2016011709  4729688     -10.09     195.80  1
        2016011712  4627937     -10.36     195.89  1
        2016011715  4376919     -10.78     196.03  1
        2016011718  4088100     -11.39     196.40  1
        2016011721  3739616     -12.21     196.97  1
        2016011800  3396276     -13.21     197.57  1
        2016011803  3207108     -13.61     197.66  1
        2016011806  3098118     -13.83     197.65  1
        2016011809  3038469     -13.92     197.63  1
        2016011812  2982673     -14.01     197.61  1
        2016011815  2901230     -14.25     197.54  1
        2016011818  2838220     -14.52     197.55  1
        2016011821  2768634     -14.73     197.55  1
        2016011900  2675734     -15.03     197.50  1
        2016011903  2477764     -15.46     197.46  1
        2016011906  2352495     -15.87     197.40  1
        2016011909  2209681     -16.28     197.28  1
        2016011912  2050077     -16.71     197.19  1
        2016011915  1854629     -17.18     197.07  1
        2016011918  1706868     -17.57     197.02  1
        2016011921  1630401     -17.82     196.97  1
        2016012000  1502882     -18.07     196.92  1
        2016012003  1416065     -18.21     196.90  1
        2016012006  1314007     -18.34     196.85  1
        2016012009  1244426     -18.45     196.79  1
        2016012012  1144106     -18.69     196.62  1
        2016012015   979316     -19.15     196.35  1
        2016012018   796533     -19.73     195.95  1
        2016012021   672103     -20.13     195.66  1
        2016012100   591205     -20.45     195.40  1
        2016012103   457040     -20.81     195.12  1
        2016012106   350416     -21.03     194.80  1
LPT    25.0200
        2015121609   635059       0.28     185.32  1
        2015121612  1311483       0.50     186.86  1
        2015121615  1928831       0.52     186.99  1
        2015121618  2408486       0.61     187.41  1
        2015121621  2752219       0.65     187.40  1
        2015121700  3006404       0.62     187.24  1
        2015121703  3222138       0.58     187.01  1
        2015121706  3340126       0.54     186.79  1
        2015121709  3563568       0.44     186.49  1
        2015121712  3753356       0.34     186.41  1
        2015121715  4128389       0.18     185.55  1
        2015121718  4245991       0.05     185.15  1
        2015121721  4627604      -0.11     184.67  1
        2015121800  4956007      -0.16     184.77  1
        2015121803  5142517      -0.23     184.51  1
        2015121806  5477641      -0.30     184.10  1
        2015121809  5744917      -0.26     184.11  1
        2015121812  6013744      -0.30     183.87  1
        2015121815  6214046      -0.35     183.09  1
        2015121818  6211980      -0.37     182.69  1
        2015121821  6216085      -0.36     182.41  1
        2015121900  6129288      -0.41     181.79  1
        2015121903  6086234      -0.49     181.10  1
        2015121906  5957053      -0.49     180.90  1
        2015121909  5854792      -0.46     181.13  1
        2015121912  5707865      -0.48     181.29  1
        2015121915  5564556      -0.46     181.62  1
        2015121918  5330328      -0.45     181.91  1
        2015121921  5067919      -0.57     181.61  1
        2015122000  4751191      -0.67     181.36  1
        2015122003  4571273      -0.78     181.04  2
        2015122006  4634594      -0.86     181.15  2
        2015122009  4956251      -0.87     181.75  2
        2015122012  5202418      -0.85     182.51  2
        2015122015  5567576      -0.79     183.00  2
        2015122018  5765985      -0.69     183.91  2
        2015122021  6248943      -0.55     185.35  1
        2015122100  6455701      -0.41     186.79  1
        2015122103  6747578      -0.09     189.63  1
        2015122106  6880326       0.10     191.39  1
        2015122109  6995491       0.30     193.44  1
        2015122112  7151357       0.39     194.54  1
        2015122115  7032033       0.37     195.14  1
        2015122118  6575747       0.53     196.69  1
        2015122121  6422332       0.70     197.60  1
        2015122200  6760123       0.46     197.67  1
        2015122203  7307220      -0.28     196.36  1
        2015122206  7365039      -0.37     195.94  1
        2015122209  7579234      -0.65     194.63  1
        2015122212  7882922      -0.98     193.24  1
        2015122215  8624297      -1.35     191.05  1
        2015122218  9026809      -1.36     189.76  1
        2015122221  9643205      -1.32     188.42  1
        2015122300  9981135      -1.24     187.58  1
        2015122303 13359424      -3.51     174.67  1
        2015122306 13036716      -3.34     174.35  2
        2015122309 12276828      -2.69     174.33  2
        2015122312 12149088      -2.62     174.22  2
        2015122315 12282068      -2.66     173.52  2
        2015122318 12092671      -2.66     173.08  2
        2015122321 11909919      -2.62     173.09  2
        2015122400 11862254      -2.71     172.48  2
        2015122403 11775342      -2.82     171.78  2
        2015122406 12156856      -3.02     171.50  2
        2015122409 12721502      -3.18     171.59  1
        2015122412 13154670      -3.32     171.29  1
        2015122415 13575494      -3.44     171.03  1
        2015122418 13653982      -3.42     171.10  1
        2015122421 13652338      -3.35     171.60  1
        2015122500 13797978      -3.35     172.11  1
        2015122503 13830242      -3.35     172.43  1
        2015122506 13848018      -3.35     172.66  1
        2015122509 13883366      -3.26     173.16  1
        2015122512 13959522      -3.19     173.54  1
        2015122515 13900363      -3.18     173.63  1
        2015122518 13675598      -3.15     173.76  1
        2015122521 13246299      -2.98     174.50  1
        2015122600 11351677      -1.63     179.63  1
        2015122603 11055682      -1.77     179.25  1
        2015122606 10758447      -1.87     179.16  1
        2015122609 10924946      -1.87     179.81  1
        2015122612 11048601      -1.83     180.52  1
        2015122615  9986750      -2.78     175.76  1
        2015122618  9917334      -2.89     175.65  1
        2015122621  9905773      -2.97     175.61  1
        2015122700  9858594      -3.07     175.42  1
        2015122703  9657574      -3.23     175.18  1
        2015122706  9493889      -3.36     175.14  1
        2015122709  9413668      -3.51     175.06  1
        2015122712  9216095      -3.77     174.45  1
        2015122715  8925027      -4.22     173.66  1
        2015122718  8615859      -4.58     173.27  1
        2015122721  8623724      -4.77     173.36  1
        2015122800  8728020      -4.98     173.44  1
        2015122803  8863613      -5.20     173.41  1
        2015122806  8966511      -5.36     173.57  1
        2015122809  9296863      -5.50     173.86  1
        2015122812  9558732      -5.58     173.97  1
        2015122815  9919324      -5.69     174.14  1
        2015122818 10159156      -5.82     174.28  1
        2015122821 10446481      -5.91     174.46  1
        2015122900 10818459      -6.02     174.71  1
        2015122903 11666372      -6.68     173.18  1
        2015122906 11995815      -6.85     173.15  1
        2015122909 12136523      -6.77     173.86  1
        2015122912 12428295      -6.94     174.05  1
        2015122915 12625140      -7.00     174.33  1
        2015122918 12545884      -7.04     174.65  1
        2015122921 12520244      -7.15     174.84  1
        2015123000 12558982      -7.25     175.12  1
        2015123003 12561589      -7.29     175.42  1
        2015123006 12590470      -7.28     175.68  1
        2015123009 12729707      -7.15     176.25  1
        2015123012 13070044      -6.99     176.95  1
        2015123015 13177478      -6.86     177.58  1
        2015123018 13175258      -6.70     178.28  1
        2015123021 13265711      -6.55     178.86  1
        2015123100 13308113      -6.50     179.25  1
        2015123103 13326223      -6.42     179.54  1
        2015123106 13251115      -6.34     179.88  1
        2015123109 13225994      -6.23     180.29  1
        2015123112 13219780      -6.09     180.66  1
        2015123115 13143312      -6.02     181.04  1
        2015123118 12940708      -5.95     181.42  1
        2015123121 12803304      -5.82     181.71  1
        2016010100 12692144      -5.80     181.97  1
        2016010103 12478539      -5.73     182.14  1
        2016010106 12225502      -5.70     182.43  1
        2016010109 12002059      -5.64     182.83  1
        2016010112 11812302      -5.60     183.17  1
        2016010115 11556089      -5.53     183.50  1
        2016010118 11218820      -5.49     183.90  1
        2016010121 10952741      -5.44     184.38  1
        2016010200 14626055      -8.54     195.23  1
        2016010203 14525897      -8.50     195.91  1
        2016010206 14336923      -8.53     196.55  1
        2016010209 14273316      -8.48     197.07  1
        2016010212 14064940      -8.46     197.39  1
        2016010215 13508015      -8.45     197.87  1
        2016010218 13063527      -8.50     198.79  1
        2016010221 12547063      -8.62     199.86  1
        2016010300 12034786      -8.72     200.21  1
        2016010303 11398298      -8.79     201.10  1
        2016010306 10952231      -8.98     201.94  1
        2016010309 10783933      -9.12     202.57  1
        2016010312 10526246      -9.30     203.26  1
        2016010315 10122279      -9.56     204.10  1
        2016010318  9927401      -9.61     204.44  1
        2016010321  9890387      -9.54     204.50  1
        2016010400  9806426      -9.21     204.04  1
        2016010403  9575739      -9.06     204.18  1
        2016010406  9521526      -8.97     204.11  1
        2016010409  9588923      -8.75     203.85  1
        2016010412  9648629      -8.57     203.70  1
        2016010415  9554708      -8.49     203.79  1
        2016010418  9523670      -8.50     203.98  1
        2016010421  9537941      -8.45     204.00  1
        2016010500  9361297      -8.11     203.51  1
        2016010503  9096581      -8.01     203.61  1
        2016010506  8905252      -8.04     203.88  1
        2016010509  8837225      -7.88     203.83  1
        2016010512  8727899      -7.68     203.63  1
        2016010515  7215001      -4.08     198.30  1
        2016010518  7153712      -4.02     198.39  1
        2016010521  7223659      -3.97     198.38  1
        2016010600  7364005      -3.85     198.22  1
        2016010603  7383351      -3.72     198.33  1
        2016010606  7402152      -3.58     198.29  1
        2016010609  7485634      -3.39     198.14  1
        2016010612  7678471      -3.04     197.81  1
        2016010615  7636061      -2.69     197.48  1
        2016010618  7589713      -2.41     197.22  1
        2016010621  7564149      -2.16     197.05  1
        2016010700  7469956      -1.82     196.72  1
        2016010703  7301570      -1.67     196.48  1
        2016010706  7156146      -1.58     196.28  1
        2016010709  7164721      -1.60     196.14  1
        2016010712  7250648      -1.71     196.05  1
        2016010715  7018291      -1.71     195.79  1
        2016010718  6928648      -1.85     195.71  1
        2016010721  6819305      -1.83     195.47  2
        2016010800  6711080      -1.97     195.50  2
        2016010803  6511279      -2.11     195.42  2
        2016010806  6378575      -2.18     195.33  2
        2016010809  6416756      -2.24     195.38  2
        2016010812  6416816      -2.27     195.40  2
        2016010815  6295709      -2.38     195.43  2
        2016010818  6247945      -2.30     195.50  2
        2016010821  6285549      -2.17     195.56  2
        2016010900  6288159      -2.06     195.77  2
        2016010903  6175751      -1.94     195.82  2
        2016010906  6068584      -1.81     195.78  2
        2016010909  6327251      -1.80     196.24  1
        2016010912  6468298      -1.75     196.62  1
        2016010915  6312832      -1.76     196.90  1
        2016010918  6259984      -1.62     197.13  1
        2016010921  6238554      -1.46     197.35  1
        2016011000  6143568      -1.32     197.66  1
        2016011003  5922999      -1.20     197.93  1
        2016011006  5795143      -0.97     198.08  1
        2016011009  5745179      -0.87     198.29  1
        2016011012  5676593      -0.87     198.64  1
        2016011015  5405031      -0.96     199.05  1
        2016011018  5287453      -1.06     199.18  1
        2016011021  5166291      -1.06     199.12  1
        2016011100  4974054      -1.20     199.26  1
        2016011103  4859382      -1.40     199.34  1
        2016011106  4670434      -1.65     199.55  1
        2016011109  4554365      -1.92     199.72  1
        2016011112  4341275      -2.49     200.15  1
        2016011115  4097862      -3.00     200.48  1
        2016011118  3895362      -3.34     200.68  1
        2016011121  3678689      -3.75     200.74  1
        2016011200  3420547      -4.31     201.03  1
        2016011203  3281982      -4.66     200.80  1
        2016011206  3166350      -5.11     200.88  1
        2016011209  3239176      -5.49     200.79  1
        2016011212  3253232      -6.06     200.64  1
        2016011215  3183094      -6.64     200.48  1
        2016011218  3221246      -6.95     200.23  1
        2016011221  3277178      -7.19     199.96  1
        2016011300  3313968      -7.43     199.74  1
        2016011303  3373186      -7.52     199.48  1
        2016011306  3376694      -7.66     199.39  1
        2016011309  3428236      -7.67     199.16  1
        2016011312  3513523      -7.79     198.99  1
        2016011315  3504127      -7.94     198.82  1
        2016011318  3538434      -8.04     198.71  1
        2016011321  3545759      -8.22     198.61  1
        2016011400  3627296      -8.40     198.47  1
        2016011403  3730788      -8.49     198.36  1
        2016011406  3758189      -8.59     198.16  1
        2016011409  3873236      -8.65     197.94  1
        2016011412  4030926      -8.70     197.71  1
        2016011415  4078709      -8.72     197.37  1
        2016011418  4094663      -8.80     197.15  1
        2016011421  4173275      -8.83     196.95  1
        2016011500  4284732      -8.97     196.81  1
        2016011503  4364544      -9.07     196.71  1
        2016011506  4395453      -9.14     196.62  1
        2016011509  4501042      -9.16     196.59  1
        2016011512  4536005      -9.27     196.64  1
        2016011515  4515674      -9.24     196.45  1
        2016011518  4471537      -9.26     196.37  1
        2016011521  4474842      -9.35     196.36  1
        2016011600  4512191      -9.51     196.43  1
        2016011603  4480427      -9.63     196.46  1
        2016011606  4474918      -9.75     196.50  1
        2016011609  4581601      -9.78     196.53  1
        2016011612  4705702      -9.84     196.49  1
        2016011615  4759785      -9.83     196.42  1
        2016011618  4802716      -9.80     196.31  1
        2016011621  4813582      -9.78     196.12  1
        2016011700  4876996      -9.79     196.00  1
        2016011703  4869500      -9.85     195.89  1
        2016011706  4775681      -9.97     195.78  1
        2016011709  4729688     -10.09     195.80  1
        2016011712  4627937     -10.36     195.89  1
        2016011715  4376919     -10.78     196.03  1
        2016011718  4088100     -11.39     196.40  1
        2016011721  3739616     -12.21     196.97  1
        2016011800  3396276     -13.21     197.57  1
        2016011803  3207108     -13.61     197.66  1
        2016011806  3098118     -13.83     197.65  1
        2016011809  3038469     -13.92     197.63  1
        2016011812  2982673     -14.01     197.61  1
        2016011815  2901230     -14.25     197.54  1
        2016011818  2838220     -14.52     197.55  1
        2016011821  2768634     -14.73     197.55  1
        2016011900  2675734     -15.03     197.50  1
        2016011903  2477764     -15.46     197.46  1
        2016011906  2352495     -15.87     197.40  1
        2016011909  2209681     -16.28     197.28  1
        2016011912  2050077     -16.71     197.19  1
        2016011915  1854629     -17.18     197.07  1
        2016011918  1706868     -17.57     197.02  1
        2016011921  1630401     -17.82     196.97  1
        2016012000  1502882     -18.07     196.92  1
        2016012003  1416065     -18.21     196.90  1
        2016012006  1314007     -18.34     196.85  1
        2016012009  1244426     -18.45     196.79  1
        2016012012  1144106     -18.69     196.62  1
        2016012015   979316     -19.15     196.35  1
        2016012018   796533     -19.73     195.95  1
        2016012021   672103     -20.13     195.66  1
        2016012100   591205     -20.45     195.40  1
        2016012103   457040     -20.81     195.12  1
        2016012106   350416     -21.03     194.80  1
LPT    26.0100
        2015120312   321044      46.87     233.84  1
        2015120315   522277      46.24     233.94  1
        2015120318   617845      45.95     234.02  1
        2015120321   676754      45.78     234.06  1
        2015120400   691179      45.75     234.12  1
        2015120403   686829      45.79     234.25  1
        2015120406   680828      45.80     234.33  1
        2015120409   678323      45.83     234.41  1
        2015120412   670134      45.89     234.54  1
        2015120415   664959      45.92     234.55  1
        2015120418   624625      46.02     234.64  1
        2015120421   651918      45.98     234.30  1
        2015120500   571061      46.22     234.41  1
        2015120503   451156      46.58     234.34  1
        2015120506   370167      46.87     233.91  1
        2015120509   509579      46.52     233.38  1
        2015120512   581452      46.25     233.06  1
        2015120515   640584      46.03     233.26  1
        2015120518   741833      45.79     233.21  1
        2015120521   816361      45.69     233.41  1
        2015120600   838966      45.70     233.64  1
        2015120603   805942      45.86     234.07  1
        2015120606   727347      46.08     234.45  1
        2015120609   605707      46.43     234.85  1
        2015120612   320003      47.31     235.01  1
        2015120706   258732      47.74     233.88  1
        2015120709   792878      46.29     233.39  1
        2015120712  1019916      45.98     232.83  1
        2015120715  1143338      45.79     232.87  1
        2015120718  1195963      45.77     233.25  1
        2015120721  1165036      45.84     233.88  1
        2015120800  1029281      46.03     234.88  1
        2015120803  1028108      46.06     234.92  1
        2015120806  1001824      46.12     235.08  1
        2015120809  1156971      45.91     234.93  1
        2015120812  1103798      46.02     235.12  1
        2015120815  1116606      46.03     235.06  1
        2015120818  1128357      46.06     234.88  1
        2015120821  1150763      46.09     234.70  1
        2015120900  1151806      46.12     234.51  1
        2015120903  1194599      46.04     234.28  1
        2015120906  1191561      46.08     234.07  1
        2015120909  1166253      46.14     234.16  1
        2015120912  1127019      46.21     234.19  1
        2015120915  1089450      46.21     234.42  1
        2015120918  1027859      46.28     234.77  1
        2015120921  1026900      46.33     234.65  1
        2015121000  1026060      46.35     234.46  1
        2015121003  1017742      46.40     234.34  1
        2015121006  1110115      46.36     233.45  1
        2015121009  1156821      46.26     233.64  1
        2015121012   853012      46.78     233.71  1
        2015121015   773270      46.89     234.27  1
        2015121018   684770      47.13     234.57  1
        2015121021   620462      47.28     234.34  1
        2015121100   587912      47.28     234.19  1
        2015121103   553172      47.30     234.34  1
        2015121106   554879      47.24     234.57  1
        2015121109   537396      47.25     234.72  1
        2015121112   221017      48.18     235.56  1
LPT    27.0100
        2016010403   305545      34.35     293.66  1
        2016010406   426143      34.21     293.27  1
        2016010409   493014      33.80     292.65  1
        2016010412   679434      33.75     292.49  1
        2016010415   861653      33.88     292.78  1
        2016010418  1095397      34.13     293.31  1
        2016010421  1289248      34.31     293.73  1
        2016010500  1431233      34.49     294.14  1
        2016010503  1513618      34.61     294.34  1
        2016010506  1643927      34.85     294.73  1
        2016010509  1755645      34.97     294.98  1
        2016010512  1765795      35.17     295.40  1
        2016010515  1725422      35.41     295.78  1
        2016010518  1705267      35.59     296.23  1
        2016010521  1627911      35.70     296.44  1
        2016010600  1539917      35.78     296.55  1
        2016010603  1394079      35.75     296.25  1
        2016010606  1385757      35.73     296.15  1
        2016010609  1338874      35.76     296.20  1
        2016010612  1269221      35.81     296.36  1
        2016010615  1216817      35.80     296.32  1
        2016010618  1234184      35.59     296.07  1
        2016010621  1412561      34.65     294.81  1
        2016010700  1449128      34.20     294.29  1
        2016010703  1506844      33.61     293.57  1
        2016010706  1542863      33.21     293.03  1
        2016010709  1460984      32.64     292.32  1
        2016010712  1318291      31.77     291.22  1
        2016010715  1313425      31.35     290.75  1
        2016010718  1233775      30.97     290.56  1
        2016010721  1239809      30.72     290.48  1
        2016010800  1287901      30.74     290.70  1
        2016010803  1429591      31.01     291.18  1
        2016010806  1510609      31.15     291.73  1
        2016010809  1569406      31.15     291.96  1
        2016010812  1587984      31.14     292.03  1
        2016010815  1627687      31.22     292.13  1
        2016010818  1643250      31.24     292.29  1
        2016010821  1710362      31.39     292.55  1
        2016010900  1771173      31.68     293.05  1
        2016010903  1710519      31.74     293.10  1
        2016010906  1770075      32.12     293.83  1
        2016010909  1758822      32.40     294.41  1
        2016010912  1772062      32.62     294.79  1
        2016010915  1797867      32.95     295.46  1
        2016010918  1806870      33.31     296.25  1
        2016010921  1805800      33.67     297.18  1
        2016011000  1746852      34.15     298.47  1
        2016011003  1687693      34.43     299.22  1
        2016011006  1718476      34.73     300.27  1
        2016011009  1724682      34.99     301.52  1
        2016011012  1768383      35.16     302.66  1
        2016011015  1725342      35.32     303.44  1
        2016011018  1765710      35.47     304.61  1
        2016011021  1768946      35.55     305.80  1
        2016011100  1791571      35.61     307.16  1
        2016011103  2091960      35.94     307.05  1
        2016011106  2425514      36.29     306.94  1
        2016011109  2548815      36.39     307.56  1
        2016011112  2653688      36.50     307.94  1
        2016011115  2763635      36.67     308.06  1
        2016011118  2776480      36.72     308.43  1
        2016011121  2697819      36.65     309.11  1
        2016011200  2573143      36.57     309.98  1
        2016011203  1551266      34.62     317.25  1
        2016011206  1603680      34.60     317.50  1
        2016011209  1529907      34.50     318.32  1
        2016011212  1506538      34.42     319.03  1
        2016011215  1443578      34.38     319.47  1
        2016011218  1349052      34.19     319.84  1
        2016011221  1200656      34.04     320.16  1
        2016011300  1061004      33.86     320.41  1
        2016011303   893249      33.78     320.85  1
        2016011306   788776      33.71     321.24  1
        2016011309   605744      33.71     321.83  1
        2016011312   391422      33.82     322.36  1
LPT    28.0100
        2016010618   467458     -14.83     307.10  1
        2016010621   500186     -14.55     306.85  1
        2016010700   583823     -14.29     306.70  1
        2016010703   804860     -13.97     306.82  1
        2016010706  1012445     -13.59     307.14  1
        2016010709  1053651     -13.26     307.26  1
        2016010712  1129197     -13.01     307.26  1
        2016010715  1252399     -12.72     307.26  1
        2016010718  1608543     -12.55     307.33  1
        2016010721  1652750     -12.36     307.35  1
        2016010800  1652690     -12.24     307.37  1
        2016010803  1712925     -12.13     307.45  1
        2016010806  1776162     -12.03     307.72  1
        2016010809  1708318     -11.92     308.24  1
        2016010812  1728493     -11.82     308.74  1
        2016010815  1659700     -11.72     309.38  1
        2016010818  1946967     -11.85     309.60  1
        2016010821  1896209     -11.77     310.18  1
        2016010900  1850928     -11.66     310.49  1
        2016010903  1834343     -11.54     310.75  1
        2016010906  1791409     -11.40     310.83  1
        2016010909  1840161     -11.33     310.81  1
        2016010912  1878976     -11.39     310.53  1
        2016010915  1865497     -11.38     310.38  1
        2016010918  2035707     -11.63     309.89  1
        2016010921  1928726     -11.71     309.82  1
        2016011000  1827687     -11.80     309.82  1
        2016011003  1726334     -11.96     309.72  1
        2016011006  1529856     -12.17     309.51  1
        2016011009  1380772     -12.56     309.31  1
        2016011012  1301713     -12.99     309.01  1
        2016011015  1137730     -13.35     308.66  1
        2016011018  1166413     -14.20     308.09  1
        2016011021   862696     -15.35     307.70  1
        2016011100   679938     -16.58     307.53  1
        2016011103   570554     -18.21     307.57  1
        2016011106   603563     -19.43     307.78  1
        2016011109   630357     -20.55     308.29  1
        2016011112   755441     -21.24     308.68  1
        2016011115   820208     -21.87     309.12  1
        2016011118  1039257     -21.85     309.24  1
        2016011121  1033895     -22.39     309.86  1
        2016011200   968777     -22.84     310.46  1
        2016011203   980118     -22.94     310.80  1
        2016011206   905505     -23.26     311.32  1
        2016011209   930111     -23.49     311.77  1
        2016011212   930527     -23.64     312.20  1
        2016011215   946691     -23.75     312.51  1
        2016011218  1075335     -23.55     312.56  1
        2016011221  1093929     -23.60     312.95  1
        2016011300  1051864     -23.56     313.20  1
        2016011303  1131608     -23.23     313.08  1
        2016011306  1152778     -22.82     312.89  1
        2016011309  1188782     -22.51     312.85  1
        2016011312  1197326     -22.08     312.73  1
        2016011315  1166929     -21.78     312.68  1
        2016011318  1451941     -20.77     312.17  1
        2016011321  1624657     -19.76     311.94  1
        2016011400  1780032     -18.60     311.58  1
        2016011403  1837011     -17.46     311.20  1
        2016011406  2009733     -16.25     310.80  1
        2016011409  2008658     -15.57     310.69  1
        2016011412  1991755     -15.05     310.53  1
        2016011415  1968275     -14.64     310.43  1
        2016011418  2126677     -14.26     310.29  1
        2016011421  2175219     -13.93     310.26  1
        2016011500  2133243     -13.63     310.30  1
        2016011503  2105491     -13.40     310.29  1
        2016011506  2181122     -13.15     310.22  1
        2016011509  2132980     -13.25     310.36  1
        2016011512  2040428     -13.40     310.42  1
        2016011515  1864403     -13.53     310.59  1
        2016011518  2001878     -13.82     310.49  1
        2016011521  1925797     -14.08     310.55  1
        2016011600  1896352     -14.33     310.23  1
        2016011603  1943469     -14.53     309.86  1
        2016011606  1793297     -14.74     309.33  1
        2016011609  1814528     -14.91     308.82  1
        2016011612  1780321     -15.00     308.56  1
        2016011615  1660627     -15.19     308.50  1
        2016011618  1870378     -15.26     308.77  1
        2016011621  1766642     -15.31     309.18  1
        2016011700  1665798     -15.46     309.74  1
        2016011703  1681248     -15.28     310.37  1
        2016011706  1543863     -15.55     311.16  1
        2016011709  1338415     -15.84     312.08  1
        2016011712  1293512     -16.01     312.79  1
        2016011715  1249630     -16.14     313.36  1
        2016011718  1450444     -16.10     313.61  1
        2016011721  1520084     -16.18     313.86  1
        2016011800  1635732     -15.98     313.83  1
        2016011803  1710481     -15.73     313.74  1
        2016011806  1774564     -15.70     313.78  1
        2016011809  1719642     -15.54     313.87  1
        2016011812  1656522     -15.29     313.80  1
        2016011815  1627847     -14.97     313.68  1
        2016011818  1783905     -14.66     313.31  1
        2016011821  1755249     -14.34     313.27  1
        2016011900  1813428     -14.08     313.17  1
        2016011903  1772579     -13.76     313.18  1
        2016011906  1669194     -13.56     313.39  1
        2016011909  1566921     -13.38     313.68  1
        2016011912  1414358     -13.29     314.16  1
        2016011915  1322231     -13.25     314.43  1
        2016011918  1498467     -13.26     314.41  1
        2016011921  1641383     -13.20     314.26  1
        2016012000  1756739     -13.22     314.14  1
        2016012003  2016145     -13.24     313.72  1
        2016012006  1989703     -13.44     313.62  1
        2016012009  2100227     -13.48     313.51  1
        2016012012  2173291     -13.51     313.45  1
        2016012015  2194853     -13.60     313.42  1
        2016012018  2329304     -13.69     313.44  1
        2016012021  2427554     -13.65     313.47  1
        2016012100  2475147     -13.59     313.56  1
        2016012103  2466190     -13.52     313.49  1
        2016012106  2513143     -13.45     313.55  1
        2016012109  2515594     -13.36     313.55  1
        2016012112  2535895     -13.28     313.55  1
        2016012115  2527260     -13.31     313.62  1
        2016012118  2638716     -13.37     313.79  1
        2016012121  2667321     -13.40     314.04  1
        2016012200  2688926     -13.40     314.27  1
        2016012203  2627545     -13.41     314.40  1
        2016012206  2638916     -13.52     314.77  1
        2016012209  2660213     -13.55     315.03  1
        2016012212  2709926     -13.64     315.26  1
        2016012215  2733953     -13.81     315.48  1
        2016012218  2878700     -13.93     315.70  1
        2016012221  2916049     -13.98     315.94  1
        2016012300  2846055     -14.09     316.29  1
        2016012303  2790727     -14.32     316.68  1
        2016012306  2616425     -14.44     317.16  1
        2016012309  2516657     -14.56     317.44  1
        2016012312  2454881     -14.75     317.67  1
        2016012315  2394578     -15.12     318.05  1
        2016012318  2460532     -15.17     318.07  1
        2016012321  2419224     -15.04     317.96  1
        2016012400  2312396     -14.97     318.00  1
        2016012403  2230229     -14.75     317.89  1
        2016012406  2160376     -14.73     318.11  1
        2016012409  2077552     -14.81     318.37  1
        2016012412  2026875     -14.89     318.55  1
        2016012415  1992902     -15.17     318.89  1
        2016012418  2104176     -15.01     318.86  1
        2016012421  2031850     -14.98     318.84  1
        2016012500  1873753     -14.98     318.86  1
        2016012503  1726709     -15.16     318.89  1
        2016012506  1575598     -15.31     318.97  1
        2016012509  1388159     -15.70     319.07  1
        2016012512  1233386     -16.04     319.14  1
        2016012515  1165003     -16.69     319.47  1
        2016012518  1183365     -16.82     319.40  1
        2016012521  1025750     -16.92     319.30  1
        2016012600   759687     -17.09     319.27  1
        2016012603   630019     -17.49     319.40  1
        2016012606   384210     -16.47     318.52  1
LPT    29.0100
        2016011121   632622      -0.69      69.21  1
        2016011200   891309      -0.60      70.24  1
        2016011203  1187724      -0.60      71.25  1
        2016011206  1493276      -0.69      72.30  1
        2016011209  1774008      -0.81      73.10  1
        2016011212  1951288      -0.86      73.33  1
        2016011215  2086941      -0.92      73.60  1
        2016011218  2338153      -1.06      74.03  1
        2016011221  2604649      -1.23      74.33  1
        2016011300  2711627      -1.38      74.44  1
        2016011303  2901652      -1.61      74.87  1
        2016011306  3092360      -1.84      75.37  1
        2016011309  3308290      -2.08      75.89  1
        2016011312  3479272      -2.33      76.19  1
        2016011315  3636192      -2.60      76.50  1
        2016011318  3934183      -2.94      76.87  1
        2016011321  4226140      -3.32      77.21  1
        2016011400  4361126      -3.69      77.70  1
        2016011403  4582680      -4.06      78.22  1
        2016011406  4871377      -4.45      78.88  1
        2016011409  5076988      -4.78      79.18  1
        2016011412  5181406      -5.06      79.44  1
        2016011415  5269515      -5.27      79.74  1
        2016011418  5457017      -5.46      80.04  1
        2016011421  5586244      -5.72      80.37  1
        2016011500  5522973      -5.93      80.72  1
        2016011503  5488814      -6.07      81.06  1
        2016011506  5536596      -6.25      81.46  1
        2016011509  5570769      -6.52      81.69  1
        2016011512  5613238      -6.77      81.70  1
        2016011515  5994682      -7.69      81.86  1
        2016011518  6233278      -8.01      81.93  1
        2016011521  6385431      -8.29      82.14  1
        2016011600  6283521      -8.51      82.72  1
        2016011603  6188491      -8.60      83.22  1
        2016011606  6154646      -8.69      83.71  1
        2016011609  6086257      -8.69      84.08  1
        2016011612  6008817      -8.72      84.59  1
        2016011615  5982790      -8.46      85.25  1
        2016011618  6080073      -8.37      85.65  1
        2016011621  6010660      -8.15      86.30  1
        2016011700  5824673      -8.08      86.99  1
        2016011703  5743703      -8.04      87.24  1
        2016011706  5719808      -7.98      87.48  1
        2016011709  5584022      -8.01      87.65  1
        2016011712  5571921      -7.96      87.74  1
        2016011715  5506674      -7.94      87.68  1
        2016011718  5543798      -8.03      87.63  1
        2016011721  5385899      -8.01      87.57  1
        2016011800  5169894      -8.00      87.64  1
        2016011803  5063022      -7.96      87.67  1
        2016011806  5084910      -7.96      87.72  1
        2016011809  4944794      -7.95      87.82  1
        2016011812  4849417      -7.84      87.97  1
        2016011815  4862245      -7.96      87.99  1
        2016011818  4839439      -8.22      88.01  1
        2016011821  4815095      -8.44      87.99  1
        2016011900  4770911      -8.69      87.88  1
        2016011903  4744724      -8.93      87.83  1
        2016011906  4787588      -9.22      87.69  1
        2016011909  4782347      -9.43      87.63  1
        2016011912  4757513      -9.60      87.65  1
        2016011915  4747780      -9.76      87.69  1
        2016011918  4631647     -10.15      87.43  1
        2016011921  4629697     -10.35      87.32  1
        2016012000  4544609     -10.65      87.13  1
        2016012003  4532856     -10.83      87.00  1
        2016012006  4587986     -10.96      86.80  1
        2016012009  4634449     -11.08      86.53  1
        2016012012  4625615     -11.24      86.08  1
        2016012015  4617179     -11.41      85.96  1
        2016012018  4628894     -11.64      85.85  1
        2016012021  4545170     -11.80      85.52  1
        2016012100  4376647     -12.03      85.03  1
        2016012103  4236584     -12.18      84.44  1
        2016012106  4177489     -12.29      83.76  1
        2016012109  4026294     -12.41      82.87  1
        2016012112  3930801     -12.48      81.94  1
        2016012115  3842329     -12.48      81.16  1
        2016012118  3720800     -12.46      80.02  1
        2016012121  3531774     -12.34      78.33  1
        2016012200  3456724     -12.34      77.60  1
        2016012203  3397455     -12.42      77.02  1
        2016012206  3401920     -12.49      76.56  1
        2016012209  3375976     -12.60      76.09  1
        2016012212  3330806     -12.70      75.75  1
        2016012215  3340367     -12.85      75.45  1
        2016012218  3334596     -13.02      75.15  1
        2016012221  3375430     -13.20      74.76  1
        2016012300  3362723     -13.42      74.43  1
        2016012303  3310010     -13.61      74.11  1
        2016012306  3295043     -13.84      73.85  1
        2016012309  3249014     -14.14      73.57  1
        2016012312  3177021     -14.66      73.44  1
        2016012315  3079415     -15.35      73.54  1
        2016012318  3035601     -15.90      73.50  1
        2016012321  3014089     -16.48      73.51  1
        2016012400  3052002     -17.29      73.63  1
        2016012403  3020138     -17.79      73.66  1
        2016012406  2994271     -18.50      73.77  1
        2016012409  2912304     -19.13      73.78  1
        2016012412  2830999     -19.73      73.82  1
        2016012415  2727451     -20.46      74.06  1
        2016012418  2670133     -21.03      74.23  1
        2016012421  2554429     -21.55      74.29  1
        2016012500  1924877     -25.06      76.69  1
        2016012503  1859448     -25.75      77.10  1
        2016012506  1752005     -26.38      77.47  1
        2016012509  1712334     -26.92      77.89  1
        2016012512  1658686     -27.30      78.18  1
        2016012515  1638044     -27.59      78.45  1
        2016012518  1597584     -27.93      78.75  1
        2016012521  1563716     -28.16      79.00  1
        2016012600  1501705     -28.37      79.23  1
        2016012603  1428648     -28.51      79.41  1
        2016012606  1332169     -28.64      79.55  1
        2016012609  1238162     -28.70      79.69  1
        2016012612  1162498     -28.75      79.87  1
        2016012615  1087004     -28.80      80.04  1
        2016012618   994691     -28.91      80.21  1
        2016012621   907872     -28.95      80.34  1
        2016012700   835153     -29.02      80.51  1
        2016012703   693591     -29.10      80.75  1
        2016012706   576704     -29.14      80.91  1
        2016012709   470552     -29.21      81.16  1
        2016012712   394552     -29.17      81.30  1
        2016012715   304667     -29.24      81.39  1
LPT    30.0100
        2016012200   355510      -3.45     114.67  1
        2016012203   573572      -3.57     115.11  1
        2016012206   890598      -3.90     114.99  1
        2016012209  1118648      -4.22     114.78  1
        2016012212  1230372      -4.49     114.62  1
        2016012215  1367558      -4.97     114.07  1
        2016012218  1561297      -5.42     113.75  1
        2016012221  1743346      -6.04     113.11  1
        2016012300  1799896      -6.09     113.35  1
        2016012303  1987203      -6.20     113.70  1
        2016012306  2285618      -6.25     114.53  1
        2016012309  2722023      -6.00     116.84  1
        2016012312  3032729      -5.83     118.19  1
        2016012315  3285546      -5.87     118.54  1
        2016012318  3530561      -5.84     119.16  1
        2016012321  3665024      -5.84     119.50  1
        2016012400  3730108      -5.90     119.76  1
        2016012403  3749445      -6.01     119.66  1
        2016012406  3808971      -6.08     119.76  1
        2016012409  3861692      -6.13     119.87  1
        2016012412  3857594      -6.19     119.93  1
        2016012415  3889686      -6.31     119.75  1
        2016012418  3963426      -6.38     119.88  1
        2016012421  3877621      -6.50     119.57  1
        2016012500  3778255      -6.60     119.22  1
        2016012503  3514185      -6.91     118.16  1
        2016012506  3236141      -7.35     116.25  1
        2016012509  3121256      -7.52     115.87  1
        2016012512  2997056      -7.70     115.53  1
        2016012515  2981766      -7.92     115.30  1
        2016012518  3072938      -7.96     115.47  1
        2016012521  2936952      -8.05     115.26  1
        2016012600  2856370      -8.08     115.28  1
        2016012603  2741203      -8.15     115.26  1
        2016012606  2675693      -8.23     115.55  1
        2016012609  2596120      -8.24     115.77  1
        2016012612  2474236      -8.34     116.09  1
        2016012615  2397683      -8.51     116.39  1
        2016012618  2341816      -8.66     116.72  1
        2016012621  2197108      -8.77     116.78  1
        2016012700  2167306      -8.90     116.83  1
        2016012703  2099546      -9.02     116.84  1
        2016012706  2052971      -9.17     116.92  1
        2016012709  2044830      -9.24     116.78  1
        2016012712  1968016      -9.36     116.71  1
        2016012715  1914185      -9.47     116.70  1
        2016012718  1870002      -9.61     116.74  1
        2016012721  1806130      -9.75     116.81  1
        2016012800  1707147      -9.92     116.78  1
        2016012803  1634075     -10.10     116.79  1
        2016012806  1554971     -10.29     116.83  1
        2016012809  1433061     -10.40     116.73  1
        2016012812  1319548     -10.53     116.73  1
        2016012815  1217237     -10.71     116.76  1
        2016012818  1074768     -10.93     116.75  1
        2016012821   905866     -11.18     116.80  1
        2016012900   787450     -11.58     116.91  1
        2016012903   632118     -12.06     117.11  1
        2016012906   554249     -12.47     117.31  1
        2016012909   436192     -12.75     117.40  1
        2016012912   325064     -13.07     117.49  1
LPT    31.0100
        2016012821   425527      -1.06      79.08  1
        2016012900   439357      -1.38      79.46  1
        2016012903   490123      -1.89      79.82  1
        2016012906   621876      -3.15      79.98  1
        2016012909   713932      -4.19      80.05  1
        2016012912   739196      -4.30      80.30  1
        2016012915   760182      -4.09      80.64  1
        2016012918   848148      -3.17      81.38  1
        2016012921  1021136      -2.70      82.18  1
        2016013000  1106721      -2.06      83.10  1
        2016013003  1151509      -1.34      84.32  1
        2016013006  1295947      -1.13      85.12  1
        2016013009  1379306      -1.04      85.51  1
        2016013012  1440263      -0.99      85.90  1
        2016013015  1461130      -0.95      86.29  1
        2016013018  1532063      -0.93      86.73  1
        2016013021  1554361      -0.91      86.96  1
        2016013100  1472622      -0.81      87.30  1
        2016013103  1442580      -0.65      87.55  1
        2016013106  1449509      -0.42      87.83  1
        2016013109  1387796      -0.34      88.13  1
        2016013112  1292155      -0.27      88.42  1
        2016013115  1264372      -0.45      88.84  1
        2016013118  1321327      -0.84      89.40  1
        2016013121  1523750      -1.36      89.93  1
        2016020100  1625922      -1.77      90.42  1
        2016020103  1781010      -2.24      90.85  1
        2016020106  1988844      -2.79      91.28  1
        2016020109  2219206      -3.07      91.70  1
        2016020112  3223320      -4.67      97.36  1
        2016020115  3423873      -4.85      97.62  1
        2016020118  3815664      -5.13      98.48  1
        2016020121  4002335      -5.26      98.78  1
        2016020200  4172998      -5.48      99.31  1
        2016020203  4246578      -5.64      99.55  1
        2016020206  4388363      -5.81     100.09  1
        2016020209  4402488      -6.01     100.43  1
        2016020212  4283940      -6.11     100.34  1
        2016020215  4142869      -6.15      99.88  1
        2016020218  4107417      -6.20      99.71  1
        2016020221  3998889      -6.19      98.99  1
        2016020300  4047066      -6.12      98.26  1
        2016020303  4131526      -6.02      97.44  1
        2016020306  4257468      -5.93      96.93  1
        2016020309  4337925      -5.87      96.17  1
        2016020312  4367537      -5.72      95.20  1
        2016020315  4502022      -5.58      94.21  1
        2016020318  4634359      -5.43      93.22  1
        2016020321  4718875      -5.32      91.66  1
        2016020400  4839048      -5.28      90.27  1
        2016020403  5043663      -5.31      88.52  1
        2016020406  5104292      -5.30      87.42  1
        2016020409  5040025      -5.23      85.75  1
        2016020412  4821120      -5.20      84.23  1
        2016020415  4117320      -4.90      79.61  1
        2016020418  4218982      -4.91      78.86  1
        2016020421  4476265      -5.06      77.98  1
        2016020500  5706438      -6.80      71.97  1
        2016020503  5854500      -6.93      71.50  1
        2016020506  5999465      -6.95      71.22  1
        2016020509  6192041      -7.05      70.87  1
        2016020512  6410551      -7.21      70.41  1
        2016020515  6558387      -7.26      70.40  1
        2016020518  6751155      -7.28      70.29  1
        2016020521  6987131      -7.28      70.34  1
        2016020600  7208587      -7.31      70.24  1
        2016020603  7419552      -7.29      70.32  1
        2016020606  8729349      -6.68      74.85  1
        2016020609  9215000      -6.43      75.96  1
        2016020612  9560952      -6.31      76.75  1
        2016020615  9646327      -6.19      77.28  1
        2016020618  9737273      -6.09      77.84  1
        2016020621  9696863      -5.94      78.58  1
        2016020700  9502038      -5.95      78.79  1
        2016020703  9414723      -5.94      79.03  1
        2016020706  3119149     -12.27      55.33  1
        2016020709  3016475     -12.49      54.95  1
        2016020712  2837678     -12.74      54.70  1
        2016020715  2743027     -12.86      54.62  1
        2016020718  2685686     -12.95      54.70  1
        2016020721  2621748     -13.08      54.70  1
        2016020800  2544805     -13.39      54.40  1
        2016020803  2484012     -13.66      54.28  1
        2016020806  2478155     -14.13      54.01  1
        2016020809  2897796     -16.17      53.11  1
        2016020812  2938436     -17.04      52.64  1
        2016020815  2856689     -17.63      52.36  1
        2016020818  2786232     -18.15      52.11  1
        2016020821  2779005     -18.47      51.80  1
        2016020900  2782998     -19.10      51.60  1
        2016020903  2652757     -19.60      51.51  1
        2016020906  2581888     -19.81      51.64  1
        2016020909  2611058     -19.75      51.90  1
        2016020912  2600727     -19.81      52.10  1
        2016020915  2536323     -19.93      52.23  1
        2016020918  2605332     -20.00      52.45  1
        2016020921  2613699     -20.00      52.62  1
        2016021000  2708100     -20.18      52.77  1
        2016021003  2683857     -20.47      52.95  1
        2016021006  2678966     -20.82      53.09  1
        2016021009  2643963     -20.83      53.31  1
        2016021012  2577987     -20.93      53.50  1
        2016021015  2530692     -21.22      53.58  1
        2016021018  2474261     -21.50      53.65  1
        2016021021  2350618     -21.52      53.91  1
        2016021100  2312904     -21.89      53.99  1
        2016021103  2213299     -22.17      54.15  1
        2016021106  2135249     -22.42      54.31  1
        2016021109  2013048     -22.37      54.67  1
        2016021112  1815201     -22.48      55.04  1
        2016021115  1708420     -22.54      55.33  1
        2016021118  1644868     -22.71      55.54  1
        2016021121  1573010     -23.10      55.58  1
        2016021200  1491024     -24.02      55.47  1
        2016021203  1215731     -25.03      55.13  1
        2016021206   661362     -29.39      52.67  1
        2016021209   547328     -30.01      52.64  1
        2016021212   543490     -30.95      52.62  1
        2016021215   497476     -31.53      52.74  1
        2016021218   418198     -32.20      52.82  1
        2016021221   279109     -33.03      52.90  1
LPT    31.0200
        2016012821   425527      -1.06      79.08  1
        2016012900   439357      -1.38      79.46  1
        2016012903   490123      -1.89      79.82  1
        2016012906   621876      -3.15      79.98  1
        2016012909   713932      -4.19      80.05  1
        2016012912   739196      -4.30      80.30  1
        2016012915   760182      -4.09      80.64  1
        2016012918   848148      -3.17      81.38  1
        2016012921  1021136      -2.70      82.18  1
        2016013000  1106721      -2.06      83.10  1
        2016013003  1151509      -1.34      84.32  1
        2016013006  1295947      -1.13      85.12  1
        2016013009  1379306      -1.04      85.51  1
        2016013012  1440263      -0.99      85.90  1
        2016013015  1461130      -0.95      86.29  1
        2016013018  1532063      -0.93      86.73  1
        2016013021  1554361      -0.91      86.96  1
        2016013100  1472622      -0.81      87.30  1
        2016013103  1442580      -0.65      87.55  1
        2016013106  1449509      -0.42      87.83  1
        2016013109  1387796      -0.34      88.13  1
        2016013112  1292155      -0.27      88.42  1
        2016013115  1264372      -0.45      88.84  1
        2016013118  1321327      -0.84      89.40  1
        2016013121  1523750      -1.36      89.93  1
        2016020100  1625922      -1.77      90.42  1
        2016020103  1781010      -2.24      90.85  1
        2016020106  1988844      -2.79      91.28  1
        2016020109  2219206      -3.07      91.70  1
        2016020112  3223320      -4.67      97.36  1
        2016020115  3423873      -4.85      97.62  1
        2016020118  3815664      -5.13      98.48  1
        2016020121  4002335      -5.26      98.78  1
        2016020200  4172998      -5.48      99.31  1
        2016020203  4246578      -5.64      99.55  1
        2016020206  4388363      -5.81     100.09  1
        2016020209  4402488      -6.01     100.43  1
        2016020212  4283940      -6.11     100.34  1
        2016020215  4142869      -6.15      99.88  1
        2016020218  4107417      -6.20      99.71  1
        2016020221  3998889      -6.19      98.99  1
        2016020300  4047066      -6.12      98.26  1
        2016020303  4131526      -6.02      97.44  1
        2016020306  4257468      -5.93      96.93  1
        2016020309  4337925      -5.87      96.17  1
        2016020312  4367537      -5.72      95.20  1
        2016020315  4502022      -5.58      94.21  1
        2016020318  4634359      -5.43      93.22  1
        2016020321  4718875      -5.32      91.66  1
        2016020400  4839048      -5.28      90.27  1
        2016020403  5043663      -5.31      88.52  1
        2016020406  5104292      -5.30      87.42  1
        2016020409  5040025      -5.23      85.75  1
        2016020412  4821120      -5.20      84.23  1
        2016020415  4117320      -4.90      79.61  1
        2016020418  4218982      -4.91      78.86  1
        2016020421  4476265      -5.06      77.98  1
        2016020500  5706438      -6.80      71.97  1
        2016020503  5854500      -6.93      71.50  1
        2016020506  5999465      -6.95      71.22  1
        2016020509  6192041      -7.05      70.87  1
        2016020512  6410551      -7.21      70.41  1
        2016020515  6558387      -7.26      70.40  1
        2016020518  6751155      -7.28      70.29  1
        2016020521  6987131      -7.28      70.34  1
        2016020600  7208587      -7.31      70.24  1
        2016020603  7419552      -7.29      70.32  1
        2016020606  8729349      -6.68      74.85  1
        2016020609  9215000      -6.43      75.96  1
        2016020612  9560952      -6.31      76.75  1
        2016020615  9646327      -6.19      77.28  1
        2016020618  9737273      -6.09      77.84  1
        2016020621  9696863      -5.94      78.58  1
        2016020700  9502038      -5.95      78.79  1
        2016020703  9414723      -5.94      79.03  1
        2016020706  6215506      -2.52      92.21  1
        2016020709  6405814      -2.53      92.50  1
        2016020712  6582387      -2.52      92.88  1
        2016020715  6802835      -2.60      92.98  1
        2016020718  7084313      -2.72      92.97  1
        2016020721  7311946      -2.84      92.95  1
        2016020800  7315440      -2.89      92.96  1
        2016020803  7331833      -2.92      92.91  1
        2016020806  7355220      -2.93      92.90  1
        2016020809  7342246      -3.01      93.14  1
        2016020812  7331563      -3.08      93.34  1
        2016020815  7288087      -3.10      93.42  1
        2016020818  7377133      -3.15      93.64  1
        2016020821  7286756      -3.28      93.44  1
        2016020900  7196156      -3.38      93.44  1
        2016020903  7200228      -3.45      93.64  1
        2016020906  7250534      -3.50      94.01  1
        2016020909  7245313      -3.62      94.38  1
        2016020912  7213752      -3.67      94.57  1
        2016020915  7207448      -3.70      94.70  1
        2016020918  7324337      -3.67      94.95  1
        2016020921  7340678      -3.67      95.22  1
        2016021000  7322587      -3.67      95.59  1
        2016021003  7341353      -3.68      95.86  1
        2016021006  7377282      -3.65      96.27  1
        2016021009  7168230      -3.61      97.13  1
        2016021012  6927104      -3.55      97.83  1
        2016021015  6775917      -3.53      98.24  1
        2016021018  6687089      -3.48      98.75  1
        2016021021  6499679      -3.41      99.33  1
        2016021100  6345097      -3.37      99.84  1
        2016021103  6311356      -3.38     100.06  1
        2016021106  6332911      -3.44     100.37  1
        2016021109  6321499      -3.52     100.74  1
        2016021112  6288105      -3.58     101.07  1
        2016021115  6270563      -3.65     101.39  1
        2016021118  6271541      -3.78     101.76  1
        2016021121  6117319      -3.91     102.23  1
        2016021200  5929267      -4.05     102.75  1
        2016021203  5846425      -4.24     102.94  1
        2016021206  5744423      -4.44     103.14  1
        2016021209  5579764      -4.64     103.38  1
        2016021212  5374827      -4.83     103.58  1
        2016021215  5243685      -5.07     103.74  1
        2016021218  5157830      -5.45     103.76  1
        2016021221  4893316      -5.84     103.92  1
        2016021300  4626382      -6.34     103.93  1
        2016021303  4378053      -6.73     103.77  1
        2016021306  4141324      -7.02     103.74  1
        2016021309  3903198      -7.29     103.57  1
        2016021312  3681864      -7.48     103.31  1
        2016021315  3548928      -7.69     103.09  1
        2016021318  3446257      -8.02     102.61  1
        2016021321  3150812      -8.36     102.09  1
        2016021400  2894690      -8.76     101.31  1
        2016021403  2578181      -9.23      99.97  1
        2016021406  2355999      -9.65      98.81  1
        2016021409  2055034     -10.00      97.99  1
        2016021412  1894070     -10.25      97.38  1
        2016021415  1754487     -10.49      96.64  1
        2016021418  1532478     -10.91      95.69  1
        2016021421  1264553     -11.56      94.42  1
        2016021500  1106445     -11.98      93.59  1
        2016021503  1004880     -12.29      93.07  1
        2016021506   853859     -12.59      92.58  1
        2016021509   720310     -12.93      92.08  1
        2016021512   654288     -13.15      91.80  1
        2016021515   623794     -13.31      91.52  1
        2016021518   595355     -13.57      91.18  1
        2016021521   471755     -13.83      90.79  1
        2016021600   464816     -13.92      90.54  1
        2016021603   398558     -14.10      90.21  1
        2016021606   343532     -14.33      89.91  1
LPT    31.0300
        2016013112   575571     -12.81      46.90  1
        2016013115   806463     -12.69      47.71  1
        2016013118  1257933     -12.51      49.57  1
        2016013121  1537287     -12.44      50.09  1
        2016020100  1908645     -12.38      50.24  1
        2016020103  2139482     -12.35      50.11  1
        2016020106  2312069     -12.35      49.77  1
        2016020109  2364847     -12.34      49.57  1
        2016020112  2523761     -12.34      49.31  1
        2016020115  2622884     -12.37      49.14  1
        2016020118  2682113     -12.39      49.13  1
        2016020121  2676570     -12.41      49.23  1
        2016020200  2741109     -12.43      48.96  1
        2016020203  2590190     -12.52      48.32  1
        2016020206  2525109     -12.61      47.78  1
        2016020209  2407352     -12.71      47.37  1
        2016020212  2363442     -12.80      46.66  1
        2016020215  2223904     -12.92      46.34  1
        2016020218  2093857     -13.00      46.25  1
        2016020221  1979616     -13.10      46.11  1
        2016020300  1974848     -13.13      46.20  1
        2016020303  1835117     -13.23      46.04  1
        2016020306  1672332     -13.32      45.86  1
        2016020309  1525365     -13.41      45.61  1
        2016020312  1509855     -13.48      45.41  1
        2016020315  1423914     -13.55      45.23  1
        2016020318  1323795     -13.61      45.30  1
        2016020321  1225392     -13.64      45.35  1
        2016020400  1174880     -13.69      45.46  1
        2016020403  1037848     -13.82      45.73  1
        2016020406   951524     -13.86      45.85  1
        2016020409   929095     -13.85      46.17  1
        2016020412   971057     -13.86      46.44  1
        2016020415   973959     -13.89      46.82  1
        2016020418   926164     -13.86      47.80  1
        2016020421   988687     -13.61      49.36  1
        2016020500  5706438      -6.80      71.97  1
        2016020503  5854500      -6.93      71.50  1
        2016020506  5999465      -6.95      71.22  1
        2016020509  6192041      -7.05      70.87  1
        2016020512  6410551      -7.21      70.41  1
        2016020515  6558387      -7.26      70.40  1
        2016020518  6751155      -7.28      70.29  1
        2016020521  6987131      -7.28      70.34  1
        2016020600  7208587      -7.31      70.24  1
        2016020603  7419552      -7.29      70.32  1
        2016020606  8729349      -6.68      74.85  1
        2016020609  9215000      -6.43      75.96  1
        2016020612  9560952      -6.31      76.75  1
        2016020615  9646327      -6.19      77.28  1
        2016020618  9737273      -6.09      77.84  1
        2016020621  9696863      -5.94      78.58  1
        2016020700  9502038      -5.95      78.79  1
        2016020703  9414723      -5.94      79.03  1
        2016020706  3119149     -12.27      55.33  1
        2016020709  3016475     -12.49      54.95  1
        2016020712  2837678     -12.74      54.70  1
        2016020715  2743027     -12.86      54.62  1
        2016020718  2685686     -12.95      54.70  1
        2016020721  2621748     -13.08      54.70  1
        2016020800  2544805     -13.39      54.40  1
        2016020803  2484012     -13.66      54.28  1
        2016020806  2478155     -14.13      54.01  1
        2016020809  2897796     -16.17      53.11  1
        2016020812  2938436     -17.04      52.64  1
        2016020815  2856689     -17.63      52.36  1
        2016020818  2786232     -18.15      52.11  1
        2016020821  2779005     -18.47      51.80  1
        2016020900  2782998     -19.10      51.60  1
        2016020903  2652757     -19.60      51.51  1
        2016020906  2581888     -19.81      51.64  1
        2016020909  2611058     -19.75      51.90  1
        2016020912  2600727     -19.81      52.10  1
        2016020915  2536323     -19.93      52.23  1
        2016020918  2605332     -20.00      52.45  1
        2016020921  2613699     -20.00      52.62  1
        2016021000  2708100     -20.18      52.77  1
        2016021003  2683857     -20.47      52.95  1
        2016021006  2678966     -20.82      53.09  1
        2016021009  2643963     -20.83      53.31  1
        2016021012  2577987     -20.93      53.50  1
        2016021015  2530692     -21.22      53.58  1
        2016021018  2474261     -21.50      53.65  1
        2016021021  2350618     -21.52      53.91  1
        2016021100  2312904     -21.89      53.99  1
        2016021103  2213299     -22.17      54.15  1
        2016021106  2135249     -22.42      54.31  1
        2016021109  2013048     -22.37      54.67  1
        2016021112  1815201     -22.48      55.04  1
        2016021115  1708420     -22.54      55.33  1
        2016021118  1644868     -22.71      55.54  1
        2016021121  1573010     -23.10      55.58  1
        2016021200  1491024     -24.02      55.47  1
        2016021203  1215731     -25.03      55.13  1
        2016021206   661362     -29.39      52.67  1
        2016021209   547328     -30.01      52.64  1
        2016021212   543490     -30.95      52.62  1
        2016021215   497476     -31.53      52.74  1
        2016021218   418198     -32.20      52.82  1
        2016021221   279109     -33.03      52.90  1
LPT    31.0400
        2016013112   575571     -12.81      46.90  1
        2016013115   806463     -12.69      47.71  1
        2016013118  1257933     -12.51      49.57  1
        2016013121  1537287     -12.44      50.09  1
        2016020100  1908645     -12.38      50.24  1
        2016020103  2139482     -12.35      50.11  1
        2016020106  2312069     -12.35      49.77  1
        2016020109  2364847     -12.34      49.57  1
        2016020112  2523761     -12.34      49.31  1
        2016020115  2622884     -12.37      49.14  1
        2016020118  2682113     -12.39      49.13  1
        2016020121  2676570     -12.41      49.23  1
        2016020200  2741109     -12.43      48.96  1
        2016020203  2590190     -12.52      48.32  1
        2016020206  2525109     -12.61      47.78  1
        2016020209  2407352     -12.71      47.37  1
        2016020212  2363442     -12.80      46.66  1
        2016020215  2223904     -12.92      46.34  1
        2016020218  2093857     -13.00      46.25  1
        2016020221  1979616     -13.10      46.11  1
        2016020300  1974848     -13.13      46.20  1
        2016020303  1835117     -13.23      46.04  1
        2016020306  1672332     -13.32      45.86  1
        2016020309  1525365     -13.41      45.61  1
        2016020312  1509855     -13.48      45.41  1
        2016020315  1423914     -13.55      45.23  1
        2016020318  1323795     -13.61      45.30  1
        2016020321  1225392     -13.64      45.35  1
        2016020400  1174880     -13.69      45.46  1
        2016020403  1037848     -13.82      45.73  1
        2016020406   951524     -13.86      45.85  1
        2016020409   929095     -13.85      46.17  1
        2016020412   971057     -13.86      46.44  1
        2016020415   973959     -13.89      46.82  1
        2016020418   926164     -13.86      47.80  1
        2016020421   988687     -13.61      49.36  1
        2016020500  5706438      -6.80      71.97  1
        2016020503  5854500      -6.93      71.50  1
        2016020506  5999465      -6.95      71.22  1
        2016020509  6192041      -7.05      70.87  1
        2016020512  6410551      -7.21      70.41  1
        2016020515  6558387      -7.26      70.40  1
        2016020518  6751155      -7.28      70.29  1
        2016020521  6987131      -7.28      70.34  1
        2016020600  7208587      -7.31      70.24  1
        2016020603  7419552      -7.29      70.32  1
        2016020606  8729349      -6.68      74.85  1
        2016020609  9215000      -6.43      75.96  1
        2016020612  9560952      -6.31      76.75  1
        2016020615  9646327      -6.19      77.28  1
        2016020618  9737273      -6.09      77.84  1
        2016020621  9696863      -5.94      78.58  1
        2016020700  9502038      -5.95      78.79  1
        2016020703  9414723      -5.94      79.03  1
        2016020706  6215506      -2.52      92.21  1
        2016020709  6405814      -2.53      92.50  1
        2016020712  6582387      -2.52      92.88  1
        2016020715  6802835      -2.60      92.98  1
        2016020718  7084313      -2.72      92.97  1
        2016020721  7311946      -2.84      92.95  1
        2016020800  7315440      -2.89      92.96  1
        2016020803  7331833      -2.92      92.91  1
        2016020806  7355220      -2.93      92.90  1
        2016020809  7342246      -3.01      93.14  1
        2016020812  7331563      -3.08      93.34  1
        2016020815  7288087      -3.10      93.42  1
        2016020818  7377133      -3.15      93.64  1
        2016020821  7286756      -3.28      93.44  1
        2016020900  7196156      -3.38      93.44  1
        2016020903  7200228      -3.45      93.64  1
        2016020906  7250534      -3.50      94.01  1
        2016020909  7245313      -3.62      94.38  1
        2016020912  7213752      -3.67      94.57  1
        2016020915  7207448      -3.70      94.70  1
        2016020918  7324337      -3.67      94.95  1
        2016020921  7340678      -3.67      95.22  1
        2016021000  7322587      -3.67      95.59  1
        2016021003  7341353      -3.68      95.86  1
        2016021006  7377282      -3.65      96.27  1
        2016021009  7168230      -3.61      97.13  1
        2016021012  6927104      -3.55      97.83  1
        2016021015  6775917      -3.53      98.24  1
        2016021018  6687089      -3.48      98.75  1
        2016021021  6499679      -3.41      99.33  1
        2016021100  6345097      -3.37      99.84  1
        2016021103  6311356      -3.38     100.06  1
        2016021106  6332911      -3.44     100.37  1
        2016021109  6321499      -3.52     100.74  1
        2016021112  6288105      -3.58     101.07  1
        2016021115  6270563      -3.65     101.39  1
        2016021118  6271541      -3.78     101.76  1
        2016021121  6117319      -3.91     102.23  1
        2016021200  5929267      -4.05     102.75  1
        2016021203  5846425      -4.24     102.94  1
        2016021206  5744423      -4.44     103.14  1
        2016021209  5579764      -4.64     103.38  1
        2016021212  5374827      -4.83     103.58  1
        2016021215  5243685      -5.07     103.74  1
        2016021218  5157830      -5.45     103.76  1
        2016021221  4893316      -5.84     103.92  1
        2016021300  4626382      -6.34     103.93  1
        2016021303  4378053      -6.73     103.77  1
        2016021306  4141324      -7.02     103.74  1
        2016021309  3903198      -7.29     103.57  1
        2016021312  3681864      -7.48     103.31  1
        2016021315  3548928      -7.69     103.09  1
        2016021318  3446257      -8.02     102.61  1
        2016021321  3150812      -8.36     102.09  1
        2016021400  2894690      -8.76     101.31  1
        2016021403  2578181      -9.23      99.97  1
        2016021406  2355999      -9.65      98.81  1
        2016021409  2055034     -10.00      97.99  1
        2016021412  1894070     -10.25      97.38  1
        2016021415  1754487     -10.49      96.64  1
        2016021418  1532478     -10.91      95.69  1
        2016021421  1264553     -11.56      94.42  1
        2016021500  1106445     -11.98      93.59  1
        2016021503  1004880     -12.29      93.07  1
        2016021506   853859     -12.59      92.58  1
        2016021509   720310     -12.93      92.08  1
        2016021512   654288     -13.15      91.80  1
        2016021515   623794     -13.31      91.52  1
        2016021518   595355     -13.57      91.18  1
        2016021521   471755     -13.83      90.79  1
        2016021600   464816     -13.92      90.54  1
        2016021603   398558     -14.10      90.21  1
        2016021606   343532     -14.33      89.91  1
LPT    32.0100
        2016020209   311019      -2.76     160.88  1
        2016020212   430578      -2.86     160.75  1
        2016020215   498399      -3.03     160.90  1
        2016020218   416581      -3.17     160.85  1
        2016020221   367150      -3.36     161.41  1
        2016020303   373709      -4.25     164.90  1
        2016020306   527580      -4.52     165.65  1
        2016020309   720666      -4.66     166.25  1
        2016020312  1065348      -4.69     166.34  1
        2016020315  1424674      -4.62     166.36  1
        2016020318  1593325      -4.52     166.43  1
        2016020321  1843065      -4.29     166.66  1
        2016020400  2105265      -4.01     167.09  1
        2016020403  2344397      -3.76     167.60  1
        2016020406  2452335      -3.67     167.82  1
        2016020409  2521858      -3.51     168.58  1
        2016020412  2632997      -3.35     169.21  1
        2016020415  2859961      -3.29     170.37  1
        2016020418  2814426      -3.24     171.24  1
        2016020421  2872732      -3.23     171.79  1
        2016020500  2919474      -3.26     172.18  1
        2016020503  2983970      -3.24     172.75  1
        2016020506  2979317      -3.24     172.95  1
        2016020509  3070800      -3.23     173.29  1
        2016020512  3174480      -3.27     173.48  1
        2016020515  3455184      -3.24     173.99  1
        2016020518  3749882      -3.01     175.09  1
        2016020521  4111857      -2.92     176.00  1
        2016020600  4307233      -2.90     176.55  1
        2016020603  4555720      -2.87     177.16  1
        2016020606  4653796      -2.78     177.87  1
        2016020609  4823716      -2.72     178.62  1
        2016020612  4918676      -2.75     179.21  1
        2016020615  4616559      -2.52     181.04  1
        2016020618  4563473      -2.63     181.39  1
        2016020621  4624550      -2.69     181.51  1
        2016020700  4690122      -2.75     181.71  1
        2016020703  4675848      -2.85     181.67  1
        2016020706  4634069      -2.94     181.60  1
        2016020709  4669259      -3.01     181.37  1
        2016020712  4705343      -3.04     181.24  1
        2016020715  4744975      -3.15     180.97  1
        2016020718  4752180      -3.15     181.03  1
        2016020721  4876628      -3.17     181.11  1
        2016020800  5022011      -3.17     181.31  1
        2016020803  5241706      -3.19     181.45  1
        2016020806  5374383      -3.26     181.43  1
        2016020809  5581367      -3.33     181.43  1
        2016020812  5733073      -3.49     180.99  1
        2016020815  5856173      -3.67     180.40  1
        2016020818  5727262      -3.81     179.94  1
        2016020821  5652441      -3.98     179.09  1
        2016020900  5569575      -4.10     178.51  1
        2016020903  5550263      -4.22     177.87  1
        2016020906  5483943      -4.38     177.09  1
        2016020909  5505890      -4.51     176.52  1
        2016020912  5815004      -5.27     174.48  1
        2016020915  5936417      -5.61     173.53  1
        2016020918  5801903      -5.81     172.95  1
        2016020921  5746150      -6.01     172.58  1
        2016021000  5638643      -6.26     172.03  1
        2016021003  5517603      -6.60     171.34  1
        2016021006  5386741      -6.80     171.04  1
        2016021009  5439513      -6.98     170.92  1
        2016021012  5534965      -7.38     170.44  1
        2016021015  5785632      -7.63     170.59  1
        2016021018  5925744      -7.75     170.63  1
        2016021021  6021792      -7.91     170.60  1
        2016021100  5999232      -8.16     170.37  1
        2016021103  6087096      -8.36     170.32  1
        2016021106  5962100      -8.70     169.75  1
        2016021109  5899471      -8.91     169.70  1
        2016021112  5571757      -9.52     168.90  1
        2016021115  5780773      -9.69     168.39  1
        2016021118  5674210     -10.11     167.05  1
        2016021121  5660714     -10.52     165.94  1
        2016021200  5240925     -11.43     164.03  1
        2016021203  5494330     -11.53     163.47  1
        2016021206  5684442     -11.56     162.68  1
        2016021209  5824755     -11.66     162.53  1
        2016021212  6026144     -11.67     162.12  1
        2016021215  6388854     -11.68     161.73  1
        2016021218  6497313     -11.73     161.42  1
        2016021221  6570090     -11.70     161.13  1
        2016021300  6642039     -11.68     160.83  1
        2016021303  6782199     -11.66     160.54  1
        2016021306  6769233     -11.57     160.11  1
        2016021309  6848599     -11.55     159.99  1
        2016021312  6895769     -11.54     159.92  1
        2016021315  6968010     -11.48     159.89  1
        2016021318  6981677     -11.28     159.50  1
        2016021321  6986199     -11.16     159.49  1
        2016021400  6957575     -11.01     159.49  1
        2016021403  6949073     -10.78     159.49  1
        2016021406  6830799     -10.51     159.33  1
        2016021409  6780379     -10.35     159.56  1
        2016021412  6756874     -10.29     159.89  1
        2016021415  6828182     -10.09     160.22  1
        2016021418  6565535      -9.64     160.12  2
        2016021421  6475645      -9.51     160.67  2
        2016021500  6321985      -9.11     161.03  2
        2016021503  6382358      -8.72     161.52  2
        2016021506  6166162      -8.25     161.72  2
        2016021509  5935485      -7.86     162.50  2
        2016021512  5587954      -7.47     163.04  2
        2016021515  5378304      -7.32     164.63  2
        2016021518  4511677      -7.27     168.45  2
        2016021521  4448352      -7.17     169.31  2
        2016021600  4438289      -7.29     170.13  2
        2016021603  4486480      -7.32     171.05  2
        2016021606  4401881      -7.23     171.76  2
        2016021609  4519465      -7.44     172.70  2
        2016021612  4687232      -7.73     173.68  2
        2016021615  5201235      -7.96     174.53  2
        2016021618  8643738     -14.19     189.32  2
        2016021621  9778250     -14.41     190.40  1
        2016021700 10985699     -14.28     190.67  1
        2016021703 11567840     -14.01     190.60  1
        2016021706 11837008     -13.89     190.70  1
        2016021709 12192486     -13.68     190.74  1
        2016021712 12706176     -13.47     190.76  1
        2016021715 13161531     -13.05     190.24  1
        2016021718 13307219     -12.84     190.07  1
        2016021721 13626715     -12.50     189.58  1
        2016021800 13808297     -12.23     189.26  1
        2016021803 13990255     -12.07     188.88  1
        2016021806 14001560     -12.07     188.96  1
        2016021809 14195309     -12.19     189.25  1
        2016021812 14199619     -12.09     189.10  1
        2016021815 14311807     -11.95     188.83  1
        2016021818 14202890     -12.03     189.05  1
        2016021821 14110069     -12.00     189.15  1
        2016021900 13966087     -11.90     189.13  1
        2016021903 13824182     -11.74     189.07  1
        2016021906 13692992     -11.75     189.19  1
        2016021909 13704199     -11.69     189.27  1
        2016021912 13626710     -11.61     189.31  1
        2016021915 13584258     -11.54     189.33  1
        2016021918 13478562     -11.61     189.65  1
        2016021921 13412577     -11.62     189.76  1
        2016022000 13317704     -11.66     189.96  1
        2016022003 13127066     -11.75     190.13  1
        2016022006 12973779     -11.93     190.44  1
        2016022009 12987673     -12.12     190.76  1
        2016022012 12957257     -12.33     190.94  1
        2016022015 12727393     -12.60     191.14  1
        2016022018 12547221     -12.95     191.57  1
        2016022021 12394229     -13.17     191.83  1
        2016022100 12175449     -13.56     192.55  1
        2016022103 11973546     -13.89     193.09  1
        2016022106 11826457     -14.19     193.60  1
        2016022109 11884118     -14.37     194.12  1
        2016022112 11984886     -14.30     194.45  1
        2016022115 11998370     -14.39     194.68  1
        2016022118 11988712     -14.58     195.16  1
        2016022121 12064932     -14.38     195.24  1
        2016022200 12172501     -14.31     195.53  1
        2016022203 12192775     -14.17     195.67  1
        2016022206 12177458     -14.06     195.86  1
        2016022209 12230825     -13.70     196.07  1
        2016022212 12306341     -13.42     196.47  1
        2016022215 12168921     -13.22     196.51  1
        2016022218 11946397     -13.11     196.83  1
        2016022221 11747945     -12.73     196.85  1
        2016022300 11628719     -12.61     197.14  1
        2016022303 11444160     -12.41     197.18  1
        2016022306 11247116     -12.13     197.21  1
        2016022309 11238474     -11.78     197.29  1
        2016022312 11210810     -11.42     197.28  1
        2016022315 11067985     -11.18     197.24  1
        2016022318 10915886     -11.03     197.16  1
        2016022321 10656592     -10.72     196.85  1
        2016022400 10579072     -10.68     196.95  1
        2016022403 10286899     -10.49     196.71  1
        2016022406 10050194     -10.33     196.65  1
        2016022409  9913397     -10.19     196.78  1
        2016022412  9758346      -9.99     196.86  1
        2016022415  9576958     -10.07     196.80  1
        2016022418  9323737      -9.99     197.20  1
        2016022421  9035249      -9.95     197.40  1
        2016022500  8922072     -10.09     197.72  1
        2016022503  8712403     -10.29     197.52  1
        2016022506  8351079     -10.30     197.92  1
        2016022509  8167919     -10.30     198.53  1
        2016022512  7916738     -10.17     199.65  1
        2016022515  7768337     -10.50     199.74  1
        2016022518  7798862     -10.70     199.86  1
        2016022521  7791251     -10.86     199.85  1
        2016022600  7890557     -11.15     200.08  1
        2016022603  7875254     -11.33     200.20  1
        2016022606  7913194     -11.57     200.41  1
        2016022609  8033853     -11.77     200.55  1
        2016022612  8172490     -12.06     200.78  1
        2016022615  8249724     -12.29     200.89  1
        2016022618  8315433     -12.39     200.97  1
        2016022621  8327328     -12.27     200.84  1
        2016022700  8491745     -12.38     201.04  1
        2016022703  8499632     -12.53     201.20  1
        2016022706  8532607     -12.60     201.41  1
        2016022709  8614578     -12.40     201.22  1
        2016022712  8738485     -12.31     201.32  1
        2016022715  8679913     -12.24     201.18  1
        2016022718  8743544     -12.10     201.09  1
        2016022721  8738195     -11.84     200.90  1
        2016022800  8742943     -11.63     200.89  1
        2016022803  8711631     -11.57     200.96  1
        2016022806  8708034     -11.51     201.13  1
        2016022809  8757974     -11.39     201.16  1
        2016022812  8746538     -11.16     201.21  1
        2016022815  8615586     -11.12     201.40  1
        2016022818  8554536     -11.00     201.47  1
        2016022821  8511504     -10.98     201.68  1
        2016022900  8543675     -10.98     201.99  1
        2016022903  8470052     -10.91     202.22  1
        2016022906  8519648     -10.79     202.54  1
        2016022909  8623263     -10.61     202.87  1
        2016022912  8637129     -10.35     203.15  1
        2016022915  8519909     -10.12     203.27  1
        2016022918  8394050      -9.88     203.47  1
        2016022921  8335293      -9.59     203.63  1
        2016030100  8412415      -9.80     204.12  1
        2016030103  8350467      -9.71     204.35  1
        2016030106  8179099      -9.54     204.56  1
        2016030109  8151992      -9.36     204.71  1
        2016030112  8188119      -9.56     205.16  1
        2016030115  8123446      -9.48     205.06  1
        2016030118  8114334      -9.41     205.10  1
        2016030121  8026081      -9.17     204.94  1
        2016030200  7987649      -9.22     205.07  1
        2016030203  7835383      -9.07     204.97  1
        2016030206  7679160      -8.98     205.14  1
        2016030209  7592892      -8.83     205.31  1
        2016030212  7473854      -8.79     205.59  1
        2016030215  7254238      -8.81     205.85  1
        2016030218  7085665      -8.90     206.25  1
        2016030221  6841414      -8.89     206.79  1
        2016030300  6542880      -9.06     207.49  1
        2016030303  6273014      -9.00     207.71  1
        2016030306  6084872      -8.95     207.84  1
        2016030309  5945455      -8.90     207.85  1
        2016030312  5720084      -8.90     207.71  1
        2016030315  5846878      -8.66     206.03  1
        2016030318  5872778      -8.59     205.01  1
        2016030321  5865046      -8.35     203.95  1
        2016030400  5847563      -8.19     202.47  1
        2016030403  5620228      -8.02     201.35  1
        2016030406  5271215      -7.71     199.94  1
        2016030409  5048110      -7.32     198.53  1
        2016030412  4615288      -6.54     195.95  1
        2016030415  3730899      -5.42     192.40  1
        2016030418  2492459      -2.76     184.94  1
        2016030421  2486622      -2.54     184.97  1
        2016030500  2487679      -2.33     185.21  1
        2016030503  2488626      -2.18     185.48  1
        2016030506  2489505      -2.06     185.92  1
        2016030509  2564208      -1.99     186.49  1
        2016030512  2722724      -1.94     187.35  1
        2016030515  2844226      -1.93     187.89  1
        2016030518  2963287      -1.91     188.58  1
        2016030521  3049101      -1.93     189.19  1
        2016030600  3169493      -1.96     189.63  1
        2016030603  3280633      -2.01     189.97  1
        2016030606  3316622      -1.99     190.25  1
        2016030609  3383444      -1.96     190.48  1
        2016030612  3466264      -1.96     190.76  1
        2016030615  3447902      -1.89     190.94  1
        2016030618  3392541      -1.83     191.30  1
        2016030621  3297844      -1.78     191.74  1
        2016030700  3271271      -1.84     192.23  1
        2016030703  3160020      -1.97     192.76  1
        2016030706  3104831      -2.17     193.26  1
        2016030709  3129502      -2.42     193.70  1
        2016030712  3180114      -2.73     194.15  1
        2016030715  3165005      -3.16     194.71  1
        2016030718  3179359      -3.51     195.07  1
        2016030721  3172090      -3.86     195.42  1
        2016030800  3200554      -4.23     195.76  1
        2016030803  3191657      -4.53     196.07  1
        2016030806  3137717      -4.77     196.29  1
        2016030809  3143262      -4.93     196.43  1
        2016030812  3162327      -5.14     196.66  1
        2016030815  3080436      -5.34     196.76  1
        2016030818  3000187      -5.51     196.84  1
        2016030821  2890807      -5.71     196.99  1
        2016030900  2774439      -5.92     197.26  1
        2016030903  2632162      -6.10     197.68  1
        2016030906  2444983      -6.21     198.11  1
        2016030909  2352063      -6.31     198.62  1
        2016030912  2252478      -6.37     199.34  1
        2016030915  2092076      -6.48     199.90  1
        2016030918  2016826      -6.55     200.21  1
        2016030921  1890921      -6.65     200.47  1
        2016031000  1764149      -6.76     200.86  1
        2016031003  1552256      -6.89     201.24  1
        2016031006  1282572      -6.84     201.72  1
        2016031009   462321      -4.08     210.14  1
        2016031012   507547      -3.02     212.15  1
        2016031015   460700      -2.54     213.10  1
        2016031018   383625      -2.32     213.78  1
        2016031021   328122      -2.09     214.54  1
LPT    33.0100
        2016021221   433351      -6.83      71.52  1
        2016021300   544534      -6.82      71.58  1
        2016021303   664824      -6.86      71.60  1
        2016021306   776567      -6.95      71.67  1
        2016021309   890470      -7.09      71.48  1
        2016021312   986122      -7.12      71.33  1
        2016021315  1049703      -7.11      71.20  1
        2016021318  1187596      -7.06      70.96  1
        2016021321  1310150      -7.03      70.70  1
        2016021400  1376904      -6.97      70.51  1
        2016021403  1428975      -6.97      70.35  1
        2016021406  1482017      -6.90      70.16  1
        2016021409  1502018      -6.87      70.00  1
        2016021412  1503657      -6.84      69.99  1
        2016021415  1516740      -6.81      69.93  1
        2016021418  1549789      -6.78      69.85  1
        2016021421  1602001      -6.72      69.83  1
        2016021500  1623778      -6.62      69.78  1
        2016021503  1620965      -6.54      69.67  1
        2016021506  1573759      -6.46      69.49  1
        2016021509  1487356      -6.42      69.23  1
        2016021512  1371804      -6.37      68.95  1
        2016021515  1284476      -6.37      68.56  1
        2016021518  1268635      -6.26      68.05  1
        2016021521  1238203      -6.15      67.60  1
        2016021600  1240932      -5.95      67.10  1
        2016021603  1288954      -5.76      66.69  1
        2016021606  1302467      -5.55      66.19  1
        2016021609  1362779      -5.37      65.81  1
        2016021612  1387009      -5.19      65.50  1
        2016021615  1451788      -5.08      65.29  1
        2016021618  1551897      -4.99      65.14  1
        2016021621  1524261      -4.99      65.26  1
        2016021700  1667245      -4.97      65.24  1
        2016021703  1753429      -4.92      65.22  1
        2016021706  1920902      -4.93      65.25  1
        2016021709  2059983      -4.92      65.16  1
        2016021712  2212689      -4.97      65.11  1
        2016021715  2379998      -5.00      65.10  1
        2016021718  2597873      -5.04      65.10  1
        2016021721  2751593      -5.16      65.50  1
        2016021800  2870247      -5.24      65.48  1
        2016021803  3010147      -5.34      65.57  1
        2016021806  3873777      -7.45      68.95  1
        2016021809  4046161      -7.75      69.51  1
        2016021812  4197477      -7.94      69.81  1
        2016021815  4280683      -8.08      70.05  1
        2016021818  4322933      -8.21      70.14  1
        2016021821  4309385      -8.23      70.47  1
        2016021900  4296836      -8.35      70.64  1
        2016021903  4214421      -8.46      70.82  1
        2016021906  4031997      -8.58      71.01  1
        2016021909  3771858      -8.62      71.19  1
        2016021912  3534731      -8.69      71.36  1
        2016021915  2450540      -5.54      68.50  1
        2016021918  2146291      -5.44      68.53  1
        2016021921  1821060      -5.33      68.61  1
        2016022000  1471295      -5.11      68.10  1
        2016022003   628726      -4.81      68.26  1
LPT    34.0100
        2016030621   401897      -9.87     296.74  1
        2016030700   669685      -9.53     297.20  1
        2016030703  1040376      -9.08     297.66  1
        2016030706  1424281      -8.77     298.23  1
        2016030709  1660844      -8.57     298.32  1
        2016030712  1831835      -8.41     298.35  1
        2016030715  2035714      -8.25     298.46  1
        2016030718  2354959      -8.10     298.98  1
        2016030721  2469782      -7.92     299.56  1
        2016030800  2454631      -7.76     300.11  1
        2016030803  2553345      -7.59     300.48  1
        2016030806  2743810      -7.42     300.76  1
        2016030809  2725110      -7.21     301.07  1
        2016030812  2610562      -6.88     301.65  1
        2016030815  2503519      -6.55     302.17  1
        2016030818  2618944      -6.28     302.79  1
        2016030821  2588444      -5.95     302.94  1
        2016030900  2375503      -5.68     303.76  1
        2016030903  2280862      -5.49     304.56  1
        2016030906  2165260      -5.31     305.72  1
        2016030909  1993668      -5.16     306.29  1
        2016030912  1902304      -5.14     306.52  1
        2016030915  1806314      -5.13     306.72  1
        2016030918  1878059      -5.20     307.08  1
        2016030921  1831754      -5.22     307.33  1
        2016031000  1762256      -5.34     307.32  1
        2016031003  1774757      -5.49     307.24  1
        2016031006  1707348      -5.71     307.34  1
        2016031009  1697258      -5.74     307.35  1
        2016031012  1745518      -5.75     307.27  1
        2016031015  1818261      -5.77     307.19  1
        2016031018  1956433      -5.91     307.09  1
        2016031021  2001807      -5.87     306.98  1
        2016031100  1930036      -5.81     306.94  1
        2016031103  1923203      -5.79     306.90  1
        2016031106  1946815      -5.83     306.83  1
        2016031109  1869696      -5.71     307.08  1
        2016031112  1806359      -5.60     307.37  1
        2016031115  1711799      -5.67     307.38  1
        2016031118  1826943      -5.87     307.23  1
        2016031121  1673149      -5.81     307.27  1
        2016031200  1546814      -5.79     307.14  1
        2016031203  1432823      -5.71     307.02  1
        2016031206  1238491      -5.49     306.90  1
        2016031209   951607      -5.35     306.75  1
        2016031212   767493      -5.14     306.82  1
        2016031215   645418      -5.01     306.58  1
        2016031218   641495      -5.08     306.47  1
        2016031221   456123      -5.20     306.14  1
        2016031300   333703      -5.53     305.69  1
        2016031406   546440      -4.87     303.13  1
        2016031409   610458      -4.67     302.83  1
        2016031412   659815      -4.53     302.59  1
        2016031415   709152      -4.43     302.35  1
        2016031418   904458      -4.54     302.44  1
        2016031421   945941      -4.59     302.37  1
        2016031500   986626      -4.65     302.38  1
        2016031503  1049604      -4.70     302.46  1
        2016031506  1060944      -4.82     302.60  1
        2016031509   947632      -5.03     302.76  1
        2016031512   858179      -5.24     302.88  1
        2016031515   778617      -5.56     303.15  1
        2016031518   857105      -5.95     303.61  1
        2016031521   873749      -6.09     303.92  1
        2016031600   845320      -6.10     304.12  1
        2016031603   814103      -5.93     304.32  1
        2016031606   819599      -5.84     304.42  1
        2016031609   759247      -5.62     304.54  1
        2016031612   733352      -5.45     304.62  1
        2016031615   702767      -5.33     304.66  1
        2016031618   834284      -5.23     304.74  1
        2016031621   737507      -5.20     304.64  1
        2016031700   541523      -5.19     304.59  1
LPT    35.0100
        2016031403   482143      -8.73     138.57  1
        2016031406   860305      -9.02     138.41  1
        2016031409  1085558      -8.80     138.25  1
        2016031412  1409550      -8.71     138.11  1
        2016031415  1589432      -8.69     137.90  1
        2016031418  1722504      -8.75     137.33  1
        2016031421  1717122      -9.13     137.03  1
        2016031500  1693895      -9.74     136.87  1
        2016031503  1715042     -10.23     136.78  1
        2016031506  1811400     -10.62     136.99  1
        2016031509  1834502     -10.94     137.49  1
        2016031512  1912857     -10.99     137.91  1
        2016031515  2104205     -10.96     138.26  1
        2016031518  2253631     -10.89     138.47  1
        2016031521  2265245     -11.05     138.78  1
        2016031600  2309257     -11.23     138.98  1
        2016031603  2451981     -11.33     139.06  1
        2016031606  2593372     -11.38     139.29  1
        2016031609  2622491     -11.49     139.66  1
        2016031612  2732066     -11.53     140.06  1
        2016031615  2825029     -11.50     140.38  1
        2016031618  2936214     -11.37     140.63  1
        2016031621  2990622     -11.35     141.00  1
        2016031700  3049743     -11.32     141.33  1
        2016031703  3228082     -11.19     141.83  1
        2016031706  3454112     -10.90     142.51  1
        2016031709  3577234     -10.66     143.19  1
        2016031712  3767407     -10.32     144.11  1
        2016031715  3925834     -10.08     145.01  1
        2016031718  3875037     -10.00     145.32  1
        2016031721  3862101     -10.01     145.69  1
        2016031800  3869746     -10.13     145.79  1
        2016031803  3915352     -10.31     145.85  1
        2016031806  3832130     -10.51     145.77  1
        2016031809  3624396     -10.79     145.65  1
        2016031812  3439007     -11.00     145.67  1
        2016031815  3711725     -10.61     146.63  1
        2016031818  3546921     -10.71     147.12  1
        2016031821  3654124     -10.53     148.12  1
        2016031900  3897450     -10.25     149.31  1
        2016031903  4335373      -9.86     150.69  1
        2016031906  4437197      -9.73     151.79  1
        2016031909  4629453      -9.54     152.66  1
        2016031912  4951347      -9.36     153.55  1
        2016031915  5305234      -9.33     154.23  1
        2016031918  5239255      -9.38     154.68  1
        2016031921  5187239      -9.63     155.29  1
        2016032000  5361842      -9.72     156.02  1
        2016032003  5581376      -9.92     156.86  1
        2016032006  5434087     -10.13     158.23  1
        2016032009  5631947     -10.23     159.30  1
        2016032012  5948853     -10.41     160.09  1
        2016032015  6347065     -10.45     161.13  1
        2016032018  6281883     -10.60     162.27  1
        2016032021  6293562     -10.66     163.18  1
        2016032100  6470097     -11.02     164.19  1
        2016032103  6786049     -11.18     164.92  1
        2016032106  6820906     -11.12     165.51  1
        2016032109  7057681     -11.13     165.94  1
        2016032112  7206630     -11.08     166.21  1
        2016032115  7458565     -11.03     166.70  1
        2016032118  7439012     -11.15     167.45  1
        2016032121  1311389     -23.49     184.95  1
        2016032200  1292657     -23.74     185.94  1
        2016032203  1273989     -23.92     186.95  1
        2016032206  1341684     -24.06     187.87  1
        2016032209  1411747     -24.10     188.57  1
        2016032212  1490811     -24.08     189.37  1
        2016032215  1526614     -24.09     190.11  1
        2016032218  1598407     -24.10     190.96  1
        2016032221  1604300     -24.14     191.79  1
        2016032300  1658041     -24.18     192.80  1
        2016032303  1665610     -24.20     193.72  1
        2016032306  1694727     -24.18     194.66  1
        2016032309  1698499     -24.16     195.68  1
        2016032312  1759658     -24.11     196.63  1
        2016032315  1814395     -24.07     197.49  1
        2016032318  1861987     -24.04     198.45  1
        2016032321  1883271     -24.03     199.32  1
        2016032400  1957836     -24.07     200.19  1
        2016032403  1958628     -24.16     200.97  1
        2016032406  1979302     -24.27     201.83  1
        2016032409  2017548     -24.37     202.52  1
        2016032412  2101671     -24.54     203.24  1
        2016032415  2161791     -24.78     204.00  1
        2016032418  2200758     -25.05     204.74  1
        2016032421  2223440     -25.37     205.46  1
        2016032500  2257314     -25.62     205.93  1
        2016032503  2286299     -25.87     206.33  1
        2016032506  2281723     -26.17     206.86  1
        2016032509  2315610     -26.43     207.38  1
        2016032512  2345047     -26.74     207.85  1
        2016032515  2340816     -27.00     208.24  1
        2016032518  2319977     -27.19     208.55  1
        2016032521  2269170     -27.43     209.05  1
        2016032600  2215378     -27.69     209.45  1
        2016032603  2087614     -28.02     209.92  1
        2016032606  1969637     -28.42     210.38  1
        2016032609  1857839     -28.81     210.84  1
        2016032612  1745501     -29.20     211.29  1
        2016032615  1641060     -29.51     211.66  1
        2016032618  1540543     -29.69     211.91  1
        2016032621  1385053     -29.85     212.19  1
        2016032700  1263241     -29.86     212.31  1
        2016032703  1096739     -29.87     212.44  1
        2016032706   951868     -29.92     212.54  1
        2016032709   752327     -29.97     212.67  1
        2016032712   562266     -30.14     212.88  1
        2016032715   351075     -30.40     213.19  1
LPT    35.0200
        2016031403   482143      -8.73     138.57  1
        2016031406   860305      -9.02     138.41  1
        2016031409  1085558      -8.80     138.25  1
        2016031412  1409550      -8.71     138.11  1
        2016031415  1589432      -8.69     137.90  1
        2016031418  1722504      -8.75     137.33  1
        2016031421  1717122      -9.13     137.03  1
        2016031500  1693895      -9.74     136.87  1
        2016031503  1715042     -10.23     136.78  1
        2016031506  1811400     -10.62     136.99  1
        2016031509  1834502     -10.94     137.49  1
        2016031512  1912857     -10.99     137.91  1
        2016031515  2104205     -10.96     138.26  1
        2016031518  2253631     -10.89     138.47  1
        2016031521  2265245     -11.05     138.78  1
        2016031600  2309257     -11.23     138.98  1
        2016031603  2451981     -11.33     139.06  1
        2016031606  2593372     -11.38     139.29  1
        2016031609  2622491     -11.49     139.66  1
        2016031612  2732066     -11.53     140.06  1
        2016031615  2825029     -11.50     140.38  1
        2016031618  2936214     -11.37     140.63  1
        2016031621  2990622     -11.35     141.00  1
        2016031700  3049743     -11.32     141.33  1
        2016031703  3228082     -11.19     141.83  1
        2016031706  3454112     -10.90     142.51  1
        2016031709  3577234     -10.66     143.19  1
        2016031712  3767407     -10.32     144.11  1
        2016031715  3925834     -10.08     145.01  1
        2016031718  3875037     -10.00     145.32  1
        2016031721  3862101     -10.01     145.69  1
        2016031800  3869746     -10.13     145.79  1
        2016031803  3915352     -10.31     145.85  1
        2016031806  3832130     -10.51     145.77  1
        2016031809  3624396     -10.79     145.65  1
        2016031812  3439007     -11.00     145.67  1
        2016031815  3711725     -10.61     146.63  1
        2016031818  3546921     -10.71     147.12  1
        2016031821  3654124     -10.53     148.12  1
        2016031900  3897450     -10.25     149.31  1
        2016031903  4335373      -9.86     150.69  1
        2016031906  4437197      -9.73     151.79  1
        2016031909  4629453      -9.54     152.66  1
        2016031912  4951347      -9.36     153.55  1
        2016031915  5305234      -9.33     154.23  1
        2016031918  5239255      -9.38     154.68  1
        2016031921  5187239      -9.63     155.29  1
        2016032000  5361842      -9.72     156.02  1
        2016032003  5581376      -9.92     156.86  1
        2016032006  5434087     -10.13     158.23  1
        2016032009  5631947     -10.23     159.30  1
        2016032012  5948853     -10.41     160.09  1
        2016032015  6347065     -10.45     161.13  1
        2016032018  6281883     -10.60     162.27  1
        2016032021  6293562     -10.66     163.18  1
        2016032100  6470097     -11.02     164.19  1
        2016032103  6786049     -11.18     164.92  1
        2016032106  6820906     -11.12     165.51  1
        2016032109  7057681     -11.13     165.94  1
        2016032112  7206630     -11.08     166.21  1
        2016032115  7458565     -11.03     166.70  1
        2016032118  7439012     -11.15     167.45  1
        2016032121  6124814      -8.18     163.88  1
        2016032200  6090183      -8.02     163.99  1
        2016032203  6154906      -7.87     164.07  1
        2016032206  6072745      -7.76     164.21  1
        2016032209  5985170      -7.73     164.33  1
        2016032212  5863004      -7.78     164.36  1
        2016032215  5756767      -7.76     164.54  1
        2016032218  5480532      -7.73     164.69  1
        2016032221  5276547      -7.73     164.85  1
        2016032300  5079325      -7.67     165.01  1
        2016032303  4817263      -7.62     165.34  1
        2016032306  4587043      -7.48     165.79  1
        2016032309  4463667      -7.33     166.03  1
        2016032312  4379549      -7.20     166.40  1
        2016032315  4281283      -7.08     166.91  1
        2016032318  3973620      -6.95     167.60  1
        2016032321  3817563      -6.81     168.26  1
        2016032400  3621929      -6.67     168.88  1
        2016032403  3466735      -6.40     169.47  1
        2016032406  3254666      -6.16     169.96  1
        2016032409  3129407      -5.95     170.37  1
        2016032412  2976936      -5.70     170.64  1
        2016032415  2946179      -5.54     170.98  1
        2016032418  2707819      -5.43     171.35  1
        2016032421  2596494      -5.32     171.57  1
        2016032500  2476490      -5.27     171.76  1
        2016032503  2428384      -5.24     171.95  1
        2016032506  2285413      -5.20     172.29  1
        2016032509  2186906      -5.14     172.56  1
        2016032512  2106540      -5.16     172.67  1
        2016032515  2159386      -5.23     172.65  1
        2016032518  2028358      -5.27     172.71  1
        2016032521  1973785      -5.35     172.58  1
        2016032600  1929947      -5.44     172.30  1
        2016032603  1926052      -5.50     171.96  1
        2016032606  1886179      -5.55     171.38  1
        2016032609  1903163      -5.55     170.93  1
        2016032612  1924805      -5.56     170.13  1
        2016032615  2164296      -5.34     168.92  1
        2016032618  2341282      -5.01     167.95  1
        2016032621  2465676      -4.76     167.05  1
        2016032700  2462894      -4.43     166.10  1
        2016032703  2609044      -4.11     165.43  1
        2016032706  2668067      -3.91     164.92  1
        2016032709  2781263      -3.83     164.56  1
        2016032712  2948619      -3.83     164.24  1
        2016032715  3214883      -3.88     164.03  1
        2016032718  3289967      -3.92     163.94  1
        2016032721  3391748      -3.97     163.91  1
        2016032800  3509701      -4.03     163.89  1
        2016032803  3633970      -4.08     163.82  1
        2016032806  3660772      -4.12     163.81  1
        2016032809  3722210      -4.12     163.82  1
        2016032812  3783007      -4.11     163.86  1
        2016032815  3884455      -4.10     164.03  1
        2016032818  3872413      -3.96     164.06  1
        2016032821  3897446      -3.89     164.16  1
        2016032900  3917614      -3.86     164.33  1
        2016032903  4027062      -3.92     164.55  1
        2016032906  4103501      -3.99     164.81  1
        2016032909  4197644      -4.07     165.12  1
        2016032912  4291059      -4.13     165.48  1
        2016032915  4465581      -4.23     166.31  1
        2016032918  4476453      -4.28     166.85  1
        2016032921  4518671      -4.34     167.43  1
        2016033000  4589837      -4.40     168.12  1
        2016033003  4698729      -4.50     168.91  1
        2016033006  4748511      -4.70     169.70  1
        2016033009  4842386      -4.88     170.52  1
        2016033012  4964602      -5.11     171.48  1
        2016033015  5062817      -5.24     172.40  1
        2016033018  4737096      -5.21     173.75  1
        2016033021  4580937      -5.17     174.66  1
        2016033100  4541643      -5.20     175.39  1
        2016033103  4542341      -5.24     175.89  1
        2016033106  4528021      -5.27     176.28  1
        2016033109  4592738      -5.29     176.57  1
        2016033112  4658821      -5.29     176.81  1
        2016033115  4683183      -5.38     177.13  1
        2016033118  4615190      -5.47     177.40  1
        2016033121  4581373      -5.59     177.54  1
        2016040100  4630503      -5.70     177.61  1
        2016040103  4654667      -5.87     177.75  1
        2016040106  4606649      -6.01     177.91  1
        2016040109  4602898      -6.16     178.02  1
        2016040112  4635419      -6.28     177.97  1
        2016040115  4696197      -6.43     177.90  1
        2016040118  4683299      -6.62     177.88  1
        2016040121  4777645      -6.84     177.80  1
        2016040200  4911772      -7.11     177.73  1
        2016040203  5126291      -7.43     177.54  1
        2016040206  5241160      -7.78     177.46  1
        2016040209  5391416      -8.08     177.39  1
        2016040212  5551443      -8.35     177.19  1
        2016040215  5770363      -8.62     176.92  1
        2016040218  5764775      -8.92     176.84  1
        2016040221  5834983      -9.15     176.61  1
        2016040300  5999234      -9.35     176.38  1
        2016040303  6080408      -9.55     175.91  1
        2016040306  6110175      -9.81     175.53  1
        2016040309  6160365     -10.08     175.06  1
        2016040312  6127159     -10.39     174.56  1
        2016040315  6222988     -10.72     174.09  1
        2016040318  6224471     -10.99     173.58  1
        2016040321  6218593     -11.20     173.11  1
        2016040400  6202136     -11.38     172.78  1
        2016040403  6223049     -11.54     172.48  1
        2016040406  6254544     -11.64     172.20  1
        2016040409  6360760     -11.74     172.03  1
        2016040412  6386961     -11.79     171.67  1
        2016040415  6589318     -11.87     171.82  1
        2016040418  6635952     -11.92     171.80  1
        2016040421  6622106     -11.99     171.66  1
        2016040500  6501410     -12.11     171.36  1
        2016040503  6432643     -12.28     171.17  1
        2016040506  6162253     -12.56     170.94  1
        2016040509  5963635     -12.85     170.75  1
        2016040512  5840799     -13.04     170.51  1
        2016040515  5725670     -13.31     170.65  1
        2016040518  5545958     -13.70     170.97  1
        2016040521  5445846     -13.90     171.19  1
        2016040600  5308486     -14.32     171.90  1
        2016040603  4776546     -15.63     173.75  1
        2016040606  4572704     -16.08     174.64  1
        2016040609  4462366     -16.36     175.33  1
        2016040612  4487461     -16.73     176.39  1
        2016040615  4538081     -17.04     177.56  1
        2016040618  4361706     -17.46     178.88  1
        2016040621  4206681     -17.77     179.91  1
        2016040700  4032353     -18.10     181.03  1
        2016040703  3871363     -18.30     181.78  1
        2016040706  3710821     -18.46     182.35  1
        2016040709  3598835     -18.57     182.73  1
        2016040712  3387957     -18.74     183.27  1
        2016040715  3271551     -18.71     183.27  1
        2016040718  2932549     -18.89     183.30  1
        2016040721  2645533     -18.90     183.00  1
        2016040800  2410559     -19.00     183.16  1
        2016040803  2233069     -19.01     183.25  1
        2016040806  1732418     -18.82     182.56  1
        2016040809   829835     -16.69     176.82  1
        2016040812   436084     -16.55     176.63  1
LPT    36.0100
        2016031603   343606      -6.92      88.40  1
        2016031606   615290      -6.71      89.02  1
        2016031609   910675      -6.60      89.76  1
        2016031612  1039405      -6.60      90.09  1
        2016031615  1148771      -6.69      90.34  1
        2016031618  1276478      -6.77      90.45  1
        2016031621  1357676      -7.04      90.60  1
        2016031700  1329506      -7.27      90.78  1
        2016031703  1268571      -7.46      91.01  1
        2016031706  1235466      -7.55      91.09  1
        2016031709  1108343      -7.62      91.27  1
        2016031712  1035869      -7.55      91.69  1
        2016031715  1124769      -7.49      91.91  1
        2016031718  1221574      -7.35      92.38  1
        2016031721  1242315      -7.32      92.25  1
        2016031800  1269916      -7.31      92.29  1
        2016031803  1226210      -7.34      92.27  1
        2016031806  1210309      -7.28      92.27  1
        2016031809  1167089      -7.42      92.13  1
        2016031812  1100230      -7.53      91.86  1
        2016031815  1073799      -7.70      91.56  1
        2016031818  1055067      -7.84      91.27  1
        2016031821   905498      -8.03      90.39  1
        2016031900   781955      -8.27      90.10  1
        2016031903   693684      -8.49      89.80  1
        2016031906   604026      -8.68      89.60  1
        2016031909   570191      -8.84      89.36  1
        2016031912   496168      -8.85      89.06  1
        2016031915   492417      -8.80      88.87  1
        2016031918   573493      -8.68      88.72  1
        2016031921   547814      -8.49      88.69  1
        2016032000   470343      -8.12      88.50  1
        2016032003   551367      -7.53      88.38  1
        2016032006   770954      -6.62      88.43  1
        2016032009  1048630      -5.71      88.77  1
        2016032012  1246144      -5.19      88.83  1
        2016032015  1475756      -4.83      88.96  1
        2016032018  1726100      -4.54      88.88  1
        2016032021  1808508      -4.44      88.90  1
        2016032100  1842529      -4.34      89.11  1
        2016032103  1862673      -4.25      89.33  1
        2016032106  1964327      -4.13      89.67  1
        2016032109  2093906      -3.95      90.12  1
        2016032112  2183801      -3.73      90.65  1
        2016032115  2354340      -3.56      91.38  1
        2016032118  2770195      -3.47      92.91  1
        2016032121  2935084      -3.36      93.68  1
        2016032200  3025199      -3.26      94.33  1
        2016032203  3111202      -3.23      94.79  1
        2016032206  3287618      -3.27      95.29  1
        2016032209  3405048      -3.28      95.66  1
        2016032212  3430525      -3.24      95.90  1
        2016032215  3476708      -3.22      96.13  1
        2016032218  3541276      -3.22      96.37  1
        2016032221  3492233      -3.20      96.61  1
        2016032300  3439116      -3.23      96.86  1
        2016032303  3327498      -3.29      97.13  1
        2016032306  3270190      -3.42      97.59  1
        2016032309  3110331      -3.65      98.26  1
        2016032312  2981206      -3.87      98.82  1
        2016032315  2961949      -4.08      99.22  1
        2016032318  2936304      -4.34      99.60  1
        2016032321  2822850      -4.48      99.78  1
        2016032400  2769476      -4.59      99.88  1
        2016032403  2700177      -4.68      99.90  1
        2016032406  2619000      -4.67      99.81  1
        2016032409  2470266      -4.66      99.87  1
        2016032412  2289890      -4.68      99.96  1
        2016032415  2169491      -4.66      99.91  1
        2016032418  2029781      -4.66      99.86  1
        2016032421  1580741      -4.83      99.47  1
        2016032500  1256210      -4.95      99.20  1
        2016032503   877857      -5.02      98.92  1
        2016032506   377089      -5.07      98.66  1
LPT    37.0100
        2016040809   394393      -4.18     161.10  1
        2016040812   714602      -5.01     162.40  1
        2016040815   931091      -5.26     163.05  1
        2016040818  1032393      -5.38     163.45  1
        2016040821  1071355      -5.53     163.87  1
        2016040900  1104152      -5.67     164.36  1
        2016040903  1133996      -5.73     164.49  1
        2016040906  1146873      -5.83     164.77  1
        2016040909  1128217      -5.96     164.98  1
        2016040912  1100328      -6.10     165.19  1
        2016040915  1123755      -6.31     165.82  1
        2016040918  1187936      -6.49     167.17  1
        2016040921  1360930      -6.40     169.18  1
        2016041000  1496436      -6.25     170.77  1
        2016041003  1644129      -6.10     171.60  1
        2016041006  1746732      -5.91     172.34  1
        2016041009  1824079      -5.71     172.99  1
        2016041012  1853863      -5.51     173.26  1
        2016041015  2152615      -5.49     173.79  1
        2016041018  1883678      -5.54     174.65  1
        2016041021  1014909      -5.57     181.67  1
        2016041100  1050044      -7.04     183.52  1
        2016041103  1211992      -8.23     184.57  1
        2016041106  1334972      -8.88     185.44  1
        2016041109  1530644      -9.08     186.02  1
        2016041112  1980872      -8.94     186.40  1
        2016041115  2274649      -8.78     186.30  1
        2016041118  2573957      -8.48     185.98  1
        2016041121  2908510      -8.08     185.45  1
        2016041200  3322018      -7.58     184.86  1
        2016041203  3579435      -7.33     184.58  1
        2016041206  3733314      -7.18     184.40  1
        2016041209  3868376      -7.11     184.33  1
        2016041212  4037074      -7.05     184.20  1
        2016041215  4274061      -7.03     184.02  1
        2016041218  4354332      -7.13     184.12  1
        2016041221  4363010      -7.21     184.16  1
        2016041300  4403396      -7.25     184.23  1
        2016041303  4459129      -7.33     184.37  1
        2016041306  4477751      -7.44     184.52  1
        2016041309  4481917      -7.48     184.59  1
        2016041312  4458971      -7.49     184.69  1
        2016041315  4551657      -7.45     184.58  1
        2016041318  4568721      -7.29     184.42  1
        2016041321  4586531      -7.15     184.20  1
        2016041400  4592412      -6.93     184.00  1
        2016041403  4661904      -6.81     183.63  1
        2016041406  4696215      -6.70     183.27  1
        2016041409  4747878      -6.67     182.79  1
        2016041412  4766390      -6.66     182.28  1
        2016041415  4735475      -6.63     181.32  1
        2016041418  4703296      -6.71     180.71  1
        2016041421  5402527      -6.35     176.87  1
        2016041500  5460952      -6.44     175.95  1
        2016041503  5446665      -6.59     174.89  1
        2016041506  5436333      -6.71     174.05  1
        2016041509  5517951      -6.86     173.94  1
        2016041512  5650273      -7.04     174.10  1
        2016041515  5637232      -7.22     174.57  1
        2016041518  5322025      -7.51     175.40  1
        2016041521  4961782      -7.94     176.64  1
        2016041600  4958066      -8.22     177.26  1
        2016041603  5010806      -8.48     177.54  1
        2016041606  5078932      -8.63     177.71  1
        2016041609  5209046      -8.74     177.82  1
        2016041612  5482924      -8.97     178.10  1
        2016041615  5725175      -9.13     178.31  1
        2016041618  5800256      -9.32     178.62  1
        2016041621  5882978      -9.54     178.95  1
        2016041700  6032910      -9.77     179.45  1
        2016041703  6200809      -9.99     179.90  1
        2016041706  6245285     -10.19     180.40  1
        2016041709  6316531     -10.40     181.01  1
        2016041712  6482536     -10.66     181.96  1
        2016041715  6639996     -10.87     182.72  1
        2016041718  6569394     -11.13     183.45  1
        2016041721  6537413     -11.33     184.06  1
        2016041800  6566073     -11.51     184.79  1
        2016041803  6563183     -11.72     185.59  1
        2016041806  6493283     -11.90     186.31  1
        2016041809  6522724     -12.01     187.03  1
        2016041812  6655182     -12.06     187.85  1
        2016041815  6663009     -12.11     188.48  1
        2016041818  6653821     -12.21     189.17  1
        2016041821  6657135     -12.30     189.83  1
        2016041900  6726642     -12.40     190.59  1
        2016041903  6640526     -12.55     191.39  1
        2016041906  6583402     -12.68     192.18  1
        2016041909  6634901     -12.80     193.05  1
        2016041912  6751278     -12.98     194.08  1
        2016041915  8456655     -16.21     202.69  1
        2016041918  8491445     -16.28     203.19  1
        2016041921  8289332     -16.14     203.08  1
        2016042000  7859169     -15.47     201.73  2
        2016042003  7834877     -15.50     202.11  2
        2016042006  7848537     -15.72     202.96  1
        2016042009  7857903     -15.60     202.98  1
        2016042012  7597887     -15.16     202.19  1
        2016042015  7520747     -15.16     202.50  1
        2016042018  7260071     -15.03     202.31  1
        2016042021   536071     -27.85     231.56  1
        2016042100   425993     -28.41     232.22  1
        2016042103   523247     -28.65     232.45  1
        2016042106   611677     -28.93     232.82  1
        2016042109   594415     -28.88     232.75  1
        2016042112   548641     -29.10     233.04  1
        2016042115   613330     -29.22     233.10  1
        2016042118   637205     -29.61     233.51  1
        2016042121   532411     -30.00     234.12  1
        2016042200   357610     -30.63     234.92  1
        2016042203   374206     -31.31     236.03  1
        2016042206   401097     -31.96     237.23  1
        2016042209   406010     -32.76     238.71  1
        2016042212   309960     -33.83     240.46  1
        2016042215   386896     -34.40     241.56  1
        2016042218   381194     -34.95     242.47  1
        2016042221   333626     -35.28     243.14  1
        2016042300   342402     -35.73     243.88  1
        2016042303   356110     -36.17     244.56  1
        2016042306   395514     -36.51     245.18  1
        2016042309   474768     -36.74     245.53  1
        2016042312   547034     -37.02     245.97  1
        2016042315   561470     -37.23     246.35  1
        2016042318   571299     -37.40     246.63  1
        2016042321   642674     -37.51     247.36  1
        2016042400   702460     -37.60     247.93  1
        2016042403   702522     -37.79     248.92  1
        2016042406   796275     -38.04     250.15  1
        2016042409   924983     -38.24     251.50  1
        2016042412   974592     -38.39     252.52  1
        2016042415  1012027     -38.56     253.78  1
        2016042418  1010968     -38.81     254.91  1
        2016042421  1067586     -39.00     255.93  1
        2016042500  1054476     -39.27     257.16  1
        2016042503  1001935     -39.47     257.98  1
        2016042506  1020621     -39.57     258.34  1
        2016042509  1107548     -39.53     258.60  1
        2016042512  1073418     -39.46     259.20  1
        2016042515  1045529     -39.37     259.81  1
        2016042518  1063228     -39.21     260.46  1
        2016042521  1141331     -39.11     260.94  1
        2016042600  1075479     -39.11     261.58  1
        2016042603  1011144     -39.09     262.30  1
        2016042606   997327     -39.13     262.91  1
        2016042609   963678     -39.19     263.46  1
        2016042612   884705     -39.24     264.14  1
        2016042615   835058     -39.20     264.64  1
        2016042618   822710     -39.13     264.99  1
        2016042621   785966     -38.99     265.34  1
        2016042700   765785     -39.03     265.81  1
        2016042703   667276     -39.05     266.41  1
        2016042706   581590     -39.13     266.88  1
        2016042709   338092     -39.10     267.55  1
LPT    37.0200
        2016040809   394393      -4.18     161.10  1
        2016040812   714602      -5.01     162.40  1
        2016040815   931091      -5.26     163.05  1
        2016040818  1032393      -5.38     163.45  1
        2016040821  1071355      -5.53     163.87  1
        2016040900  1104152      -5.67     164.36  1
        2016040903  1133996      -5.73     164.49  1
        2016040906  1146873      -5.83     164.77  1
        2016040909  1128217      -5.96     164.98  1
        2016040912  1100328      -6.10     165.19  1
        2016040915  1123755      -6.31     165.82  1
        2016040918  1187936      -6.49     167.17  1
        2016040921  1360930      -6.40     169.18  1
        2016041000  1496436      -6.25     170.77  1
        2016041003  1644129      -6.10     171.60  1
        2016041006  1746732      -5.91     172.34  1
        2016041009  1824079      -5.71     172.99  1
        2016041012  1853863      -5.51     173.26  1
        2016041015  2152615      -5.49     173.79  1
        2016041018  1883678      -5.54     174.65  1
        2016041021  1014909      -5.57     181.67  1
        2016041100  1050044      -7.04     183.52  1
        2016041103  1211992      -8.23     184.57  1
        2016041106  1334972      -8.88     185.44  1
        2016041109  1530644      -9.08     186.02  1
        2016041112  1980872      -8.94     186.40  1
        2016041115  2274649      -8.78     186.30  1
        2016041118  2573957      -8.48     185.98  1
        2016041121  2908510      -8.08     185.45  1
        2016041200  3322018      -7.58     184.86  1
        2016041203  3579435      -7.33     184.58  1
        2016041206  3733314      -7.18     184.40  1
        2016041209  3868376      -7.11     184.33  1
        2016041212  4037074      -7.05     184.20  1
        2016041215  4274061      -7.03     184.02  1
        2016041218  4354332      -7.13     184.12  1
        2016041221  4363010      -7.21     184.16  1
        2016041300  4403396      -7.25     184.23  1
        2016041303  4459129      -7.33     184.37  1
        2016041306  4477751      -7.44     184.52  1
        2016041309  4481917      -7.48     184.59  1
        2016041312  4458971      -7.49     184.69  1
        2016041315  4551657      -7.45     184.58  1
        2016041318  4568721      -7.29     184.42  1
        2016041321  4586531      -7.15     184.20  1
        2016041400  4592412      -6.93     184.00  1
        2016041403  4661904      -6.81     183.63  1
        2016041406  4696215      -6.70     183.27  1
        2016041409  4747878      -6.67     182.79  1
        2016041412  4766390      -6.66     182.28  1
        2016041415  4735475      -6.63     181.32  1
        2016041418  4703296      -6.71     180.71  1
        2016041421  5402527      -6.35     176.87  1
        2016041500  5460952      -6.44     175.95  1
        2016041503  5446665      -6.59     174.89  1
        2016041506  5436333      -6.71     174.05  1
        2016041509  5517951      -6.86     173.94  1
        2016041512  5650273      -7.04     174.10  1
        2016041515  5637232      -7.22     174.57  1
        2016041518  5322025      -7.51     175.40  1
        2016041521  4961782      -7.94     176.64  1
        2016041600  4958066      -8.22     177.26  1
        2016041603  5010806      -8.48     177.54  1
        2016041606  5078932      -8.63     177.71  1
        2016041609  5209046      -8.74     177.82  1
        2016041612  5482924      -8.97     178.10  1
        2016041615  5725175      -9.13     178.31  1
        2016041618  5800256      -9.32     178.62  1
        2016041621  5882978      -9.54     178.95  1
        2016041700  6032910      -9.77     179.45  1
        2016041703  6200809      -9.99     179.90  1
        2016041706  6245285     -10.19     180.40  1
        2016041709  6316531     -10.40     181.01  1
        2016041712  6482536     -10.66     181.96  1
        2016041715  6639996     -10.87     182.72  1
        2016041718  6569394     -11.13     183.45  1
        2016041721  6537413     -11.33     184.06  1
        2016041800  6566073     -11.51     184.79  1
        2016041803  6563183     -11.72     185.59  1
        2016041806  6493283     -11.90     186.31  1
        2016041809  6522724     -12.01     187.03  1
        2016041812  6655182     -12.06     187.85  1
        2016041815  6663009     -12.11     188.48  1
        2016041818  6653821     -12.21     189.17  1
        2016041821  6657135     -12.30     189.83  1
        2016041900  6726642     -12.40     190.59  1
        2016041903  6640526     -12.55     191.39  1
        2016041906  6583402     -12.68     192.18  1
        2016041909  6634901     -12.80     193.05  1
        2016041912  6751278     -12.98     194.08  1
        2016041915  8456655     -16.21     202.69  1
        2016041918  8491445     -16.28     203.19  1
        2016041921  8289332     -16.14     203.08  1
        2016042000  7859169     -15.47     201.73  2
        2016042003  7834877     -15.50     202.11  2
        2016042006  7848537     -15.72     202.96  1
        2016042009  7857903     -15.60     202.98  1
        2016042012  7597887     -15.16     202.19  1
        2016042015  7520747     -15.16     202.50  1
        2016042018  7260071     -15.03     202.31  1
        2016042021  6321527     -13.30     198.59  1
        2016042100  6195863     -13.18     198.61  1
        2016042103  5996047     -13.09     198.78  1
        2016042106  5881905     -12.99     198.94  1
        2016042109  5853068     -12.88     199.07  1
        2016042112  5801935     -12.62     198.84  1
        2016042115  5722808     -12.59     198.99  1
        2016042118  5651879     -12.61     199.14  1
        2016042121  5648175     -12.63     199.33  1
        2016042200  5612173     -12.50     199.17  1
        2016042203  5479133     -12.38     199.15  1
        2016042206  5396299     -12.30     199.03  1
        2016042209  5312003     -12.16     198.73  1
        2016042212  5250371     -11.96     198.21  1
        2016042215  5143855     -11.86     197.86  1
        2016042218  5126531     -11.83     197.86  1
        2016042221  5095262     -11.78     197.77  1
        2016042300  5208977     -11.84     197.88  1
        2016042303  5235343     -11.87     197.96  1
        2016042306  5235339     -11.95     198.00  1
        2016042309  5238349     -12.03     198.13  1
        2016042312  5351362     -12.16     198.07  1
        2016042315  5414045     -12.29     198.07  1
        2016042318  5403735     -12.45     198.21  1
        2016042321  5385445     -12.56     198.31  1
        2016042400  5414741     -12.75     198.50  1
        2016042403  5371988     -12.99     198.74  1
        2016042406  5363384     -13.25     199.03  1
        2016042409  5319643     -13.53     199.37  1
        2016042412  5258934     -13.88     199.81  1
        2016042415  5121779     -14.24     200.21  1
        2016042418  4976815     -14.59     200.67  1
        2016042421  4783408     -14.87     201.00  1
        2016042500  4652022     -15.27     201.58  1
        2016042503  4442885     -15.72     202.26  1
        2016042506  4248301     -16.11     202.86  1
        2016042509  4015686     -16.43     203.41  1
        2016042512  3825519     -16.87     204.24  1
        2016042515  3547532     -17.31     205.14  1
        2016042518  3281419     -17.73     205.98  1
        2016042521  2231146     -19.62     210.56  1
        2016042600  2037606     -20.07     211.46  1
        2016042603  1842720     -20.48     212.29  1
        2016042606  1663939     -20.79     212.85  1
        2016042609  1450399     -21.04     213.25  1
        2016042612  1325998     -21.44     214.23  1
        2016042615  1219909     -21.76     215.33  1
        2016042618  1110354     -22.03     216.27  1
        2016042621   963060     -22.23     217.05  1
        2016042700   906281     -22.39     217.90  1
        2016042703   775402     -22.56     218.95  1
        2016042706   612882     -22.71     219.84  1
        2016042709   417148     -22.87     220.65  1
        2016042712   285301     -22.95     221.56  1
LPT    37.0300
        2016041515   356303     -22.72     220.25  1
        2016041518   406848     -22.73     220.65  1
        2016041521   364450     -22.87     221.28  1
        2016041621   855660     -24.98     225.44  1
        2016041700   963710     -25.61     226.37  1
        2016041703   926439     -26.27     227.41  1
        2016041706   993432     -26.83     228.20  1
        2016041709  1308795     -27.32     228.90  1
        2016041712  1311340     -27.79     229.61  1
        2016041715  1374459     -27.91     229.90  1
        2016041718  1415115     -28.23     230.28  1
        2016041721  1458661     -28.17     230.43  1
        2016041800  1452687     -28.11     230.46  1
        2016041803  1340018     -27.68     230.25  1
        2016041806  1247207     -27.51     230.26  1
        2016041809  1311261     -27.25     230.09  1
        2016041812  1202294     -27.33     230.34  1
        2016041815  1159847     -27.27     230.36  1
        2016041818  1168888     -27.33     230.47  1
        2016041821  1309063     -27.52     230.78  1
        2016041900  1322636     -27.59     230.83  1
        2016041903  1356981     -27.63     230.86  1
        2016041906  1406911     -27.67     230.88  1
        2016041909  1581213     -27.60     230.78  1
        2016041912  1636233     -27.48     230.58  1
        2016041915  8456655     -16.21     202.69  1
        2016041918  8491445     -16.28     203.19  1
        2016041921  8289332     -16.14     203.08  1
        2016042000  7859169     -15.47     201.73  2
        2016042003  7834877     -15.50     202.11  2
        2016042006  7848537     -15.72     202.96  1
        2016042009  7857903     -15.60     202.98  1
        2016042012  7597887     -15.16     202.19  1
        2016042015  7520747     -15.16     202.50  1
        2016042018  7260071     -15.03     202.31  1
        2016042021   536071     -27.85     231.56  1
        2016042100   425993     -28.41     232.22  1
        2016042103   523247     -28.65     232.45  1
        2016042106   611677     -28.93     232.82  1
        2016042109   594415     -28.88     232.75  1
        2016042112   548641     -29.10     233.04  1
        2016042115   613330     -29.22     233.10  1
        2016042118   637205     -29.61     233.51  1
        2016042121   532411     -30.00     234.12  1
        2016042200   357610     -30.63     234.92  1
        2016042203   374206     -31.31     236.03  1
        2016042206   401097     -31.96     237.23  1
        2016042209   406010     -32.76     238.71  1
        2016042212   309960     -33.83     240.46  1
        2016042215   386896     -34.40     241.56  1
        2016042218   381194     -34.95     242.47  1
        2016042221   333626     -35.28     243.14  1
        2016042300   342402     -35.73     243.88  1
        2016042303   356110     -36.17     244.56  1
        2016042306   395514     -36.51     245.18  1
        2016042309   474768     -36.74     245.53  1
        2016042312   547034     -37.02     245.97  1
        2016042315   561470     -37.23     246.35  1
        2016042318   571299     -37.40     246.63  1
        2016042321   642674     -37.51     247.36  1
        2016042400   702460     -37.60     247.93  1
        2016042403   702522     -37.79     248.92  1
        2016042406   796275     -38.04     250.15  1
        2016042409   924983     -38.24     251.50  1
        2016042412   974592     -38.39     252.52  1
        2016042415  1012027     -38.56     253.78  1
        2016042418  1010968     -38.81     254.91  1
        2016042421  1067586     -39.00     255.93  1
        2016042500  1054476     -39.27     257.16  1
        2016042503  1001935     -39.47     257.98  1
        2016042506  1020621     -39.57     258.34  1
        2016042509  1107548     -39.53     258.60  1
        2016042512  1073418     -39.46     259.20  1
        2016042515  1045529     -39.37     259.81  1
        2016042518  1063228     -39.21     260.46  1
        2016042521  1141331     -39.11     260.94  1
        2016042600  1075479     -39.11     261.58  1
        2016042603  1011144     -39.09     262.30  1
        2016042606   997327     -39.13     262.91  1
        2016042609   963678     -39.19     263.46  1
        2016042612   884705     -39.24     264.14  1
        2016042615   835058     -39.20     264.64  1
        2016042618   822710     -39.13     264.99  1
        2016042621   785966     -38.99     265.34  1
        2016042700   765785     -39.03     265.81  1
        2016042703   667276     -39.05     266.41  1
        2016042706   581590     -39.13     266.88  1
        2016042709   338092     -39.10     267.55  1
LPT    37.0400
        2016041515   356303     -22.72     220.25  1
        2016041518   406848     -22.73     220.65  1
        2016041521   364450     -22.87     221.28  1
        2016041621   855660     -24.98     225.44  1
        2016041700   963710     -25.61     226.37  1
        2016041703   926439     -26.27     227.41  1
        2016041706   993432     -26.83     228.20  1
        2016041709  1308795     -27.32     228.90  1
        2016041712  1311340     -27.79     229.61  1
        2016041715  1374459     -27.91     229.90  1
        2016041718  1415115     -28.23     230.28  1
        2016041721  1458661     -28.17     230.43  1
        2016041800  1452687     -28.11     230.46  1
        2016041803  1340018     -27.68     230.25  1
        2016041806  1247207     -27.51     230.26  1
        2016041809  1311261     -27.25     230.09  1
        2016041812  1202294     -27.33     230.34  1
        2016041815  1159847     -27.27     230.36  1
        2016041818  1168888     -27.33     230.47  1
        2016041821  1309063     -27.52     230.78  1
        2016041900  1322636     -27.59     230.83  1
        2016041903  1356981     -27.63     230.86  1
        2016041906  1406911     -27.67     230.88  1
        2016041909  1581213     -27.60     230.78  1
        2016041912  1636233     -27.48     230.58  1
        2016041915  8456655     -16.21     202.69  1
        2016041918  8491445     -16.28     203.19  1
        2016041921  8289332     -16.14     203.08  1
        2016042000  7859169     -15.47     201.73  2
        2016042003  7834877     -15.50     202.11  2
        2016042006  7848537     -15.72     202.96  1
        2016042009  7857903     -15.60     202.98  1
        2016042012  7597887     -15.16     202.19  1
        2016042015  7520747     -15.16     202.50  1
        2016042018  7260071     -15.03     202.31  1
        2016042021  6321527     -13.30     198.59  1
        2016042100  6195863     -13.18     198.61  1
        2016042103  5996047     -13.09     198.78  1
        2016042106  5881905     -12.99     198.94  1
        2016042109  5853068     -12.88     199.07  1
        2016042112  5801935     -12.62     198.84  1
        2016042115  5722808     -12.59     198.99  1
        2016042118  5651879     -12.61     199.14  1
        2016042121  5648175     -12.63     199.33  1
        2016042200  5612173     -12.50     199.17  1
        2016042203  5479133     -12.38     199.15  1
        2016042206  5396299     -12.30     199.03  1
        2016042209  5312003     -12.16     198.73  1
        2016042212  5250371     -11.96     198.21  1
        2016042215  5143855     -11.86     197.86  1
        2016042218  5126531     -11.83     197.86  1
        2016042221  5095262     -11.78     197.77  1
        2016042300  5208977     -11.84     197.88  1
        2016042303  5235343     -11.87     197.96  1
        2016042306  5235339     -11.95     198.00  1
        2016042309  5238349     -12.03     198.13  1
        2016042312  5351362     -12.16     198.07  1
        2016042315  5414045     -12.29     198.07  1
        2016042318  5403735     -12.45     198.21  1
        2016042321  5385445     -12.56     198.31  1
        2016042400  5414741     -12.75     198.50  1
        2016042403  5371988     -12.99     198.74  1
        2016042406  5363384     -13.25     199.03  1
        2016042409  5319643     -13.53     199.37  1
        2016042412  5258934     -13.88     199.81  1
        2016042415  5121779     -14.24     200.21  1
        2016042418  4976815     -14.59     200.67  1
        2016042421  4783408     -14.87     201.00  1
        2016042500  4652022     -15.27     201.58  1
        2016042503  4442885     -15.72     202.26  1
        2016042506  4248301     -16.11     202.86  1
        2016042509  4015686     -16.43     203.41  1
        2016042512  3825519     -16.87     204.24  1
        2016042515  3547532     -17.31     205.14  1
        2016042518  3281419     -17.73     205.98  1
        2016042521  2231146     -19.62     210.56  1
        2016042600  2037606     -20.07     211.46  1
        2016042603  1842720     -20.48     212.29  1
        2016042606  1663939     -20.79     212.85  1
        2016042609  1450399     -21.04     213.25  1
        2016042612  1325998     -21.44     214.23  1
        2016042615  1219909     -21.76     215.33  1
        2016042618  1110354     -22.03     216.27  1
        2016042621   963060     -22.23     217.05  1
        2016042700   906281     -22.39     217.90  1
        2016042703   775402     -22.56     218.95  1
        2016042706   612882     -22.71     219.84  1
        2016042709   417148     -22.87     220.65  1
        2016042712   285301     -22.95     221.56  1
LPT    38.0100
        2016050618   351801      -2.90      90.35  1
        2016050621   526169      -2.71      90.52  1
        2016050700   675243      -2.28      90.64  1
        2016050703   870498      -2.09      90.78  1
        2016050706  1146084      -1.74      91.11  1
        2016050709  1303642      -1.45      91.07  1
        2016050712  1468789      -1.34      91.01  1
        2016050715  1606821      -1.36      91.12  1
        2016050718  1742507      -1.41      91.42  1
        2016050721  1793334      -1.50      91.53  1
        2016050800  1768533      -1.65      91.53  1
        2016050803  1776033      -1.88      91.68  1
        2016050806  1715035      -2.00      91.68  1
        2016050809  1726184      -2.34      91.90  1
        2016050812  1700367      -2.62      91.98  1
        2016050815  1642183      -2.90      92.18  1
        2016050818  1700404      -3.09      92.57  1
        2016050821  1795500      -3.29      92.76  1
        2016050900  1818855      -3.14      92.39  1
        2016050903  2041278      -2.64      90.75  1
        2016050906  4351878      -0.04      75.78  1
        2016050909  4780209       0.10      75.16  1
        2016050912  4867264       0.30      74.08  1
        2016050915  3874028       1.67      67.30  1
        2016050918  3936272       1.67      67.02  1
        2016050921  4053526       1.55      67.05  1
        2016051000  4112179       1.43      66.69  1
        2016051003  4066890       1.32      66.42  1
        2016051006  3978335       1.21      66.23  1
        2016051009  4006891       1.10      66.10  1
        2016051012  3922135       1.07      66.11  1
        2016051015  3821210       1.07      66.45  1
        2016051018  3824214       1.10      66.96  1
        2016051021  3951262       1.14      67.53  1
        2016051100  3957223       1.15      68.29  1
        2016051103  4031150       1.19      68.66  1
        2016051106  4085713       1.23      68.94  1
        2016051109  4333121       1.17      69.51  1
        2016051112  4593725       1.06      69.97  1
        2016051115  4910595       0.94      70.40  1
        2016051118  5229711       0.79      70.90  1
        2016051121  5612650       0.62      71.57  1
        2016051200  5836942       0.50      71.87  1
        2016051203  6021032       0.43      72.36  1
        2016051206  6185880       0.38      72.96  1
        2016051209  6326826       0.27      73.43  1
        2016051212  6340131       0.21      73.87  1
        2016051215  6371888       0.14      74.25  1
        2016051218  6512197       0.04      74.99  1
        2016051221  6746110      -0.13      75.82  1
        2016051300  6795920      -0.15      76.51  1
        2016051303  6836209      -0.16      77.10  1
        2016051306  6953700      -0.19      77.84  1
        2016051309  6977938      -0.26      78.64  1
        2016051312  5543376      -1.10      84.36  1
        2016051315  5642645      -1.24      84.65  1
        2016051318  5716825      -1.38      84.78  1
        2016051321  5781685      -1.43      85.03  1
        2016051400  5704593      -1.42      84.98  1
        2016051403  5691891      -1.33      84.87  1
        2016051406  5700673      -1.24      84.70  1
        2016051409  5733421      -1.11      84.34  1
        2016051412  5663447      -1.08      84.15  1
        2016051415  5646144      -1.09      84.11  1
        2016051418  5714287      -1.11      84.26  1
        2016051421  5775273      -1.10      84.53  1
        2016051500  5804304      -1.12      84.88  1
        2016051503  5847935      -1.12      85.15  1
        2016051506  5903356      -1.20      85.42  1
        2016051509  6032920      -1.25      85.71  1
        2016051512  6102033      -1.26      86.05  1
        2016051515  6171324      -1.30      86.24  1
        2016051518  6373753      -1.42      86.56  1
        2016051521  6545858      -1.45      86.77  1
        2016051600  6590557      -1.45      86.90  1
        2016051603  6686776      -1.46      86.95  1
        2016051606  6790796      -1.46      87.09  1
        2016051609  6805699      -1.49      87.09  1
        2016051612  6837978      -1.52      87.13  1
        2016051615  6805380      -1.57      87.10  1
        2016051618  6839331      -1.61      87.09  1
        2016051621  6912928      -1.64      87.07  1
        2016051700  6867704      -1.71      86.99  1
        2016051703  6844890      -1.70      86.90  1
        2016051706  6787512      -1.76      86.84  1
        2016051709  6650111      -1.83      86.88  1
        2016051712  6400578      -1.90      86.84  1
        2016051715  6134366      -1.97      86.67  1
        2016051718  5806190      -2.05      86.33  1
        2016051721  5385119      -2.09      86.03  1
        2016051800  2542234       7.96      80.94  1
        2016051803  2453892       8.28      80.75  1
        2016051806  2418362       8.57      80.73  1
        2016051809  2389279       8.80      80.58  1
        2016051812  2336720       9.01      80.36  1
        2016051815  2358464       9.11      80.02  1
        2016051818  2396236       9.09      79.60  1
        2016051821  2630534       9.01      79.17  1
        2016051900  2707107       8.93      78.93  1
        2016051903  2982200       8.78      78.47  1
        2016051906  3299500       8.74      78.16  1
        2016051909  3605650       8.71      77.83  1
        2016051912  3836941       8.98      78.00  1
        2016051915  3951699       9.21      78.12  1
        2016051918  4002210       9.20      77.97  1
        2016051921  4107578       9.73      78.48  1
        2016052000  4212545      10.25      78.99  1
        2016052003  4271903      10.81      79.60  1
        2016052006  4194674      11.39      80.17  1
        2016052009  2434744      17.37      88.01  1
        2016052012  2415463      17.68      88.57  1
        2016052015  2359279      17.95      89.07  1
        2016052018  2384849      18.12      89.43  1
        2016052021  2368567      18.25      89.91  1
        2016052100  2420072      18.38      90.51  1
        2016052103  2473480      18.41      90.82  1
        2016052106  2637936      18.57      91.35  1
        2016052109  2704021      18.61      91.82  1
        2016052112  2784418      18.53      92.21  1
        2016052115  2861850      18.37      92.48  1
        2016052118  3051167      18.37      92.75  1
        2016052121  3144449      18.27      93.05  1
        2016052200  3149790      18.19      93.42  1
        2016052203  3203873      18.05      93.70  1
        2016052206  3324916      17.70      94.15  1
        2016052209  3392320      17.38      94.60  1
        2016052212  3415447      17.23      94.88  1
        2016052215  3422016      17.07      95.09  1
        2016052218  3474691      16.83      95.29  1
        2016052221  3573748      16.53      95.55  1
        2016052300  3555251      16.45      95.79  1
        2016052303  3505626      16.28      96.08  1
        2016052306  3443343      16.18      96.27  1
        2016052309  3497650      15.79      96.71  1
        2016052312  3515172      15.58      97.01  1
        2016052315  3544619      15.36      97.17  1
        2016052318  3507361      15.07      97.29  1
        2016052321  3572863      14.49      97.68  1
        2016052400  3560338      14.11      97.97  1
        2016052403  3445685      13.70      98.35  1
        2016052406  3422024      13.36      98.71  1
        2016052409  3289379      12.90      99.21  1
        2016052412  3176768      12.81      99.44  1
        2016052415  3111885      12.59      99.71  1
        2016052418  5527969      14.19     111.41  1
        2016052421  5678540      13.77     112.16  1
        2016052500  5636583      13.69     112.46  1
        2016052503  5656280      13.50     112.62  1
        2016052506  5776310      13.29     112.68  1
        2016052509  5702918      13.20     112.76  1
        2016052512  5632933      13.11     112.35  1
        2016052515  5553416      13.04     112.16  1
        2016052518  5460092      12.95     111.88  1
        2016052521  5167582      12.71     110.76  1
        2016052600  4222415      11.75     106.39  1
        2016052603  4112485      11.64     106.13  1
        2016052606  4037844      11.52     105.82  1
        2016052609  4018441      11.40     105.80  1
        2016052612  3846517      11.40     105.68  1
        2016052615  3612678      11.45     105.69  1
        2016052618  3436606      11.48     105.90  1
        2016052621  3332432      11.47     106.15  1
        2016052700  3113846      11.63     106.69  1
        2016052703  1679925      12.63     113.79  1
        2016052706  1662143      12.81     113.79  1
        2016052709  1638492      12.86     113.73  1
        2016052712  1504422      13.03     113.79  1
        2016052715  1370717      13.17     113.78  1
        2016052718  1288152      13.30     113.78  1
        2016052721  1094327      13.51     113.70  1
        2016052800   876715      13.75     113.65  1
        2016052803   661620      14.00     113.51  1
        2016052806   417496      14.39     113.42  1
LPT    39.0100
        2016052900   312138      -4.01      98.31  1
        2016052903   502379      -4.11      98.50  1
        2016052906   741040      -4.21      98.78  1
        2016052909   800979      -4.34      99.32  1
        2016052912  1161295      -4.29     100.17  1
        2016052915  1456202      -4.16     100.44  1
        2016052918  1895401      -4.18     101.01  1
        2016052921  2546168      -2.84     100.59  1
        2016053000  2875699      -2.78     100.46  1
        2016053003  3171014      -2.69     100.44  1
        2016053006  3596425      -2.47     100.38  1
        2016053009  3799447      -2.39     100.44  1
        2016053012  3968719      -2.48     100.57  1
        2016053015  4046520      -2.67     100.70  1
        2016053018  4123075      -2.98     100.89  1
        2016053021  4185917      -3.16     101.05  1
        2016053100  4016332      -3.61     101.25  1
        2016053103  3802446      -4.21     101.45  1
        2016053106  3311202      -6.27     102.21  1
        2016053109  3119655      -6.61     102.52  1
        2016053112  3037738      -6.88     102.66  1
        2016053115  2977153      -7.16     102.79  1
        2016053118  2918015      -7.47     102.95  1
        2016053121  2827706      -7.77     103.08  1
        2016060100  2784798      -8.04     103.15  1
        2016060103  2840703      -8.25     103.01  1
        2016060106  3000665      -8.40     102.49  1
        2016060109  2997455      -8.54     102.30  1
        2016060112  3040715      -8.68     101.73  1
        2016060115  3010215      -8.78     101.13  1
        2016060118  3074854      -8.77     100.63  1
        2016060121  3021419      -8.75     100.09  1
        2016060200  2954684      -8.78      99.86  1
        2016060203  2908229      -8.75      99.66  1
        2016060206  2907700      -8.70      99.41  1
        2016060209  2858932      -8.58      99.12  1
        2016060212  2870788      -8.50      98.73  1
        2016060215  2850169      -8.39      98.37  1
        2016060218  2924298      -8.22      97.94  1
        2016060221  2862048      -7.97      97.42  1
        2016060300  2751940      -7.78      96.99  1
        2016060303  2775931      -7.70      96.77  1
        2016060306  2784830      -7.59      96.62  1
        2016060309  2746799      -7.45      96.48  1
        2016060312  2790419      -7.53      96.53  1
        2016060315  2789883      -7.50      96.44  1
        2016060318  2809597      -7.51      96.36  1
        2016060321  2836887      -7.52      96.33  1
        2016060400  2760223      -7.57      96.42  1
        2016060403  2678242      -7.63      96.56  1
        2016060406  2549137      -7.77      96.83  1
        2016060409  2382502      -7.81      97.27  1
        2016060412  2309601      -8.01      97.55  1
        2016060415  2188952      -8.16      97.91  1
        2016060418  2089779      -8.69      98.34  1
        2016060421  1939825      -9.35      98.75  1
        2016060500  1881266     -10.34      99.20  1
        2016060503  1843561     -11.25      99.56  1
        2016060506  1889194     -12.36     100.13  1
        2016060509  1823616     -13.24     100.59  1
        2016060512  1697808     -14.30     101.47  1
        2016060515  1511827     -15.16     102.36  1
        2016060518  1328304     -16.03     103.26  1
        2016060521  1169926     -16.68     103.95  1
        2016060600  1103835     -16.89     104.15  1
        2016060603  1064839     -17.00     104.37  1
        2016060606  1070569     -17.42     104.94  1
        2016060609  1083299     -17.76     105.49  1
        2016060612  1092531     -17.93     105.88  1
        2016060615   961998     -18.07     106.23  1
        2016060618   902486     -17.95     106.22  1
        2016060621   790205     -17.63     106.01  1
        2016060700   634875     -17.05     105.69  1
        2016060703   516177     -16.48     105.34  1
        2016060706   499520     -16.04     105.15  1
        2016060709   430616     -15.66     105.07  1
        2016060712   354756     -15.24     104.90  1
LPT    40.0100
        2016053118   562618       2.57     293.81  1
        2016053121   784789       2.60     293.78  1
        2016060100  1032279       2.68     294.16  1
        2016060103  1421403       2.83     295.21  1
        2016060106  1781751       2.95     295.62  1
        2016060109  1815512       3.01     296.09  1
        2016060112  1880720       3.11     296.46  1
        2016060115  2045852       3.26     296.91  1
        2016060118  2223276       3.41     297.12  1
        2016060121  2229391       3.44     297.14  1
        2016060200  2283797       3.53     297.11  1
        2016060203  2235860       3.62     297.17  1
        2016060206  2145698       3.72     296.86  1
        2016060209  1984267       3.71     296.50  1
        2016060212  1863468       3.73     296.26  1
        2016060215  4602960       6.53     275.96  1
        2016060218  4656758       6.61     275.73  1
        2016060221  4717493       6.64     275.74  1
        2016060300  4487182       6.69     275.91  1
        2016060303  3945917       6.96     275.27  1
        2016060306  3537373       7.21     275.19  1
        2016060309  2224443       8.93     268.93  1
        2016060312  1219714       9.71     278.22  1
        2016060315  1231689      10.52     278.48  1
        2016060318  1245592      10.99     278.66  1
        2016060321  1384251      11.41     278.86  1
        2016060400  1326119      11.71     279.00  1
        2016060403  1247578      12.04     279.10  1
        2016060406  1155214      12.29     279.26  1
        2016060409  1200283      12.80     279.25  1
        2016060412  1173716      13.16     279.27  1
        2016060415  1178760      13.66     279.25  1
        2016060418  1133535      14.18     279.27  1
        2016060421  1077594      14.63     279.10  1
        2016060500   993118      15.01     278.88  1
        2016060503  1008463      15.24     278.57  1
        2016060506  1004695      15.41     278.29  1
        2016060509  1032237      15.56     277.86  1
        2016060512  1155493      15.72     277.27  1
        2016060515  1286273      15.94     276.61  1
        2016060518  2425827      14.22     269.94  1
        2016060521  2788313      14.31     269.32  1
        2016060600  2932988      14.50     268.88  1
        2016060603  3077019      14.71     268.75  1
        2016060606  3290222      15.14     268.79  1
        2016060609  3423650      15.28     268.53  1
        2016060612  3428482      15.42     268.29  1
        2016060615  3479926      15.64     268.32  1
        2016060618  3555783      16.01     268.45  1
        2016060621  3641259      16.17     268.53  1
        2016060700  3510949      16.36     268.74  1
        2016060703  3489377      16.60     268.99  1
        2016060706  3452285      16.91     269.34  1
        2016060709  3478145      17.11     269.63  1
        2016060712  3336157      17.57     270.05  1
        2016060715  3305102      17.94     270.39  1
        2016060718  3226383      18.34     270.71  1
        2016060721  3056559      18.82     271.26  1
        2016060800  2781481      19.18     271.82  1
        2016060803  2572525      19.27     272.08  1
        2016060806  2389108      19.40     272.37  1
        2016060809  2376287      19.20     272.29  1
        2016060812  2335490      19.48     272.57  1
        2016060815  2265365      19.77     272.75  1
        2016060818  3412291      29.15     280.63  1
        2016060821  3328008      29.72     281.40  1
        2016060900  1772442      20.56     273.76  1
        2016060903  1323655      20.03     273.53  1
        2016060906   640580      14.04     269.36  1
        2016060909   606451      13.35     269.03  1
        2016060912   554725      13.31     269.10  1
        2016060915   558074      13.16     269.03  1
        2016060918   492014      13.11     268.98  1
        2016060921   504836      13.09     269.02  1
        2016061000   413849      13.08     269.20  1
        2016061003   351418      13.07     269.26  1
        2016061100   348609      11.19     271.19  1
        2016061103   479190      11.02     271.23  1
        2016061106   608863      10.97     271.21  1
        2016061109   683371      10.88     271.14  1
        2016061112   626481      10.90     271.08  1
        2016061115   636869      11.02     270.93  1
        2016061118   550958      11.16     270.89  1
        2016061121   437010      11.36     270.72  1
        2016061200   319510      11.48     270.43  1
LPT    41.0100
        2016060215   429744      -8.84     162.43  1
        2016060218   535314      -8.65     162.32  1
        2016060221   640217      -8.45     162.30  1
        2016060300   699383      -8.25     162.24  1
        2016060303   757528      -8.20     161.97  1
        2016060306   840138      -8.16     161.74  1
        2016060309   937170      -8.16     161.46  1
        2016060312  1038823      -8.14     161.34  1
        2016060315  1125133      -8.15     161.22  1
        2016060318  1155701      -8.14     161.15  1
        2016060321  1201384      -8.17     161.15  1
        2016060400  1212891      -8.14     161.09  1
        2016060403  1311079      -8.21     160.96  1
        2016060406  1340846      -8.39     160.74  1
        2016060409  2544231     -14.99     157.81  1
        2016060412  3090724     -16.40     157.53  1
        2016060415  3621747     -17.30     157.50  1
        2016060418  3825020     -17.89     157.48  1
        2016060421  4136743     -18.58     157.50  1
        2016060500  4497188     -19.39     157.49  1
        2016060503  4805309     -19.99     157.62  1
        2016060506  5018010     -20.72     157.65  1
        2016060509  5158127     -21.49     157.67  1
        2016060512  5364166     -22.15     157.84  1
        2016060515  5514821     -22.85     158.01  1
        2016060518  5518791     -23.55     158.09  1
        2016060521  5579430     -24.23     158.06  1
        2016060600  5580448     -24.76     158.12  1
        2016060603  5614498     -24.97     158.41  1
        2016060606  5637549     -25.69     158.29  1
        2016060609  5617656     -26.23     158.31  1
        2016060612  6989141     -23.39     162.70  1
        2016060615  7475475     -22.56     164.18  1
        2016060618  7478195     -22.52     164.75  1
        2016060621  7480812     -22.06     165.78  2
        2016060700  7549343     -22.42     165.80  1
        2016060703  7523510     -22.42     166.22  1
        2016060706  7580309     -22.92     166.28  1
        2016060709  7717153     -23.23     166.44  1
        2016060712  7872864     -23.39     166.88  1
        2016060715  7680605     -23.41     167.54  1
        2016060718  7293324     -23.36     168.25  1
        2016060721  7027887     -23.34     168.88  1
        2016060800  5950226     -20.25     172.75  1
        2016060803  5544597     -19.77     174.01  1
        2016060806  5139762     -18.97     175.36  2
        2016060809  4988518     -18.85     176.00  2
        2016060812  4928766     -18.42     176.74  2
        2016060815  4906015     -18.07     177.46  2
        2016060818  4719796     -18.08     177.94  2
        2016060821  4611904     -18.20     178.27  2
        2016060900  4431515     -18.32     178.61  2
        2016060903  4210900     -19.05     178.59  2
        2016060906  4041965     -19.46     178.86  2
        2016060909  3873544     -20.00     179.18  2
        2016060912  3850584     -20.59     179.76  2
        2016060915  3391926     -22.40     179.83  2
        2016060918  3258377     -23.08     179.93  2
        2016060921  3525856     -22.42     180.84  2
        2016061000  3703255     -21.81     181.75  2
        2016061003  3834001     -21.43     182.40  2
        2016061006  4154263     -20.66     183.09  1
        2016061009  4406721     -19.89     183.83  1
        2016061012  4646983     -19.23     184.40  1
        2016061015  4680771     -18.75     184.99  1
        2016061018  4719704     -18.25     185.39  1
        2016061021  4752970     -17.96     185.64  1
        2016061100  4764133     -17.61     185.97  1
        2016061103  4862237     -17.40     186.25  1
        2016061106  4857529     -17.17     186.63  1
        2016061109  4839692     -17.15     186.87  1
        2016061112  4847028     -17.02     187.36  1
        2016061115  4885886     -16.94     187.84  1
        2016061118  4817539     -16.96     188.30  1
        2016061121  4737272     -17.10     188.56  1
        2016061200  4556073     -17.10     188.84  1
        2016061203  4414595     -17.25     188.93  1
        2016061206  4147559     -17.24     188.92  1
        2016061209  2998977     -18.88     185.52  1
        2016061212  2779577     -18.71     185.39  1
        2016061215  2699624     -18.19     185.26  1
        2016061218  2542201     -17.57     185.21  1
        2016061221  2463434     -17.28     185.15  1
        2016061300  2289280     -16.94     185.08  1
        2016061303  2095729     -17.04     185.11  1
        2016061306  1827274     -17.48     185.35  1
        2016061309  1511604     -18.27     185.72  1
        2016061312  1247813     -18.70     185.83  1
        2016061315  1002400     -19.13     185.98  1
        2016061318   833409     -19.29     186.00  1
        2016061321   719251     -19.59     186.04  1
        2016061400   578771     -19.66     186.08  1
        2016061403   482559     -19.76     186.04  1
        2016061406   332713     -19.85     186.03  1
LPT    42.0100
        2016060806   297391      17.23      91.73  1
        2016060809   666943      17.44      91.33  1
        2016060812   699736      17.34      90.63  1
        2016060815   735280      17.29      90.16  1
        2016060818   783719      17.17      89.69  1
        2016060821  1033153      17.27      89.84  1
        2016060900  1164963      17.39      89.87  1
        2016060903  1293390      17.65      90.09  1
        2016060906  1444634      17.85      90.16  1
        2016060909  2243058      16.71      85.87  1
        2016060912  1489955      18.47      91.01  1
        2016060915  1520077      18.70      91.33  1
        2016060918  1581995      18.86      91.52  1
        2016060921  1738136      18.99      91.81  1
        2016061000  1721352      19.06      91.98  1
        2016061003  1737959      19.14      92.18  1
        2016061006  1782194      19.15      92.45  1
        2016061009  1822294      19.27      92.74  1
        2016061012  1733004      19.39      93.02  1
        2016061015  1728757      19.51      93.24  1
        2016061018  1752109      19.56      93.34  1
        2016061021  1858295      19.60      93.50  1
        2016061100  1871725      19.63      93.63  1
        2016061103  1927996      19.59      93.76  1
        2016061106  2017092      19.54      93.89  1
        2016061109  2039486      19.54      93.95  1
        2016061112  2025888      19.58      94.05  1
        2016061115  2014635      19.61      94.13  1
        2016061118  2018052      19.57      94.22  1
        2016061121  2101535      19.61      94.32  1
        2016061200  2124829      19.66      94.42  1
        2016061203  2150440      19.69      94.48  1
        2016061206  2146818      19.68      94.59  1
        2016061209  2113023      19.77      94.75  1
        2016061212  2098761      19.80      94.85  1
        2016061215  2072699      19.80      94.94  1
        2016061218  2064556      19.75      94.90  1
        2016061221  2064360      19.70      94.99  1
        2016061300  2051948      19.59      95.03  1
        2016061303  2122081      19.43      94.99  1
        2016061306  2159799      19.32      94.86  1
        2016061309  2134049      19.22      94.88  1
        2016061312  2120334      19.10      94.75  1
        2016061315  2141489      18.98      94.67  1
        2016061318  2182205      18.75      94.49  1
        2016061321  2184838      18.59      94.42  1
        2016061400  2158628      18.28      94.32  1
        2016061403  2236619      17.86      94.28  1
        2016061406  2330805      17.33      94.14  1
        2016061409  2312957      16.90      94.07  1
        2016061412  2289926      16.67      93.97  1
        2016061415  2295442      16.44      93.93  1
        2016061418  2340528      16.31      93.79  1
        2016061421  2434124      16.29      93.65  1
        2016061500  2491064      15.90      93.57  1
        2016061503  2521219      15.74      93.48  1
        2016061506  2613622      15.38      93.29  1
        2016061509  2819782      14.77      93.17  1
        2016061512  2950729      14.29      93.05  1
        2016061515  3184801      13.45      92.86  1
        2016061518  3711749      11.81      92.04  1
        2016061521  4301420      10.50      91.52  1
        2016061600  4494558      10.11      91.55  1
        2016061603  4775887       9.40      91.50  1
        2016061606  5017850       8.85      91.58  1
        2016061609  5245524       8.31      91.76  1
        2016061612  5460561       7.89      91.92  1
        2016061615  5654160       7.44      92.13  1
        2016061618  5936267       6.96      92.58  1
        2016061621  6298627       6.48      92.87  1
        2016061700  6444172       6.28      93.29  1
        2016061703  6667978       5.89      93.60  1
        2016061706  6944939       5.42      93.95  1
        2016061709  7189019       4.98      94.29  1
        2016061712  7305061       4.69      94.57  1
        2016061715  7447592       4.49      94.84  1
        2016061718  7708450       3.97      95.31  1
        2016061721  8031706       3.55      95.72  1
        2016061800  8152102       3.24      96.16  1
        2016061803  8162684       3.00      96.49  1
        2016061806  8270052       2.72      96.91  1
        2016061809  8337029       2.44      97.36  1
        2016061812  8247461       2.22      97.73  1
        2016061815  8268637       2.10      98.16  1
        2016061818  8412722       1.82      98.80  1
        2016061821  8446895       1.58      99.36  1
        2016061900  8344145       1.24     100.18  1
        2016061903  8310898       1.05     100.75  1
        2016061906  8276616       0.77     101.40  1
        2016061909  8068941       0.44     102.18  1
        2016061912  7860846       0.19     102.94  1
        2016061915  7698305       0.04     103.62  1
        2016061918  7714270       0.03     104.52  1
        2016061921  7748047      -0.01     105.13  1
        2016062000  7651305       0.05     105.98  1
        2016062003  7664075       0.21     106.65  1
        2016062006  7686391       0.50     107.43  1
        2016062009  7624451       0.92     108.19  1
        2016062012  7706713       1.38     109.36  1
        2016062015  8092323       2.06     111.04  1
        2016062018  8311166       2.56     111.90  1
        2016062021  8056124       3.37     112.61  1
        2016062100  7359385       4.60     113.94  1
        2016062103  7142814       5.03     114.48  1
        2016062106  7072484       5.26     114.89  1
        2016062109  7001516       5.48     115.12  1
        2016062112  6963261       5.60     115.84  1
        2016062115  7065136       5.73     116.52  1
        2016062118  7420112       5.82     117.36  1
        2016062121  7517103       5.89     117.74  1
        2016062200  7668805       5.90     118.17  1
        2016062203  7827967       5.82     118.89  1
        2016062206  8251367       5.73     118.64  1
        2016062209  8360256       5.66     119.20  1
        2016062212  8311940       5.55     120.05  1
        2016062215  8307603       5.46     121.18  1
        2016062218  8386016       5.43     121.59  1
        2016062221  8147829       5.40     122.60  1
        2016062300  8252305       5.32     123.62  2
        2016062303  8780254       5.19     124.32  1
        2016062306  9223629       5.08     124.37  1
        2016062309  9394276       4.89     124.73  1
        2016062312  9393947       4.59     125.89  1
        2016062315  9443862       4.25     127.03  1
        2016062318  9132472       3.88     128.46  2
        2016062321  9071332       3.81     128.62  2
        2016062400  9116682       3.79     128.77  2
        2016062403  9236497       3.90     128.24  2
        2016062406  9368412       4.07     127.12  2
        2016062409  9667879       4.29     126.17  2
        2016062412  9819982       4.39     126.04  1
        2016062415 10140532       4.53     125.26  1
        2016062418 11691321       5.79     118.65  1
        2016062421 11808532       6.02     117.40  1
        2016062500 11768806       6.20     116.94  2
        2016062503 11936610       6.39     116.47  2
        2016062506 12059876       6.71     115.71  2
        2016062509 11892878       6.97     115.58  2
        2016062512 11809044       7.03     115.70  2
        2016062515 11750198       7.16     115.56  2
        2016062518 11517792       7.38     114.96  2
        2016062521 11224616       7.76     113.61  2
        2016062600 10986284       7.96     113.10  2
        2016062603 10765069       8.32     112.21  2
        2016062606 10450242       8.75     110.99  2
        2016062609 10024597       9.11     109.91  1
        2016062612  9653984       9.20     109.88  1
        2016062615  9384051       9.30     109.55  1
        2016062618  9101176       9.28     109.47  1
        2016062621  9096363       9.44     108.65  1
        2016062700  9017879       9.43     108.63  1
        2016062703  8693282       9.64     107.88  1
        2016062706  8411471       9.84     107.12  1
        2016062709  8004719      10.19     106.16  1
        2016062712  5790217      12.74      97.28  1
        2016062715  5681406      12.69      97.66  1
        2016062718  5545068      12.54      98.40  2
        2016062721  5434968      12.56      98.76  2
        2016062800  5387858      12.43      99.59  2
        2016062803  5325248      12.29     100.19  2
        2016062806  5330092      12.21     100.14  2
        2016062809  5288784      12.38      98.99  1
        2016062812  4948085      12.26      99.16  1
        2016062815  4971162      12.36      98.51  1
        2016062818  5040303      12.48      97.62  1
        2016062821  5054436      12.61      96.78  1
        2016062900  4905162      12.56      96.65  1
        2016062903  4932062      12.65      95.71  1
        2016062906  4677020      12.68      94.99  1
        2016062909  4543177      12.81      94.04  1
        2016062912  4246940      12.87      93.40  1
        2016062915  3924722      13.01      92.36  1
        2016062918  3624328      13.16      91.28  1
        2016062921  3555823      13.28      90.84  1
        2016063000  3318124      13.20      90.88  1
        2016063003  3083926      13.14      91.07  1
        2016063006  2795961      13.04      91.62  1
        2016063009  2198634      12.51      94.87  1
        2016063012  2010428      12.50      95.06  1
        2016063015  1900033      12.56      95.10  1
        2016063018  1796914      12.67      95.04  1
        2016063021  1711201      12.99      94.57  1
LPT    42.0200
        2016062106   399664      13.89      73.01  1
        2016062109   481870      14.00      72.91  1
        2016062112   487642      14.10      72.77  1
        2016062115   538251      14.23      72.68  1
        2016062118   561172      14.33      72.63  1
        2016062121   579835      14.35      72.59  1
        2016062200   596140      14.40      72.49  1
        2016062203   592213      14.48      72.46  1
        2016062206   674688      14.38      72.44  1
        2016062209   789262      14.32      72.45  1
        2016062212   840056      14.33      72.41  1
        2016062215   900123      14.26      72.36  1
        2016062218   965023      14.29      72.31  1
        2016062221  1005405      14.29      72.21  1
        2016062300  1036218      14.25      72.14  1
        2016062303  1068909      14.30      72.07  1
        2016062306  1123440      14.31      72.03  1
        2016062309  1214013      14.28      72.07  1
        2016062312  1244077      14.25      72.11  1
        2016062315  1244627      14.29      72.09  1
        2016062318  1225646      14.35      72.03  1
        2016062321  1209020      14.39      72.01  1
        2016062400  1232959      14.39      72.07  1
        2016062403  1195571      14.41      72.12  1
        2016062406  1175232      14.45      72.17  1
        2016062409  1145677      14.53      72.22  1
        2016062412  1152376      14.54      72.31  1
        2016062415  1174032      14.54      72.49  1
        2016062418 11691321       5.79     118.65  1
        2016062421 11808532       6.02     117.40  1
        2016062500 11768806       6.20     116.94  2
        2016062503 11936610       6.39     116.47  2
        2016062506 12059876       6.71     115.71  2
        2016062509 11892878       6.97     115.58  2
        2016062512 11809044       7.03     115.70  2
        2016062515 11750198       7.16     115.56  2
        2016062518 11517792       7.38     114.96  2
        2016062521 11224616       7.76     113.61  2
        2016062600 10986284       7.96     113.10  2
        2016062603 10765069       8.32     112.21  2
        2016062606 10450242       8.75     110.99  2
        2016062609 10024597       9.11     109.91  1
        2016062612  9653984       9.20     109.88  1
        2016062615  9384051       9.30     109.55  1
        2016062618  9101176       9.28     109.47  1
        2016062621  9096363       9.44     108.65  1
        2016062700  9017879       9.43     108.63  1
        2016062703  8693282       9.64     107.88  1
        2016062706  8411471       9.84     107.12  1
        2016062709  8004719      10.19     106.16  1
        2016062712  5790217      12.74      97.28  1
        2016062715  5681406      12.69      97.66  1
        2016062718  5545068      12.54      98.40  2
        2016062721  5434968      12.56      98.76  2
        2016062800  5387858      12.43      99.59  2
        2016062803  5325248      12.29     100.19  2
        2016062806  5330092      12.21     100.14  2
        2016062809  5288784      12.38      98.99  1
        2016062812  4948085      12.26      99.16  1
        2016062815  4971162      12.36      98.51  1
        2016062818  5040303      12.48      97.62  1
        2016062821  5054436      12.61      96.78  1
        2016062900  4905162      12.56      96.65  1
        2016062903  4932062      12.65      95.71  1
        2016062906  4677020      12.68      94.99  1
        2016062909  4543177      12.81      94.04  1
        2016062912  4246940      12.87      93.40  1
        2016062915  3924722      13.01      92.36  1
        2016062918  3624328      13.16      91.28  1
        2016062921  3555823      13.28      90.84  1
        2016063000  3318124      13.20      90.88  1
        2016063003  3083926      13.14      91.07  1
        2016063006  2795961      13.04      91.62  1
        2016063009  2198634      12.51      94.87  1
        2016063012  2010428      12.50      95.06  1
        2016063015  1900033      12.56      95.10  1
        2016063018  1796914      12.67      95.04  1
        2016063021  1711201      12.99      94.57  1
