LPT nnnnn.nnnn
        YYYYMMDDHH _A_[km2] cen_lat.__ cen_lon.__ Nobj
LPT     0.0100
        2013060100  3220971      16.13     276.90  1
        2013060103  3069608      16.46     277.31  1
        2013060106  2812509      16.80     278.05  1
        2013060109  2465108      17.14     278.62  1
        2013060112  2123154      17.50     279.40  1
        2013060115  1855931      17.87     279.88  1
        2013060118  1531218      18.68     280.50  1
        2013060121  1245251      19.20     280.66  1
        2013060200  1015574      19.64     280.83  1
        2013060203   886393      19.76     280.63  1
        2013060206   750273      19.85     280.44  1
        2013060209   628207      19.70     279.74  1
        2013060212   601870      19.76     279.47  1
        2013060215   562305      19.85     279.14  1
        2013060218   521039      19.82     278.36  1
        2013060221   416532      19.79     277.48  1
        2013060300   308097      19.86     276.66  1
        2013060315   322850      20.10     275.49  1
        2013060318   318830      20.29     275.13  1
        2013060321   342596      20.35     274.79  1
        2013060409   379324      20.71     274.62  1
        2013060412   445241      20.89     274.66  1
        2013060415   607573      21.05     274.67  1
        2013060418   699013      21.05     274.64  1
        2013060421   824013      21.10     274.58  1
        2013060500   818579      21.17     274.58  1
        2013060503   815324      21.23     274.62  1
        2013060506   779855      21.41     274.79  1
        2013060509   869796      21.61     274.85  1
        2013060512   910410      21.76     274.90  1
        2013060515   976708      21.91     274.90  1
        2013060518  1038337      22.08     274.96  1
        2013060521  1084418      22.31     275.06  1
        2013060600  1134284      22.39     275.08  1
        2013060603  1153635      22.55     275.17  1
        2013060606  1132707      22.84     275.28  1
        2013060609  1171101      23.16     275.37  1
        2013060612  1209258      23.48     275.47  1
        2013060615  1263563      23.92     275.64  1
        2013060618  1280223      24.37     275.85  1
        2013060621  1273459      24.69     275.99  1
        2013060700  1241594      24.94     276.07  1
        2013060703  1223621      25.20     276.21  1
        2013060706  1240761      25.50     276.46  1
        2013060709  1221720      25.73     276.60  1
        2013060712  1146457      25.98     276.69  1
        2013060715  1099501      26.18     276.78  1
        2013060718  1004093      26.42     276.83  1
        2013060721   967647      26.65     276.86  1
        2013060800   873210      26.93     276.98  1
        2013060803   818456      27.08     277.04  1
        2013060806   721344      27.14     277.06  1
        2013060809   647749      27.16     277.06  1
        2013060812   468209      27.41     277.20  1
        2013060815   351246      27.57     277.29  1
LPT     1.0100
        2013060915   688180       0.14      89.40  1
        2013060918  1203602      -0.34      89.49  1
        2013060921  1624470      -0.68      89.79  1
        2013061000  1684422      -0.94      90.24  1
        2013061003  1765988      -1.11      90.75  1
        2013061006  1855229      -1.27      91.13  1
        2013061009  1981485      -1.31      91.55  1
        2013061012  2040042      -1.21      91.95  1
        2013061015  2170233      -1.08      92.41  1
        2013061018  2288006      -0.90      92.89  1
        2013061021  2570338      -0.47      93.47  1
        2013061100  2746839      -0.15      93.93  1
        2013061103  3016346       0.40      94.41  1
        2013061106  3870538       3.32      94.78  1
        2013061109  4202553       3.90      95.01  1
        2013061112  4402563       3.98      95.24  1
        2013061115  4676686       4.28      95.55  1
        2013061118  6075018       5.20      98.39  1
        2013061121  7090236       6.00      99.15  1
        2013061200  8013542       6.33     100.29  1
        2013061203  8577825       6.73     100.68  1
        2013061206  8986378       7.16     101.06  1
        2013061209  9338951       7.62     100.96  1
        2013061212  9486110       7.83     101.09  1
        2013061215  9444151       7.94     101.26  1
        2013061218  9729668       8.17     101.91  1
        2013061221  9931916       8.46     102.34  1
        2013061300 10048544       8.75     103.14  1
        2013061303 10209422       9.04     103.55  1
        2013061306 10184270       9.28     103.99  1
        2013061309 10028353       9.61     104.43  1
        2013061312  9929641       9.69     105.00  1
        2013061315 10009363       9.80     105.52  1
        2013061318 10146185       9.84     106.19  1
        2013061321 10098684       9.93     106.35  1
        2013061400  9852861      10.16     106.80  1
        2013061403  9778206      10.42     107.03  1
        2013061406  9915269      10.51     107.91  1
        2013061409  9835462      10.70     108.39  1
        2013061412  9781497      10.64     109.33  1
        2013061415  9687773      10.60     110.18  1
        2013061418  9897839      10.39     111.39  1
        2013061421  9903938      10.17     112.25  1
        2013061500  9867883       9.59     114.23  1
        2013061503 10505199       8.87     116.64  1
        2013061506 10835892       8.56     118.29  1
        2013061509 10897452       8.35     119.31  1
        2013061512 10995480       8.07     120.50  1
        2013061515 11120190       7.90     121.36  1
        2013061518 11224917       7.83     121.82  1
        2013061521 11086750       7.72     122.18  1
        2013061600 10948014       7.64     122.49  1
        2013061603 10863304       7.53     122.76  1
        2013061606 10758924       7.50     123.05  1
        2013061609 10533127       7.43     123.42  1
        2013061612 10354858       7.28     124.04  1
        2013061615 10320070       7.16     124.51  1
        2013061618 10270630       7.04     124.90  1
        2013061621  9907119       6.98     125.17  1
        2013061700  9746402       6.98     125.56  1
        2013061703  9504871       6.89     126.03  1
        2013061706  9429975       6.90     126.29  1
        2013061709  9063811       6.85     126.88  1
        2013061712  8897221       6.86     127.40  1
        2013061715  8943425       6.88     128.05  1
        2013061718  9785171       6.43     130.97  1
        2013061721  9785232       6.09     132.71  1
        2013061800  8582339       5.16     139.53  1
        2013061803  8577423       5.11     140.34  1
        2013061806  8497766       5.32     140.57  1
        2013061809  8274674       5.49     140.77  1
        2013061812  8183362       5.50     141.13  1
        2013061815  8186244       5.66     141.21  1
        2013061818  7898174       5.86     141.02  1
        2013061821  7610785       5.97     141.35  1
        2013061900  7597683       6.10     141.43  1
        2013061903  7605038       6.31     141.27  1
        2013061906  7417693       6.35     141.52  1
        2013061909  7288021       6.17     142.25  1
        2013061912  4465045       1.08     153.59  1
        2013061915  4770073       0.90     154.79  1
        2013061918  4608343       0.58     155.74  1
        2013061921  4306050       0.28     157.10  1
        2013062000  4367404       0.13     158.02  1
        2013062003  4232628      -0.00     158.98  1
        2013062006  4098204      -0.14     159.21  1
        2013062009  4063951      -0.12     159.61  1
        2013062012  4222910       0.03     159.90  1
        2013062015  4334510       0.20     159.98  1
        2013062018  4061728       0.42     160.33  1
        2013062021  3927434       0.75     160.64  1
        2013062100  3519915       1.76     161.23  1
        2013062103  2999480       2.78     162.12  1
        2013062106  2796362       3.03     162.69  1
        2013062109  2659896       3.06     163.24  1
        2013062112  2748782       2.92     163.10  1
        2013062115  2973071       2.73     163.28  1
        2013062118  2943154       2.22     163.44  1
        2013062121  3093117       1.64     163.57  1
        2013062200  3035867       1.16     163.53  1
        2013062203  2944360       0.45     164.02  1
        2013062206  2735367      -0.29     164.17  1
        2013062209  2298713      -0.84     164.00  1
        2013062212   626987       3.29     155.63  1
        2013062215   546581       3.67     155.29  1
        2013062218   398492       3.89     154.93  1
        2013062221   342916       4.11     154.55  1
        2013062300   325879       4.32     154.07  1
LPT     1.0200
        2013060915   688180       0.14      89.40  1
        2013060918  1203602      -0.34      89.49  1
        2013060921  1624470      -0.68      89.79  1
        2013061000  1684422      -0.94      90.24  1
        2013061003  1765988      -1.11      90.75  1
        2013061006  1855229      -1.27      91.13  1
        2013061009  1981485      -1.31      91.55  1
        2013061012  2040042      -1.21      91.95  1
        2013061015  2170233      -1.08      92.41  1
        2013061018  2288006      -0.90      92.89  1
        2013061021  2570338      -0.47      93.47  1
        2013061100  2746839      -0.15      93.93  1
        2013061103  3016346       0.40      94.41  1
        2013061106  3870538       3.32      94.78  1
        2013061109  4202553       3.90      95.01  1
        2013061112  4402563       3.98      95.24  1
        2013061115  4676686       4.28      95.55  1
        2013061118  6075018       5.20      98.39  1
        2013061121  7090236       6.00      99.15  1
        2013061200  8013542       6.33     100.29  1
        2013061203  8577825       6.73     100.68  1
        2013061206  8986378       7.16     101.06  1
        2013061209  9338951       7.62     100.96  1
        2013061212  9486110       7.83     101.09  1
        2013061215  9444151       7.94     101.26  1
        2013061218  9729668       8.17     101.91  1
        2013061221  9931916       8.46     102.34  1
        2013061300 10048544       8.75     103.14  1
        2013061303 10209422       9.04     103.55  1
        2013061306 10184270       9.28     103.99  1
        2013061309 10028353       9.61     104.43  1
        2013061312  9929641       9.69     105.00  1
        2013061315 10009363       9.80     105.52  1
        2013061318 10146185       9.84     106.19  1
        2013061321 10098684       9.93     106.35  1
        2013061400  9852861      10.16     106.80  1
        2013061403  9778206      10.42     107.03  1
        2013061406  9915269      10.51     107.91  1
        2013061409  9835462      10.70     108.39  1
        2013061412  9781497      10.64     109.33  1
        2013061415  9687773      10.60     110.18  1
        2013061418  9897839      10.39     111.39  1
        2013061421  9903938      10.17     112.25  1
        2013061500  9867883       9.59     114.23  1
        2013061503 10505199       8.87     116.64  1
        2013061506 10835892       8.56     118.29  1
        2013061509 10897452       8.35     119.31  1
        2013061512 10995480       8.07     120.50  1
        2013061515 11120190       7.90     121.36  1
        2013061518 11224917       7.83     121.82  1
        2013061521 11086750       7.72     122.18  1
        2013061600 10948014       7.64     122.49  1
        2013061603 10863304       7.53     122.76  1
        2013061606 10758924       7.50     123.05  1
        2013061609 10533127       7.43     123.42  1
        2013061612 10354858       7.28     124.04  1
        2013061615 10320070       7.16     124.51  1
        2013061618 10270630       7.04     124.90  1
        2013061621  9907119       6.98     125.17  1
        2013061700  9746402       6.98     125.56  1
        2013061703  9504871       6.89     126.03  1
        2013061706  9429975       6.90     126.29  1
        2013061709  9063811       6.85     126.88  1
        2013061712  8897221       6.86     127.40  1
        2013061715  8943425       6.88     128.05  1
        2013061718  9785171       6.43     130.97  1
        2013061721  9785232       6.09     132.71  1
        2013061800  9685843       5.80     134.47  2
        2013061803  9678039       5.75     135.15  2
        2013061806  9584650       5.94     135.33  2
        2013061809  9319576       6.09     135.54  2
        2013061812  9185777       6.09     135.99  2
        2013061815  9183250       6.23     136.09  2
        2013061818  8909129       6.45     135.68  2
        2013061821  8616430       6.58     135.80  2
        2013061900  8597354       6.71     135.88  2
        2013061903  8633620       6.94     135.58  2
        2013061906  8511628       7.06     135.32  2
        2013061909  8407217       6.96     135.70  2
        2013061912  3860992      13.30     116.83  2
        2013061915  3946345      13.35     116.74  2
        2013061918  4105710      13.49     116.24  2
        2013061921  4247315      13.70     115.38  2
        2013062000  4456752      13.78     115.61  2
        2013062003  4614009      13.90     115.40  2
        2013062006  4841838      14.14     114.60  2
        2013062009  4841602      14.38     113.81  2
        2013062012  4818037      14.51     113.05  2
        2013062015  4762852      14.55     112.51  2
        2013062018  4730343      14.64     111.69  2
        2013062021  4739866      14.84     110.61  2
        2013062100  4798011      14.89     110.38  2
        2013062103  4908988      14.87     109.98  2
        2013062106  4973868      14.94     109.48  2
        2013062109  4850422      15.03     108.73  2
        2013062112  4752624      15.03     108.34  2
        2013062115  4791728      15.07     107.94  2
        2013062118  4965346      15.24     107.26  2
        2013062121  5067121      15.38     106.65  2
        2013062200  5125833      15.46     106.51  2
        2013062203  5236496      15.53     106.30  2
        2013062206  5299448      15.60     106.11  2
        2013062209  5447759      15.68     105.95  2
        2013062212  5455976      15.68     105.82  1
        2013062215  5556868      15.70     105.81  1
        2013062218  5684163      15.82     105.51  1
        2013062221  5718280      15.90     105.21  1
        2013062300  5685206      15.95     105.16  1
        2013062303  5711446      16.08     104.70  1
        2013062306  5752457      16.26     104.38  1
        2013062309  5710471      16.41     104.08  1
        2013062312  5586639      16.44     103.97  1
        2013062315  5544363      16.51     103.96  1
        2013062318  5625470      16.79     103.56  1
        2013062321  5663910      17.09     102.87  1
        2013062400  5543682      17.24     102.60  1
        2013062403  5434401      17.50     101.96  1
        2013062406  5253838      17.79     101.28  1
        2013062409  5050652      18.03     100.05  1
        2013062412  4856094      18.09      99.29  1
        2013062415  4720363      18.18      98.43  1
        2013062418  4591894      18.33      97.27  1
        2013062421  4103085      18.39      95.30  1
        2013062500  3627041      18.45      94.18  1
        2013062503  3383282      18.56      93.28  1
        2013062506  3251737      18.89      92.25  1
        2013062509  3211215      19.17      91.72  1
        2013062512  2963508      19.46      91.00  1
        2013062515  2784797      19.58      90.44  1
        2013062518  2668124      19.78      89.79  1
        2013062521  2456874      19.97      88.92  1
        2013062600  1313156      21.33      83.14  1
        2013062603  1114577      21.63      82.27  1
        2013062606  1099558      21.90      82.02  1
        2013062609  1236721      22.18      82.14  1
        2013062612  1126677      22.36      81.57  1
        2013062615  1001440      22.41      81.16  1
        2013062618   953623      22.62      80.92  1
        2013062621   930517      22.66      80.71  1
        2013062700   794331      22.81      80.40  1
        2013062703   732580      22.92      80.33  1
        2013062706   678370      23.10      80.27  1
        2013062709   677743      23.23      80.33  1
        2013062712   572423      23.47      80.18  1
        2013062715   425064      23.71      80.19  1
LPT     2.0100
        2013062118   361513      12.85     265.36  1
        2013062121   665727      12.81     264.88  1
        2013062200   797399      12.82     264.52  1
        2013062203   923099      12.81     264.10  1
        2013062206  1009350      12.88     263.85  1
        2013062209  1185378      12.88     263.54  1
        2013062212  1131079      12.92     263.43  1
        2013062215  1187512      12.76     263.02  1
        2013062218  1279406      12.60     262.46  1
        2013062221  1435511      12.43     261.91  1
        2013062300  1461922      12.29     261.53  1
        2013062303  1601865      12.09     261.04  1
        2013062306  1773291      11.83     260.41  1
        2013062309  1891831      11.72     259.97  1
        2013062312  1883029      11.68     259.70  1
        2013062315  2008003      11.63     259.49  1
        2013062318  2166879      11.59     259.38  1
        2013062321  2299884      11.58     259.18  1
        2013062400  2322369      11.60     259.11  1
        2013062403  2362545      11.58     259.04  1
        2013062406  2426996      11.54     258.76  1
        2013062409  2544519      11.56     258.36  1
        2013062412  2502186      11.56     257.97  1
        2013062415  2603004      11.59     257.58  1
        2013062418  2690735      11.63     257.14  1
        2013062421  2754617      11.72     256.85  1
        2013062500  2767527      11.78     256.51  1
        2013062503  2806042      11.85     256.28  1
        2013062506  2890463      11.91     255.88  1
        2013062509  3029175      11.97     255.62  1
        2013062512  3068745      12.07     255.37  1
        2013062515  3135077      12.13     255.21  1
        2013062518  3223824      12.20     254.99  1
        2013062521  3265080      12.32     254.75  1
        2013062600  3271328      12.43     254.51  1
        2013062603  3291308      12.51     254.27  1
        2013062606  3275741      12.55     254.01  1
        2013062609  3284447      12.64     253.81  1
        2013062612  3243594      12.67     253.55  1
        2013062615  3255846      12.65     253.52  1
        2013062618  3215546      12.69     253.38  1
        2013062621  3149437      12.75     253.27  1
        2013062700  3047823      12.83     253.23  1
        2013062703  3017237      12.81     253.11  1
        2013062706  2993179      12.81     252.99  1
        2013062709  2973908      12.79     252.91  1
        2013062712  2845024      12.77     252.75  1
        2013062715  2773682      12.71     252.83  1
        2013062718  2652929      12.63     252.80  1
        2013062721  2518391      12.56     252.98  1
        2013062800  2308961      12.52     253.17  1
        2013062803  2187810      12.43     253.46  1
        2013062806  2153594      12.30     253.81  1
        2013062809  2114679      12.09     254.54  1
        2013062812  1956174      11.91     255.10  1
        2013062815  1943193      11.72     255.56  1
        2013062818  1911917      11.55     256.06  1
        2013062821  1849636      11.37     256.75  1
        2013062900  1781116      11.20     257.24  1
        2013062903  1767513      11.07     257.62  1
        2013062906  1800114      10.94     258.11  1
        2013062909  1818778      10.87     258.48  1
        2013062912  1776129      10.79     258.77  1
        2013062915  1812087      10.74     259.10  1
        2013062918  1769844      10.72     259.30  1
        2013062921  1725153      10.72     259.53  1
        2013063000  1664564      10.72     259.71  1
        2013063003  1646260      10.74     259.93  1
        2013063006  1589220      10.78     260.45  1
        2013063009  2274527       8.73     268.21  1
        2013063012  2274816       8.66     268.99  1
        2013063015  1558073      10.96     262.30  1
        2013063018  1345683      11.17     261.85  1
        2013063021  1205774      11.31     262.13  1
        2013070100  1076748      11.40     262.49  1
        2013070103   992490      11.48     262.96  1
        2013070106   978802      11.51     264.20  1
        2013070109   760838      11.52     265.96  1
        2013070112   336367      11.33     270.08  1
LPT     3.0100
        2013062703   398810       4.73     132.11  1
        2013062706   739932       4.49     131.89  1
        2013062709   964035       4.31     131.82  1
        2013062712  1235871       4.09     131.71  1
        2013062715  1655701       3.64     131.81  1
        2013062718  2021712       3.53     131.76  1
        2013062721  2264917       3.25     131.93  1
        2013062800  2489612       3.04     132.08  1
        2013062803  2592532       3.02     131.98  1
        2013062806  2682357       3.02     132.00  1
        2013062809  2728576       2.97     131.95  1
        2013062812  2838518       2.93     131.91  1
        2013062815  2986877       2.87     131.97  1
        2013062818  3190090       2.93     131.86  1
        2013062821  3301450       2.86     131.85  1
        2013062900  3408726       2.88     131.72  1
        2013062903  3529150       2.88     131.48  1
        2013062906  3637016       2.94     131.22  1
        2013062909  3650147       2.91     130.98  1
        2013062912  3706867       2.94     130.77  1
        2013062915  3885715       2.96     130.71  1
        2013062918  4065302       2.95     130.63  1
        2013062921  4240851       2.99     130.56  1
        2013063000  4417145       3.06     130.40  1
        2013063003  4539261       3.18     130.17  1
        2013063006  4720760       3.23     130.13  1
        2013063009  4778078       3.27     130.04  1
        2013063012  4967179       3.31     130.12  1
        2013063015  5084068       3.25     130.04  1
        2013063018  5119227       3.41     129.71  1
        2013063021  5061490       3.34     129.58  1
        2013070100  5034590       3.36     129.34  1
        2013070103  4966555       3.35     128.89  1
        2013070106  4863458       3.40     128.70  1
        2013070109  4769368       3.32     128.56  1
        2013070112  4684639       3.23     128.40  1
        2013070115  4573481       3.04     128.19  1
        2013070118  4392191       2.90     127.77  1
        2013070121  4156804       2.62     127.51  1
        2013070200  3864414       2.31     127.32  1
        2013070203  3401025       1.71     127.33  1
        2013070206  2636180      -0.08     128.69  1
        2013070209  2390199      -0.33     128.36  1
        2013070212  2225127      -0.44     128.03  1
        2013070215  2108640      -0.50     127.56  1
        2013070218  1821547      -0.85     125.88  1
        2013070221  1668679      -1.08     124.96  1
        2013070300  3940974      -2.42     108.71  1
        2013070303  5422923       2.08     103.76  1
        2013070306  5710783       2.54     102.68  1
        2013070309  5991843       2.62     102.17  1
        2013070312  6154824       2.46     101.99  1
        2013070315  6316099       2.32     101.52  1
        2013070318  6432622       2.37     100.69  1
        2013070321  6532902       2.41     100.06  1
        2013070400  6435175       2.61      99.36  1
        2013070403  6412926       2.68      98.97  1
        2013070406  6394112       2.71      98.82  1
        2013070409  6567754       2.75      98.82  1
        2013070412  6523382       2.65      98.96  1
        2013070415  6565306       2.57      99.07  1
        2013070418  6796175       2.49      99.24  1
        2013070421  6896877       2.34      99.36  1
        2013070500  6817620       2.33      99.39  1
        2013070503  6876528       2.25      99.42  1
        2013070506  6907549       2.28      99.54  1
        2013070509  7083229       2.24      99.72  1
        2013070512  7004691       1.94     100.00  1
        2013070515  6976755       1.69     100.30  1
        2013070518  7086963       1.58     100.76  1
        2013070521  6745647       1.23     101.03  1
        2013070600  6560030       1.06     101.46  1
        2013070603  6416012       0.92     101.68  1
        2013070606  6277579       0.83     102.07  1
        2013070609  5961407       0.48     102.67  1
        2013070612  5630409       0.30     103.21  1
        2013070615  5367764       0.10     103.61  1
        2013070618  5319924       0.31     104.22  1
        2013070621  5152160       0.23     104.58  1
        2013070700  4627486      -0.73     106.19  1
        2013070703  4442868      -1.06     106.67  1
        2013070706  4398902      -0.99     107.36  1
        2013070709  4309573      -0.87     107.71  1
        2013070712  4022939      -1.00     108.50  1
        2013070715  3758233      -1.12     108.93  1
        2013070718  2172478       2.27     115.29  1
        2013070721  1755374       1.86     116.81  1
        2013070800  1486388       1.64     118.02  1
        2013070803  1327521       1.55     118.52  1
        2013070806  1229573       1.39     119.08  1
        2013070809  1150915       1.29     119.25  1
        2013070812  1063010       1.14     119.58  1
        2013070815   995935       0.98     119.94  1
        2013070818   931938       0.80     120.24  1
        2013070821   775323       0.53     120.66  1
        2013070900   698151       0.43     120.81  1
        2013070903   544538       0.32     121.04  1
        2013070906   419456       0.24     121.24  1
LPT     3.0200
        2013062721   281028      24.58      93.54  1
        2013062800   308884      24.39      93.46  1
        2013062803   534187      23.82      93.21  1
        2013062806   688663      23.58      92.96  1
        2013062809   825942      23.57      92.56  1
        2013062812   876479      23.51      92.61  1
        2013062815   846377      23.23      92.81  1
        2013062818   928411      22.83      92.85  1
        2013062821  1095140      22.60      92.62  1
        2013062900  1148606      22.23      92.59  1
        2013062903  1318452      21.75      92.54  1
        2013062906  1513846      21.39      92.38  1
        2013062909  1616843      21.35      92.16  1
        2013062912  1576731      21.28      92.10  1
        2013062915  1564306      21.17      92.01  1
        2013062918  1678492      21.17      91.78  1
        2013062921  1692964      20.97      91.67  1
        2013063000  1641673      20.72      91.61  1
        2013063003  1642665      20.50      91.51  1
        2013063006  1641007      20.39      91.33  1
        2013063009  1651599      20.28      91.26  1
        2013063012  1601453      20.09      91.26  1
        2013063015  1541911      19.97      91.20  1
        2013063018  1509580      19.87      91.24  1
        2013063021  1482822      19.71      91.30  1
        2013070100  1374223      19.44      91.33  1
        2013070103  1354335      19.30      91.29  1
        2013070106  1304855      19.12      91.26  1
        2013070109  1329173      18.90      91.28  1
        2013070112  1295880      18.69      91.36  1
        2013070115  1271541      18.53      91.34  1
        2013070118  1317901      18.39      91.37  1
        2013070121  1308454      18.29      91.40  1
        2013070200  1274058      18.09      91.44  1
        2013070203  1253456      18.00      91.38  1
        2013070206  1180557      18.05      91.29  1
        2013070209  1111889      18.14      91.31  1
        2013070212  1030344      18.05      91.46  1
        2013070215  1004209      17.87      91.61  1
        2013070218  1119719      17.46      91.98  1
        2013070221  1073238      16.97      92.28  1
        2013070300  1094111      16.53      92.55  1
        2013070303  5422923       2.08     103.76  1
        2013070306  5710783       2.54     102.68  1
        2013070309  5991843       2.62     102.17  1
        2013070312  6154824       2.46     101.99  1
        2013070315  6316099       2.32     101.52  1
        2013070318  6432622       2.37     100.69  1
        2013070321  6532902       2.41     100.06  1
        2013070400  6435175       2.61      99.36  1
        2013070403  6412926       2.68      98.97  1
        2013070406  6394112       2.71      98.82  1
        2013070409  6567754       2.75      98.82  1
        2013070412  6523382       2.65      98.96  1
        2013070415  6565306       2.57      99.07  1
        2013070418  6796175       2.49      99.24  1
        2013070421  6896877       2.34      99.36  1
        2013070500  6817620       2.33      99.39  1
        2013070503  6876528       2.25      99.42  1
        2013070506  6907549       2.28      99.54  1
        2013070509  7083229       2.24      99.72  1
        2013070512  7004691       1.94     100.00  1
        2013070515  6976755       1.69     100.30  1
        2013070518  7086963       1.58     100.76  1
        2013070521  6745647       1.23     101.03  1
        2013070600  6560030       1.06     101.46  1
        2013070603  6416012       0.92     101.68  1
        2013070606  6277579       0.83     102.07  1
        2013070609  5961407       0.48     102.67  1
        2013070612  5630409       0.30     103.21  1
        2013070615  5367764       0.10     103.61  1
        2013070618  5319924       0.31     104.22  1
        2013070621  5152160       0.23     104.58  1
        2013070700  4627486      -0.73     106.19  1
        2013070703  4442868      -1.06     106.67  1
        2013070706  4398902      -0.99     107.36  1
        2013070709  4309573      -0.87     107.71  1
        2013070712  4022939      -1.00     108.50  1
        2013070715  3758233      -1.12     108.93  1
        2013070718  2172478       2.27     115.29  1
        2013070721  1755374       1.86     116.81  1
        2013070800  1486388       1.64     118.02  1
        2013070803  1327521       1.55     118.52  1
        2013070806  1229573       1.39     119.08  1
        2013070809  1150915       1.29     119.25  1
        2013070812  1063010       1.14     119.58  1
        2013070815   995935       0.98     119.94  1
        2013070818   931938       0.80     120.24  1
        2013070821   775323       0.53     120.66  1
        2013070900   698151       0.43     120.81  1
        2013070903   544538       0.32     121.04  1
        2013070906   419456       0.24     121.24  1
LPT     4.0100
        2013070909   457791      -2.13     152.18  1
        2013070912   674747      -1.86     151.29  1
        2013070915  1009837      -1.56     149.83  1
        2013070918  1351774      -1.39     148.64  1
        2013070921  1435185      -1.26     147.97  1
        2013071000  1496220      -1.15     147.13  1
        2013071003  1639737      -1.07     146.60  1
        2013071006  1718436      -1.05     146.15  1
        2013071009  1800959      -1.03     146.02  1
        2013071012  1887348      -1.00     145.95  1
        2013071015  2066177      -1.04     146.16  1
        2013071018  2112380      -1.04     146.34  1
        2013071021  1999758      -1.00     146.34  1
        2013071100  2066750      -0.98     146.77  1
        2013071103  2129907      -0.99     147.12  1
        2013071106  2132186      -1.01     147.33  1
        2013071109  2205323      -1.01     147.78  1
        2013071112  2350012      -1.06     148.43  1
        2013071115  2622291      -1.20     149.23  1
        2013071118  2616575      -1.21     149.63  1
        2013071121  2611381      -1.44     150.17  1
        2013071200  2642429      -1.70     150.49  1
        2013071203  2600258      -2.09     150.77  1
        2013071206  2574323      -2.42     151.09  1
        2013071209  2612953      -2.71     151.48  1
        2013071212  2688289      -3.04     151.96  1
        2013071215  2807148      -3.44     152.61  1
        2013071218  2560561      -4.18     154.25  1
        2013071221  2267974      -4.96     155.85  1
        2013071300  2224245      -5.45     156.91  1
        2013071303  2314499      -5.96     158.40  1
        2013071306  2513694      -6.55     160.70  1
        2013071309  2657744      -6.85     162.07  1
        2013071312  2835648      -7.20     163.43  1
        2013071315  3080808      -7.57     164.83  1
        2013071318  3062941      -7.95     165.83  1
        2013071321  2999024      -8.24     166.49  1
        2013071400  3162044      -8.62     167.38  1
        2013071403  3154051      -8.85     167.90  1
        2013071406  3232037      -9.06     168.48  1
        2013071409  3265400      -9.22     168.86  1
        2013071412  3388184      -9.48     169.46  1
        2013071415  3575166      -9.58     169.64  1
        2013071418  3518514      -9.94     170.40  1
        2013071421  4000541     -12.01     173.15  1
        2013071500  4029678     -12.51     173.67  1
        2013071503  4112883     -13.04     174.18  1
        2013071506  4100265     -13.48     174.69  1
        2013071509  4079156     -13.77     174.92  1
        2013071512  4084416     -13.96     174.93  1
        2013071515  2347610      -8.01     162.98  1
        2013071518  2103713      -7.75     161.89  1
        2013071521  2081315      -7.63     161.25  1
        2013071600  2050625      -7.47     160.55  1
        2013071603  1967991      -7.30     159.70  1
        2013071606  1984631      -7.16     159.11  1
        2013071609  2063477      -7.29     159.01  1
        2013071612  2190489      -7.55     159.10  1
        2013071615  2333251      -7.67     159.15  1
        2013071618  2395507      -7.85     159.26  1
        2013071621  2498764      -8.17     159.65  1
        2013071700  2659244      -8.53     160.07  1
        2013071703  2719206      -8.76     160.45  1
        2013071706  2805374      -9.03     160.90  1
        2013071709  2901771      -9.22     161.35  1
        2013071712  3117410      -9.47     162.03  1
        2013071715  3303756      -9.64     162.54  1
        2013071718  3190845      -9.96     162.99  1
        2013071721  3198727     -10.16     163.35  1
        2013071800  3254268     -10.20     163.60  1
        2013071803  3248421     -10.25     163.75  1
        2013071806  3071211     -10.69     164.42  1
        2013071809  2901730     -11.13     165.17  1
        2013071812  2718495     -11.69     166.26  1
        2013071815  2458854     -12.24     167.18  1
        2013071818  2235993     -12.51     167.61  1
        2013071821  2104152     -12.71     167.81  1
        2013071900  1839386     -12.83     167.92  1
        2013071903  1644936     -12.91     168.19  1
        2013071906  1580997     -13.15     169.11  1
        2013071909  1456793     -13.44     169.71  1
        2013071912  1204557     -13.61     170.41  1
        2013071915   905038     -13.87     171.58  1
        2013071918   744470     -14.59     172.84  1
        2013071921   664629     -15.27     173.82  1
        2013072000   515706     -15.84     174.70  1
        2013072003   496080     -16.54     175.73  1
        2013072006   724919     -17.60     176.88  1
        2013072009   966034     -18.40     177.73  1
        2013072012  1153273     -18.73     178.54  1
        2013072015  1236835     -19.17     179.60  1
        2013072018  1273002     -19.76     180.24  1
        2013072021  1408295     -20.21     180.91  1
        2013072100  1467500     -20.60     181.46  1
        2013072103  1564615     -21.05     182.14  1
        2013072106  1648776     -21.42     182.48  1
        2013072109  1710015     -21.76     182.82  1
        2013072112  1818306     -22.02     183.36  1
        2013072115  1808170     -22.42     183.70  1
        2013072118  1866000     -22.66     184.13  1
        2013072121  1999401     -22.72     184.69  1
        2013072200  2043681     -22.80     185.08  1
        2013072203  2154872     -22.77     185.54  1
        2013072206  2229663     -22.75     186.08  1
        2013072209  2334049     -22.61     186.77  1
        2013072212  2627910     -22.13     187.84  1
        2013072215  2851286     -21.89     188.51  1
        2013072218  3026929     -21.69     189.18  1
        2013072221  3230574     -21.51     189.90  1
        2013072300  3364806     -21.42     190.49  1
        2013072303  3440724     -21.37     190.84  1
        2013072306  3437823     -21.27     191.37  1
        2013072309  3442906     -21.22     192.00  1
        2013072312  3435061     -21.17     192.54  1
        2013072315  3357288     -21.17     193.01  1
        2013072318  3222437     -21.11     193.53  1
        2013072321  3142569     -20.99     194.00  1
        2013072400  3019892     -20.83     194.61  1
        2013072403  2927623     -20.70     195.03  1
        2013072406  2758238     -20.47     195.51  1
        2013072409  2680383     -20.28     195.87  1
        2013072412  2590401     -20.20     196.14  1
        2013072415  2407608     -20.14     196.38  1
        2013072418  2311433     -20.07     196.55  1
        2013072421  2140818     -20.09     196.64  1
        2013072500  1921827     -20.17     196.72  1
        2013072503  1804837     -20.12     196.81  1
        2013072506  1645600     -20.15     196.86  1
        2013072509  1442484     -20.08     196.84  1
        2013072512  1279240     -20.05     196.91  1
        2013072515  1032507     -20.04     197.08  1
        2013072518   814541     -19.88     197.32  1
        2013072521   553986     -19.70     197.59  1
LPT     5.0100
        2013071303   337279      -4.67     100.94  1
        2013071306   716688      -4.71     101.15  1
        2013071309  1043506      -4.79     101.19  1
        2013071312  1214907      -4.83     101.32  1
        2013071315  1450228      -4.78     101.66  1
        2013071318  1742555      -4.65     102.12  1
        2013071321  2026430      -4.48     102.57  1
        2013071400  2173526      -4.32     102.92  1
        2013071403  2360851      -4.04     103.29  1
        2013071406  2475281      -3.73     103.54  1
        2013071409  2582844      -3.36     103.60  1
        2013071412  2741881      -2.93     103.90  1
        2013071415  2989345      -2.35     104.37  1
        2013071418  3358078      -1.63     105.05  1
        2013071421  3579504      -1.12     105.75  1
        2013071500  3875733      -0.42     106.57  1
        2013071503  4208330       0.20     107.24  1
        2013071506  5752684       3.78     105.04  1
        2013071509  6323799       4.59     104.85  1
        2013071512  6593274       5.05     105.12  1
        2013071515  6971874       5.51     105.41  1
        2013071518  8929834       6.96     109.90  1
        2013071521  9078859       7.46     109.61  1
        2013071600  9212465       7.86     109.69  1
        2013071603  9161799       8.35     109.63  1
        2013071606  9131220       8.74     109.54  1
        2013071609  9292761       9.12     109.22  1
        2013071612  9259141       9.12     109.33  1
        2013071615  9370063       9.08     109.44  1
        2013071618  9612621       9.09     109.75  1
        2013071621  9690947       9.29     109.57  1
        2013071700  9536784       9.27     109.93  1
        2013071703  9371507       9.17     110.13  1
        2013071706  9140807       9.02     110.55  1
        2013071709  8896591       8.80     110.88  1
        2013071712  8721934       8.58     111.26  1
        2013071715  8622451       8.41     111.60  1
        2013071718  8466543       8.26     112.02  1
        2013071721  8138065       8.17     112.28  1
        2013071800  7998578       8.06     112.62  1
        2013071803  7912617       8.02     113.06  1
        2013071806  7782517       7.92     113.73  1
        2013071809  7282589       7.68     114.85  1
        2013071812  6808428       7.19     116.75  2
        2013071815  6850775       6.86     118.00  2
        2013071818  7155951       6.65     118.63  2
        2013071821  7155847       6.35     119.17  2
        2013071900  7455066       6.26     119.31  1
        2013071903  7559516       6.00     119.87  1
        2013071906  7700935       5.99     120.15  1
        2013071909  7627729       5.87     120.61  1
        2013071912  7589397       5.63     121.45  1
        2013071915  7968552       5.72     121.55  1
        2013071918  8310569       5.89     121.45  1
        2013071921  8448703       5.95     121.29  1
        2013072000  8579581       5.88     121.48  1
        2013072003  8810894       5.95     121.23  1
        2013072006  9124572       6.15     121.32  1
        2013072009  9299498       6.18     121.39  1
        2013072012  9575956       6.01     122.22  1
        2013072015  9812563       5.86     122.92  1
        2013072018  9911700       5.88     122.93  1
        2013072021 11762541       7.50     117.00  1
        2013072100 11973078       7.57     116.74  1
        2013072103 11914959       7.85     116.12  1
        2013072106 11823348       8.03     115.64  1
        2013072109 11696690       8.27     115.01  1
        2013072112 11532127       8.22     115.04  1
        2013072115 11369522       8.21     114.97  1
        2013072118 11066711       8.43     114.29  1
        2013072121 10616695       8.64     113.86  2
        2013072200 10599487       8.57     114.46  2
        2013072203 10746075       8.39     115.53  2
        2013072206 10665190       8.34     116.43  2
        2013072209 10839078       8.38     116.99  2
        2013072212 11056195       8.13     118.78  2
        2013072215 11269503       8.12     119.76  2
        2013072218 11165186       8.12     120.51  2
        2013072221 11243208       8.37     120.31  2
        2013072300 11294411       8.52     120.67  2
        2013072303 11322663       8.88     120.47  2
        2013072306 11266976       9.29     120.14  2
        2013072309 11347495       9.70     119.34  2
        2013072312 11474808       9.86     119.44  2
        2013072315 11501211      10.05     119.33  2
        2013072318 11743940      10.15     119.09  2
        2013072321 11865300      10.41     118.57  2
        2013072400 12078931      10.59     118.46  2
        2013072403 11995373      10.93     117.85  2
        2013072406 11853916      11.18     117.49  3
        2013072409 11831591      11.45     116.98  2
        2013072412 11901783      11.43     117.21  2
        2013072415 11901354      11.44     117.37  2
        2013072418 11932509      11.30     117.68  2
        2013072421 11789322      11.43     117.41  2
        2013072500 11577702      11.50     117.01  2
        2013072503 11303621      11.69     116.18  2
        2013072506 10827339      12.24     114.42  2
        2013072509 10450722      12.69     112.81  2
        2013072512  9654292      13.21     110.38  2
        2013072515  8969554      13.77     107.75  2
        2013072518  8910425      13.57     108.43  2
        2013072521  8891569      13.68     108.28  2
        2013072600  8681060      13.48     109.24  2
        2013072603  8610850      13.40     109.59  2
        2013072606  8605859      13.26     110.15  2
        2013072609  8680756      13.19     110.46  2
        2013072612  8779507      12.82     111.86  2
        2013072615  8973206      12.38     113.22  2
        2013072618  9265826      12.15     114.28  2
        2013072621  9382330      12.17     114.65  2
        2013072700  9410464      12.00     115.49  2
        2013072703  9456271      11.93     115.90  2
        2013072706  9523278      11.93     116.15  2
        2013072709  9488328      11.87     116.40  2
        2013072712  9564462      11.73     116.95  2
        2013072715  9645136      11.65     117.26  2
        2013072718  9940959      11.70     117.42  2
        2013072721 10159599      11.98     116.85  2
        2013072800 10246880      11.91     117.08  2
        2013072803 10420327      11.92     117.11  2
        2013072806 10506291      11.92     117.20  2
        2013072809 10523826      11.83     117.49  2
        2013072812 10646823      11.49     118.42  2
        2013072815 10683379      11.27     119.02  2
        2013072818 10898788      11.20     119.21  2
        2013072821 11021749      11.17     119.18  2
        2013072900 11175728      11.24     119.02  1
        2013072903 11411355      11.17     119.08  1
        2013072906 11486264      11.07     119.24  1
        2013072909 11541634      10.99     119.35  1
        2013072912 11531922      10.80     119.61  1
        2013072915 11467117      10.65     119.68  1
        2013072918 11582496      10.66     119.28  1
        2013072921 11504867      10.64     118.87  1
        2013073000 11491864      10.48     118.90  1
        2013073003 11425361      10.46     118.62  1
        2013073006 11362712      10.37     118.51  1
        2013073009 11302153      10.33     118.39  1
        2013073012 11333706      10.33     118.25  1
        2013073015 11467209      10.38     118.19  1
        2013073018 11780991      10.51     117.96  1
        2013073021 11718526      10.53     117.80  1
        2013073100 11764753      10.50     117.83  1
        2013073103 11851941      10.57     117.80  1
        2013073106 11901645      10.64     117.59  1
        2013073109 11972192      10.74     117.28  1
        2013073112 12025600      10.72     117.27  1
        2013073115 12062093      10.77     117.16  1
        2013073118 12400114      10.91     116.69  1
        2013073121 12444050      11.07     116.14  1
        2013080100 12546120      11.09     115.91  1
        2013080103 12604237      11.11     115.75  1
        2013080106 12597502      11.14     115.64  1
        2013080109 12562195      11.20     115.31  1
        2013080112 12458881      11.18     115.23  1
        2013080115 12489810      11.16     115.11  1
        2013080118 12706315      11.04     115.05  1
        2013080121 11208283       9.67     119.44  1
        2013080200 11080998       9.50     119.69  1
        2013080203 11039857       9.41     119.62  1
        2013080206 11030998       9.35     119.54  1
        2013080209 10899673       9.33     119.22  1
        2013080212 10807443       9.13     119.45  1
        2013080215 10721416       8.99     119.50  1
        2013080218 10749092       8.79     119.44  1
        2013080221 10361924       8.59     119.37  1
        2013080300 10315817       8.58     119.23  1
        2013080303 10148484       8.58     119.10  1
        2013080306 10187555       8.71     118.60  1
        2013080309 10019482       8.86     118.10  1
        2013080312 10001455       8.92     117.89  1
        2013080315 10129542       8.97     117.75  1
        2013080318 10366609       9.19     116.81  1
        2013080321 10050075       9.22     116.26  1
        2013080400  9923263       9.28     115.85  1
        2013080403  9434521       9.46     115.13  1
        2013080406  9188502       9.62     114.03  1
        2013080409  8666991       9.72     113.00  1
        2013080412  8258232       9.59     112.71  2
        2013080415  8274298       9.48     112.60  2
        2013080418  8026660       9.54     112.09  2
        2013080421  7621451       9.70     111.32  2
        2013080500  7549353       9.72     110.93  2
        2013080503  7580499       9.74     110.38  2
        2013080506  7569348       9.76     109.76  2
        2013080509  7582821       9.66     109.09  2
        2013080512  7474824       9.49     108.93  2
        2013080515  7476181       9.28     108.60  2
        2013080518  7753512       9.15     108.18  2
        2013080521  8961850       8.85     102.76  2
        2013080600  8587582       8.89     102.91  2
        2013080603  7017565       8.87     107.78  2
        2013080606  6915708       8.63     107.76  2
        2013080609  6701255       8.36     107.47  2
        2013080612  6359314       7.73     108.00  2
        2013080615  5929543       6.41     108.75  2
        2013080618  5756361       5.41     109.13  2
        2013080621  5012239       3.80     110.11  2
        2013080700  4911051       3.56     109.91  2
        2013080703  4967795       3.39     109.38  2
        2013080706  5126374       3.10     108.88  2
        2013080709  5081468       2.75     108.14  2
        2013080712  5074241       2.53     107.96  2
        2013080715  5110995       2.37     107.67  2
        2013080718  3865411      -0.76     104.39  2
        2013080721  3729859      -1.11     102.79  2
        2013080800  3756897      -0.96     103.56  2
        2013080803  4016179      -0.41     105.67  2
        2013080806  4293314       0.07     107.87  2
        2013080809  4481911       0.23     108.81  2
        2013080812  4901181       0.70     111.50  2
        2013080815  5482860       1.14     114.23  2
        2013080818  6154574       1.29     115.42  2
        2013080821  6287064       1.06     115.66  2
        2013080900  6505347       1.07     116.72  2
        2013080903  6804539       1.04     117.57  2
        2013080906  7123352       1.11     118.21  2
        2013080909  7254009       1.19     119.06  2
        2013080912  7404415       1.27     120.01  2
        2013080915  7871616       1.37     121.35  2
        2013080918  8365568       1.60     121.75  2
        2013080921  8248433       1.69     122.38  2
        2013081000  8328894       2.07     123.21  2
        2013081003  8730766       2.38     122.74  2
        2013081006  8999187       2.79     122.14  2
        2013081009  9285083       3.24     121.41  2
        2013081012  9397313       3.66     121.37  2
        2013081015 10238418       4.94     119.60  2
        2013081018 10769122       5.38     118.73  2
        2013081021 10842089       5.56     118.20  2
        2013081100 10930323       5.68     118.13  2
        2013081103 11206824       5.72     117.60  2
        2013081106 11444788       5.88     116.96  2
        2013081109 11447076       5.94     116.58  2
        2013081112  9208895       8.32     122.08  2
        2013081115  9022939       8.40     121.79  2
        2013081118  9228381       8.82     120.18  1
        2013081121  7001064       7.46     126.88  1
        2013081200  6839434       7.66     126.57  1
        2013081203  6597689       8.13     125.75  1
        2013081206  6344653       8.61     124.92  1
        2013081209  6149742       8.95     124.50  1
        2013081212  6032542       9.23     124.31  1
        2013081215  6052322       9.52     124.02  1
        2013081218  5840741      10.04     123.35  1
        2013081221  5608261      10.38     123.01  1
        2013081300  5647972      10.57     122.60  1
        2013081303  5746627      10.86     122.02  1
        2013081306  5738861      11.18     121.41  1
        2013081309  5697317      11.45     120.75  1
        2013081312  5552653      11.59     120.45  1
        2013081315  5629323      11.75     119.48  1
        2013081318  5371081      12.07     118.89  1
        2013081321  4380016      13.01     118.99  1
        2013081400  4087059      13.57     118.41  1
        2013081403  3789301      14.10     118.12  1
        2013081406  3589985      14.62     117.93  1
        2013081409  3365098      15.04     117.92  1
        2013081412  3194134      15.39     117.81  1
        2013081415  3041942      15.81     117.64  1
        2013081418  2823816      16.33     117.24  1
        2013081421  2578424      16.86     116.98  1
        2013081500  2441130      17.30     116.83  1
        2013081503  2328348      17.81     116.61  1
        2013081506  2188704      18.38     116.39  1
        2013081509  2138255      18.93     116.24  1
        2013081512  2018080      19.30     116.21  1
        2013081515  1918400      19.69     116.11  1
        2013081518  1864719      20.13     115.90  1
        2013081521  1791445      20.47     115.84  1
        2013081600  1820380      20.72     115.77  1
        2013081603  1773904      20.94     115.72  1
        2013081606  1742095      21.21     115.76  1
        2013081609  1700154      21.43     115.78  1
        2013081612  1607413      21.58     115.76  1
        2013081615  1548416      21.73     115.72  1
        2013081618  1507599      21.87     115.81  1
        2013081621  1391180      21.99     115.92  1
        2013081700  1443080      21.96     116.46  1
        2013081703  2497060      20.37     124.33  1
        2013081706  2875274      19.98     125.82  1
        2013081709  3022233      19.67     126.74  1
        2013081712  3213023      19.40     127.44  1
        2013081715  3533210      19.23     127.84  1
        2013081718  3873935      18.89     128.41  1
        2013081721  4060735      18.70     129.00  1
        2013081800  4292209      18.58     129.21  1
        2013081803  4588740      18.37     129.67  1
        2013081806  4816340      18.17     129.74  1
        2013081809  4868861      17.98     130.00  1
        2013081812  4848539      17.62     130.60  1
        2013081815  4985759      17.53     130.80  1
        2013081818  5126639      17.37     131.11  1
        2013081821  4731767      16.90     132.70  1
        2013081900  4809362      16.94     132.70  1
        2013081903  4832194      17.04     132.89  1
        2013081906  4917848      17.14     132.81  1
        2013081909  4844739      17.19     132.85  1
        2013081912  4871504      17.29     132.90  1
        2013081915  4878791      17.38     132.85  1
        2013081918  4862425      17.51     132.73  1
        2013081921  4764471      17.67     132.60  1
        2013082000  4825990      17.80     132.31  1
        2013082003  4803195      17.98     132.14  1
        2013082006  4847151      18.13     132.02  1
        2013082009  4805387      18.23     131.85  1
        2013082012  4834810      18.28     131.70  1
        2013082015  4886982      18.37     131.46  1
        2013082018  4942005      18.33     131.27  1
        2013082021  4911596      18.39     131.03  1
        2013082100  4958669      18.40     130.77  1
        2013082103  5122071      18.36     130.48  1
        2013082106  5198288      18.41     130.09  1
        2013082109  5232722      18.47     129.98  1
        2013082112  5397069      18.35     130.06  1
        2013082115  5631239      18.02     130.44  1
        2013082118  5848646      17.68     130.80  1
        2013082121  6073611      17.18     131.22  1
        2013082200  6489830      16.37     131.96  1
        2013082203  6795792      15.74     132.51  1
        2013082206  7106977      15.14     132.70  1
        2013082209  7189002      14.75     132.87  1
        2013082212  7431519      14.25     133.07  1
        2013082215  7598655      13.82     133.10  1
        2013082218  7846124      13.38     133.22  1
        2013082221  7894688      13.14     133.21  1
        2013082300  8028095      12.88     133.31  1
        2013082303  8086095      12.61     133.54  1
        2013082306  8175079      12.30     133.67  1
        2013082309  8164123      12.09     133.72  1
        2013082312  8181400      11.89     133.82  1
        2013082315  8066973      11.56     133.99  1
        2013082318  7928286      11.09     134.17  1
        2013082321  7641910      10.71     134.33  1
        2013082400  5809856       6.67     138.88  1
        2013082403  5796736       6.57     138.82  1
        2013082406  5732287       6.46     138.69  1
        2013082409  5668714       6.44     138.52  1
        2013082412  5613079       6.55     138.20  1
        2013082415  5482674       6.73     137.89  1
        2013082418  5517777       7.07     137.17  1
        2013082421  5388178       7.22     136.73  1
        2013082500  5212581       7.51     136.33  1
        2013082503  5136670       7.73     135.84  1
        2013082506  5027567       7.95     135.32  1
        2013082509  4840984       8.11     134.97  1
        2013082512  4784633       8.25     134.60  1
        2013082515  4634523       8.36     134.30  1
        2013082518  4661510       8.52     133.99  1
        2013082521  4525032       8.63     133.66  1
        2013082600  4495366       8.75     133.23  1
        2013082603  4400910       8.91     132.70  1
        2013082606  4323512       9.08     132.08  1
        2013082609  4145222       9.28     131.54  1
        2013082612  4033031       9.39     131.20  1
        2013082615  3765533       9.63     130.55  1
        2013082618  3584858      10.13     129.52  1
        2013082621  3177456      10.64     128.46  1
        2013082700  2929780      11.05     127.70  1
        2013082703  2656780      11.66     126.79  1
        2013082706  2443731      12.21     126.03  1
        2013082709  2184341      12.82     125.42  1
        2013082712  2019397      13.24     125.02  1
        2013082715  1880222      13.67     124.59  1
        2013082718  1735275      14.02     124.09  1
        2013082721  1321308      14.55     123.25  1
        2013082800  1126647      14.92     122.79  1
        2013082803   998784      15.30     122.26  1
        2013082806   875265      15.80     121.90  1
        2013082809   770504      16.20     121.77  1
        2013082812   702663      16.51     121.73  1
        2013082815   680388      16.95     121.66  1
        2013082818   673051      17.34     121.67  1
        2013082821   603804      17.78     121.54  1
        2013082900   614903      18.17     121.43  1
        2013082903   580686      18.53     121.37  1
        2013082906   560314      18.94     121.25  1
        2013082909   524867      19.29     121.11  1
        2013082912   534207      19.55     120.95  1
        2013082915   523142      19.82     120.76  1
        2013082918   521044      20.02     120.64  1
        2013082921   446727      20.39     120.42  1
        2013083000   444553      20.64     120.19  1
        2013083003   445933      20.90     119.98  1
        2013083006   442056      21.24     119.79  1
        2013083009   453041      21.64     119.59  1
        2013083012   468570      21.94     119.49  1
        2013083015   481405      22.16     119.38  1
        2013083018   488160      22.48     119.38  1
        2013083021   517069      22.76     119.31  1
        2013083100   584202      23.04     119.32  1
        2013083103   696028      23.38     119.42  1
        2013083106   775849      23.66     119.44  1
        2013083109   823539      23.94     119.43  1
        2013083112   846122      24.04     119.38  1
        2013083115   825338      23.99     119.27  1
        2013083118   769378      24.04     119.16  1
        2013083121   720531      24.08     119.09  1
        2013090100   751716      24.39     119.41  1
        2013090103  1123051      28.15     123.47  1
        2013090106  1001239      27.00     122.27  1
        2013090109   934948      26.84     122.19  1
        2013090112   822384      27.01     122.58  1
        2013090115   503847      27.13     122.92  1
        2013090118   368434      28.21     124.41  1
        2013090121   574839      29.15     125.69  1
        2013090200   747844      29.63     126.46  1
        2013090203   691208      29.89     126.93  1
        2013090206   634884      29.92     127.09  1
        2013090209   555114      29.85     127.15  1
        2013090212   455597      29.82     127.24  1
        2013090215   373703      29.87     127.45  1
        2013090218   355196      29.81     127.54  1
        2013090221   317222      29.75     127.58  1
        2013090300   304224      29.83     127.77  1
        2013090303   331194      29.98     128.01  1
        2013090312   308398      30.84     129.11  1
        2013090315   371024      31.11     129.37  1
        2013090318   507304      31.57     129.81  1
        2013090321   629899      32.01     130.26  1
        2013090400   669083      32.37     130.66  1
        2013090403   681573      32.87     131.20  1
        2013090406   667061      33.32     131.71  1
        2013090409   680869      33.78     132.20  1
        2013090412   660430      34.10     132.54  1
        2013090415   646157      34.29     132.76  1
        2013090418   666010      34.44     132.93  1
        2013090421   644831      34.63     133.17  1
        2013090500   524999      35.00     133.58  1
        2013090503   297984      35.36     133.92  1
LPT     6.0100
        2013081321   475418      11.06      92.22  1
        2013081400   681858      11.27      91.50  1
        2013081403   997505      11.50      90.49  1
        2013081406  1282575      11.68      90.12  1
        2013081409  1496023      11.75      90.20  1
        2013081412  1462864      11.73      90.09  1
        2013081415  1510081      11.79      90.07  1
        2013081418  1599805      11.93      90.00  1
        2013081421  1632475      12.00      89.56  1
        2013081500  1702038      12.09      89.31  1
        2013081503  1851984      12.20      89.05  1
        2013081506  1879154      12.30      89.04  1
        2013081509  1988751      12.53      88.92  1
        2013081512  2013703      12.70      88.68  1
        2013081515  1983161      12.85      88.48  1
        2013081518  2037243      13.21      88.27  1
        2013081521  2168738      13.68      88.12  1
        2013081600  2142323      14.04      88.04  1
        2013081603  2139525      14.42      88.03  1
        2013081606  2081470      14.88      87.96  1
        2013081609  2168810      15.58      87.79  1
        2013081612  2177931      16.04      87.52  1
        2013081615  2191349      16.48      87.15  1
        2013081618  2350876      17.18      86.58  1
        2013081621  2498816      17.71      86.60  1
        2013081700  2481182      18.14      86.54  1
        2013081703  2506117      18.51      86.67  1
        2013081706  2458373      18.99      86.94  1
        2013081709  2581573      19.51      87.20  1
        2013081712  2563537      19.78      87.06  1
        2013081715  2615977      19.94      87.03  1
        2013081718  2728048      20.08      86.97  1
        2013081721  2777902      20.16      86.78  1
        2013081800  2741072      20.13      86.72  1
        2013081803  2761661      20.11      86.68  1
        2013081806  2781820      20.20      86.70  1
        2013081809  2880859      20.24      86.60  1
        2013081812  2801945      20.33      86.55  1
        2013081815  2751447      20.41      86.61  1
        2013081818  2767808      20.50      86.71  1
        2013081821  2659689      20.58      87.02  1
        2013081900  2560126      20.62      87.30  1
        2013081903  2549526      20.61      87.46  1
        2013081906  2532706      20.62      87.47  1
        2013081909  2616577      20.69      87.47  1
        2013081912  2559128      20.72      87.55  1
        2013081915  2493050      20.75      87.66  1
        2013081918  2488606      20.75      87.96  1
        2013081921  2354120      20.73      88.46  1
        2013082000  2330279      20.64      88.73  1
        2013082003  2298106      20.57      88.79  1
        2013082006  2315536      20.56      88.82  1
        2013082009  2375985      20.66      88.78  1
        2013082012  2280077      20.67      88.88  1
        2013082015  2215270      20.66      89.07  1
        2013082018  2235287      20.62      89.32  1
        2013082021  2209890      20.58      89.67  1
        2013082100  2187206      20.50      89.85  1
        2013082103  2163911      20.46      90.04  1
        2013082106  2165433      20.50      90.18  1
        2013082109  2220074      20.62      90.25  1
        2013082112  2139939      20.62      90.61  1
        2013082115  2089920      20.53      91.00  1
        2013082118  2057471      20.42      91.28  1
        2013082121  2000952      20.21      91.81  1
        2013082200  1944715      20.02      92.26  1
        2013082203  1833564      19.72      92.85  1
        2013082206  1710061      19.45      93.49  1
        2013082209  1666063      19.27      93.92  1
        2013082212  1418971      18.71      95.11  1
        2013082215  1319984      18.38      95.63  1
        2013082218  1263445      18.20      95.90  1
        2013082221  1119642      18.00      96.22  1
        2013082300  1029963      17.77      96.44  1
        2013082303   944431      17.55      96.67  1
        2013082306   922722      17.33      96.84  1
        2013082309   871515      17.10      97.06  1
        2013082312   781897      16.84      97.21  1
        2013082315   700089      16.60      97.28  1
        2013082318   622178      16.44      97.27  1
        2013082321   510101      16.27      97.41  1
        2013082400   425230      16.11      97.40  1
        2013082403   381692      15.99      97.37  1
        2013082406   354942      16.00      97.39  1
        2013082409   315482      16.08      97.34  1
LPT     7.0100
        2013082021   432852      12.58     252.00  1
        2013082100   544237      12.68     251.42  1
        2013082103   769354      12.75     251.16  1
        2013082106  1099258      12.75     251.13  1
        2013082109  1392059      12.77     251.24  1
        2013082112  1621264      12.83     250.81  1
        2013082115  1871801      12.83     250.78  1
        2013082118  2109217      12.87     250.57  1
        2013082121  2363287      12.96     250.58  1
        2013082200  2406940      13.03     250.64  1
        2013082203  2436223      13.03     250.74  1
        2013082206  2520750      13.07     250.71  1
        2013082209  2645050      13.10     251.23  1
        2013082212  2675768      13.16     251.49  1
        2013082215  2739830      13.20     251.54  1
        2013082218  2817722      13.28     251.49  1
        2013082221  2904138      13.39     251.48  1
        2013082300  2857043      13.50     251.38  1
        2013082303  2858799      13.60     251.28  1
        2013082306  2882598      13.73     251.25  1
        2013082309  2920413      13.83     251.58  1
        2013082312  3019061      13.84     251.98  1
        2013082315  3118950      13.82     252.95  1
        2013082318  3366231      13.81     254.12  1
        2013082321  3567112      13.90     254.99  1
        2013082400  3526374      14.02     255.56  1
        2013082403  3497327      14.11     256.12  1
        2013082406  3495047      14.12     256.96  1
        2013082409  3603861      14.15     258.23  1
        2013082412  3492496      14.18     258.88  1
        2013082415  3471080      14.16     259.48  1
        2013082418  3339173      14.22     260.13  1
        2013082421  3214996      14.21     261.14  1
        2013082500  1687866      12.75     269.90  1
        2013082503  1709319      12.79     269.96  1
        2013082506  1739364      12.89     270.04  1
        2013082509  1867667      13.02     269.73  1
        2013082512  1856894      13.14     269.83  1
        2013082515  1962986      13.37     269.54  1
        2013082518  2039371      13.62     269.29  1
        2013082521  2157456      14.08     268.89  1
        2013082600  2177548      14.44     268.39  1
        2013082603  2298902      14.64     267.83  1
        2013082606  2411287      14.90     267.25  1
        2013082609  2644757      15.33     266.59  1
        2013082612  2720197      15.61     266.10  1
        2013082615  2817467      15.74     265.60  1
        2013082618  2940458      15.82     265.16  1
        2013082621  2936211      15.71     264.56  1
        2013082700  2911022      15.56     264.18  1
        2013082703  2977601      15.46     263.81  1
        2013082706  3082081      15.44     263.47  1
        2013082709  3196029      15.36     263.05  1
        2013082712  3136878      15.31     262.65  1
        2013082715  3148501      15.25     262.26  1
        2013082718  3146076      15.18     261.82  1
        2013082721  3153003      15.09     261.43  1
        2013082800  3108863      15.09     261.11  1
        2013082803  3117715      15.01     260.81  1
        2013082806  3188956      14.89     260.33  1
        2013082809  3297223      14.78     259.82  1
        2013082812  3222061      14.74     259.19  1
        2013082815  3193136      14.60     258.42  1
        2013082818  3176528      14.44     257.48  1
        2013082821  3212050      14.32     256.61  1
        2013082900  3169403      14.23     255.75  1
        2013082903  3109694      14.13     255.02  1
        2013082906  3043794      13.99     254.02  1
        2013082909  3076817      13.87     253.09  1
        2013082912  2918906      13.60     252.02  1
        2013082915  2860402      13.44     251.37  1
        2013082918  2757304      13.29     250.55  1
        2013082921  2694096      13.24     249.94  1
        2013083000  2610143      13.23     249.43  1
        2013083003  2540169      13.25     249.23  1
        2013083006  2465509      13.28     248.95  1
        2013083009  2367961      13.37     248.87  1
        2013083012  2074338      13.51     249.13  1
        2013083015  1905793      13.69     249.35  1
        2013083018  1700779      13.87     249.51  1
        2013083021  1492609      14.12     249.55  1
        2013083100  1285606      14.35     249.54  1
        2013083103  1130017      14.53     249.54  1
        2013083106   961211      14.70     249.40  1
        2013083109   746373      14.88     249.16  1
        2013083112   504971      15.06     249.03  1
        2013083115   351251      15.13     248.87  1
LPT     8.0100
        2013082409   409432       0.59      69.67  1
        2013082412   560011       0.60      69.79  1
        2013082415   730632       0.57      69.87  1
        2013082418   904290       0.54      69.90  1
        2013082421  1077153       0.39      70.20  1
        2013082500  1081781       0.36      70.36  1
        2013082503  1110336       0.29      70.58  1
        2013082506  1118826       0.18      70.81  1
        2013082509  1148147      -0.00      71.26  1
        2013082512  1163586      -0.08      71.59  1
        2013082515  1222211      -0.26      72.08  1
        2013082518  1312433      -0.48      72.63  1
        2013082521  1448085      -0.88      73.77  1
        2013082600  1475766      -1.12      74.38  1
        2013082603  1676760      -1.56      75.70  1
        2013082606  1873787      -1.97      76.99  1
        2013082609  2119296      -2.31      78.07  1
        2013082612  2091210      -2.61      79.10  1
        2013082615  2180919      -2.87      79.74  1
        2013082618  2274346      -3.11      80.35  1
        2013082621  2353070      -3.33      80.87  1
        2013082700  2178344      -3.65      81.76  1
        2013082703  2190409      -3.73      82.03  1
        2013082706  2229205      -3.87      82.26  1
        2013082709  2234154      -4.00      82.75  1
        2013082712  2182342      -4.08      83.21  1
        2013082715  2200782      -4.08      83.45  1
        2013082718  2297720      -4.04      83.75  1
        2013082721  2432584      -3.93      83.90  1
        2013082800  2422678      -3.89      84.20  1
        2013082803  2501346      -3.82      84.12  1
        2013082806  2653127      -3.72      83.84  1
        2013082809  2952186      -3.48      83.18  1
        2013082812  3071477      -3.22      82.61  1
        2013082815  3289823      -2.98      81.89  1
        2013082818  3595953      -2.77      81.09  1
        2013082821  3848768      -2.59      80.22  1
        2013082900  3845149      -2.52      79.44  1
        2013082903  3858853      -2.53      78.97  1
        2013082906  3884880      -2.53      78.30  1
        2013082909  3925991      -2.55      77.59  1
        2013082912  3803983      -2.57      77.04  1
        2013082915  3776521      -2.64      76.75  1
        2013082918  3763142      -2.65      76.35  1
        2013082921  3768084      -2.71      76.10  1
        2013083000  3664127      -2.73      75.90  1
        2013083003  3686042      -2.76      75.85  1
        2013083006  3627258      -2.79      75.81  1
        2013083009  3567162      -2.76      75.74  1
        2013083012  3495576      -2.73      75.69  1
        2013083015  3514623      -2.76      75.61  1
        2013083018  3557456      -2.79      75.50  1
        2013083021  3582795      -2.78      75.25  1
        2013083100  3486673      -2.85      75.07  1
        2013083103  3487438      -2.87      74.96  1
        2013083106  3483554      -2.90      74.85  1
        2013083109  3399844      -2.95      74.59  1
        2013083112  3259249      -2.97      74.47  1
        2013083115  3163133      -3.02      74.38  1
        2013083118  3048463      -3.10      74.21  1
        2013083121  2926732      -3.18      74.14  1
        2013090100  2614342      -3.31      74.14  1
        2013090103  2428801      -3.44      74.13  1
        2013090106  2248800      -3.54      74.19  1
        2013090109  1992431      -3.69      74.12  1
        2013090112  1624594      -3.84      74.04  1
        2013090115  1354270      -4.08      74.03  1
        2013090118  1137279      -4.18      74.49  1
        2013090121   948769      -3.60      77.60  1
LPT     9.0100
        2013091109   421642      16.08     269.79  1
        2013091112   718470      15.44     269.80  1
        2013091115  1047746      15.05     269.78  1
        2013091118  1489636      14.72     269.75  1
        2013091121  1850623      14.55     269.61  1
        2013091200  2113243      14.48     269.43  1
        2013091203  2376957      14.45     269.38  1
        2013091206  2680293      14.42     269.02  1
        2013091209  2949317      14.43     268.67  1
        2013091212  3122047      14.40     268.25  1
        2013091215  3256958      14.40     268.04  1
        2013091218  3458882      14.36     268.00  1
        2013091221  3598041      14.33     267.83  1
        2013091300  3668731      14.43     267.69  1
        2013091303  3737809      14.49     267.44  1
        2013091306  3764214      14.60     267.12  1
        2013091309  3849700      14.77     266.70  1
        2013091312  3834621      14.86     266.20  1
        2013091315  3823218      14.96     265.59  1
        2013091318  3761074      15.06     264.87  1
        2013091321  3715860      15.22     264.28  1
        2013091400  3674271      15.30     263.85  1
        2013091403  3658827      15.42     263.64  1
        2013091406  3710891      15.57     263.44  1
        2013091409  3754848      15.79     263.15  1
        2013091412  3703615      15.95     262.91  1
        2013091415  3711461      16.08     262.63  1
        2013091418  3698712      16.20     262.35  1
        2013091421  3708476      16.37     262.16  1
        2013091500  3671291      16.46     262.00  1
        2013091503  3645123      16.56     261.78  1
        2013091506  3690189      16.69     261.63  1
        2013091509  3691117      16.83     261.57  1
        2013091512  3650945      16.97     261.54  1
        2013091515  3608270      17.09     261.53  1
        2013091518  3580367      17.20     261.50  1
        2013091521  3571871      17.41     261.56  1
        2013091600  3519213      17.55     261.48  1
        2013091603  3459946      17.66     261.40  1
        2013091606  3419816      17.76     261.40  1
        2013091609  3442609      17.92     261.43  1
        2013091612  3405568      18.03     261.50  1
        2013091615  3435662      18.22     261.74  1
        2013091618  3417848      18.36     262.20  1
        2013091621  3485785      18.50     263.02  1
        2013091700  3474929      18.62     263.60  1
        2013091703  3491749      18.71     264.11  1
        2013091706  3673213      18.83     264.79  1
        2013091709  3687452      18.98     265.18  1
        2013091712  3572557      19.08     265.44  1
        2013091715  3511925      19.20     265.62  1
        2013091718  3428717      19.28     265.91  1
        2013091721  3455809      19.27     266.44  1
        2013091800  3339997      19.24     266.87  1
        2013091803  3310293      19.19     267.34  1
        2013091806  3277287      19.12     267.88  1
        2013091809  3184793      18.95     268.64  1
        2013091812  3122607      18.77     269.40  1
        2013091815  3057554      18.63     269.96  1
        2013091818  2936332      18.39     270.72  1
        2013091821  2763711      18.08     271.51  1
        2013091900  1987111      16.72     275.52  1
        2013091903  1947489      16.57     275.50  1
        2013091906  1919432      16.37     275.48  1
        2013091909  1896852      16.26     275.57  1
        2013091912  1755003      16.18     275.55  1
        2013091915  1571733      16.19     275.41  1
        2013091918  1433598      15.98     275.38  1
        2013091921  1197207      16.14     274.99  1
        2013092000   851291      16.52     274.23  1
        2013092003   650016      16.54     273.65  1
        2013092006   394679      16.55     272.96  1
LPT    10.0100
        2013090200   439455      -1.62      85.68  1
        2013090203  1072650      -1.18      87.91  1
        2013090206  1445996      -1.15      88.15  1
        2013090209  1788270      -1.05      88.35  1
        2013090212  1916102      -0.98      88.60  1
        2013090215  2067076      -0.91      88.96  1
        2013090218  2342731      -0.72      89.46  1
        2013090221  2549607      -0.52      89.94  1
        2013090300  2616248      -0.29      90.14  1
        2013090303  2789848      -0.12      90.33  1
        2013090306  2910410      -0.10      90.39  1
        2013090309  2965653       0.07      90.39  1
        2013090312  3060934       0.21      90.45  1
        2013090315  3161647       0.27      90.48  1
        2013090318  3316975       0.42      90.45  1
        2013090321  3426118       0.55      90.37  1
        2013090400  3479170       0.62      90.51  1
        2013090403  3488517       0.60      90.54  1
        2013090406  3534050       0.50      90.56  1
        2013090409  3569671       0.51      90.71  1
        2013090412  3542148       0.50      90.73  1
        2013090415  3543847       0.47      90.80  1
        2013090418  3593227       0.51      90.97  1
        2013090421  3557617       0.49      91.36  1
        2013090500  3428776       0.60      91.98  1
        2013090503  3388888       0.68      92.47  1
        2013090506  3343522       0.81      93.12  1
        2013090509  3316251       1.04      93.80  1
        2013090512  3292721       1.25      94.33  1
        2013090515  3276234       1.36      94.73  1
        2013090518  3388719       1.54      94.92  1
        2013090521  3377348       1.76      95.19  1
        2013090600  3288423       1.99      95.38  1
        2013090603  3260931       2.13      95.44  1
        2013090606  3282871       2.51      95.70  1
        2013090609  3313494       2.82      96.26  1
        2013090612  3327464       2.99      96.68  1
        2013090615  3279640       3.06      97.15  1
        2013090618  3438007       3.38      97.52  1
        2013090621  3540885       3.52      98.09  1
        2013090700  3627778       3.62      98.43  1
        2013090703  3695334       3.75      98.62  1
        2013090706  3883133       3.94      98.97  1
        2013090709  4751944       6.11      99.47  1
        2013090712  4665961       5.96      99.63  1
        2013090715  4562835       5.96      99.84  1
        2013090718  4660868       6.19     100.29  1
        2013090721  4626394       6.45     100.61  1
        2013090800  4479700       6.58     100.48  1
        2013090803  4224625       6.53     100.46  1
        2013090806  4063149       6.73     100.59  1
        2013090809  3829120       6.86     100.67  1
        2013090812  3313905       6.56     100.81  1
        2013090815  2551980       5.40     101.05  1
        2013090818  2322078       4.97     101.65  1
        2013090821  5402195       3.03     125.71  1
        2013090900  5270912       3.26     126.01  1
        2013090903  5184997       3.62     125.75  1
        2013090906  5094674       4.30     123.36  1
        2013090909  4759996       5.21     120.54  1
        2013090912  4677766       5.42     121.08  1
        2013090915  4871996       5.67     121.54  1
        2013090918  5183813       5.96     121.03  1
        2013090921  5106575       6.02     120.78  1
        2013091000  5033175       6.14     120.46  1
        2013091003  5212694       6.21     119.93  1
        2013091006  5585588       6.29     118.95  1
        2013091009  5909934       6.33     118.15  1
        2013091012  5954101       6.28     118.54  1
        2013091015  7732051       8.23     125.61  1
        2013091018  8318038       8.27     125.26  1
        2013091021  8492988       8.21     124.03  2
        2013091100  8363324       8.28     123.40  2
        2013091103  8465707       8.34     122.97  2
        2013091106  8587097       8.37     121.69  2
        2013091109  8715476       8.38     121.12  2
        2013091112  8840986       8.48     120.96  2
        2013091115  9060364       8.52     120.51  2
        2013091118  9224805       8.62     119.36  2
        2013091121  9320982       8.66     118.02  2
        2013091200  9228403       8.78     117.12  2
        2013091203  8949772       8.79     115.83  2
        2013091206  8021226       8.58     112.44  2
        2013091209  7898729       8.46     111.65  2
        2013091212  7894031       8.49     111.09  2
        2013091215  7935254       8.50     111.49  2
        2013091218  7873270       8.41     110.31  2
        2013091221  7483114       8.28     108.14  2
        2013091300  7330691       8.39     108.21  2
        2013091303  7071512       8.54     108.54  2
        2013091306  6917658       8.75     108.60  2
        2013091309  6746272       8.96     108.87  2
        2013091312  6607423       9.16     109.29  2
        2013091315  6565891       9.40     109.98  2
        2013091318  6531740       9.63     110.07  2
        2013091321  6448072       9.85     110.39  2
        2013091400  4535381      15.10     118.37  2
        2013091403  4340452      15.44     119.13  2
        2013091406  4345613      15.68     118.92  2
        2013091409  4317628      15.92     118.91  2
        2013091412  4300702      16.06     119.03  2
        2013091415  4314015      16.16     119.83  2
        2013091418  9536380       9.77     140.70  2
        2013091421  9695403       9.74     140.89  2
        2013091500  9902298       9.73     141.32  2
        2013091503 10162618       9.72     141.51  2
        2013091506 10541022       9.80     141.19  2
        2013091509 10814172      10.12     140.25  2
        2013091512 10865158      10.45     140.11  2
        2013091515 11049209      10.95     139.98  2
        2013091518 11205152      11.40     138.85  2
        2013091521 11240437      12.02     138.07  2
        2013091600 11269100      12.62     137.09  2
        2013091603 11165072      13.05     135.72  2
        2013091606 11753334      13.48     133.15  1
        2013091609 11609850      13.86     131.61  1
        2013091612 11377218      14.22     130.48  1
        2013091615 11203774      14.37     129.37  1
        2013091618 10837709      14.54     127.50  1
        2013091621  9456849      12.02     124.87  1
        2013091700  9364294      12.23     123.97  1
        2013091703  9266027      12.44     123.32  1
        2013091706  9129433      12.69     122.34  1
        2013091709  8790867      12.97     121.05  1
        2013091712  8445603      13.17     120.32  1
        2013091715  6884994      15.14     113.99  1
        2013091718  7063801      15.15     113.82  1
        2013091721  7052417      15.20     113.47  1
        2013091800  7105320      15.24     113.19  1
        2013091803  7171281      15.31     112.81  1
        2013091806  7300809      15.38     112.46  1
        2013091809  7316580      15.43     112.00  1
        2013091812  7213076      15.46     112.12  1
        2013091815  7248115      15.43     112.42  1
        2013091818  7465681      15.43     112.43  1
        2013091821 11181684      15.41     128.33  1
        2013091900 11652774      15.46     129.22  1
        2013091903 12106855      15.49     130.05  1
        2013091906 12403711      15.55     130.24  1
        2013091909 12636017      15.64     130.75  1
        2013091912 12924743      15.70     131.60  1
        2013091915 13249830      15.69     132.05  1
        2013091918 13520666      15.70     132.15  1
        2013091921 13710873      15.72     132.27  1
        2013092000 13994127      15.73     132.48  1
        2013092003 14249711      15.74     132.68  1
        2013092006 14363148      15.71     132.47  1
        2013092009 14334435      15.70     132.33  1
        2013092012 14318328      15.69     132.36  1
        2013092015 14311456      15.69     132.03  1
        2013092018 14312521      15.72     131.71  1
        2013092021 14214685      15.77     131.55  1
        2013092100 14110103      15.76     131.59  1
        2013092103 13975181      15.80     131.69  1
        2013092106 13616261      15.71     131.77  1
        2013092109  9746016      15.80     144.00  1
        2013092112  8230440      14.02     139.32  1
        2013092115  8222234      13.96     139.11  1
        2013092118  8077501      13.97     138.84  1
        2013092121  7955596      14.04     138.74  1
        2013092200  7881754      14.13     138.55  1
        2013092203  7824068      14.26     138.29  1
        2013092206  7680793      14.39     138.06  1
        2013092209  7589784      14.54     137.94  1
        2013092212  7560030      14.70     137.70  1
        2013092215  7371951      14.84     137.52  1
        2013092218  7117981      15.01     137.56  2
        2013092221  6876526      15.24     137.44  2
        2013092300  6808019      15.46     137.32  2
        2013092303  6669494      15.75     137.22  2
        2013092306  6488860      16.09     137.12  2
        2013092309  6353913      16.41     137.08  2
        2013092312  6267372      16.72     136.90  2
        2013092315  6133509      17.03     136.84  2
        2013092318  5898666      17.41     136.86  2
        2013092321  5711598      17.73     136.60  2
        2013092400  5562747      18.07     136.76  2
        2013092403  5401744      18.28     136.56  2
        2013092406  5132624      18.42     136.74  2
        2013092409  4955690      18.64     136.87  2
        2013092412  4809189      18.72     136.93  2
        2013092415  4558491      18.77     136.90  1
        2013092418  2479226      13.92     128.75  1
        2013092421  2138477      13.11     129.17  1
        2013092500  2005241      12.99     128.68  1
        2013092503  1904228      12.95     127.89  1
        2013092506  1759585      12.91     127.30  1
        2013092509  1631139      12.91     126.65  1
        2013092512  1513326      12.87     126.16  1
        2013092515  1383491      12.95     125.03  1
        2013092518  1431433      12.99     124.51  1
        2013092521  1267886      13.05     123.44  1
        2013092600  1211322      13.08     122.45  1
        2013092603  1062634      13.18     120.73  1
        2013092606  1022177      13.31     119.19  1
        2013092609   982211      13.33     118.21  1
        2013092612  1033339      13.31     117.88  1
        2013092615  1050008      13.27     117.40  1
        2013092618  1098736      13.30     117.10  1
        2013092621  1100510      13.24     116.96  1
        2013092700  1167432      13.22     116.72  1
        2013092703  1228110      13.26     116.62  1
        2013092706  1277227      13.34     116.20  1
        2013092709  1306823      13.41     115.89  1
        2013092712  1362233      13.43     115.65  1
        2013092715  1407066      13.46     115.41  1
        2013092718  1445024      13.51     115.13  1
        2013092721  1387820      13.54     114.77  1
        2013092800  1347271      13.55     114.63  1
        2013092803  1313243      13.60     114.48  1
        2013092806  1237599      13.59     114.51  1
        2013092809  1147462      13.62     114.61  1
        2013092812  1097349      13.58     114.87  1
        2013092815  1103704      13.66     114.98  1
        2013092818  1176756      13.73     114.98  1
        2013092821  1141935      13.80     114.94  1
        2013092900  1163369      13.85     114.97  1
        2013092903  1192700      13.96     114.91  1
        2013092906  1225211      14.04     114.96  1
        2013092909  1212139      14.24     114.77  1
        2013092912  1230825      14.38     114.75  1
        2013092915  3904842      10.99     127.21  1
        2013092918  3809252      11.25     125.69  1
        2013092921  3762880      11.39     124.42  1
        2013093000  3668792      11.52     122.70  1
        2013093003  3778743      11.59     121.63  1
        2013093006  4003052      11.48     120.83  1
        2013093009  4062677      11.48     120.43  1
        2013093012  4232339      11.39     120.25  1
        2013093015  4349087      11.31     119.98  1
        2013093018  4517531      11.17     119.75  1
        2013093021  4574694      11.10     119.53  1
        2013100100  4643972      11.07     119.39  1
        2013100103  4660996      11.06     119.13  1
        2013100106  4768185      10.98     119.04  1
        2013100109  4791940      10.96     118.89  1
        2013100112  4799841      10.99     118.81  1
        2013100115  4791049      11.07     118.66  1
        2013100118  4783592      11.19     118.35  1
        2013100121  4571501      11.29     117.92  1
        2013100200  4446727      11.45     117.72  1
        2013100203  4187589      11.61     117.46  1
        2013100206  1508060      11.89     129.24  1
        2013100209  1377343      12.22     129.45  1
        2013100212  1333917      12.45     129.68  1
        2013100215  1241277      12.92     129.85  1
        2013100218  1124268      13.35     130.07  1
        2013100221   980763      13.76     130.17  1
        2013100300   920784      14.14     130.31  1
        2013100303   848742      14.59     130.33  1
        2013100306   806078      15.02     130.27  1
        2013100309   721742      15.50     130.15  1
        2013100312   689502      15.79     130.11  1
        2013100315   722935      16.39     130.08  1
        2013100318   756708      16.83     130.14  1
        2013100321   671163      17.41     130.17  1
        2013100400   657465      17.92     130.25  1
        2013100403   649415      18.50     130.26  1
        2013100406   640356      19.14     130.27  1
        2013100409   633711      19.90     130.29  1
        2013100412   656193      20.59     130.35  1
        2013100415   709007      21.32     130.39  1
        2013100418   768499      22.02     130.54  1
        2013100421   786410      22.65     130.60  1
        2013100500   818470      23.12     130.70  1
        2013100503   852948      23.71     130.77  1
        2013100506   863865      24.09     130.81  1
        2013100509   879593      24.47     130.84  1
        2013100512   918782      24.68     130.80  1
        2013100515   937233      24.93     130.80  1
        2013100518   933210      25.19     130.80  1
        2013100521   924128      25.38     130.80  1
        2013100600   944224      25.49     130.82  1
        2013100603   932691      25.64     130.78  1
        2013100606   948605      25.74     130.68  1
        2013100609   898785      25.81     130.19  1
        2013100612   889790      25.90     129.59  1
        2013100615   872037      25.96     129.09  1
        2013100618   757544      26.28     128.28  1
        2013100621   744605      26.57     127.31  1
        2013100700   737121      26.77     126.74  1
        2013100703   672556      26.96     126.01  1
        2013100706   660299      27.17     125.56  1
        2013100709   656190      27.40     125.16  1
        2013100712   624790      27.62     124.83  1
        2013100715   601641      27.84     124.61  1
        2013100718   610871      28.14     124.35  1
        2013100721   639281      28.51     124.11  1
        2013100800   705784      28.90     123.95  1
        2013100803   735090      29.15     123.96  1
        2013100806   697228      29.46     123.83  1
        2013100809   701068      29.68     123.86  1
        2013100812   680879      29.89     123.88  1
        2013100815   598357      30.04     123.79  1
        2013100818   531854      30.11     123.72  1
        2013100821   459700      30.25     123.66  1
        2013100900   410750      30.32     123.67  1
        2013100903   331737      30.42     123.62  1
LPT    10.0200
        2013090200   439455      -1.62      85.68  1
        2013090203  1072650      -1.18      87.91  1
        2013090206  1445996      -1.15      88.15  1
        2013090209  1788270      -1.05      88.35  1
        2013090212  1916102      -0.98      88.60  1
        2013090215  2067076      -0.91      88.96  1
        2013090218  2342731      -0.72      89.46  1
        2013090221  2549607      -0.52      89.94  1
        2013090300  2616248      -0.29      90.14  1
        2013090303  2789848      -0.12      90.33  1
        2013090306  2910410      -0.10      90.39  1
        2013090309  2965653       0.07      90.39  1
        2013090312  3060934       0.21      90.45  1
        2013090315  3161647       0.27      90.48  1
        2013090318  3316975       0.42      90.45  1
        2013090321  3426118       0.55      90.37  1
        2013090400  3479170       0.62      90.51  1
        2013090403  3488517       0.60      90.54  1
        2013090406  3534050       0.50      90.56  1
        2013090409  3569671       0.51      90.71  1
        2013090412  3542148       0.50      90.73  1
        2013090415  3543847       0.47      90.80  1
        2013090418  3593227       0.51      90.97  1
        2013090421  3557617       0.49      91.36  1
        2013090500  3428776       0.60      91.98  1
        2013090503  3388888       0.68      92.47  1
        2013090506  3343522       0.81      93.12  1
        2013090509  3316251       1.04      93.80  1
        2013090512  3292721       1.25      94.33  1
        2013090515  3276234       1.36      94.73  1
        2013090518  3388719       1.54      94.92  1
        2013090521  3377348       1.76      95.19  1
        2013090600  3288423       1.99      95.38  1
        2013090603  3260931       2.13      95.44  1
        2013090606  3282871       2.51      95.70  1
        2013090609  3313494       2.82      96.26  1
        2013090612  3327464       2.99      96.68  1
        2013090615  3279640       3.06      97.15  1
        2013090618  3438007       3.38      97.52  1
        2013090621  3540885       3.52      98.09  1
        2013090700  3627778       3.62      98.43  1
        2013090703  3695334       3.75      98.62  1
        2013090706  3883133       3.94      98.97  1
        2013090709  4751944       6.11      99.47  1
        2013090712  4665961       5.96      99.63  1
        2013090715  4562835       5.96      99.84  1
        2013090718  4660868       6.19     100.29  1
        2013090721  4626394       6.45     100.61  1
        2013090800  4479700       6.58     100.48  1
        2013090803  4224625       6.53     100.46  1
        2013090806  4063149       6.73     100.59  1
        2013090809  3829120       6.86     100.67  1
        2013090812  3313905       6.56     100.81  1
        2013090815  2551980       5.40     101.05  1
        2013090818  2322078       4.97     101.65  1
        2013090821  5402195       3.03     125.71  1
        2013090900  5270912       3.26     126.01  1
        2013090903  5184997       3.62     125.75  1
        2013090906  5094674       4.30     123.36  1
        2013090909  4759996       5.21     120.54  1
        2013090912  4677766       5.42     121.08  1
        2013090915  4871996       5.67     121.54  1
        2013090918  5183813       5.96     121.03  1
        2013090921  5106575       6.02     120.78  1
        2013091000  5033175       6.14     120.46  1
        2013091003  5212694       6.21     119.93  1
        2013091006  5585588       6.29     118.95  1
        2013091009  5909934       6.33     118.15  1
        2013091012  5954101       6.28     118.54  1
        2013091015  7732051       8.23     125.61  1
        2013091018  8318038       8.27     125.26  1
        2013091021  8492988       8.21     124.03  2
        2013091100  8363324       8.28     123.40  2
        2013091103  8465707       8.34     122.97  2
        2013091106  8587097       8.37     121.69  2
        2013091109  8715476       8.38     121.12  2
        2013091112  8840986       8.48     120.96  2
        2013091115  9060364       8.52     120.51  2
        2013091118  9224805       8.62     119.36  2
        2013091121  9320982       8.66     118.02  2
        2013091200  9228403       8.78     117.12  2
        2013091203  8949772       8.79     115.83  2
        2013091206  8021226       8.58     112.44  2
        2013091209  7898729       8.46     111.65  2
        2013091212  7894031       8.49     111.09  2
        2013091215  7935254       8.50     111.49  2
        2013091218  7873270       8.41     110.31  2
        2013091221  7483114       8.28     108.14  2
        2013091300  7330691       8.39     108.21  2
        2013091303  7071512       8.54     108.54  2
        2013091306  6917658       8.75     108.60  2
        2013091309  6746272       8.96     108.87  2
        2013091312  6607423       9.16     109.29  2
        2013091315  6565891       9.40     109.98  2
        2013091318  6531740       9.63     110.07  2
        2013091321  6448072       9.85     110.39  2
        2013091400  4535381      15.10     118.37  2
        2013091403  4340452      15.44     119.13  2
        2013091406  4345613      15.68     118.92  2
        2013091409  4317628      15.92     118.91  2
        2013091412  4300702      16.06     119.03  2
        2013091415  4314015      16.16     119.83  2
        2013091418  9536380       9.77     140.70  2
        2013091421  9695403       9.74     140.89  2
        2013091500  9902298       9.73     141.32  2
        2013091503 10162618       9.72     141.51  2
        2013091506 10541022       9.80     141.19  2
        2013091509 10814172      10.12     140.25  2
        2013091512 10865158      10.45     140.11  2
        2013091515 11049209      10.95     139.98  2
        2013091518 11205152      11.40     138.85  2
        2013091521 11240437      12.02     138.07  2
        2013091600 11269100      12.62     137.09  2
        2013091603 11165072      13.05     135.72  2
        2013091606 11753334      13.48     133.15  1
        2013091609 11609850      13.86     131.61  1
        2013091612 11377218      14.22     130.48  1
        2013091615 11203774      14.37     129.37  1
        2013091618 10837709      14.54     127.50  1
        2013091621  9456849      12.02     124.87  1
        2013091700  9364294      12.23     123.97  1
        2013091703  9266027      12.44     123.32  1
        2013091706  9129433      12.69     122.34  1
        2013091709  8790867      12.97     121.05  1
        2013091712  8445603      13.17     120.32  1
        2013091715  6884994      15.14     113.99  1
        2013091718  7063801      15.15     113.82  1
        2013091721  7052417      15.20     113.47  1
        2013091800  7105320      15.24     113.19  1
        2013091803  7171281      15.31     112.81  1
        2013091806  7300809      15.38     112.46  1
        2013091809  7316580      15.43     112.00  1
        2013091812  7213076      15.46     112.12  1
        2013091815  7248115      15.43     112.42  1
        2013091818  7465681      15.43     112.43  1
        2013091821 11181684      15.41     128.33  1
        2013091900 11652774      15.46     129.22  1
        2013091903 12106855      15.49     130.05  1
        2013091906 12403711      15.55     130.24  1
        2013091909 12636017      15.64     130.75  1
        2013091912 12924743      15.70     131.60  1
        2013091915 13249830      15.69     132.05  1
        2013091918 13520666      15.70     132.15  1
        2013091921 13710873      15.72     132.27  1
        2013092000 13994127      15.73     132.48  1
        2013092003 14249711      15.74     132.68  1
        2013092006 14363148      15.71     132.47  1
        2013092009 14334435      15.70     132.33  1
        2013092012 14318328      15.69     132.36  1
        2013092015 14311456      15.69     132.03  1
        2013092018 14312521      15.72     131.71  1
        2013092021 14214685      15.77     131.55  1
        2013092100 14110103      15.76     131.59  1
        2013092103 13975181      15.80     131.69  1
        2013092106 13616261      15.71     131.77  1
        2013092109  9746016      15.80     144.00  1
        2013092112  8230440      14.02     139.32  1
        2013092115  8222234      13.96     139.11  1
        2013092118  8077501      13.97     138.84  1
        2013092121  7955596      14.04     138.74  1
        2013092200  7881754      14.13     138.55  1
        2013092203  7824068      14.26     138.29  1
        2013092206  7680793      14.39     138.06  1
        2013092209  7589784      14.54     137.94  1
        2013092212  7560030      14.70     137.70  1
        2013092215  7371951      14.84     137.52  1
        2013092218  7117981      15.01     137.56  2
        2013092221  6876526      15.24     137.44  2
        2013092300  6808019      15.46     137.32  2
        2013092303  6669494      15.75     137.22  2
        2013092306  6488860      16.09     137.12  2
        2013092309  6353913      16.41     137.08  2
        2013092312  6267372      16.72     136.90  2
        2013092315  6133509      17.03     136.84  2
        2013092318  5898666      17.41     136.86  2
        2013092321  5711598      17.73     136.60  2
        2013092400  5562747      18.07     136.76  2
        2013092403  5401744      18.28     136.56  2
        2013092406  5132624      18.42     136.74  2
        2013092409  4955690      18.64     136.87  2
        2013092412  4809189      18.72     136.93  2
        2013092415  4558491      18.77     136.90  1
        2013092418  1765754      25.38     146.13  1
        2013092421  1695877      25.75     146.24  1
        2013092500  1640822      26.08     146.29  1
        2013092503  1576747      26.42     146.38  1
        2013092506  1534653      26.73     146.38  1
        2013092509  1495901      27.01     146.41  1
        2013092512  1451478      27.32     146.44  1
        2013092515  1423776      27.66     146.40  1
        2013092518  1391187      28.02     146.33  1
        2013092521  1357400      28.43     146.29  1
        2013092600  1333708      28.80     146.26  1
        2013092603  1274443      29.22     146.29  1
        2013092606  1197256      29.60     146.40  1
        2013092609  1121038      30.16     146.51  1
        2013092612  1062978      30.76     146.59  1
        2013092615   982439      31.79     146.72  1
        2013092618  1394791      38.05     148.70  1
        2013092621  1391514      40.16     149.50  1
        2013092700  1335980      41.78     150.19  1
        2013092703  1340517      43.13     151.13  1
        2013092706  1337209      43.64     151.81  1
        2013092709  1357748      43.92     152.35  1
        2013092712  1345236      44.14     152.74  1
        2013092715  1335564      44.28     153.04  1
        2013092718  1262077      44.50     153.57  1
        2013092721  1224908      44.59     153.82  1
        2013092800  1166690      44.73     154.01  1
        2013092803  1094772      44.89     154.28  1
        2013092806  1007405      45.05     154.56  1
        2013092809   936009      45.22     154.84  1
        2013092812   835572      45.44     155.22  1
        2013092815   685832      45.78     155.80  1
        2013092818   577820      46.13     156.26  1
        2013092821   365513      47.08     157.32  1
LPT    10.0300
        2013090300   411930      -6.86     160.96  1
        2013090303   487975      -6.74     160.97  1
        2013090306   500312      -6.67     161.16  1
        2013090309   569506      -6.53     161.11  1
        2013090312   719277      -6.41     161.26  1
        2013090315   946672      -6.24     161.40  1
        2013090318  1058955      -6.10     161.45  1
        2013090321  1134424      -5.97     161.43  1
        2013090400  1242235      -5.80     161.34  1
        2013090403  1234166      -5.61     161.34  1
        2013090406  1196683      -5.52     161.52  1
        2013090409  1158339      -5.48     161.75  1
        2013090412  1153745      -5.46     161.99  1
        2013090415  1162084      -5.50     162.32  1
        2013090418  1157447      -5.51     162.44  1
        2013090421  1138873      -5.58     162.62  1
        2013090500  1016541      -5.71     162.97  1
        2013090503   825215      -5.80     163.32  1
        2013090506   691659      -5.74     163.35  1
        2013090509   541850      -5.75     163.50  1
        2013090512   469795      -5.55     163.10  1
        2013090515  1019135      -2.74     157.13  1
        2013090518  1010551      -1.87     155.37  1
        2013090521  1223741      -1.25     154.24  1
        2013090600  1470545      -1.11     154.02  1
        2013090603  1663380      -0.87     153.68  1
        2013090606  1727482      -0.64     153.28  1
        2013090609  1788423      -0.46     152.95  1
        2013090612  1875586      -0.27     152.58  1
        2013090615  2013582      -0.06     152.17  1
        2013090618  1913624       0.32     151.32  1
        2013090621  1862091       0.53     150.75  1
        2013090700  1776570       0.69     150.33  1
        2013090703  1596213       0.89     149.88  1
        2013090706  1432739       0.97     149.82  1
        2013090709  1292334       0.87     150.38  1
        2013090712  1144186       0.66     151.17  1
        2013090715  1127153       0.36     151.80  1
        2013090718  1021392       0.08     152.40  1
        2013090721  1256382      -0.64     152.97  1
        2013090800  1348675      -1.08     153.20  1
        2013090803  1429401      -1.36     153.31  1
        2013090806  1510980      -1.49     153.20  1
        2013090809  1500045      -1.68     153.18  1
        2013090812  1590845      -1.75     152.94  1
        2013090815  1684906      -1.63     152.43  1
        2013090818  2884456       1.15     143.35  1
        2013090821  5402195       3.03     125.71  1
        2013090900  5270912       3.26     126.01  1
        2013090903  5184997       3.62     125.75  1
        2013090906  5094674       4.30     123.36  1
        2013090909  4759996       5.21     120.54  1
        2013090912  4677766       5.42     121.08  1
        2013090915  4871996       5.67     121.54  1
        2013090918  5183813       5.96     121.03  1
        2013090921  5106575       6.02     120.78  1
        2013091000  5033175       6.14     120.46  1
        2013091003  5212694       6.21     119.93  1
        2013091006  5585588       6.29     118.95  1
        2013091009  5909934       6.33     118.15  1
        2013091012  5954101       6.28     118.54  1
        2013091015  7732051       8.23     125.61  1
        2013091018  8318038       8.27     125.26  1
        2013091021  8492988       8.21     124.03  2
        2013091100  8363324       8.28     123.40  2
        2013091103  8465707       8.34     122.97  2
        2013091106  8587097       8.37     121.69  2
        2013091109  8715476       8.38     121.12  2
        2013091112  8840986       8.48     120.96  2
        2013091115  9060364       8.52     120.51  2
        2013091118  9224805       8.62     119.36  2
        2013091121  9320982       8.66     118.02  2
        2013091200  9228403       8.78     117.12  2
        2013091203  8949772       8.79     115.83  2
        2013091206  8021226       8.58     112.44  2
        2013091209  7898729       8.46     111.65  2
        2013091212  7894031       8.49     111.09  2
        2013091215  7935254       8.50     111.49  2
        2013091218  7873270       8.41     110.31  2
        2013091221  7483114       8.28     108.14  2
        2013091300  7330691       8.39     108.21  2
        2013091303  7071512       8.54     108.54  2
        2013091306  6917658       8.75     108.60  2
        2013091309  6746272       8.96     108.87  2
        2013091312  6607423       9.16     109.29  2
        2013091315  6565891       9.40     109.98  2
        2013091318  6531740       9.63     110.07  2
        2013091321  6448072       9.85     110.39  2
        2013091400  4535381      15.10     118.37  2
        2013091403  4340452      15.44     119.13  2
        2013091406  4345613      15.68     118.92  2
        2013091409  4317628      15.92     118.91  2
        2013091412  4300702      16.06     119.03  2
        2013091415  4314015      16.16     119.83  2
        2013091418  9536380       9.77     140.70  2
        2013091421  9695403       9.74     140.89  2
        2013091500  9902298       9.73     141.32  2
        2013091503 10162618       9.72     141.51  2
        2013091506 10541022       9.80     141.19  2
        2013091509 10814172      10.12     140.25  2
        2013091512 10865158      10.45     140.11  2
        2013091515 11049209      10.95     139.98  2
        2013091518 11205152      11.40     138.85  2
        2013091521 11240437      12.02     138.07  2
        2013091600 11269100      12.62     137.09  2
        2013091603 11165072      13.05     135.72  2
        2013091606 11753334      13.48     133.15  1
        2013091609 11609850      13.86     131.61  1
        2013091612 11377218      14.22     130.48  1
        2013091615 11203774      14.37     129.37  1
        2013091618 10837709      14.54     127.50  1
        2013091621  9456849      12.02     124.87  1
        2013091700  9364294      12.23     123.97  1
        2013091703  9266027      12.44     123.32  1
        2013091706  9129433      12.69     122.34  1
        2013091709  8790867      12.97     121.05  1
        2013091712  8445603      13.17     120.32  1
        2013091715  6884994      15.14     113.99  1
        2013091718  7063801      15.15     113.82  1
        2013091721  7052417      15.20     113.47  1
        2013091800  7105320      15.24     113.19  1
        2013091803  7171281      15.31     112.81  1
        2013091806  7300809      15.38     112.46  1
        2013091809  7316580      15.43     112.00  1
        2013091812  7213076      15.46     112.12  1
        2013091815  7248115      15.43     112.42  1
        2013091818  7465681      15.43     112.43  1
        2013091821 11181684      15.41     128.33  1
        2013091900 11652774      15.46     129.22  1
        2013091903 12106855      15.49     130.05  1
        2013091906 12403711      15.55     130.24  1
        2013091909 12636017      15.64     130.75  1
        2013091912 12924743      15.70     131.60  1
        2013091915 13249830      15.69     132.05  1
        2013091918 13520666      15.70     132.15  1
        2013091921 13710873      15.72     132.27  1
        2013092000 13994127      15.73     132.48  1
        2013092003 14249711      15.74     132.68  1
        2013092006 14363148      15.71     132.47  1
        2013092009 14334435      15.70     132.33  1
        2013092012 14318328      15.69     132.36  1
        2013092015 14311456      15.69     132.03  1
        2013092018 14312521      15.72     131.71  1
        2013092021 14214685      15.77     131.55  1
        2013092100 14110103      15.76     131.59  1
        2013092103 13975181      15.80     131.69  1
        2013092106 13616261      15.71     131.77  1
        2013092109  9746016      15.80     144.00  1
        2013092112  8230440      14.02     139.32  1
        2013092115  8222234      13.96     139.11  1
        2013092118  8077501      13.97     138.84  1
        2013092121  7955596      14.04     138.74  1
        2013092200  7881754      14.13     138.55  1
        2013092203  7824068      14.26     138.29  1
        2013092206  7680793      14.39     138.06  1
        2013092209  7589784      14.54     137.94  1
        2013092212  7560030      14.70     137.70  1
        2013092215  7371951      14.84     137.52  1
        2013092218  7117981      15.01     137.56  2
        2013092221  6876526      15.24     137.44  2
        2013092300  6808019      15.46     137.32  2
        2013092303  6669494      15.75     137.22  2
        2013092306  6488860      16.09     137.12  2
        2013092309  6353913      16.41     137.08  2
        2013092312  6267372      16.72     136.90  2
        2013092315  6133509      17.03     136.84  2
        2013092318  5898666      17.41     136.86  2
        2013092321  5711598      17.73     136.60  2
        2013092400  5562747      18.07     136.76  2
        2013092403  5401744      18.28     136.56  2
        2013092406  5132624      18.42     136.74  2
        2013092409  4955690      18.64     136.87  2
        2013092412  4809189      18.72     136.93  2
        2013092415  4558491      18.77     136.90  1
        2013092418  2479226      13.92     128.75  1
        2013092421  2138477      13.11     129.17  1
        2013092500  2005241      12.99     128.68  1
        2013092503  1904228      12.95     127.89  1
        2013092506  1759585      12.91     127.30  1
        2013092509  1631139      12.91     126.65  1
        2013092512  1513326      12.87     126.16  1
        2013092515  1383491      12.95     125.03  1
        2013092518  1431433      12.99     124.51  1
        2013092521  1267886      13.05     123.44  1
        2013092600  1211322      13.08     122.45  1
        2013092603  1062634      13.18     120.73  1
        2013092606  1022177      13.31     119.19  1
        2013092609   982211      13.33     118.21  1
        2013092612  1033339      13.31     117.88  1
        2013092615  1050008      13.27     117.40  1
        2013092618  1098736      13.30     117.10  1
        2013092621  1100510      13.24     116.96  1
        2013092700  1167432      13.22     116.72  1
        2013092703  1228110      13.26     116.62  1
        2013092706  1277227      13.34     116.20  1
        2013092709  1306823      13.41     115.89  1
        2013092712  1362233      13.43     115.65  1
        2013092715  1407066      13.46     115.41  1
        2013092718  1445024      13.51     115.13  1
        2013092721  1387820      13.54     114.77  1
        2013092800  1347271      13.55     114.63  1
        2013092803  1313243      13.60     114.48  1
        2013092806  1237599      13.59     114.51  1
        2013092809  1147462      13.62     114.61  1
        2013092812  1097349      13.58     114.87  1
        2013092815  1103704      13.66     114.98  1
        2013092818  1176756      13.73     114.98  1
        2013092821  1141935      13.80     114.94  1
        2013092900  1163369      13.85     114.97  1
        2013092903  1192700      13.96     114.91  1
        2013092906  1225211      14.04     114.96  1
        2013092909  1212139      14.24     114.77  1
        2013092912  1230825      14.38     114.75  1
        2013092915  3904842      10.99     127.21  1
        2013092918  3809252      11.25     125.69  1
        2013092921  3762880      11.39     124.42  1
        2013093000  3668792      11.52     122.70  1
        2013093003  3778743      11.59     121.63  1
        2013093006  4003052      11.48     120.83  1
        2013093009  4062677      11.48     120.43  1
        2013093012  4232339      11.39     120.25  1
        2013093015  4349087      11.31     119.98  1
        2013093018  4517531      11.17     119.75  1
        2013093021  4574694      11.10     119.53  1
        2013100100  4643972      11.07     119.39  1
        2013100103  4660996      11.06     119.13  1
        2013100106  4768185      10.98     119.04  1
        2013100109  4791940      10.96     118.89  1
        2013100112  4799841      10.99     118.81  1
        2013100115  4791049      11.07     118.66  1
        2013100118  4783592      11.19     118.35  1
        2013100121  4571501      11.29     117.92  1
        2013100200  4446727      11.45     117.72  1
        2013100203  4187589      11.61     117.46  1
        2013100206  1508060      11.89     129.24  1
        2013100209  1377343      12.22     129.45  1
        2013100212  1333917      12.45     129.68  1
        2013100215  1241277      12.92     129.85  1
        2013100218  1124268      13.35     130.07  1
        2013100221   980763      13.76     130.17  1
        2013100300   920784      14.14     130.31  1
        2013100303   848742      14.59     130.33  1
        2013100306   806078      15.02     130.27  1
        2013100309   721742      15.50     130.15  1
        2013100312   689502      15.79     130.11  1
        2013100315   722935      16.39     130.08  1
        2013100318   756708      16.83     130.14  1
        2013100321   671163      17.41     130.17  1
        2013100400   657465      17.92     130.25  1
        2013100403   649415      18.50     130.26  1
        2013100406   640356      19.14     130.27  1
        2013100409   633711      19.90     130.29  1
        2013100412   656193      20.59     130.35  1
        2013100415   709007      21.32     130.39  1
        2013100418   768499      22.02     130.54  1
        2013100421   786410      22.65     130.60  1
        2013100500   818470      23.12     130.70  1
        2013100503   852948      23.71     130.77  1
        2013100506   863865      24.09     130.81  1
        2013100509   879593      24.47     130.84  1
        2013100512   918782      24.68     130.80  1
        2013100515   937233      24.93     130.80  1
        2013100518   933210      25.19     130.80  1
        2013100521   924128      25.38     130.80  1
        2013100600   944224      25.49     130.82  1
        2013100603   932691      25.64     130.78  1
        2013100606   948605      25.74     130.68  1
        2013100609   898785      25.81     130.19  1
        2013100612   889790      25.90     129.59  1
        2013100615   872037      25.96     129.09  1
        2013100618   757544      26.28     128.28  1
        2013100621   744605      26.57     127.31  1
        2013100700   737121      26.77     126.74  1
        2013100703   672556      26.96     126.01  1
        2013100706   660299      27.17     125.56  1
        2013100709   656190      27.40     125.16  1
        2013100712   624790      27.62     124.83  1
        2013100715   601641      27.84     124.61  1
        2013100718   610871      28.14     124.35  1
        2013100721   639281      28.51     124.11  1
        2013100800   705784      28.90     123.95  1
        2013100803   735090      29.15     123.96  1
        2013100806   697228      29.46     123.83  1
        2013100809   701068      29.68     123.86  1
        2013100812   680879      29.89     123.88  1
        2013100815   598357      30.04     123.79  1
        2013100818   531854      30.11     123.72  1
        2013100821   459700      30.25     123.66  1
        2013100900   410750      30.32     123.67  1
        2013100903   331737      30.42     123.62  1
LPT    10.0400
        2013090300   411930      -6.86     160.96  1
        2013090303   487975      -6.74     160.97  1
        2013090306   500312      -6.67     161.16  1
        2013090309   569506      -6.53     161.11  1
        2013090312   719277      -6.41     161.26  1
        2013090315   946672      -6.24     161.40  1
        2013090318  1058955      -6.10     161.45  1
        2013090321  1134424      -5.97     161.43  1
        2013090400  1242235      -5.80     161.34  1
        2013090403  1234166      -5.61     161.34  1
        2013090406  1196683      -5.52     161.52  1
        2013090409  1158339      -5.48     161.75  1
        2013090412  1153745      -5.46     161.99  1
        2013090415  1162084      -5.50     162.32  1
        2013090418  1157447      -5.51     162.44  1
        2013090421  1138873      -5.58     162.62  1
        2013090500  1016541      -5.71     162.97  1
        2013090503   825215      -5.80     163.32  1
        2013090506   691659      -5.74     163.35  1
        2013090509   541850      -5.75     163.50  1
        2013090512   469795      -5.55     163.10  1
        2013090515  1019135      -2.74     157.13  1
        2013090518  1010551      -1.87     155.37  1
        2013090521  1223741      -1.25     154.24  1
        2013090600  1470545      -1.11     154.02  1
        2013090603  1663380      -0.87     153.68  1
        2013090606  1727482      -0.64     153.28  1
        2013090609  1788423      -0.46     152.95  1
        2013090612  1875586      -0.27     152.58  1
        2013090615  2013582      -0.06     152.17  1
        2013090618  1913624       0.32     151.32  1
        2013090621  1862091       0.53     150.75  1
        2013090700  1776570       0.69     150.33  1
        2013090703  1596213       0.89     149.88  1
        2013090706  1432739       0.97     149.82  1
        2013090709  1292334       0.87     150.38  1
        2013090712  1144186       0.66     151.17  1
        2013090715  1127153       0.36     151.80  1
        2013090718  1021392       0.08     152.40  1
        2013090721  1256382      -0.64     152.97  1
        2013090800  1348675      -1.08     153.20  1
        2013090803  1429401      -1.36     153.31  1
        2013090806  1510980      -1.49     153.20  1
        2013090809  1500045      -1.68     153.18  1
        2013090812  1590845      -1.75     152.94  1
        2013090815  1684906      -1.63     152.43  1
        2013090818  2884456       1.15     143.35  1
        2013090821  5402195       3.03     125.71  1
        2013090900  5270912       3.26     126.01  1
        2013090903  5184997       3.62     125.75  1
        2013090906  5094674       4.30     123.36  1
        2013090909  4759996       5.21     120.54  1
        2013090912  4677766       5.42     121.08  1
        2013090915  4871996       5.67     121.54  1
        2013090918  5183813       5.96     121.03  1
        2013090921  5106575       6.02     120.78  1
        2013091000  5033175       6.14     120.46  1
        2013091003  5212694       6.21     119.93  1
        2013091006  5585588       6.29     118.95  1
        2013091009  5909934       6.33     118.15  1
        2013091012  5954101       6.28     118.54  1
        2013091015  7732051       8.23     125.61  1
        2013091018  8318038       8.27     125.26  1
        2013091021  8492988       8.21     124.03  2
        2013091100  8363324       8.28     123.40  2
        2013091103  8465707       8.34     122.97  2
        2013091106  8587097       8.37     121.69  2
        2013091109  8715476       8.38     121.12  2
        2013091112  8840986       8.48     120.96  2
        2013091115  9060364       8.52     120.51  2
        2013091118  9224805       8.62     119.36  2
        2013091121  9320982       8.66     118.02  2
        2013091200  9228403       8.78     117.12  2
        2013091203  8949772       8.79     115.83  2
        2013091206  8021226       8.58     112.44  2
        2013091209  7898729       8.46     111.65  2
        2013091212  7894031       8.49     111.09  2
        2013091215  7935254       8.50     111.49  2
        2013091218  7873270       8.41     110.31  2
        2013091221  7483114       8.28     108.14  2
        2013091300  7330691       8.39     108.21  2
        2013091303  7071512       8.54     108.54  2
        2013091306  6917658       8.75     108.60  2
        2013091309  6746272       8.96     108.87  2
        2013091312  6607423       9.16     109.29  2
        2013091315  6565891       9.40     109.98  2
        2013091318  6531740       9.63     110.07  2
        2013091321  6448072       9.85     110.39  2
        2013091400  4535381      15.10     118.37  2
        2013091403  4340452      15.44     119.13  2
        2013091406  4345613      15.68     118.92  2
        2013091409  4317628      15.92     118.91  2
        2013091412  4300702      16.06     119.03  2
        2013091415  4314015      16.16     119.83  2
        2013091418  9536380       9.77     140.70  2
        2013091421  9695403       9.74     140.89  2
        2013091500  9902298       9.73     141.32  2
        2013091503 10162618       9.72     141.51  2
        2013091506 10541022       9.80     141.19  2
        2013091509 10814172      10.12     140.25  2
        2013091512 10865158      10.45     140.11  2
        2013091515 11049209      10.95     139.98  2
        2013091518 11205152      11.40     138.85  2
        2013091521 11240437      12.02     138.07  2
        2013091600 11269100      12.62     137.09  2
        2013091603 11165072      13.05     135.72  2
        2013091606 11753334      13.48     133.15  1
        2013091609 11609850      13.86     131.61  1
        2013091612 11377218      14.22     130.48  1
        2013091615 11203774      14.37     129.37  1
        2013091618 10837709      14.54     127.50  1
        2013091621  9456849      12.02     124.87  1
        2013091700  9364294      12.23     123.97  1
        2013091703  9266027      12.44     123.32  1
        2013091706  9129433      12.69     122.34  1
        2013091709  8790867      12.97     121.05  1
        2013091712  8445603      13.17     120.32  1
        2013091715  6884994      15.14     113.99  1
        2013091718  7063801      15.15     113.82  1
        2013091721  7052417      15.20     113.47  1
        2013091800  7105320      15.24     113.19  1
        2013091803  7171281      15.31     112.81  1
        2013091806  7300809      15.38     112.46  1
        2013091809  7316580      15.43     112.00  1
        2013091812  7213076      15.46     112.12  1
        2013091815  7248115      15.43     112.42  1
        2013091818  7465681      15.43     112.43  1
        2013091821 11181684      15.41     128.33  1
        2013091900 11652774      15.46     129.22  1
        2013091903 12106855      15.49     130.05  1
        2013091906 12403711      15.55     130.24  1
        2013091909 12636017      15.64     130.75  1
        2013091912 12924743      15.70     131.60  1
        2013091915 13249830      15.69     132.05  1
        2013091918 13520666      15.70     132.15  1
        2013091921 13710873      15.72     132.27  1
        2013092000 13994127      15.73     132.48  1
        2013092003 14249711      15.74     132.68  1
        2013092006 14363148      15.71     132.47  1
        2013092009 14334435      15.70     132.33  1
        2013092012 14318328      15.69     132.36  1
        2013092015 14311456      15.69     132.03  1
        2013092018 14312521      15.72     131.71  1
        2013092021 14214685      15.77     131.55  1
        2013092100 14110103      15.76     131.59  1
        2013092103 13975181      15.80     131.69  1
        2013092106 13616261      15.71     131.77  1
        2013092109  9746016      15.80     144.00  1
        2013092112  8230440      14.02     139.32  1
        2013092115  8222234      13.96     139.11  1
        2013092118  8077501      13.97     138.84  1
        2013092121  7955596      14.04     138.74  1
        2013092200  7881754      14.13     138.55  1
        2013092203  7824068      14.26     138.29  1
        2013092206  7680793      14.39     138.06  1
        2013092209  7589784      14.54     137.94  1
        2013092212  7560030      14.70     137.70  1
        2013092215  7371951      14.84     137.52  1
        2013092218  7117981      15.01     137.56  2
        2013092221  6876526      15.24     137.44  2
        2013092300  6808019      15.46     137.32  2
        2013092303  6669494      15.75     137.22  2
        2013092306  6488860      16.09     137.12  2
        2013092309  6353913      16.41     137.08  2
        2013092312  6267372      16.72     136.90  2
        2013092315  6133509      17.03     136.84  2
        2013092318  5898666      17.41     136.86  2
        2013092321  5711598      17.73     136.60  2
        2013092400  5562747      18.07     136.76  2
        2013092403  5401744      18.28     136.56  2
        2013092406  5132624      18.42     136.74  2
        2013092409  4955690      18.64     136.87  2
        2013092412  4809189      18.72     136.93  2
        2013092415  4558491      18.77     136.90  1
        2013092418  1765754      25.38     146.13  1
        2013092421  1695877      25.75     146.24  1
        2013092500  1640822      26.08     146.29  1
        2013092503  1576747      26.42     146.38  1
        2013092506  1534653      26.73     146.38  1
        2013092509  1495901      27.01     146.41  1
        2013092512  1451478      27.32     146.44  1
        2013092515  1423776      27.66     146.40  1
        2013092518  1391187      28.02     146.33  1
        2013092521  1357400      28.43     146.29  1
        2013092600  1333708      28.80     146.26  1
        2013092603  1274443      29.22     146.29  1
        2013092606  1197256      29.60     146.40  1
        2013092609  1121038      30.16     146.51  1
        2013092612  1062978      30.76     146.59  1
        2013092615   982439      31.79     146.72  1
        2013092618  1394791      38.05     148.70  1
        2013092621  1391514      40.16     149.50  1
        2013092700  1335980      41.78     150.19  1
        2013092703  1340517      43.13     151.13  1
        2013092706  1337209      43.64     151.81  1
        2013092709  1357748      43.92     152.35  1
        2013092712  1345236      44.14     152.74  1
        2013092715  1335564      44.28     153.04  1
        2013092718  1262077      44.50     153.57  1
        2013092721  1224908      44.59     153.82  1
        2013092800  1166690      44.73     154.01  1
        2013092803  1094772      44.89     154.28  1
        2013092806  1007405      45.05     154.56  1
        2013092809   936009      45.22     154.84  1
        2013092812   835572      45.44     155.22  1
        2013092815   685832      45.78     155.80  1
        2013092818   577820      46.13     156.26  1
        2013092821   365513      47.08     157.32  1
LPT    10.0500
        2013092409   378696       6.12     176.84  1
        2013092412   585373       6.00     176.69  1
        2013092415   901578       6.07     176.23  1
        2013092418  1137515       6.29     175.76  1
        2013092421  1417358       6.64     174.54  1
        2013092500  2161700       7.21     170.76  1
        2013092503  2585078       7.44     169.38  1
        2013092506  2770286       7.54     168.74  1
        2013092509  2861606       7.59     168.12  1
        2013092512  2927199       7.60     167.23  1
        2013092515  2959406       7.55     166.18  1
        2013092518  2804250       7.53     164.80  1
        2013092521  2643119       7.61     163.40  1
        2013092600  2499596       7.69     161.86  1
        2013092603  2515237       7.62     160.83  1
        2013092606  2489002       7.64     159.94  1
        2013092609  2469624       7.69     159.11  1
        2013092612  2513288       7.80     158.17  1
        2013092615  3398496       8.31     153.55  1
        2013092618  3677232       8.64     151.49  1
        2013092621  4074571       9.08     150.17  1
        2013092700  4262015       9.51     149.87  1
        2013092703  4484813       9.99     149.79  1
        2013092706  4520862      10.32     149.73  1
        2013092709  4491575      10.65     149.84  1
        2013092712  4596976      11.01     149.95  1
        2013092715  4757837      11.47     150.15  1
        2013092718  4748167      11.71     149.65  1
        2013092721  4749838      11.91     149.42  1
        2013092800  4775802      12.17     149.14  1
        2013092803  4760469      12.37     148.83  1
        2013092806  4730631      12.50     148.39  1
        2013092809  4801151      12.50     148.06  1
        2013092812  4858932      12.55     147.80  1
        2013092815  3158204       8.91     139.70  1
        2013092818  3145262       8.88     139.02  1
        2013092821  2960968       8.85     138.38  1
        2013092900  2812115       8.88     137.74  1
        2013092903  2709505       8.94     136.88  1
        2013092906  2622995       9.00     136.00  1
        2013092909  2549518       9.07     135.41  1
        2013092912  2528442       9.15     134.70  1
        2013092915  3904842      10.99     127.21  1
        2013092918  3809252      11.25     125.69  1
        2013092921  3762880      11.39     124.42  1
        2013093000  3668792      11.52     122.70  1
        2013093003  3778743      11.59     121.63  1
        2013093006  4003052      11.48     120.83  1
        2013093009  4062677      11.48     120.43  1
        2013093012  4232339      11.39     120.25  1
        2013093015  4349087      11.31     119.98  1
        2013093018  4517531      11.17     119.75  1
        2013093021  4574694      11.10     119.53  1
        2013100100  4643972      11.07     119.39  1
        2013100103  4660996      11.06     119.13  1
        2013100106  4768185      10.98     119.04  1
        2013100109  4791940      10.96     118.89  1
        2013100112  4799841      10.99     118.81  1
        2013100115  4791049      11.07     118.66  1
        2013100118  4783592      11.19     118.35  1
        2013100121  4571501      11.29     117.92  1
        2013100200  4446727      11.45     117.72  1
        2013100203  4187589      11.61     117.46  1
        2013100206  1508060      11.89     129.24  1
        2013100209  1377343      12.22     129.45  1
        2013100212  1333917      12.45     129.68  1
        2013100215  1241277      12.92     129.85  1
        2013100218  1124268      13.35     130.07  1
        2013100221   980763      13.76     130.17  1
        2013100300   920784      14.14     130.31  1
        2013100303   848742      14.59     130.33  1
        2013100306   806078      15.02     130.27  1
        2013100309   721742      15.50     130.15  1
        2013100312   689502      15.79     130.11  1
        2013100315   722935      16.39     130.08  1
        2013100318   756708      16.83     130.14  1
        2013100321   671163      17.41     130.17  1
        2013100400   657465      17.92     130.25  1
        2013100403   649415      18.50     130.26  1
        2013100406   640356      19.14     130.27  1
        2013100409   633711      19.90     130.29  1
        2013100412   656193      20.59     130.35  1
        2013100415   709007      21.32     130.39  1
        2013100418   768499      22.02     130.54  1
        2013100421   786410      22.65     130.60  1
        2013100500   818470      23.12     130.70  1
        2013100503   852948      23.71     130.77  1
        2013100506   863865      24.09     130.81  1
        2013100509   879593      24.47     130.84  1
        2013100512   918782      24.68     130.80  1
        2013100515   937233      24.93     130.80  1
        2013100518   933210      25.19     130.80  1
        2013100521   924128      25.38     130.80  1
        2013100600   944224      25.49     130.82  1
        2013100603   932691      25.64     130.78  1
        2013100606   948605      25.74     130.68  1
        2013100609   898785      25.81     130.19  1
        2013100612   889790      25.90     129.59  1
        2013100615   872037      25.96     129.09  1
        2013100618   757544      26.28     128.28  1
        2013100621   744605      26.57     127.31  1
        2013100700   737121      26.77     126.74  1
        2013100703   672556      26.96     126.01  1
        2013100706   660299      27.17     125.56  1
        2013100709   656190      27.40     125.16  1
        2013100712   624790      27.62     124.83  1
        2013100715   601641      27.84     124.61  1
        2013100718   610871      28.14     124.35  1
        2013100721   639281      28.51     124.11  1
        2013100800   705784      28.90     123.95  1
        2013100803   735090      29.15     123.96  1
        2013100806   697228      29.46     123.83  1
        2013100809   701068      29.68     123.86  1
        2013100812   680879      29.89     123.88  1
        2013100815   598357      30.04     123.79  1
        2013100818   531854      30.11     123.72  1
        2013100821   459700      30.25     123.66  1
        2013100900   410750      30.32     123.67  1
        2013100903   331737      30.42     123.62  1
LPT    11.0100
        2013093018   663719      20.57     177.82  1
        2013093021   926166      20.81     178.01  1
        2013100100   957653      20.73     177.94  1
        2013100103  1009665      20.72     177.87  1
        2013100106   995379      20.93     177.89  1
        2013100109  1053262      21.19     177.95  1
        2013100112  1117950      21.83     178.18  1
        2013100115  1248134      21.97     178.19  1
        2013100118  1266262      22.10     178.17  1
        2013100121  1327615      22.31     178.21  1
        2013100200  1328354      22.45     178.25  1
        2013100203  1272075      22.39     178.11  1
        2013100206  1234069      22.50     178.10  1
        2013100209  1183022      22.56     178.07  1
        2013100212  1014464      22.31     177.85  1
        2013100215   940046      22.27     177.77  1
        2013100218   709946      21.43     177.16  1
        2013100221   670103      21.21     177.02  1
        2013100300   679971      21.10     176.97  1
        2013100303   686251      21.15     177.00  1
        2013100306   643216      21.12     176.97  1
        2013100309   587388      21.23     177.06  1
        2013100312   482184      21.28     177.10  1
        2013100315   423340      21.48     177.23  1
        2013100318   302402      21.59     177.34  1
        2013100403   330897      21.69     177.76  1
        2013100406   328644      21.74     177.96  1
        2013100409   362776      21.86     178.22  1
        2013100412   529800      22.22     178.72  1
        2013100415   656575      22.45     179.13  1
        2013100418   673162      22.70     179.49  1
        2013100421   773081      23.03     179.95  1
        2013100500   903074      23.33     180.45  1
        2013100503  1021824      23.54     180.73  1
        2013100506  1110627      23.74     180.98  1
        2013100509  1191458      23.93     181.12  1
        2013100512  1279602      24.06     181.27  1
        2013100515  1358565      24.18     181.37  1
        2013100518  1395924      24.30     181.51  1
        2013100521  1437509      24.41     181.62  1
        2013100600  1476503      24.49     181.75  1
        2013100603  1498468      24.59     181.84  1
        2013100606  1503325      24.72     181.85  1
        2013100609  1518001      24.77     181.84  1
        2013100612  1546539      24.79     181.79  1
        2013100615  1577885      24.85     181.80  1
        2013100618  1571242      24.94     181.80  1
        2013100621  1549239      25.07     181.87  1
        2013100700  1537343      25.24     181.94  1
        2013100703  1457268      25.47     182.02  1
        2013100706  1380635      25.78     182.05  1
        2013100709  1370275      26.14     181.99  1
        2013100712  1450977      26.65     181.74  1
        2013100715  1368594      27.19     181.69  1
        2013100718  1319129      27.71     181.63  1
        2013100721  1339153      28.18     181.67  1
        2013100800  1321250      28.68     181.80  1
        2013100803  1167597      29.30     181.88  1
        2013100806   980234      29.83     182.09  1
        2013100809   824455      30.30     182.36  1
        2013100812   637732      30.74     182.71  1
        2013100815   463260      31.43     183.07  1
        2013100818   345322      32.14     183.44  1
        2013100821   270992      32.94     183.90  1
LPT    12.0100
        2013100303   840159      -0.96     143.09  1
        2013100306  1262168      -0.82     142.94  1
        2013100309  1585975      -0.84     143.22  1
        2013100312  2052058      -0.74     143.62  1
        2013100315  2501622      -0.63     144.03  1
        2013100318  2896177      -0.45     144.33  1
        2013100321  3158884      -0.26     144.48  1
        2013100400  3480303       0.09     144.45  1
        2013100403  3718643       0.33     144.38  1
        2013100406  3906514       0.42     144.32  1
        2013100409  4048402       0.55     144.32  1
        2013100412  4250017       0.72     144.38  1
        2013100415  4454245       0.82     144.52  1
        2013100418  4639260       1.21     144.41  1
        2013100421  4746600       1.51     144.43  1
        2013100500  4906245       1.97     144.41  1
        2013100503  5047754       2.47     144.47  1
        2013100506  5303882       2.87     144.33  1
        2013100509  5413940       3.25     144.47  1
        2013100512  5616514       3.73     144.46  1
        2013100515  5803169       4.13     144.48  1
        2013100518  5974228       4.50     144.21  1
        2013100521  5974240       4.77     144.05  1
        2013100600  6059583       5.08     143.66  1
        2013100603  6155035       5.45     143.07  1
        2013100606  6283915       5.73     142.31  1
        2013100609  6331477       5.91     141.84  1
        2013100612  6485106       6.22     141.67  1
        2013100615  6601543       6.54     141.60  1
        2013100618  6745321       6.83     141.30  1
        2013100621  6761023       7.07     141.17  1
        2013100700  6707943       7.28     140.99  1
        2013100703  6628411       7.55     141.08  1
        2013100706  6575785       7.78     140.91  1
        2013100709  6503563       7.90     140.75  1
        2013100712  6377583       8.04     140.70  1
        2013100715  6261917       8.15     140.64  1
        2013100718  6084307       8.27     140.29  1
        2013100721  5805836       8.36     140.17  1
        2013100800  5601983       8.50     140.02  1
        2013100803  5282616       8.72     140.46  1
        2013100806  5032046       8.89     140.49  1
        2013100809  4830654       8.96     140.90  1
        2013100812  4863753       8.94     141.52  1
        2013100815  4896982       8.71     142.53  1
        2013100818  4753912       8.68     143.19  1
        2013100821  4560173       8.47     144.49  1
        2013100900  4660300       8.10     145.72  1
        2013100903  4950581       7.76     146.44  1
        2013100906  5110876       7.55     146.69  1
        2013100909  5176774       7.41     147.07  1
        2013100912  5453057       7.47     147.42  1
        2013100915  5698206       7.52     147.46  1
        2013100918  5781371       7.48     147.52  1
        2013100921  5764354       7.40     147.66  1
        2013101000  5799037       7.49     147.66  1
        2013101003  5926027       7.61     147.70  1
        2013101006  5921235       7.59     147.53  1
        2013101009  5950956       7.57     147.59  1
        2013101012  6120568       7.63     147.29  1
        2013101015  6315266       7.65     146.72  1
        2013101018  6303719       7.70     146.13  1
        2013101021  6349483       7.88     145.68  1
        2013101100  6302357       8.04     145.15  1
        2013101103  6257329       8.21     144.52  1
        2013101106  6204490       8.48     143.73  1
        2013101109  6126328       8.76     143.25  1
        2013101112  6073559       9.13     142.67  1
        2013101115  6010490       9.55     142.08  1
        2013101118  5845462      10.34     141.22  1
        2013101121  5619104      10.95     140.59  1
        2013101200  5305034      11.86     139.58  1
        2013101203  5070414      12.61     138.65  1
        2013101206  4965369      13.02     137.71  1
        2013101209  4914864      13.28     137.19  1
        2013101212  4964173      13.53     136.74  1
        2013101215  5001391      13.72     136.23  1
        2013101218  4997544      13.95     135.77  1
        2013101221  4942052      14.14     135.61  1
        2013101300  5006436      14.40     135.44  1
        2013101303  5108896      14.68     135.25  1
        2013101306  5138375      14.92     134.93  1
        2013101309  5152053      15.10     134.57  1
        2013101312  5131320      15.27     134.35  1
        2013101315  5128045      15.47     134.03  1
        2013101318  5019803      15.67     133.80  1
        2013101321  4887229      15.81     133.70  1
        2013101400  3270978      16.58     139.88  1
        2013101403  3162178      16.85     139.91  1
        2013101406  3066272      17.16     139.81  1
        2013101409  2960443      17.46     139.67  1
        2013101412  2902947      17.78     139.52  1
        2013101415  2900545      18.25     139.36  1
        2013101418  2810938      18.92     139.03  1
        2013101421  2777200      19.66     138.68  1
        2013101500  2750008      20.15     138.46  1
        2013101503  2709708      20.84     138.22  1
        2013101506  2633178      21.63     137.92  1
        2013101509  2659027      22.81     137.61  1
        2013101512  2712811      23.77     137.44  1
        2013101515  2699177      24.95     137.27  1
        2013101518  2691407      26.19     137.17  1
        2013101521  2639491      27.31     137.13  1
        2013101600  2601927      28.30     137.19  1
        2013101603  2446635      29.43     137.20  1
        2013101606  2279189      30.43     137.21  1
        2013101609  2154334      31.03     137.24  1
        2013101612  2101014      31.54     137.35  1
        2013101615  2000410      31.94     137.40  1
        2013101618  1918573      32.24     137.42  1
        2013101621  1824250      32.58     137.46  1
        2013101700  1756396      32.81     137.51  1
        2013101703  1686670      33.06     137.57  1
        2013101706  1592585      33.31     137.63  1
        2013101709  1491887      33.61     137.73  1
        2013101712  1387372      33.90     137.84  1
        2013101715  1248431      34.19     137.98  1
        2013101718  1071260      34.80     138.32  1
        2013101721   880145      35.45     138.83  1
        2013101800   680235      36.21     139.43  1
        2013101803   536545      36.65     139.85  1
        2013101806   324398      37.16     140.37  1
LPT    12.0200
        2013100303   840159      -0.96     143.09  1
        2013100306  1262168      -0.82     142.94  1
        2013100309  1585975      -0.84     143.22  1
        2013100312  2052058      -0.74     143.62  1
        2013100315  2501622      -0.63     144.03  1
        2013100318  2896177      -0.45     144.33  1
        2013100321  3158884      -0.26     144.48  1
        2013100400  3480303       0.09     144.45  1
        2013100403  3718643       0.33     144.38  1
        2013100406  3906514       0.42     144.32  1
        2013100409  4048402       0.55     144.32  1
        2013100412  4250017       0.72     144.38  1
        2013100415  4454245       0.82     144.52  1
        2013100418  4639260       1.21     144.41  1
        2013100421  4746600       1.51     144.43  1
        2013100500  4906245       1.97     144.41  1
        2013100503  5047754       2.47     144.47  1
        2013100506  5303882       2.87     144.33  1
        2013100509  5413940       3.25     144.47  1
        2013100512  5616514       3.73     144.46  1
        2013100515  5803169       4.13     144.48  1
        2013100518  5974228       4.50     144.21  1
        2013100521  5974240       4.77     144.05  1
        2013100600  6059583       5.08     143.66  1
        2013100603  6155035       5.45     143.07  1
        2013100606  6283915       5.73     142.31  1
        2013100609  6331477       5.91     141.84  1
        2013100612  6485106       6.22     141.67  1
        2013100615  6601543       6.54     141.60  1
        2013100618  6745321       6.83     141.30  1
        2013100621  6761023       7.07     141.17  1
        2013100700  6707943       7.28     140.99  1
        2013100703  6628411       7.55     141.08  1
        2013100706  6575785       7.78     140.91  1
        2013100709  6503563       7.90     140.75  1
        2013100712  6377583       8.04     140.70  1
        2013100715  6261917       8.15     140.64  1
        2013100718  6084307       8.27     140.29  1
        2013100721  5805836       8.36     140.17  1
        2013100800  5601983       8.50     140.02  1
        2013100803  5282616       8.72     140.46  1
        2013100806  5032046       8.89     140.49  1
        2013100809  4830654       8.96     140.90  1
        2013100812  4863753       8.94     141.52  1
        2013100815  4896982       8.71     142.53  1
        2013100818  4753912       8.68     143.19  1
        2013100821  4560173       8.47     144.49  1
        2013100900  4660300       8.10     145.72  1
        2013100903  4950581       7.76     146.44  1
        2013100906  5110876       7.55     146.69  1
        2013100909  5176774       7.41     147.07  1
        2013100912  5453057       7.47     147.42  1
        2013100915  5698206       7.52     147.46  1
        2013100918  5781371       7.48     147.52  1
        2013100921  5764354       7.40     147.66  1
        2013101000  5799037       7.49     147.66  1
        2013101003  5926027       7.61     147.70  1
        2013101006  5921235       7.59     147.53  1
        2013101009  5950956       7.57     147.59  1
        2013101012  6120568       7.63     147.29  1
        2013101015  6315266       7.65     146.72  1
        2013101018  6303719       7.70     146.13  1
        2013101021  6349483       7.88     145.68  1
        2013101100  6302357       8.04     145.15  1
        2013101103  6257329       8.21     144.52  1
        2013101106  6204490       8.48     143.73  1
        2013101109  6126328       8.76     143.25  1
        2013101112  6073559       9.13     142.67  1
        2013101115  6010490       9.55     142.08  1
        2013101118  5845462      10.34     141.22  1
        2013101121  5619104      10.95     140.59  1
        2013101200  5305034      11.86     139.58  1
        2013101203  5070414      12.61     138.65  1
        2013101206  4965369      13.02     137.71  1
        2013101209  4914864      13.28     137.19  1
        2013101212  4964173      13.53     136.74  1
        2013101215  5001391      13.72     136.23  1
        2013101218  4997544      13.95     135.77  1
        2013101221  4942052      14.14     135.61  1
        2013101300  5006436      14.40     135.44  1
        2013101303  5108896      14.68     135.25  1
        2013101306  5138375      14.92     134.93  1
        2013101309  5152053      15.10     134.57  1
        2013101312  5131320      15.27     134.35  1
        2013101315  5128045      15.47     134.03  1
        2013101318  5019803      15.67     133.80  1
        2013101321  4887229      15.81     133.70  1
        2013101400  1432855      14.46     118.59  1
        2013101403  1378043      14.38     117.94  1
        2013101406  1327504      14.33     117.23  1
        2013101409  1275935      14.33     116.66  1
        2013101412  1228678      14.36     116.16  1
        2013101415  1182975      14.39     115.70  1
        2013101418  1126008      14.43     115.18  1
        2013101421  1037317      14.55     114.45  1
        2013101500   959016      14.69     113.92  1
        2013101503   886758      14.85     113.30  1
        2013101506   793068      14.97     112.64  1
        2013101509   667492      15.07     112.12  1
        2013101512   630810      15.12     111.81  1
        2013101515   566678      15.13     111.48  1
        2013101518   560619      15.17     110.99  1
        2013101521   527723      15.21     110.50  1
        2013101600   563360      15.26     110.16  1
        2013101603   592771      15.39     109.59  1
        2013101606   555194      15.52     108.96  1
        2013101609   524284      15.68     108.47  1
        2013101612   550600      15.84     108.10  1
        2013101615   648647      16.06     107.86  1
        2013101618   679184      16.24     107.67  1
        2013101621   714204      16.39     107.57  1
        2013101700   754385      16.53     107.44  1
        2013101703   759694      16.68     107.26  1
        2013101706   746751      16.78     107.04  1
        2013101709   704359      16.85     106.76  1
        2013101712   689545      16.87     106.47  1
        2013101715   693043      16.92     106.30  1
        2013101718   652970      16.97     106.18  1
        2013101721   624529      17.09     106.00  1
        2013101800   562125      17.23     105.81  1
        2013101803   505736      17.36     105.69  1
        2013101806   434649      17.50     105.58  1
        2013101809   364515      17.59     105.46  1
        2013101812   360085      17.60     105.39  1
        2013101815   363930      17.51     105.17  1
        2013101818   390811      17.34     104.96  1
        2013101821   300895      17.33     104.88  1
LPT    13.0100
        2013100600   356853      10.64     101.50  1
        2013100603   536135      10.55     101.60  1
        2013100606   674367      10.51     101.80  1
        2013100609   771575      10.49     101.93  1
        2013100612   780120      10.41     101.90  1
        2013100615   858484      10.35     101.91  1
        2013100618   880635      10.30     101.78  1
        2013100621   961958      10.27     101.44  1
        2013100700  1016070      10.21     101.28  1
        2013100703  1054913      10.18     101.04  1
        2013100706  1131799      10.13     101.03  1
        2013100709  1188757      10.13     100.92  1
        2013100712  1191988      10.07     100.76  1
        2013100715  1207219      10.05     100.61  1
        2013100718  1215594      10.04     100.23  1
        2013100721  1193412      10.07      99.82  1
        2013100800  1218003      10.18      99.31  1
        2013100803  1238787      10.28      98.76  1
        2013100806  1298127      10.40      98.15  1
        2013100809  1372490      10.53      97.73  1
        2013100812  1474985      10.62      97.34  1
        2013100815  1538695      10.59      97.12  1
        2013100818  1646366      10.69      96.83  1
        2013100821  1708664      10.66      96.50  1
        2013100900  1707456      10.74      96.12  1
        2013100903  1688674      10.86      95.63  1
        2013100906  1701985      11.05      94.92  1
        2013100909  1762127      11.23      94.25  1
        2013100912  1804650      11.32      93.80  1
        2013100915  1843574      11.37      93.40  1
        2013100918  1897582      11.41      93.06  1
        2013100921  2039022      11.57      92.64  1
        2013101000  2108577      11.74      92.14  1
        2013101003  2152631      11.90      91.72  1
        2013101006  2252242      12.06      91.16  1
        2013101009  2338472      12.18      90.83  1
        2013101012  2338193      12.22      90.63  1
        2013101015  2361197      12.26      90.47  1
        2013101018  2413079      12.34      90.33  1
        2013101021  2453858      12.48      90.16  1
        2013101100  2445495      12.66      89.96  1
        2013101103  2427229      12.85      89.76  1
        2013101106  2441233      13.10      89.43  1
        2013101109  2452366      13.41      89.08  1
        2013101112  2407339      13.50      88.88  1
        2013101115  2353341      13.58      88.74  1
        2013101118  2330236      13.65      88.61  1
        2013101121  2302607      13.79      88.49  1
        2013101200  2244930      13.95      88.40  1
        2013101203  2221120      14.16      88.28  1
        2013101206  2199490      14.39      88.11  1
        2013101209  2144432      14.76      88.00  1
        2013101212  2087136      15.06      87.93  1
        2013101215  2023264      15.29      87.89  1
        2013101218  1980180      15.52      87.84  1
        2013101221  1969410      15.78      87.75  1
        2013101300  1883041      16.06      87.63  1
        2013101303  1800852      16.38      87.50  1
        2013101306  1723016      16.74      87.36  1
        2013101309  1613097      17.26      87.19  1
        2013101312  1536881      17.74      87.00  1
        2013101315  1467870      18.01      86.92  1
        2013101318  1377331      18.34      86.81  1
        2013101321  1255291      18.63      86.71  1
        2013101400  1087260      18.98      86.59  1
        2013101403   955045      19.28      86.49  1
        2013101406   817618      19.69      86.36  1
        2013101409   641036      20.26      86.20  1
        2013101412   467245      20.98      86.12  1
        2013101415   376840      21.39      86.12  1
        2013101418   288172      21.87      86.11  1
LPT    14.0100
        2013101515   480114      -2.38      72.47  1
        2013101518   687659      -2.40      72.50  1
        2013101521   973838      -2.39      72.75  1
        2013101600  1103426      -2.37      73.08  1
        2013101603  1233004      -2.35      73.49  1
        2013101606  1385712      -2.33      74.21  1
        2013101609  1632618      -2.20      75.13  1
        2013101612  1846351      -2.04      75.78  1
        2013101615  2080186      -1.81      76.48  1
        2013101618  2283939      -1.59      77.21  1
        2013101621  2480020      -1.31      77.96  1
        2013101700  2545822      -1.04      78.54  1
        2013101703  2667863      -0.80      79.31  1
        2013101706  2868531      -0.57      80.43  1
        2013101709  3011317      -0.30      81.53  1
        2013101712  3073729      -0.12      82.45  1
        2013101715  3167650       0.01      83.17  1
        2013101718  3316231       0.07      84.01  1
        2013101721  3433098       0.18      84.82  1
        2013101800  3512964       0.29      85.75  1
        2013101803  3664454       0.40      86.47  1
        2013101806  3887287       0.49      87.07  1
        2013101809  4038421       0.61      87.58  1
        2013101812  4114206       0.72      87.87  1
        2013101815  4264649       0.78      88.12  1
        2013101818  4468105       0.87      88.38  1
        2013101821  4661364       0.96      88.52  1
        2013101900  4715540       1.08      88.77  1
        2013101903  4758194       1.15      89.03  1
        2013101906  4866081       1.20      89.29  1
        2013101909  4955207       1.34      89.51  1
        2013101912  4959184       1.44      89.83  1
        2013101915  5013018       1.44      90.12  1
        2013101918  5033808       1.40      90.66  1
        2013101921  5086770       1.41      90.95  1
        2013102000  5142836       1.43      91.34  1
        2013102003  5235809       1.49      91.61  1
        2013102006  5325873       1.50      91.87  1
        2013102009  5369233       1.60      92.14  1
        2013102012  5351375       1.64      92.33  1
        2013102015  5393527       1.62      92.37  1
        2013102018  5554279       1.47      92.46  1
        2013102021  5701172       1.50      92.30  1
        2013102100  5784774       1.51      92.20  1
        2013102103  5785513       1.47      92.09  1
        2013102106  5765722       1.30      92.10  1
        2013102109  5576343       1.16      92.33  1
        2013102112  5322790       0.94      92.51  1
        2013102115  5026438       0.65      92.70  1
        2013102118  4638788       0.22      93.11  1
        2013102121  3820465      -1.08      94.21  1
        2013102200  3445552      -1.45      94.36  1
        2013102203  3166484      -1.82      94.38  1
        2013102206  1406824      -7.40      88.07  1
        2013102209  1238008      -7.88      87.42  1
        2013102212  1187698      -8.10      87.02  1
        2013102215  1161376      -8.23      86.65  1
        2013102218  1140528      -8.30      86.18  1
        2013102221  1121898      -8.41      85.74  1
        2013102300  1084344      -8.47      85.27  1
        2013102303  1035262      -8.57      84.86  1
        2013102306  1002950      -8.67      84.55  1
        2013102309   913553      -8.74      84.24  1
        2013102312   874444      -8.84      84.04  1
        2013102315   855115      -8.95      83.84  1
        2013102318   825874      -9.07      83.56  1
        2013102321   745491      -9.24      83.09  1
        2013102400   639442      -9.33      82.62  1
        2013102403   593666      -9.37      82.26  1
        2013102406   515948      -9.38      81.92  1
        2013102409   394812      -9.38      81.47  1
        2013102412   339171      -9.40      81.24  1
LPT    15.0100
        2013101915   506763      -6.98     181.65  1
        2013101918   623072      -7.09     181.43  1
        2013101921   733930      -7.20     181.12  1
        2013102000   848553      -7.30     180.79  1
        2013102003   967631      -7.43     180.46  1
        2013102006  1083427      -7.62     180.23  1
        2013102009  1231573      -7.91     179.89  1
        2013102012  1606934      -8.69     179.22  1
        2013102015  1833166      -9.25     178.67  1
        2013102018  1879845      -9.45     178.39  1
        2013102021  1943318      -9.63     178.17  1
        2013102100  1989400      -9.78     178.01  1
        2013102103  2002286      -9.90     177.75  1
        2013102106  2026492      -9.92     177.54  1
        2013102109  2141044      -9.93     177.17  1
        2013102112  2288257      -9.92     176.58  1
        2013102115  2425695     -10.01     175.96  1
        2013102118  2447418     -10.25     175.31  1
        2013102121  2453252     -10.39     174.77  1
        2013102200  2499513     -10.57     174.08  1
        2013102203  2524573     -10.74     173.52  1
        2013102206  2513815     -10.86     173.11  1
        2013102209  2517446     -10.96     172.77  1
        2013102212  2558643     -11.00     172.41  1
        2013102215  2599958     -11.11     172.20  1
        2013102218  2575902     -11.18     172.01  1
        2013102221  2597530     -11.21     171.90  1
        2013102300  2590426     -11.25     171.76  1
        2013102303  2579919     -11.25     171.62  1
        2013102306  2588910     -11.26     171.47  1
        2013102309  2648830     -11.21     171.28  1
        2013102312  2704327     -11.14     171.04  1
        2013102315  2657807     -10.72     170.22  1
        2013102318  2585616     -10.36     169.54  1
        2013102321  2623851     -10.06     169.06  1
        2013102400  2744548      -9.62     168.52  1
        2013102403  2892029      -9.35     168.09  1
        2013102406  2955580      -9.39     167.96  1
        2013102409  3045960      -9.28     167.77  1
        2013102412  3194987      -9.00     167.56  1
        2013102415  3290188      -8.71     167.34  1
        2013102418  3266842      -8.68     167.30  1
        2013102421  3854552      -5.16     165.65  1
        2013102500  3838862      -5.60     165.71  1
        2013102503  3616438      -6.80     166.03  1
        2013102506  3647676      -6.66     165.82  1
        2013102509  3743219      -6.47     165.61  1
        2013102512  4016745      -6.12     165.29  1
        2013102515  4269679      -5.60     164.75  1
        2013102518  4263316      -5.51     164.53  1
        2013102521  4310880      -5.27     164.22  1
        2013102600  4307500      -4.88     163.64  1
        2013102603  4267141      -4.41     163.09  1
        2013102606  4165850      -4.06     162.52  1
        2013102609  4015989      -3.58     161.85  1
        2013102612  3070806       0.36     157.80  1
        2013102615  3058015       0.59     157.19  1
        2013102618  2928416       0.82     156.36  1
        2013102621  2862983       1.12     155.62  1
        2013102700  2761314       1.51     154.86  1
        2013102703  2626616       1.80     154.09  1
        2013102706  2513203       2.19     153.58  1
        2013102709  2440207       2.37     153.21  1
        2013102712  2285464       2.77     152.64  1
        2013102715  2244653       2.99     152.12  1
        2013102718  2199951       3.20     151.63  1
        2013102721  2169393       3.25     151.33  1
        2013102800  2166207       3.34     151.08  1
        2013102803  2149023       3.44     150.68  1
        2013102806  2025708       3.49     150.19  1
        2013102809  1941221       3.70     149.78  1
        2013102812  1874027       4.02     149.31  1
        2013102815  1738662       4.29     148.61  1
        2013102818  1458610       5.05     147.60  1
        2013102821  1251100       5.51     147.07  1
        2013102900   870059       6.27     146.37  1
LPT    15.0200
        2013102009   344199      11.71     164.27  1
        2013102012   587412      11.84     164.13  1
        2013102015   826155      11.82     163.78  1
        2013102018   963863      11.74     163.36  1
        2013102021  1152139      11.67     163.08  1
        2013102100  1273968      11.60     162.92  1
        2013102103  1337989      11.47     162.96  1
        2013102106  1393813      11.31     163.11  1
        2013102109  1437586      11.32     163.14  1
        2013102112  1480497      11.33     163.19  1
        2013102115  1539759      11.40     163.24  1
        2013102118  1553886      11.57     163.11  1
        2013102121  1546379      11.83     162.91  1
        2013102200  1552935      12.14     162.66  1
        2013102203  1530039      12.45     162.43  1
        2013102206  1487173      12.71     162.26  1
        2013102209  1490141      12.84     162.07  1
        2013102212  1527203      13.05     161.81  1
        2013102215  1542864      13.31     161.53  1
        2013102218  1520889      13.59     161.40  1
        2013102221  1544489      13.77     161.35  1
        2013102300  1560339      13.99     161.26  1
        2013102303  1568621      14.20     161.22  1
        2013102306  1553146      14.28     161.13  1
        2013102309  1533099      14.25     160.97  1
        2013102312  1554462      14.18     160.75  1
        2013102315  1576677      13.97     160.56  1
        2013102318  1510626      13.89     160.43  1
        2013102321  1476311      13.87     160.36  1
        2013102400  1358861      13.99     160.12  1
        2013102403  1205646      14.27     159.89  1
        2013102406  1038904      14.63     159.41  1
        2013102409   906575      14.88     158.93  1
        2013102412   849036      14.71     158.69  1
        2013102415   820274      14.60     158.23  1
        2013102418   691268      14.55     157.65  1
        2013102421  3854552      -5.16     165.65  1
        2013102500  3838862      -5.60     165.71  1
        2013102503  3616438      -6.80     166.03  1
        2013102506  3647676      -6.66     165.82  1
        2013102509  3743219      -6.47     165.61  1
        2013102512  4016745      -6.12     165.29  1
        2013102515  4269679      -5.60     164.75  1
        2013102518  4263316      -5.51     164.53  1
        2013102521  4310880      -5.27     164.22  1
        2013102600  4307500      -4.88     163.64  1
        2013102603  4267141      -4.41     163.09  1
        2013102606  4165850      -4.06     162.52  1
        2013102609  4015989      -3.58     161.85  1
        2013102612  3070806       0.36     157.80  1
        2013102615  3058015       0.59     157.19  1
        2013102618  2928416       0.82     156.36  1
        2013102621  2862983       1.12     155.62  1
        2013102700  2761314       1.51     154.86  1
        2013102703  2626616       1.80     154.09  1
        2013102706  2513203       2.19     153.58  1
        2013102709  2440207       2.37     153.21  1
        2013102712  2285464       2.77     152.64  1
        2013102715  2244653       2.99     152.12  1
        2013102718  2199951       3.20     151.63  1
        2013102721  2169393       3.25     151.33  1
        2013102800  2166207       3.34     151.08  1
        2013102803  2149023       3.44     150.68  1
        2013102806  2025708       3.49     150.19  1
        2013102809  1941221       3.70     149.78  1
        2013102812  1874027       4.02     149.31  1
        2013102815  1738662       4.29     148.61  1
        2013102818  1458610       5.05     147.60  1
        2013102821  1251100       5.51     147.07  1
        2013102900   870059       6.27     146.37  1
LPT    16.0100
        2013110115   606338      -0.01     142.48  1
        2013110118   992120       0.74     141.50  1
        2013110121  1062215       0.81     142.13  1
        2013110200  1170119       1.00     142.20  1
        2013110203  1261883       1.01     142.46  1
        2013110206  1335992       0.83     142.99  1
        2013110209  1345370       0.66     143.84  1
        2013110212  1569848       0.55     144.52  1
        2013110215  1822838       0.45     145.55  1
        2013110218  1933160       0.26     146.05  1
        2013110221  1981032       0.04     146.87  1
        2013110300  2311673       0.40     149.21  1
        2013110303  2689137       0.60     150.80  1
        2013110306  2853053       0.59     151.77  1
        2013110309  2965242       0.73     152.69  1
        2013110312  3115058       0.79     153.42  1
        2013110315  3452487       0.86     153.94  1
        2013110318  3472884       0.87     154.23  1
        2013110321  3496299       0.86     154.36  1
        2013110400  3493530       0.83     154.38  1
        2013110403  3491577       0.79     154.43  1
        2013110406  3437407       0.69     154.29  1
        2013110409  3390108       0.77     154.22  1
        2013110412  3434402       0.83     154.05  1
        2013110415  3443247       0.97     153.94  1
        2013110418  3417547       1.13     153.73  1
        2013110421  3412588       1.38     153.48  1
        2013110500  3386187       1.63     153.48  1
        2013110503  3459746       1.84     153.33  1
        2013110506  3424803       2.04     153.34  1
        2013110509  3417624       2.19     153.29  1
        2013110512  3411950       2.30     153.13  1
        2013110515  3412314       2.43     152.95  1
        2013110518  3314536       2.48     152.68  1
        2013110521  3255204       2.50     152.40  1
        2013110600  3214367       2.56     152.01  1
        2013110603  3271931       2.56     151.47  1
        2013110606  3255783       2.68     150.78  1
        2013110609  3240876       2.88     150.12  1
        2013110612  3256016       3.01     149.42  1
        2013110615  3445328       3.24     148.35  1
        2013110618  3490567       3.60     147.15  1
        2013110621  3545875       3.87     146.38  1
        2013110700  3601804       4.14     145.49  1
        2013110703  3806156       4.40     144.26  1
        2013110706  3981840       4.65     143.26  1
        2013110709  4116120       4.87     142.40  1
        2013110712  4305975       4.93     141.74  1
        2013110715  4820882       5.35     140.10  1
        2013110718  5024716       5.51     139.33  1
        2013110721  5173894       5.52     138.98  1
        2013110800  5208936       5.47     138.74  1
        2013110803  5415469       5.48     138.53  1
        2013110806  5619808       5.62     137.93  1
        2013110809  5782399       5.69     137.72  1
        2013110812  5968293       5.82     137.43  1
        2013110815  6129280       5.89     137.15  1
        2013110818  6315195       6.07     136.40  1
        2013110821  6403897       6.18     135.92  1
        2013110900  6518739       6.29     135.35  1
        2013110903  6610157       6.34     134.76  1
        2013110906  6570089       6.41     134.08  1
        2013110909  6469969       6.44     133.65  1
        2013110912  6425693       6.46     133.25  1
        2013110915  6414333       6.44     132.83  1
        2013110918  6188938       6.48     132.15  1
        2013110921  5886620       6.59     131.50  1
        2013111000  5787374       6.61     131.18  1
        2013111003  5665386       6.69     130.77  1
        2013111006  5378659       6.80     130.35  1
        2013111009  5153729       6.91     129.94  1
        2013111012  5214469       7.02     129.61  1
        2013111015  5293124       7.20     129.08  1
        2013111018  2372980       1.09     139.66  1
        2013111021  2385208       1.07     139.40  1
        2013111100  2396685       1.06     139.14  1
        2013111103  2376564       1.08     138.92  1
        2013111106  2375755       1.11     138.68  1
        2013111109  2333305       1.15     138.45  1
        2013111112  2307849       1.21     138.25  1
        2013111115  2289297       1.27     137.94  1
        2013111118  2278457       1.36     137.69  1
        2013111121  2246080       1.45     137.69  1
        2013111200  2190593       1.54     137.79  1
        2013111203  2138910       1.62     137.90  1
        2013111206  2016993       1.74     137.99  1
        2013111209  1881997       1.85     138.11  1
        2013111212  1829613       1.76     138.33  1
        2013111215  1779565       1.65     138.43  1
        2013111218  1724859       1.59     138.41  1
        2013111221  1647815       1.52     138.28  1
        2013111300  1565438       1.37     138.16  1
        2013111303  1431398       1.25     137.92  1
        2013111306  1355924       1.07     137.58  1
        2013111309  1159416       0.75     137.47  1
        2013111312   975918       0.38     137.49  1
        2013111315   699698      -0.24     137.75  1
        2013111318   333693      -0.99     138.25  1
LPT    17.0100
        2013110515   315099      -1.69      96.10  1
        2013110518   340583      -1.68      96.75  1
        2013110521   560645      -1.61      97.28  1
        2013110600   623180      -1.61      97.67  1
        2013110603   651740      -1.63      97.77  1
        2013110606   666411      -1.63      97.91  1
        2013110609   686460      -1.68      97.68  1
        2013110612   664839      -1.70      97.36  1
        2013110615   667148      -1.70      96.90  1
        2013110618   708053      -1.70      96.58  1
        2013110621   759014      -1.63      96.38  1
        2013110700   643997      -1.64      96.29  1
        2013110703   576836      -1.63      96.01  1
        2013110706   530526      -1.58      96.07  1
        2013110709   497353      -1.45      96.05  1
        2013110712   463392      -1.35      95.99  1
        2013110715   503557      -1.23      95.87  1
        2013110718   657980      -1.12      95.80  1
        2013110721   824734      -0.98      95.84  1
        2013110800   793120      -0.84      95.79  1
        2013110803   830171      -0.86      95.51  1
        2013110806   822450      -0.89      95.28  1
        2013110809   756071      -0.93      94.93  1
        2013110812   591646      -0.90      94.69  1
        2013110815   509791      -0.94      94.52  1
        2013110818   477360      -0.94      94.39  1
        2013110821   471943      -1.01      94.15  1
        2013110900   350685      -1.11      93.91  1
        2013110906   345244      -1.34      93.63  1
        2013110909   349100      -1.37      93.64  1
        2013110918   411663      -1.26      94.53  1
        2013110921   511275      -1.17      94.97  1
        2013111000   673382      -1.18      95.17  1
        2013111003   898659      -1.34      95.23  1
        2013111006  1153857      -1.57      95.04  1
        2013111009  1336402      -1.82      95.14  1
        2013111012  1398678      -2.01      95.23  1
        2013111015  1479404      -2.19      95.32  1
        2013111018  1638592      -2.41      95.47  1
        2013111021  1607627      -2.52      95.57  1
        2013111100  1588960      -2.63      95.67  1
        2013111103  1584287      -2.65      95.80  1
        2013111106  1568819      -2.68      95.92  1
        2013111109  1561125      -2.64      96.06  1
        2013111112  1534126      -2.66      96.18  1
        2013111115  1522498      -2.68      96.24  1
        2013111118  1588715      -2.64      96.30  1
        2013111121  1627920      -2.64      96.34  1
        2013111200  1649504      -2.60      96.41  1
        2013111203  1694211      -2.53      96.44  1
        2013111206  1723423      -2.53      96.48  1
        2013111209  1711861      -2.51      96.57  1
        2013111212  1705611      -2.57      96.52  1
        2013111215  1755656      -2.51      96.45  1
        2013111218  1808014      -2.45      96.41  1
        2013111221  1790980      -2.52      96.36  1
        2013111300  1741615      -2.59      96.24  1
        2013111303  1632932      -2.72      96.21  1
        2013111306  1442734      -2.85      96.42  1
        2013111309  1167134      -2.85      96.92  1
        2013111312   927001      -2.66      97.03  1
        2013111315   823106      -2.48      97.02  1
        2013111318   746950      -2.25      97.35  1
        2013111321   645351      -1.74      97.20  1
        2013111400   676344      -1.33      96.99  1
        2013111403   720376      -0.79      96.29  1
        2013111406  1121415       0.87      94.10  1
        2013111409  1440073       1.37      93.35  1
        2013111412  1789302       1.71      92.57  1
        2013111415  2359237       1.90      90.80  1
        2013111418  2798737       1.76      91.11  1
        2013111421  3080584       1.86      90.88  1
        2013111500  3202006       1.83      90.70  1
        2013111503  3312226       1.74      90.78  1
        2013111506  3470973       1.49      90.73  1
        2013111509  3516306       1.33      90.97  1
        2013111512  3492513       1.18      91.26  1
        2013111515  3506379       0.90      91.89  1
        2013111518  3719555       0.59      92.82  1
        2013111521  3841632       0.45      93.37  1
        2013111600  3677682       0.05      94.48  1
        2013111603  3557653      -0.46      95.57  1
        2013111606  3544571      -0.87      96.44  1
        2013111609  3331530      -1.80      97.97  1
        2013111612  3110020      -2.66      99.38  1
        2013111615  3137230      -2.86      99.96  1
        2013111618  3236036      -2.96     100.54  1
        2013111621  3310150      -3.05     100.79  1
        2013111700  3187210      -3.28     101.47  1
        2013111703  3174002      -3.55     102.14  1
        2013111706  3219277      -3.77     102.90  1
        2013111709  3121822      -3.99     103.68  1
        2013111712  3057463      -4.19     104.48  1
        2013111715  3059659      -4.28     105.42  1
        2013111718  3090603      -4.24     106.27  1
        2013111721  3171660      -4.14     107.27  1
        2013111800  3114208      -4.07     108.03  1
        2013111803  3439505      -3.49     109.72  1
        2013111806  3592162      -3.13     110.64  1
        2013111809  3588318      -2.90     111.14  1
        2013111812  3622924      -2.70     111.50  1
        2013111815  3849766      -2.53     112.03  1
        2013111818  4006374      -2.45     112.12  1
        2013111821  3855174      -2.46     112.55  1
        2013111900  3790365      -2.54     112.76  1
        2013111903  3640929      -2.63     113.12  1
        2013111906  3467112      -2.60     113.52  1
        2013111909  3267737      -2.59     113.64  1
        2013111912  3168213      -2.64     113.94  1
        2013111915  3137381      -2.63     114.14  1
        2013111918  3276759      -2.49     114.41  1
        2013111921  3300474      -2.53     114.94  1
        2013112000  3455648      -2.45     115.33  1
        2013112003  3612008      -2.34     115.35  1
        2013112006  3677227      -2.13     115.51  1
        2013112009  3682253      -1.81     115.46  1
        2013112012  3805227      -1.50     115.18  1
        2013112015  4002622      -1.20     114.99  1
        2013112018  4213013      -0.90     114.79  1
        2013112021  4293618      -0.59     114.24  1
        2013112100  4251245      -0.16     113.58  1
        2013112103  4302600       0.20     113.10  1
        2013112106  4165943       0.58     112.54  1
        2013112109  3932077       1.05     111.94  1
        2013112112  3789245       1.51     111.50  1
        2013112115  3647194       2.08     111.03  1
        2013112118  3098177       3.40     109.56  1
        2013112121  2388301       6.01     107.33  1
        2013112200  2377347       6.25     107.26  1
        2013112203  2357744       6.36     107.36  1
        2013112206  2463485       6.40     107.94  1
        2013112209  2665314       6.42     108.98  1
        2013112212  2997928       6.50     110.68  1
        2013112215  3284722       6.74     112.01  1
        2013112218  3487615       6.97     112.98  1
        2013112221  3583825       7.19     113.35  1
        2013112300  3655497       7.39     113.80  1
        2013112303  3651478       7.67     114.28  1
        2013112306  3637848       7.89     114.71  1
        2013112309  3611156       8.04     114.88  1
        2013112312  3497064       8.24     115.06  1
        2013112315  3237535       8.57     115.15  1
        2013112318  1148582       7.69     101.34  1
        2013112321  1136724       7.81     100.70  1
        2013112400  1101923       7.95     100.26  1
        2013112403  1127493       8.09      99.76  1
        2013112406  1191788       8.29      99.15  1
        2013112409  1225464       8.50      98.60  1
        2013112412  1286724       8.66      98.22  1
        2013112415  1314520       8.77      97.87  1
        2013112418  1271573       8.84      97.56  1
        2013112421  1224495       9.01      97.10  1
        2013112500  1172960       9.15      96.63  1
        2013112503  1163998       9.32      96.18  1
        2013112506  1189493       9.42      95.93  1
        2013112509  1227441       9.44      95.80  1
        2013112512  1321575       9.48      95.63  1
        2013112515  1342989       9.44      95.54  1
        2013112518  1409894       9.43      95.31  1
        2013112521  1468488       9.41      95.08  1
        2013112600  1450929       9.60      94.60  1
        2013112603  1401068       9.72      94.38  1
        2013112606  1407887       9.90      93.99  1
        2013112609  1321308      10.10      93.73  1
        2013112612  1202080      10.32      93.49  1
        2013112615  1087606      10.52      93.24  1
        2013112618   958692      10.76      92.93  1
        2013112621   893577      10.99      92.55  1
        2013112700   758942      11.22      92.25  1
        2013112703   646535      11.38      91.98  1
        2013112706   571871      11.64      91.38  1
        2013112709   337136      11.90      91.03  1
LPT    18.0100
        2013110615   325395       5.30      71.70  1
        2013110618   423864       5.25      71.34  1
        2013110621   528508       5.16      70.87  1
        2013110700   463136       5.17      70.33  1
        2013110703   469306       5.15      69.90  1
        2013110706   479392       5.04      69.33  1
        2013110709   555510       5.09      68.67  1
        2013110712   626215       5.14      68.06  1
        2013110715   674544       5.25      67.52  1
        2013110718   713582       5.40      66.81  1
        2013110721   808717       5.52      65.97  1
        2013110800   843009       5.71      64.99  1
        2013110803   946543       5.79      64.35  1
        2013110806   993295       5.83      63.80  1
        2013110809  1072482       5.76      63.24  1
        2013110812  1105550       5.72      62.64  1
        2013110815  1172590       5.58      62.22  1
        2013110818  1295071       5.38      61.75  1
        2013110821  1494049       4.97      61.19  1
        2013110900  1644709       4.55      60.67  1
        2013110903  1785959       4.22      60.43  1
        2013110906  1948654       3.87      60.33  1
        2013110909  2163502       3.54      60.29  1
        2013110912  2225804       3.42      60.19  1
        2013110915  2279526       3.35      60.15  1
        2013110918  2410274       3.18      60.16  1
        2013110921  2575086       2.85      60.24  1
        2013111000  2600673       2.66      60.23  1
        2013111003  2722445       2.35      60.41  1
        2013111006  2750454       2.15      60.46  1
        2013111009  2781652       1.91      60.50  1
        2013111012  2756122       1.62      60.63  1
        2013111015  2732137       1.31      60.89  1
        2013111018  2751120       1.02      61.26  1
        2013111021  2801013       0.67      61.80  1
        2013111100  2778604       0.23      62.30  1
        2013111103  2722348      -0.27      63.03  1
        2013111106  2652666      -0.75      63.67  1
        2013111109  2661184      -1.02      64.15  1
        2013111112  2573352      -1.25      64.56  1
        2013111115  2532395      -1.37      64.91  1
        2013111118  2479912      -1.46      65.18  1
        2013111121  2433536      -1.53      65.55  1
        2013111200  2277869      -1.56      65.99  1
        2013111203  2170771      -1.53      66.27  1
        2013111206  2096057      -1.43      66.57  1
        2013111209  1978267      -1.29      66.80  1
        2013111212  1804286      -1.07      67.18  1
        2013111215  1690335      -0.85      67.54  1
        2013111218  1582541      -0.60      68.02  1
        2013111221  1490129      -0.12      68.88  1
        2013111300  1301247       0.57      69.98  1
        2013111303  1277218       1.14      70.80  1
        2013111306  1229966       1.73      71.74  1
        2013111309  1286765       2.12      72.26  1
        2013111312  1312737       2.46      72.76  1
        2013111315  1298692       2.69      73.01  1
        2013111318  1273854       2.91      73.27  1
        2013111321  1231326       3.09      73.48  1
        2013111400  1028536       3.27      73.68  1
        2013111403   830350       3.44      73.81  1
        2013111406   609074       3.59      74.10  1
        2013111409   447868       3.83      74.75  1
LPT    19.0100
        2013111100   238678      41.42     145.42  1
        2013111103   336133      41.16     145.66  1
        2013111106   454750      40.99     145.94  1
        2013111109   677863      40.88     146.66  1
        2013111112   949679      40.83     147.31  1
        2013111115  1432431      41.53     148.92  1
        2013111118  1678362      41.67     149.58  1
        2013111121  2039677      41.71     150.65  1
        2013111200  2243503      41.65     151.21  1
        2013111203  2398071      41.53     151.63  1
        2013111206  2512595      41.44     152.00  1
        2013111209  2639686      41.38     152.42  1
        2013111212  2844923      41.23     153.00  1
        2013111215  3006224      41.17     153.52  1
        2013111218  2895332      41.02     154.37  1
        2013111221  2878212      40.94     154.99  1
        2013111300  2869194      40.88     155.55  1
        2013111303  2840270      40.78     156.07  1
        2013111306  2723044      40.62     156.60  1
        2013111309  2647362      40.50     157.03  1
        2013111312  2691126      40.48     157.70  1
        2013111315  2618745      40.20     158.29  1
        2013111318  2499212      40.22     159.22  1
        2013111321  2462779      40.32     160.30  1
        2013111400  2536597      40.33     161.07  1
        2013111403  4092393      34.75     164.65  1
        2013111406  4103980      34.57     165.06  1
        2013111409  4090332      34.51     165.41  1
        2013111412  4174622      33.78     166.28  1
        2013111415  4266506      32.67     167.34  1
        2013111418  3999471      32.04     168.25  1
        2013111421  4018199      31.30     168.97  1
        2013111500  3998899      30.03     170.17  1
        2013111503  1858665      15.24     177.22  1
        2013111506  1773113      14.38     178.13  1
        2013111509  1784061      14.08     178.48  1
        2013111512  1787426      13.87     178.91  1
        2013111515  1814881      13.65     179.30  1
        2013111518  1795355      13.57     179.53  1
        2013111521  1858496      13.64     179.56  1
        2013111600  1904842      13.76     179.65  1
        2013111603  1942879      13.79     179.81  1
        2013111606  1980390      13.78     179.95  1
        2013111609  2018412      13.80     180.03  1
        2013111612  2052040      13.82     180.18  1
        2013111615  2039187      13.75     180.38  1
        2013111618  2015375      13.74     180.51  1
        2013111621  1956589      13.79     180.59  1
        2013111700  1948804      13.83     180.79  1
        2013111703  1905744      13.79     181.02  1
        2013111706  1865651      13.85     181.24  1
        2013111709  1829503      13.88     181.52  1
        2013111712  1817071      13.94     181.88  1
        2013111715  1597614      13.98     182.30  1
        2013111718  1345472      14.09     182.87  1
        2013111721  1082424      14.34     183.19  1
        2013111800   701221      14.78     183.33  1
LPT    20.0100
        2013112709   317361      -2.01      86.53  1
        2013112712   464049      -1.97      86.57  1
        2013112715   632364      -1.84      86.49  1
        2013112718   807603      -1.75      86.57  1
        2013112721  1121749      -1.54      86.52  1
        2013112800  1307728      -1.41      86.24  1
        2013112803  1472847      -1.32      86.09  1
        2013112806  1563134      -1.23      85.72  1
        2013112809  1741301      -1.21      85.44  1
        2013112812  1833060      -1.18      85.07  1
        2013112815  1887018      -1.21      84.95  1
        2013112818  1971079      -1.24      84.98  1
        2013112821  2051306      -1.20      85.04  1
        2013112900  1937303      -1.19      85.03  1
        2013112903  1811693      -1.15      85.37  1
        2013112906  1834188      -1.01      85.71  1
        2013112909  1764050      -0.97      86.30  1
        2013112912  1703911      -0.86      87.30  1
        2013112915  1922211      -0.76      88.65  1
        2013112918  2375484      -0.50      90.33  1
        2013112921  2935307      -0.11      91.47  1
        2013113000  3352999       0.12      92.43  1
        2013113003  3706669       0.37      92.96  1
        2013113006  4469191       0.94      94.39  1
        2013113009  4829625       1.05      94.85  1
        2013113012  5075154       1.12      94.84  1
        2013113015  5315986       1.22      94.93  1
        2013113018  5674061       1.36      94.96  1
        2013113021  5936999       1.53      94.81  1
        2013120100  6163555       1.75      94.65  1
        2013120103  6237615       1.91      94.90  1
        2013120106  6396823       2.11      95.20  1
        2013120109  6397357       2.18      95.23  1
        2013120112  6324933       2.26      95.43  1
        2013120115  6332538       2.31      95.54  1
        2013120118  6536119       2.36      95.69  1
        2013120121  6730114       2.44      95.64  1
        2013120200  6756315       2.47      95.61  1
        2013120203  6769217       2.48      95.52  1
        2013120206  6879873       2.49      95.47  1
        2013120209  6857455       2.50      95.36  1
        2013120212  6914411       2.50      95.28  1
        2013120215  7029035       2.49      95.26  1
        2013120218  7213937       2.51      95.26  1
        2013120221  7353626       2.59      95.05  1
        2013120300  7380848       2.64      94.86  1
        2013120303  7349749       2.67      94.69  1
        2013120306  7397971       2.64      94.48  1
        2013120309  7294509       2.62      94.25  1
        2013120312  7205947       2.62      94.24  1
        2013120315  7099236       2.69      94.42  1
        2013120318  7038393       2.74      94.65  1
        2013120321  6814324       2.83      95.23  1
        2013120400  6510431       2.83      96.02  1
        2013120403  6211171       2.73      96.88  1
        2013120406  6171068       2.74      97.06  1
        2013120409  6061841       2.77      97.26  1
        2013120412  5948153       2.80      97.54  1
        2013120415  5947812       2.88      97.65  1
        2013120418  6054755       2.98      97.59  1
        2013120421  6059630       3.11      97.39  1
        2013120500  5897413       3.20      97.40  1
        2013120503  5783555       3.27      97.42  1
        2013120506  5772737       3.32      97.32  1
        2013120509  5717907       3.38      97.16  1
        2013120512  5646405       3.40      97.13  1
        2013120515  5585682       3.43      96.94  1
        2013120518  5581868       3.43      96.67  1
        2013120521  5447887       3.56      96.24  1
        2013120600  5170429       3.63      96.18  1
        2013120603  4957047       3.75      96.03  1
        2013120606  4828274       3.82      95.81  1
        2013120609  4671410       3.91      95.52  1
        2013120612  4570691       4.01      95.24  1
        2013120615  4523235       4.18      94.58  1
        2013120618  4542603       4.30      93.93  1
        2013120621  4443449       4.50      92.95  1
        2013120700  4465398       4.46      92.38  1
        2013120703  4459737       4.43      91.61  1
        2013120706  4568948       4.30      90.73  1
        2013120709  4764671       4.11      89.45  1
        2013120712  4980813       3.86      88.87  1
        2013120715  5288520       3.68      88.37  1
        2013120718  5650947       3.40      88.43  1
        2013120721  5925454       3.17      88.29  1
        2013120800  6067676       2.99      89.01  1
        2013120803  6182212       2.89      89.62  1
        2013120806  6403684       2.83      89.92  1
        2013120809  6374083       2.89      90.05  1
        2013120812  6216392       2.96      90.21  1
        2013120815  6241514       3.06      90.38  1
        2013120818  6345121       3.11      90.55  1
        2013120821  6350269       3.19      90.45  1
        2013120900  6263217       3.20      90.88  1
        2013120903  6193156       3.30      91.00  1
        2013120906  6344464       3.22      90.99  1
        2013120909  6479756       3.17      90.92  1
        2013120912  6554177       3.09      90.51  1
        2013120915  6721603       2.99      90.07  1
        2013120918  6930120       2.79      89.91  1
        2013120921  7006658       2.66      89.67  1
        2013121000  7073957       2.52      89.60  1
        2013121003  7004122       2.53      89.28  1
        2013121006  7099599       2.40      89.28  1
        2013121009  7166787       2.30      89.17  1
        2013121012  6957827       2.22      89.19  1
        2013121015  6791281       2.13      88.65  1
        2013121018  6686653       1.86      88.63  1
        2013121021  6363889       1.72      87.54  1
        2013121100  4960767      -0.46      86.61  1
        2013121103  4560545      -0.66      85.15  1
        2013121106  4450405      -0.95      84.80  1
        2013121109  4411172      -1.20      84.70  1
        2013121112  4511584      -1.40      84.88  1
        2013121115  4661725      -1.58      84.81  1
        2013121118  4726346      -1.81      84.62  1
        2013121121  4807508      -2.07      84.65  1
        2013121200  4819570      -2.34      84.71  1
        2013121203  4784856      -2.57      84.61  1
        2013121206  4854314      -2.83      84.54  1
        2013121209  4828011      -3.05      84.32  1
        2013121212  4797028      -3.28      84.19  1
        2013121215  4741333      -3.50      83.97  1
        2013121218  4650996      -3.73      83.81  1
        2013121221  4594904      -4.03      83.74  1
        2013121300  4802523      -4.28      85.26  1
        2013121303  4812928      -4.47      86.34  1
        2013121306  3557235      -4.92      79.80  1
        2013121309  3423721      -5.17      79.36  1
        2013121312  3314411      -5.38      79.06  1
        2013121315  3269119      -5.54      78.87  1
        2013121318  3228455      -5.69      78.68  1
        2013121321  3223586      -5.87      78.42  1
        2013121400  3135644      -6.00      78.36  1
        2013121403  3064420      -6.13      78.16  1
        2013121406  2991118      -6.23      78.03  1
        2013121409  2946487      -6.38      77.94  1
        2013121412  2900754      -6.47      77.87  1
        2013121415  2857156      -6.60      77.80  1
        2013121418  2816523      -6.73      77.79  1
        2013121421  2783173      -6.93      77.71  1
        2013121500  2716396      -7.09      77.48  1
        2013121503  2634261      -7.27      77.31  1
        2013121506  2577769      -7.51      77.22  1
        2013121509  2446202      -7.70      77.07  1
        2013121512  2323362      -7.84      77.11  1
        2013121515  2239614      -7.96      77.15  1
        2013121518  2176534      -8.07      77.23  1
        2013121521  2129564      -8.16      77.26  1
        2013121600  2060911      -8.31      77.30  1
        2013121603  2006455      -8.52      77.25  1
        2013121606  1879734      -8.72      77.25  1
        2013121609  1657538      -9.01      77.16  1
        2013121612  1495885      -9.26      77.17  1
        2013121615  1380917      -9.47      77.10  1
        2013121618  1301722      -9.70      77.11  1
        2013121621  1232416      -9.95      77.25  1
        2013121700  1094554     -10.28      77.15  1
        2013121703   988167     -10.56      77.05  1
        2013121706   869952     -10.80      76.82  1
        2013121709   703481     -11.00      76.54  1
        2013121712   486339     -11.26      76.08  1
        2013121715   345915     -11.52      75.69  1
LPT    20.0200
        2013112709   317361      -2.01      86.53  1
        2013112712   464049      -1.97      86.57  1
        2013112715   632364      -1.84      86.49  1
        2013112718   807603      -1.75      86.57  1
        2013112721  1121749      -1.54      86.52  1
        2013112800  1307728      -1.41      86.24  1
        2013112803  1472847      -1.32      86.09  1
        2013112806  1563134      -1.23      85.72  1
        2013112809  1741301      -1.21      85.44  1
        2013112812  1833060      -1.18      85.07  1
        2013112815  1887018      -1.21      84.95  1
        2013112818  1971079      -1.24      84.98  1
        2013112821  2051306      -1.20      85.04  1
        2013112900  1937303      -1.19      85.03  1
        2013112903  1811693      -1.15      85.37  1
        2013112906  1834188      -1.01      85.71  1
        2013112909  1764050      -0.97      86.30  1
        2013112912  1703911      -0.86      87.30  1
        2013112915  1922211      -0.76      88.65  1
        2013112918  2375484      -0.50      90.33  1
        2013112921  2935307      -0.11      91.47  1
        2013113000  3352999       0.12      92.43  1
        2013113003  3706669       0.37      92.96  1
        2013113006  4469191       0.94      94.39  1
        2013113009  4829625       1.05      94.85  1
        2013113012  5075154       1.12      94.84  1
        2013113015  5315986       1.22      94.93  1
        2013113018  5674061       1.36      94.96  1
        2013113021  5936999       1.53      94.81  1
        2013120100  6163555       1.75      94.65  1
        2013120103  6237615       1.91      94.90  1
        2013120106  6396823       2.11      95.20  1
        2013120109  6397357       2.18      95.23  1
        2013120112  6324933       2.26      95.43  1
        2013120115  6332538       2.31      95.54  1
        2013120118  6536119       2.36      95.69  1
        2013120121  6730114       2.44      95.64  1
        2013120200  6756315       2.47      95.61  1
        2013120203  6769217       2.48      95.52  1
        2013120206  6879873       2.49      95.47  1
        2013120209  6857455       2.50      95.36  1
        2013120212  6914411       2.50      95.28  1
        2013120215  7029035       2.49      95.26  1
        2013120218  7213937       2.51      95.26  1
        2013120221  7353626       2.59      95.05  1
        2013120300  7380848       2.64      94.86  1
        2013120303  7349749       2.67      94.69  1
        2013120306  7397971       2.64      94.48  1
        2013120309  7294509       2.62      94.25  1
        2013120312  7205947       2.62      94.24  1
        2013120315  7099236       2.69      94.42  1
        2013120318  7038393       2.74      94.65  1
        2013120321  6814324       2.83      95.23  1
        2013120400  6510431       2.83      96.02  1
        2013120403  6211171       2.73      96.88  1
        2013120406  6171068       2.74      97.06  1
        2013120409  6061841       2.77      97.26  1
        2013120412  5948153       2.80      97.54  1
        2013120415  5947812       2.88      97.65  1
        2013120418  6054755       2.98      97.59  1
        2013120421  6059630       3.11      97.39  1
        2013120500  5897413       3.20      97.40  1
        2013120503  5783555       3.27      97.42  1
        2013120506  5772737       3.32      97.32  1
        2013120509  5717907       3.38      97.16  1
        2013120512  5646405       3.40      97.13  1
        2013120515  5585682       3.43      96.94  1
        2013120518  5581868       3.43      96.67  1
        2013120521  5447887       3.56      96.24  1
        2013120600  5170429       3.63      96.18  1
        2013120603  4957047       3.75      96.03  1
        2013120606  4828274       3.82      95.81  1
        2013120609  4671410       3.91      95.52  1
        2013120612  4570691       4.01      95.24  1
        2013120615  4523235       4.18      94.58  1
        2013120618  4542603       4.30      93.93  1
        2013120621  4443449       4.50      92.95  1
        2013120700  4465398       4.46      92.38  1
        2013120703  4459737       4.43      91.61  1
        2013120706  4568948       4.30      90.73  1
        2013120709  4764671       4.11      89.45  1
        2013120712  4980813       3.86      88.87  1
        2013120715  5288520       3.68      88.37  1
        2013120718  5650947       3.40      88.43  1
        2013120721  5925454       3.17      88.29  1
        2013120800  6067676       2.99      89.01  1
        2013120803  6182212       2.89      89.62  1
        2013120806  6403684       2.83      89.92  1
        2013120809  6374083       2.89      90.05  1
        2013120812  6216392       2.96      90.21  1
        2013120815  6241514       3.06      90.38  1
        2013120818  6345121       3.11      90.55  1
        2013120821  6350269       3.19      90.45  1
        2013120900  6263217       3.20      90.88  1
        2013120903  6193156       3.30      91.00  1
        2013120906  6344464       3.22      90.99  1
        2013120909  6479756       3.17      90.92  1
        2013120912  6554177       3.09      90.51  1
        2013120915  6721603       2.99      90.07  1
        2013120918  6930120       2.79      89.91  1
        2013120921  7006658       2.66      89.67  1
        2013121000  7073957       2.52      89.60  1
        2013121003  7004122       2.53      89.28  1
        2013121006  7099599       2.40      89.28  1
        2013121009  7166787       2.30      89.17  1
        2013121012  6957827       2.22      89.19  1
        2013121015  6791281       2.13      88.65  1
        2013121018  6686653       1.86      88.63  1
        2013121021  6363889       1.72      87.54  1
        2013121100  4960767      -0.46      86.61  1
        2013121103  4560545      -0.66      85.15  1
        2013121106  4450405      -0.95      84.80  1
        2013121109  4411172      -1.20      84.70  1
        2013121112  4511584      -1.40      84.88  1
        2013121115  4661725      -1.58      84.81  1
        2013121118  4726346      -1.81      84.62  1
        2013121121  4807508      -2.07      84.65  1
        2013121200  4819570      -2.34      84.71  1
        2013121203  4784856      -2.57      84.61  1
        2013121206  4854314      -2.83      84.54  1
        2013121209  4828011      -3.05      84.32  1
        2013121212  4797028      -3.28      84.19  1
        2013121215  4741333      -3.50      83.97  1
        2013121218  4650996      -3.73      83.81  1
        2013121221  4594904      -4.03      83.74  1
        2013121300  4802523      -4.28      85.26  1
        2013121303  4812928      -4.47      86.34  1
        2013121306  1261906      -3.56     108.58  1
        2013121309  1503720      -3.12     109.23  1
        2013121312  1675352      -2.80     109.61  1
        2013121315  1938459      -2.52     109.96  1
        2013121318  2234631      -2.26     110.30  1
        2013121321  2353321      -2.00     110.76  1
        2013121400  2567222      -1.72     111.31  1
        2013121403  2687388      -1.45     111.86  1
        2013121406  2833498      -1.19     112.30  1
        2013121409  2887252      -1.06     112.47  1
        2013121412  3016153      -0.96     112.51  1
        2013121415  3069184      -0.76     112.59  1
        2013121418  3233505      -0.81     112.42  1
        2013121421  3268259      -0.75     112.36  1
        2013121500  3298281      -0.80     112.30  1
        2013121503  3282374      -1.00     112.24  1
        2013121506  3235207      -1.21     112.19  1
        2013121509  3151587      -1.51     112.11  1
        2013121512  3147617      -1.79     112.06  1
        2013121515  3106699      -2.05     112.06  1
        2013121518  3153417      -2.28     112.18  1
        2013121521  3196036      -2.58     112.25  1
        2013121600  3254939      -2.83     112.26  1
        2013121603  3213219      -3.05     112.26  1
        2013121606  3290088      -3.06     112.55  1
        2013121609  3309018      -3.26     112.23  1
        2013121612  3372054      -3.28     112.01  1
        2013121615  3438042      -3.39     111.77  1
        2013121618  3657133      -3.41     111.53  1
        2013121621  3798837      -3.64     110.71  1
        2013121700  3873353      -3.86     110.09  1
        2013121703  3768192      -4.23     109.14  1
        2013121706  3765172      -4.55     108.32  1
        2013121709  3664138      -4.80     107.64  1
        2013121712  3808675      -4.65     108.11  1
        2013121715  3890404      -4.44     108.83  1
        2013121718  4175521      -4.11     110.05  1
        2013121721  4258773      -3.87     111.12  2
        2013121800  4304932      -3.80     111.44  2
        2013121803  4282562      -3.72     111.65  2
        2013121806  4529516      -3.56     112.95  2
        2013121809  4557377      -3.64     112.92  2
        2013121812  4590054      -3.69     113.11  2
        2013121815  4651439      -3.68     113.71  2
        2013121818  4869475      -3.58     114.72  2
        2013121821  4923388      -3.69     115.29  2
        2013121900  4756318      -3.97     115.62  2
        2013121903  4699149      -4.17     116.25  2
        2013121906  4823463      -4.31     117.23  2
        2013121909  4872509      -4.42     117.96  2
        2013121912  5060469      -4.42     119.18  2
        2013121915  5281839      -4.44     120.49  2
        2013121918  6171922      -4.41     123.92  2
        2013121921  7148281      -3.43     122.84  2
        2013122000  7640828      -3.05     121.82  2
        2013122003  8027225      -2.84     121.84  1
        2013122006  8265574      -2.61     121.96  1
        2013122009  8256670      -2.24     122.43  1
        2013122012  8309647      -1.88     122.76  1
        2013122015  8360509      -1.44     123.44  1
        2013122018  8609155      -1.00     123.83  1
        2013122021  8637273      -0.90     123.87  1
        2013122100  8409678      -0.75     123.87  1
        2013122103  8497681      -0.66     124.07  1
        2013122106  8634096      -0.63     123.90  1
        2013122109  8580712      -0.44     123.66  1
        2013122112  8655342      -0.27     123.43  1
        2013122115  8878797      -0.16     123.29  1
        2013122118  9274350      -0.02     122.92  1
        2013122121  9250083       0.01     122.54  1
        2013122200  9098188      -0.09     122.25  1
        2013122203  9116881      -0.11     121.97  1
        2013122206  9114388      -0.23     121.72  1
        2013122209  9006580      -0.26     121.42  1
        2013122212  8941511      -0.27     121.17  1
        2013122215  8813736      -0.28     120.85  1
        2013122218  8894469      -0.19     120.69  1
        2013122221  8682372      -0.17     120.36  1
        2013122300  8447372      -0.28     120.16  1
        2013122303  8318651      -0.28     120.06  1
        2013122306  8304819      -0.26     119.97  1
        2013122309  8176286      -0.27     119.94  1
        2013122312  8166644      -0.35     120.10  1
        2013122315  8399416      -0.30     120.29  1
        2013122318  8489666      -0.50     120.34  1
        2013122321  8312623      -0.62     120.30  1
        2013122400  8135355      -0.84     120.01  1
        2013122403  8015273      -1.06     119.86  1
        2013122406  8038026      -1.09     119.76  1
        2013122409  7955142      -1.06     119.73  1
        2013122412  7868500      -1.13     119.78  1
        2013122415  7863554      -1.15     119.76  1
        2013122418  7904352      -1.16     119.80  1
        2013122421  7648800      -1.27     119.79  1
        2013122500  7503224      -1.33     119.79  1
        2013122503  7355364      -1.34     119.77  1
        2013122506  7155543      -1.46     119.71  1
        2013122509  6839941      -1.53     119.57  1
        2013122512  6595758      -1.62     119.52  1
        2013122515  6325838      -1.76     119.32  1
        2013122518  6262587      -1.91     119.32  1
        2013122521  5952258      -2.16     119.05  1
        2013122600  5670108      -2.53     118.85  1
        2013122603  5613702      -2.44     118.80  1
        2013122606  5536202      -2.45     118.86  1
        2013122609  5324150      -2.48     118.90  1
        2013122612  5309645      -2.39     118.98  1
        2013122615  5249971      -2.44     119.10  1
        2013122618  5208634      -2.60     119.35  1
        2013122621  5056194      -2.49     119.53  1
        2013122700  4902454      -2.53     119.68  1
        2013122703  4656525      -2.55     119.77  1
        2013122706  2216527     -10.43     125.10  1
        2013122709  2014606     -10.84     125.36  1
        2013122712  1921388     -11.08     125.56  1
        2013122715  1898706     -11.29     125.57  1
        2013122718  1887705     -11.46     125.69  1
        2013122721  1763071     -11.69     125.71  1
        2013122800  1715903     -11.86     125.64  1
        2013122803  1678728     -12.01     125.43  1
        2013122806  1668312     -12.23     125.32  1
        2013122809  1628965     -12.38     125.29  1
        2013122812  1624028     -12.56     125.16  1
        2013122815  1640960     -12.73     125.00  1
        2013122818  1663087     -12.91     124.88  1
        2013122821  1559035     -13.09     124.75  1
        2013122900  1493432     -13.26     124.62  1
        2013122903  1389356     -13.48     124.39  1
        2013122906  1328121     -13.70     124.29  1
        2013122909  1222017     -13.93     124.08  1
        2013122912  1173050     -14.14     123.81  1
        2013122915  1117286     -14.37     123.54  1
        2013122918  1042899     -14.61     123.16  1
        2013122921   914974     -14.86     122.84  1
        2013123000   828449     -15.05     122.61  1
        2013123003   748806     -15.24     122.44  1
        2013123006   711572     -15.45     122.37  1
        2013123009   614209     -15.67     122.12  1
        2013123012   556527     -15.84     121.95  1
        2013123015   503246     -16.06     121.81  1
        2013123018   346433     -16.20     121.58  1
LPT    21.0100
        2013121903   436251     -16.14     175.22  1
        2013121906   847789     -16.59     175.54  1
        2013121909  1205959     -16.95     175.84  1
        2013121912  1575171     -16.99     176.19  1
        2013121915  1976620     -16.73     176.59  1
        2013121918  2212232     -16.89     176.91  1
        2013121921  2408933     -17.12     177.20  1
        2013122000  2581636     -17.30     177.51  1
        2013122003  2742490     -17.51     177.81  1
        2013122006  2897841     -17.68     178.16  1
        2013122009  3033584     -17.85     178.48  1
        2013122012  3168041     -17.99     178.80  1
        2013122015  3262261     -18.12     179.13  1
        2013122018  3341331     -18.27     179.46  1
        2013122021  3356442     -18.54     179.78  1
        2013122100  3491363     -18.58     180.16  1
        2013122103  3558152     -18.58     180.40  1
        2013122106  3679092     -18.46     180.63  1
        2013122109  3790544     -18.25     180.84  1
        2013122112  3931165     -18.00     181.11  1
        2013122115  3981506     -17.72     181.39  1
        2013122118  3998372     -17.57     181.70  1
        2013122121  4009930     -17.30     181.88  1
        2013122200  3992139     -17.11     182.10  1
        2013122203  3926245     -16.86     182.24  1
        2013122206  3791103     -16.86     182.50  1
        2013122209  3626524     -16.72     182.71  1
        2013122212  3496607     -16.63     182.96  1
        2013122215  3289131     -16.43     183.00  1
        2013122218  3020297     -16.59     183.28  1
        2013122221  2815086     -16.19     183.17  1
        2013122300  2849883     -15.04     181.76  1
        2013122303  2955330     -13.50     179.35  1
        2013122306  2929603     -12.28     177.44  1
        2013122309  2906275     -11.52     176.13  1
        2013122312  2915207     -10.91     174.95  1
        2013122315  3037378     -10.48     174.17  1
        2013122318  3056549     -10.26     173.67  1
        2013122321  3085135     -10.06     173.32  1
        2013122400  3126979      -9.96     173.22  1
        2013122403  3104521      -9.77     172.84  1
        2013122406  3073173      -9.55     172.44  1
        2013122409  3022517      -9.36     172.00  1
        2013122412  2893484      -9.15     171.40  1
        2013122415  2720794      -8.84     170.49  1
        2013122418  2532190      -8.68     169.43  1
        2013122421  2400456      -8.66     168.77  1
        2013122500  2256038      -8.71     168.25  1
        2013122503  2218842      -8.81     167.92  1
        2013122506  2133183      -8.86     167.62  1
        2013122509  2118687      -8.85     167.41  1
        2013122512  2124299      -8.79     167.26  1
        2013122515  2183573      -8.67     167.16  1
        2013122518  2082240      -8.67     167.12  1
        2013122521  2028547      -8.59     167.02  1
        2013122600  1966481      -8.51     167.00  1
        2013122603  2186164      -7.43     164.98  1
        2013122606  2333863      -6.36     162.85  1
        2013122609  2359667      -5.59     161.37  1
        2013122612  2507824      -4.74     159.67  1
        2013122615  2634912      -3.93     157.91  1
        2013122618  2376845      -3.13     156.05  1
        2013122621  2245993      -2.49     154.30  1
        2013122700  2167767      -2.22     153.06  1
        2013122703  2246795      -2.07     152.45  1
        2013122706  2325496      -2.04     151.84  1
        2013122709  2465693      -2.02     151.81  1
        2013122712  2668951      -2.01     151.88  1
        2013122715  3030328      -2.05     152.12  1
        2013122718  3232834      -1.85     151.86  1
        2013122721  3429765      -1.72     151.72  1
        2013122800  3651405      -1.59     151.55  1
        2013122803  3873628      -1.59     151.65  1
        2013122806  3958589      -1.51     151.46  1
        2013122809  3999632      -1.47     151.43  1
        2013122812  4027679      -1.39     151.32  1
        2013122815  4055761      -1.32     151.09  1
        2013122818  3991508      -1.26     150.88  1
        2013122821  3936314      -1.12     150.72  1
        2013122900  3888658      -0.97     150.62  1
        2013122903  3819384      -0.84     150.51  1
        2013122906  3710059      -0.74     150.41  1
        2013122909  3654630      -0.68     150.44  1
        2013122912  3639242      -0.59     150.40  1
        2013122915  3680086      -0.57     150.52  1
        2013122918  3696350      -0.53     150.71  1
        2013122921  3824063      -0.56     151.08  1
        2013123000  3921784      -0.60     151.55  1
        2013123003  4057721      -0.74     152.19  1
        2013123006  4135025      -0.88     152.64  1
        2013123009  4191651      -0.95     153.01  1
        2013123012  4298270      -1.00     153.25  1
        2013123015  4466308      -1.00     153.34  1
        2013123018  4484818      -0.93     153.32  1
        2013123021  4447921      -0.94     153.45  1
        2013123100  4398102      -0.93     153.52  1
        2013123103  4409904      -0.93     153.56  1
        2013123106  4355630      -0.90     153.60  1
        2013123109  8890931      -5.02     170.25  1
        2013123112  9277691      -5.05     170.26  1
        2013123115  9521350      -5.04     170.06  1
        2013123118  9637297      -5.09     170.15  1
        2013123121  9708792      -5.13     170.15  1
        2014010100  9704690      -5.22     170.23  1
        2014010103  9665984      -5.36     170.36  1
        2014010106  9708200      -5.41     170.10  1
        2014010109  9862648      -5.45     169.60  1
        2014010112 12479533      -4.89     158.39  1
        2014010115 12642268      -4.93     157.67  1
        2014010118 12719427      -4.92     156.97  1
        2014010121 12772672      -4.95     156.51  1
        2014010200 12784814      -4.97     156.20  1
        2014010203 12688838      -5.04     156.17  2
        2014010206 12931496      -4.88     155.50  1
        2014010209 12999816      -4.83     155.25  1
        2014010212 13087152      -4.74     154.94  1
        2014010215 12958779      -4.69     154.72  1
        2014010218 12598896      -4.75     154.73  1
        2014010221 11913185      -4.94     155.48  1
        2014010300  8307725      -6.23     170.45  1
        2014010303  8053750      -6.35     170.74  1
        2014010306  7662624      -6.50     171.13  1
        2014010309  7484003      -6.51     171.06  1
        2014010312  7316813      -6.50     170.91  1
        2014010315  7058887      -6.46     170.61  1
        2014010318  6707174      -6.47     170.42  1
        2014010321  6379926      -6.39     170.01  1
        2014010400  6101737      -6.33     169.67  1
        2014010403  5886430      -6.32     169.55  1
        2014010406  5551924      -6.27     169.40  1
        2014010409  5292277      -6.29     169.62  1
        2014010412  5270329      -6.26     169.68  2
        2014010415  5097970      -6.27     169.93  2
        2014010418  4895151      -6.33     170.27  2
        2014010421  4703177      -6.33     170.48  2
        2014010500  4493044      -6.44     170.90  2
        2014010503  4201118      -6.61     171.46  2
        2014010506  4079297      -8.00     173.14  2
        2014010509  4101147      -9.04     174.97  1
        2014010512  4286712      -9.48     175.69  1
        2014010515  4248792      -9.75     176.37  1
        2014010518  3230730     -13.06     182.67  1
        2014010521  3178937     -13.69     183.80  1
        2014010600  3294380     -14.03     184.44  1
        2014010603  3324331     -14.20     184.95  1
        2014010606  3415197     -14.30     185.23  1
        2014010609  3591008     -14.36     185.61  1
        2014010612  3810904     -14.32     185.88  1
        2014010615  4032941     -14.13     185.95  1
        2014010618  4141486     -14.13     186.25  1
        2014010621  4237205     -14.15     186.57  1
        2014010700  4391110     -14.17     186.97  1
        2014010703  4417615     -14.20     187.40  1
        2014010706  4452855     -14.31     187.98  1
        2014010709  4528159     -14.45     188.71  1
        2014010712  4481544     -14.89     190.00  1
        2014010715  4356003     -15.21     191.04  1
        2014010718  4450573     -15.22     191.53  1
        2014010721  4521101     -15.33     192.06  1
        2014010800  4614277     -15.38     192.50  1
        2014010803  4672535     -15.37     192.84  1
        2014010806  4714244     -15.40     193.16  1
        2014010809  4790994     -15.42     193.53  1
        2014010812  4799724     -15.44     193.91  1
        2014010815  4712294     -15.47     194.26  1
        2014010818  4681883     -15.52     194.59  1
        2014010821  4604460     -15.53     194.90  1
        2014010900  4530343     -15.53     195.23  1
        2014010903  4409202     -15.55     195.51  1
        2014010906  4336798     -15.64     195.82  1
        2014010909  4351162     -15.64     195.96  1
        2014010912  4288289     -15.64     196.05  1
        2014010915  4207556     -15.54     195.97  1
        2014010918  4055313     -15.50     195.91  1
        2014010921  3900129     -15.41     195.73  1
        2014011000  3726348     -15.31     195.52  1
        2014011003  3361011     -15.34     195.55  1
        2014011006  3103956     -15.31     195.39  1
        2014011009  2789312     -15.33     195.17  1
        2014011012  2388307     -15.27     194.60  1
        2014011015  1307105     -13.16     187.64  1
        2014011018  1260682     -13.28     187.50  1
        2014011021   950954     -13.96     187.96  1
        2014011100   832407     -14.23     187.88  1
        2014011103   672642     -14.60     187.86  1
        2014011106   515856     -14.87     187.65  1
        2014011109   446479     -15.21     187.65  1
        2014011112   385417     -15.59     187.71  1
        2014011115   344012     -15.88     187.90  1
        2014011118   308491     -16.27     188.16  1
LPT    21.0200
        2013121903   436251     -16.14     175.22  1
        2013121906   847789     -16.59     175.54  1
        2013121909  1205959     -16.95     175.84  1
        2013121912  1575171     -16.99     176.19  1
        2013121915  1976620     -16.73     176.59  1
        2013121918  2212232     -16.89     176.91  1
        2013121921  2408933     -17.12     177.20  1
        2013122000  2581636     -17.30     177.51  1
        2013122003  2742490     -17.51     177.81  1
        2013122006  2897841     -17.68     178.16  1
        2013122009  3033584     -17.85     178.48  1
        2013122012  3168041     -17.99     178.80  1
        2013122015  3262261     -18.12     179.13  1
        2013122018  3341331     -18.27     179.46  1
        2013122021  3356442     -18.54     179.78  1
        2013122100  3491363     -18.58     180.16  1
        2013122103  3558152     -18.58     180.40  1
        2013122106  3679092     -18.46     180.63  1
        2013122109  3790544     -18.25     180.84  1
        2013122112  3931165     -18.00     181.11  1
        2013122115  3981506     -17.72     181.39  1
        2013122118  3998372     -17.57     181.70  1
        2013122121  4009930     -17.30     181.88  1
        2013122200  3992139     -17.11     182.10  1
        2013122203  3926245     -16.86     182.24  1
        2013122206  3791103     -16.86     182.50  1
        2013122209  3626524     -16.72     182.71  1
        2013122212  3496607     -16.63     182.96  1
        2013122215  3289131     -16.43     183.00  1
        2013122218  3020297     -16.59     183.28  1
        2013122221  2815086     -16.19     183.17  1
        2013122300  2849883     -15.04     181.76  1
        2013122303  2955330     -13.50     179.35  1
        2013122306  2929603     -12.28     177.44  1
        2013122309  2906275     -11.52     176.13  1
        2013122312  2915207     -10.91     174.95  1
        2013122315  3037378     -10.48     174.17  1
        2013122318  3056549     -10.26     173.67  1
        2013122321  3085135     -10.06     173.32  1
        2013122400  3126979      -9.96     173.22  1
        2013122403  3104521      -9.77     172.84  1
        2013122406  3073173      -9.55     172.44  1
        2013122409  3022517      -9.36     172.00  1
        2013122412  2893484      -9.15     171.40  1
        2013122415  2720794      -8.84     170.49  1
        2013122418  2532190      -8.68     169.43  1
        2013122421  2400456      -8.66     168.77  1
        2013122500  2256038      -8.71     168.25  1
        2013122503  2218842      -8.81     167.92  1
        2013122506  2133183      -8.86     167.62  1
        2013122509  2118687      -8.85     167.41  1
        2013122512  2124299      -8.79     167.26  1
        2013122515  2183573      -8.67     167.16  1
        2013122518  2082240      -8.67     167.12  1
        2013122521  2028547      -8.59     167.02  1
        2013122600  1966481      -8.51     167.00  1
        2013122603  2186164      -7.43     164.98  1
        2013122606  2333863      -6.36     162.85  1
        2013122609  2359667      -5.59     161.37  1
        2013122612  2507824      -4.74     159.67  1
        2013122615  2634912      -3.93     157.91  1
        2013122618  2376845      -3.13     156.05  1
        2013122621  2245993      -2.49     154.30  1
        2013122700  2167767      -2.22     153.06  1
        2013122703  2246795      -2.07     152.45  1
        2013122706  2325496      -2.04     151.84  1
        2013122709  2465693      -2.02     151.81  1
        2013122712  2668951      -2.01     151.88  1
        2013122715  3030328      -2.05     152.12  1
        2013122718  3232834      -1.85     151.86  1
        2013122721  3429765      -1.72     151.72  1
        2013122800  3651405      -1.59     151.55  1
        2013122803  3873628      -1.59     151.65  1
        2013122806  3958589      -1.51     151.46  1
        2013122809  3999632      -1.47     151.43  1
        2013122812  4027679      -1.39     151.32  1
        2013122815  4055761      -1.32     151.09  1
        2013122818  3991508      -1.26     150.88  1
        2013122821  3936314      -1.12     150.72  1
        2013122900  3888658      -0.97     150.62  1
        2013122903  3819384      -0.84     150.51  1
        2013122906  3710059      -0.74     150.41  1
        2013122909  3654630      -0.68     150.44  1
        2013122912  3639242      -0.59     150.40  1
        2013122915  3680086      -0.57     150.52  1
        2013122918  3696350      -0.53     150.71  1
        2013122921  3824063      -0.56     151.08  1
        2013123000  3921784      -0.60     151.55  1
        2013123003  4057721      -0.74     152.19  1
        2013123006  4135025      -0.88     152.64  1
        2013123009  4191651      -0.95     153.01  1
        2013123012  4298270      -1.00     153.25  1
        2013123015  4466308      -1.00     153.34  1
        2013123018  4484818      -0.93     153.32  1
        2013123021  4447921      -0.94     153.45  1
        2013123100  4398102      -0.93     153.52  1
        2013123103  4409904      -0.93     153.56  1
        2013123106  4355630      -0.90     153.60  1
        2013123109  8890931      -5.02     170.25  1
        2013123112  9277691      -5.05     170.26  1
        2013123115  9521350      -5.04     170.06  1
        2013123118  9637297      -5.09     170.15  1
        2013123121  9708792      -5.13     170.15  1
        2014010100  9704690      -5.22     170.23  1
        2014010103  9665984      -5.36     170.36  1
        2014010106  9708200      -5.41     170.10  1
        2014010109  9862648      -5.45     169.60  1
        2014010112 12479533      -4.89     158.39  1
        2014010115 12642268      -4.93     157.67  1
        2014010118 12719427      -4.92     156.97  1
        2014010121 12772672      -4.95     156.51  1
        2014010200 12784814      -4.97     156.20  1
        2014010203 12688838      -5.04     156.17  2
        2014010206 12931496      -4.88     155.50  1
        2014010209 12999816      -4.83     155.25  1
        2014010212 13087152      -4.74     154.94  1
        2014010215 12958779      -4.69     154.72  1
        2014010218 12598896      -4.75     154.73  1
        2014010221 11913185      -4.94     155.48  1
        2014010300  3086410      -2.06     117.52  1
        2014010303  2715447      -2.15     116.56  1
        2014010306  2501172      -2.14     116.13  1
        2014010309  2370320      -2.05     116.04  1
        2014010312  2203999      -1.98     115.82  1
        2014010315  2005363      -1.83     115.71  1
        2014010318  1811240      -1.79     115.62  1
        2014010321  1544658      -1.71     115.70  1
        2014010400  1475349      -1.62     115.54  1
        2014010403  1439859      -1.64     115.50  1
        2014010406  1409821      -1.56     115.43  1
        2014010409  1393699      -1.40     114.99  1
        2014010412  1400724      -1.31     114.59  1
        2014010415  1418447      -1.36     114.32  1
        2014010418  1416213      -1.31     113.94  1
        2014010421  1506236      -1.69     113.56  1
        2014010500  1597172      -1.82     113.02  1
        2014010503  1699598      -1.98     112.44  1
        2014010506  1761904      -2.13     111.94  1
        2014010509  1958364      -2.13     111.27  1
        2014010512  2104668      -2.14     110.81  1
        2014010515  2267679      -2.25     110.49  1
        2014010518  2387446      -2.38     110.25  1
        2014010521  2457783      -2.58     110.03  1
        2014010600  2546671      -2.66     109.91  1
        2014010603  2567768      -2.78     109.75  1
        2014010606  2665797      -2.88     109.61  1
        2014010609  2761567      -2.96     109.38  1
        2014010612  2824223      -3.06     109.17  1
        2014010615  2903944      -3.13     108.96  1
        2014010618  3021428      -3.17     108.65  1
        2014010621  3159206      -3.13     108.35  1
        2014010700  3176206      -3.12     108.04  1
        2014010703  3145993      -3.17     107.84  1
        2014010706  3113744      -3.15     107.88  1
        2014010709  3140856      -3.07     107.94  1
        2014010712  3081100      -3.00     108.11  1
        2014010715  2990642      -2.87     108.39  1
        2014010718  3057709      -2.74     108.43  1
        2014010721  3049228      -2.68     108.53  1
        2014010800  2981661      -2.62     108.46  1
        2014010803  2876360      -2.55     108.37  1
        2014010806  2911070      -2.46     108.33  1
        2014010809  3009927      -2.26     108.40  1
        2014010812  3015291      -2.26     108.37  1
        2014010815  3992768      -1.03     113.60  1
        2014010818  4879517      -0.64     116.90  1
        2014010821  5757596      -0.57     118.64  1
        2014010900  6217805      -0.31     120.44  1
        2014010903  6533471      -0.09     121.70  1
        2014010906  6978759       0.14     122.72  1
        2014010909  7126546       0.36     123.66  1
        2014010912  7268526       0.47     124.79  1
        2014010915  7433313       0.57     125.69  1
        2014010918  6636251       1.71     130.46  1
        2014010921  6923768       1.69     130.39  1
        2014011000  7165008       1.67     130.46  1
        2014011003  7380284       1.62     130.82  1
        2014011006  7627892       1.57     130.82  1
        2014011009  7714626       1.54     130.73  1
        2014011012  7743838       1.57     131.06  1
        2014011015  7932045       1.56     131.28  1
        2014011018  8006450       1.58     131.42  1
        2014011021  7901060       1.61     131.57  1
        2014011100  7785481       1.67     131.93  1
        2014011103  7748241       1.69     132.10  1
        2014011106  7836102       1.65     132.31  1
        2014011109  7821272       1.65     132.67  1
        2014011112  7819929       1.59     133.25  1
        2014011115  7982113       1.35     133.93  1
        2014011118  8353683       1.10     134.08  1
        2014011121  8622311       0.82     134.46  1
        2014011200  8860752       0.62     135.34  1
        2014011203  9143192       0.38     136.13  1
        2014011206  9276789       0.19     136.60  1
        2014011209  9288896      -0.00     137.04  1
        2014011212  9361947      -0.19     137.69  1
        2014011215  9675821      -0.55     138.30  1
        2014011218  9876385      -0.81     138.45  1
        2014011221  9922414      -1.07     138.63  1
        2014011300  9970143      -1.33     138.82  1
        2014011303 10068683      -1.57     139.07  1
        2014011306 10163621      -1.88     139.24  1
        2014011309 10269108      -2.16     139.53  1
        2014011312 10429693      -2.32     139.81  1
        2014011315 10695077      -2.63     140.20  1
        2014011318 10890396      -2.77     140.33  1
        2014011321 10862472      -2.91     140.54  1
        2014011400 10866412      -3.06     140.70  1
        2014011403 10846594      -3.17     140.96  1
        2014011406 10838860      -3.31     141.15  1
        2014011409  7805110      -7.73     147.34  1
        2014011412  7905145      -7.88     147.65  1
        2014011415  8121808      -8.01     147.89  1
        2014011418  8182185      -8.15     148.07  1
        2014011421  8153546      -8.31     148.29  1
        2014011500  8145967      -8.42     148.52  1
        2014011503  8193444      -8.54     148.71  1
        2014011506  8190327      -8.69     148.87  1
        2014011509  8248653      -8.77     149.05  1
        2014011512  8386802      -8.84     149.27  1
        2014011515  8587706      -8.97     149.31  1
        2014011518  8548201      -9.13     149.40  1
        2014011521  8505260      -9.29     149.70  1
        2014011600  8472582      -9.40     149.95  1
        2014011603  8456152      -9.49     150.38  1
        2014011606  8468603      -9.61     150.62  1
        2014011609  8398779      -9.69     151.12  1
        2014011612  8361037      -9.77     151.48  1
        2014011615  8451622      -9.94     151.73  1
        2014011618  8256267     -10.13     151.84  1
        2014011621  7899792     -10.31     152.22  1
        2014011700  7514460     -10.51     152.60  2
        2014011703  7183021     -10.68     153.25  2
        2014011706  7205167     -11.00     152.95  2
        2014011709  7106311     -11.25     152.99  2
        2014011712  7106488     -11.44     153.02  2
        2014011715  7254544     -11.70     152.64  2
        2014011718  7060644     -12.05     152.47  2
        2014011721  6819501     -12.37     152.47  2
        2014011800  6783224     -12.56     152.12  2
        2014011803  6758385     -12.77     152.05  2
        2014011806  6735394     -13.06     151.54  2
        2014011809  6651367     -13.22     151.44  2
        2014011812  6563687     -13.41     151.33  2
        2014011815  6683660     -13.53     150.58  2
        2014011818  6463176     -13.70     150.73  2
        2014011821  6207856     -13.79     151.16  2
        2014011900  6102066     -13.77     151.22  2
        2014011903  5973547     -13.79     151.28  2
        2014011906  6065049     -13.64     150.71  2
        2014011909  6076408     -13.42     150.56  2
        2014011912  6346931     -12.70     150.07  2
        2014011915  6520131     -12.06     149.61  2
        2014011918  6588929     -11.26     148.69  1
        2014011921  6217935     -10.65     148.70  1
        2014012000  6135936      -9.90     148.07  1
        2014012003  5517628      -7.96     144.60  1
        2014012006  5725291      -7.72     144.50  1
        2014012009  5659161      -7.35     144.95  1
        2014012012  5627950      -7.09     145.29  1
        2014012015  5749515      -6.97     145.23  1
        2014012018  5567271      -6.52     145.61  1
        2014012021  5279471      -5.80     146.47  1
        2014012100  5051308      -5.01     147.43  1
        2014012103  5039523      -4.59     147.85  1
        2014012106  5021128      -4.46     148.00  1
        2014012109  4816631      -3.77     148.95  1
        2014012112  4954500      -3.50     149.30  1
        2014012115  5271951      -3.32     149.79  1
        2014012118  5637414      -3.50     150.42  1
        2014012121  5954360      -3.71     150.94  1
        2014012200  6375051      -3.95     151.21  1
        2014012203  6673652      -4.23     151.47  1
        2014012206  6833702      -4.52     151.59  1
        2014012209  7029321      -4.71     151.67  1
        2014012212  7331310      -4.92     151.62  1
        2014012215  7691999      -5.16     151.76  1
        2014012218  7919427      -5.31     151.40  1
        2014012221  7892429      -5.43     151.31  1
        2014012300  7793577      -5.59     151.31  1
        2014012303  7586553      -5.68     151.30  1
        2014012306  7237676      -5.87     151.45  1
        2014012309  7058456      -5.98     151.39  1
        2014012312  7014105      -5.97     151.29  1
        2014012315  7061881      -5.91     151.10  1
        2014012318  6979493      -5.95     150.99  1
        2014012321  6882089      -6.00     151.12  1
        2014012400  6819178      -5.96     151.17  1
        2014012403  6804748      -5.90     151.36  1
        2014012406  6596481      -5.83     151.88  1
        2014012409  6534155      -5.75     152.12  1
        2014012412  6594131      -5.58     152.20  1
        2014012415  6691301      -5.48     152.38  1
        2014012418  6549221      -5.52     152.34  1
        2014012421  6109129      -5.43     153.09  1
        2014012500  5174653      -5.24     156.22  1
        2014012503  5015349      -5.10     156.50  1
        2014012506  4926219      -5.06     156.47  1
        2014012509  4904009      -5.14     156.42  1
        2014012512  4928401      -5.14     156.31  1
        2014012515  5033690      -5.14     155.82  1
        2014012518  4764411      -5.07     155.90  1
        2014012521  4704266      -5.05     155.87  1
        2014012600  4827959      -5.15     155.60  1
        2014012603  5004968      -5.19     155.46  1
        2014012606  5233120      -5.33     155.46  1
        2014012609  5559484      -5.37     155.56  1
        2014012612  5967326      -5.40     155.70  1
        2014012615  6481923      -5.48     155.84  1
        2014012618  6790534      -5.55     155.85  1
        2014012621  6911768      -5.46     155.70  1
        2014012700  7033526      -5.38     155.46  1
        2014012703  7227075      -5.24     155.12  1
        2014012706  7442198      -5.36     154.51  1
        2014012709  7595453      -5.49     154.12  1
        2014012712  7860285      -5.57     153.80  1
        2014012715  8253377      -5.80     153.58  1
        2014012718  8206453      -6.14     153.39  1
        2014012721  8127510      -6.32     153.17  1
        2014012800  8055250      -6.53     152.74  1
        2014012803  8096490      -6.85     152.35  1
        2014012806  8089130      -7.20     151.90  1
        2014012809  8175851      -7.50     151.80  1
        2014012812  8439218      -7.69     151.78  1
        2014012815  8853074      -8.02     151.84  1
        2014012818  9101641      -8.22     152.03  1
        2014012821  9314347      -8.44     152.25  1
        2014012900  9631382      -8.61     152.44  1
        2014012903  9894179      -8.93     152.98  1
        2014012906  9977431      -9.32     153.07  1
        2014012909 10024981      -9.68     153.46  1
        2014012912 10093378     -10.36     154.27  1
        2014012915  9993069     -11.32     155.11  1
        2014012918  9893044     -11.89     155.68  1
        2014012921  9895889     -12.40     156.31  1
        2014013000 10037183     -12.88     156.91  1
        2014013003 10209152     -13.37     157.61  1
        2014013006 10279539     -13.78     157.89  1
        2014013009 10280332     -14.17     158.55  1
        2014013012 10277801     -14.53     159.14  1
        2014013015 10195343     -14.88     159.89  1
        2014013018  9970882     -15.28     160.60  1
        2014013021  9930061     -15.56     161.18  1
        2014013100  9796543     -15.81     161.80  1
        2014013103  9688833     -16.05     162.54  1
        2014013106  9506821     -16.12     162.58  1
        2014013109  9276317     -16.27     163.21  1
        2014013112  9104759     -16.36     163.42  1
        2014013115  8831209     -16.52     163.86  1
        2014013118  8245827     -16.82     164.82  1
        2014013121  7131250     -17.47     168.33  1
        2014020100  6327769     -17.88     170.12  1
        2014020103  1543739     -17.37     151.94  1
        2014020106  1363487     -17.75     151.81  1
        2014020109  1252292     -18.01     151.88  1
        2014020112  1223998     -18.18     152.06  1
        2014020115  1180317     -18.35     152.24  1
        2014020118  1100342     -18.50     152.49  1
        2014020121  1048993     -18.52     152.87  1
        2014020200   999022     -18.44     153.26  1
        2014020203  1048223     -18.04     153.84  1
        2014020206   969466     -17.68     154.35  1
        2014020209   996157     -17.08     154.93  1
        2014020212  1096659     -16.24     155.64  1
        2014020215  1188094     -15.53     156.09  1
        2014020218  1310312     -15.11     156.08  1
        2014020221  1349250     -15.10     155.87  1
        2014020300  1437081     -15.01     155.75  1
        2014020303  1712974     -14.77     155.77  1
        2014020306  1867729     -14.74     155.42  1
        2014020309  2082763     -14.65     155.35  1
        2014020312  2326813     -14.51     155.12  1
        2014020315  2617532     -14.35     155.03  1
        2014020318  2782240     -14.19     155.00  1
        2014020321  2874414     -14.18     155.03  1
        2014020400  3030676     -14.12     154.96  1
        2014020403  3282772     -14.10     155.07  1
        2014020406  3587886     -14.03     154.74  1
        2014020409  3786843     -14.02     154.64  1
        2014020412  4072954     -14.02     154.54  1
        2014020415  4239769     -13.91     154.64  1
        2014020418  4714197     -14.02     152.47  1
        2014020421  4779330     -14.06     152.32  1
        2014020500  4750108     -14.06     152.41  1
        2014020503  4766590     -14.08     152.52  1
        2014020506  4759532     -14.10     152.37  1
        2014020509  4726636     -14.10     152.64  1
        2014020512  4643131     -14.11     152.90  1
        2014020515  4487633     -14.14     153.44  1
        2014020518  4356856     -14.18     153.54  1
        2014020521  4073351     -14.18     154.18  1
        2014020600  3858809     -14.15     154.37  1
        2014020603  3603779     -14.05     154.25  1
        2014020606  3173883     -13.82     153.93  1
        2014020609  2838373     -13.58     153.60  1
        2014020612  2404774     -13.09     152.11  1
        2014020615  2028677     -12.88     151.06  1
        2014020618   875432     -13.97     142.19  1
        2014020621   822250     -13.97     142.01  1
        2014020700   837931     -13.98     141.70  1
        2014020703   784839     -13.95     141.62  1
        2014020706   811712     -13.97     141.55  1
        2014020709   773455     -13.99     141.50  1
        2014020712   730650     -14.02     141.57  1
        2014020715   694428     -14.11     141.62  1
        2014020718   731643     -14.17     141.60  1
        2014020721   702380     -14.19     141.66  1
        2014020800   628867     -14.25     141.70  1
        2014020803   590636     -14.27     141.70  1
        2014020806   560573     -14.33     141.71  1
        2014020809   538790     -14.36     141.70  1
        2014020812   544593     -14.44     141.73  1
        2014020815   550508     -14.46     141.60  1
        2014020818   530151     -14.53     141.57  1
        2014020821   477014     -14.56     141.65  1
        2014020900   485870     -14.61     141.63  1
        2014020903   475232     -14.70     141.71  1
        2014020906   477168     -14.83     141.74  1
        2014020909   451648     -14.90     141.63  1
        2014020912   361996     -14.96     141.42  1
        2014020915   370933     -14.97     140.99  1
        2014020918   446314     -14.95     140.60  1
        2014020921   415062     -14.91     140.46  1
        2014021000   403099     -14.92     140.22  1
        2014021003   367785     -15.06     140.00  1
        2014021006   395991     -15.13     139.86  1
        2014021009   389170     -15.19     139.58  1
        2014021012   360725     -15.27     139.33  1
        2014021015   439087     -15.21     138.89  1
        2014021018   433205     -15.17     138.54  1
        2014021021   369831     -15.18     138.36  1
        2014021100   312464     -15.15     138.27  1
        2014021106   378638     -15.25     137.63  1
        2014021109  1094830     -16.82     129.26  1
        2014021112  1050658     -17.05     128.79  1
        2014021115   939698     -17.38     128.30  1
        2014021118   881469     -17.54     128.27  1
        2014021121   543710     -18.44     125.50  1
        2014021200   486211     -18.57     125.48  1
        2014021203   434720     -18.66     125.39  1
        2014021206   585890     -18.52     126.39  1
        2014021209   461506     -19.03     126.07  1
        2014021212   392722     -19.40     125.75  1
        2014021215   419078     -19.90     125.73  1
        2014021218   335937     -20.40     125.52  1
LPT    21.0300
        2013121903   436251     -16.14     175.22  1
        2013121906   847789     -16.59     175.54  1
        2013121909  1205959     -16.95     175.84  1
        2013121912  1575171     -16.99     176.19  1
        2013121915  1976620     -16.73     176.59  1
        2013121918  2212232     -16.89     176.91  1
        2013121921  2408933     -17.12     177.20  1
        2013122000  2581636     -17.30     177.51  1
        2013122003  2742490     -17.51     177.81  1
        2013122006  2897841     -17.68     178.16  1
        2013122009  3033584     -17.85     178.48  1
        2013122012  3168041     -17.99     178.80  1
        2013122015  3262261     -18.12     179.13  1
        2013122018  3341331     -18.27     179.46  1
        2013122021  3356442     -18.54     179.78  1
        2013122100  3491363     -18.58     180.16  1
        2013122103  3558152     -18.58     180.40  1
        2013122106  3679092     -18.46     180.63  1
        2013122109  3790544     -18.25     180.84  1
        2013122112  3931165     -18.00     181.11  1
        2013122115  3981506     -17.72     181.39  1
        2013122118  3998372     -17.57     181.70  1
        2013122121  4009930     -17.30     181.88  1
        2013122200  3992139     -17.11     182.10  1
        2013122203  3926245     -16.86     182.24  1
        2013122206  3791103     -16.86     182.50  1
        2013122209  3626524     -16.72     182.71  1
        2013122212  3496607     -16.63     182.96  1
        2013122215  3289131     -16.43     183.00  1
        2013122218  3020297     -16.59     183.28  1
        2013122221  2815086     -16.19     183.17  1
        2013122300  2849883     -15.04     181.76  1
        2013122303  2955330     -13.50     179.35  1
        2013122306  2929603     -12.28     177.44  1
        2013122309  2906275     -11.52     176.13  1
        2013122312  2915207     -10.91     174.95  1
        2013122315  3037378     -10.48     174.17  1
        2013122318  3056549     -10.26     173.67  1
        2013122321  3085135     -10.06     173.32  1
        2013122400  3126979      -9.96     173.22  1
        2013122403  3104521      -9.77     172.84  1
        2013122406  3073173      -9.55     172.44  1
        2013122409  3022517      -9.36     172.00  1
        2013122412  2893484      -9.15     171.40  1
        2013122415  2720794      -8.84     170.49  1
        2013122418  2532190      -8.68     169.43  1
        2013122421  2400456      -8.66     168.77  1
        2013122500  2256038      -8.71     168.25  1
        2013122503  2218842      -8.81     167.92  1
        2013122506  2133183      -8.86     167.62  1
        2013122509  2118687      -8.85     167.41  1
        2013122512  2124299      -8.79     167.26  1
        2013122515  2183573      -8.67     167.16  1
        2013122518  2082240      -8.67     167.12  1
        2013122521  2028547      -8.59     167.02  1
        2013122600  1966481      -8.51     167.00  1
        2013122603  2186164      -7.43     164.98  1
        2013122606  2333863      -6.36     162.85  1
        2013122609  2359667      -5.59     161.37  1
        2013122612  2507824      -4.74     159.67  1
        2013122615  2634912      -3.93     157.91  1
        2013122618  2376845      -3.13     156.05  1
        2013122621  2245993      -2.49     154.30  1
        2013122700  2167767      -2.22     153.06  1
        2013122703  2246795      -2.07     152.45  1
        2013122706  2325496      -2.04     151.84  1
        2013122709  2465693      -2.02     151.81  1
        2013122712  2668951      -2.01     151.88  1
        2013122715  3030328      -2.05     152.12  1
        2013122718  3232834      -1.85     151.86  1
        2013122721  3429765      -1.72     151.72  1
        2013122800  3651405      -1.59     151.55  1
        2013122803  3873628      -1.59     151.65  1
        2013122806  3958589      -1.51     151.46  1
        2013122809  3999632      -1.47     151.43  1
        2013122812  4027679      -1.39     151.32  1
        2013122815  4055761      -1.32     151.09  1
        2013122818  3991508      -1.26     150.88  1
        2013122821  3936314      -1.12     150.72  1
        2013122900  3888658      -0.97     150.62  1
        2013122903  3819384      -0.84     150.51  1
        2013122906  3710059      -0.74     150.41  1
        2013122909  3654630      -0.68     150.44  1
        2013122912  3639242      -0.59     150.40  1
        2013122915  3680086      -0.57     150.52  1
        2013122918  3696350      -0.53     150.71  1
        2013122921  3824063      -0.56     151.08  1
        2013123000  3921784      -0.60     151.55  1
        2013123003  4057721      -0.74     152.19  1
        2013123006  4135025      -0.88     152.64  1
        2013123009  4191651      -0.95     153.01  1
        2013123012  4298270      -1.00     153.25  1
        2013123015  4466308      -1.00     153.34  1
        2013123018  4484818      -0.93     153.32  1
        2013123021  4447921      -0.94     153.45  1
        2013123100  4398102      -0.93     153.52  1
        2013123103  4409904      -0.93     153.56  1
        2013123106  4355630      -0.90     153.60  1
        2013123109  8890931      -5.02     170.25  1
        2013123112  9277691      -5.05     170.26  1
        2013123115  9521350      -5.04     170.06  1
        2013123118  9637297      -5.09     170.15  1
        2013123121  9708792      -5.13     170.15  1
        2014010100  9704690      -5.22     170.23  1
        2014010103  9665984      -5.36     170.36  1
        2014010106  9708200      -5.41     170.10  1
        2014010109  9862648      -5.45     169.60  1
        2014010112 12479533      -4.89     158.39  1
        2014010115 12642268      -4.93     157.67  1
        2014010118 12719427      -4.92     156.97  1
        2014010121 12772672      -4.95     156.51  1
        2014010200 12784814      -4.97     156.20  1
        2014010203 12688838      -5.04     156.17  2
        2014010206 12931496      -4.88     155.50  1
        2014010209 12999816      -4.83     155.25  1
        2014010212 13087152      -4.74     154.94  1
        2014010215 12958779      -4.69     154.72  1
        2014010218 12598896      -4.75     154.73  1
        2014010221 11913185      -4.94     155.48  1
        2014010300  3086410      -2.06     117.52  1
        2014010303  2715447      -2.15     116.56  1
        2014010306  2501172      -2.14     116.13  1
        2014010309  2370320      -2.05     116.04  1
        2014010312  2203999      -1.98     115.82  1
        2014010315  2005363      -1.83     115.71  1
        2014010318  1811240      -1.79     115.62  1
        2014010321  1544658      -1.71     115.70  1
        2014010400  1475349      -1.62     115.54  1
        2014010403  1439859      -1.64     115.50  1
        2014010406  1409821      -1.56     115.43  1
        2014010409  1393699      -1.40     114.99  1
        2014010412  1400724      -1.31     114.59  1
        2014010415  1418447      -1.36     114.32  1
        2014010418  1416213      -1.31     113.94  1
        2014010421  1506236      -1.69     113.56  1
        2014010500  1597172      -1.82     113.02  1
        2014010503  1699598      -1.98     112.44  1
        2014010506  1761904      -2.13     111.94  1
        2014010509  1958364      -2.13     111.27  1
        2014010512  2104668      -2.14     110.81  1
        2014010515  2267679      -2.25     110.49  1
        2014010518  2387446      -2.38     110.25  1
        2014010521  2457783      -2.58     110.03  1
        2014010600  2546671      -2.66     109.91  1
        2014010603  2567768      -2.78     109.75  1
        2014010606  2665797      -2.88     109.61  1
        2014010609  2761567      -2.96     109.38  1
        2014010612  2824223      -3.06     109.17  1
        2014010615  2903944      -3.13     108.96  1
        2014010618  3021428      -3.17     108.65  1
        2014010621  3159206      -3.13     108.35  1
        2014010700  3176206      -3.12     108.04  1
        2014010703  3145993      -3.17     107.84  1
        2014010706  3113744      -3.15     107.88  1
        2014010709  3140856      -3.07     107.94  1
        2014010712  3081100      -3.00     108.11  1
        2014010715  2990642      -2.87     108.39  1
        2014010718  3057709      -2.74     108.43  1
        2014010721  3049228      -2.68     108.53  1
        2014010800  2981661      -2.62     108.46  1
        2014010803  2876360      -2.55     108.37  1
        2014010806  2911070      -2.46     108.33  1
        2014010809  3009927      -2.26     108.40  1
        2014010812  3015291      -2.26     108.37  1
        2014010815  3992768      -1.03     113.60  1
        2014010818  4879517      -0.64     116.90  1
        2014010821  5757596      -0.57     118.64  1
        2014010900  6217805      -0.31     120.44  1
        2014010903  6533471      -0.09     121.70  1
        2014010906  6978759       0.14     122.72  1
        2014010909  7126546       0.36     123.66  1
        2014010912  7268526       0.47     124.79  1
        2014010915  7433313       0.57     125.69  1
        2014010918  6636251       1.71     130.46  1
        2014010921  6923768       1.69     130.39  1
        2014011000  7165008       1.67     130.46  1
        2014011003  7380284       1.62     130.82  1
        2014011006  7627892       1.57     130.82  1
        2014011009  7714626       1.54     130.73  1
        2014011012  7743838       1.57     131.06  1
        2014011015  7932045       1.56     131.28  1
        2014011018  8006450       1.58     131.42  1
        2014011021  7901060       1.61     131.57  1
        2014011100  7785481       1.67     131.93  1
        2014011103  7748241       1.69     132.10  1
        2014011106  7836102       1.65     132.31  1
        2014011109  7821272       1.65     132.67  1
        2014011112  7819929       1.59     133.25  1
        2014011115  7982113       1.35     133.93  1
        2014011118  8353683       1.10     134.08  1
        2014011121  8622311       0.82     134.46  1
        2014011200  8860752       0.62     135.34  1
        2014011203  9143192       0.38     136.13  1
        2014011206  9276789       0.19     136.60  1
        2014011209  9288896      -0.00     137.04  1
        2014011212  9361947      -0.19     137.69  1
        2014011215  9675821      -0.55     138.30  1
        2014011218  9876385      -0.81     138.45  1
        2014011221  9922414      -1.07     138.63  1
        2014011300  9970143      -1.33     138.82  1
        2014011303 10068683      -1.57     139.07  1
        2014011306 10163621      -1.88     139.24  1
        2014011309 10269108      -2.16     139.53  1
        2014011312 10429693      -2.32     139.81  1
        2014011315 10695077      -2.63     140.20  1
        2014011318 10890396      -2.77     140.33  1
        2014011321 10862472      -2.91     140.54  1
        2014011400 10866412      -3.06     140.70  1
        2014011403 10846594      -3.17     140.96  1
        2014011406 10838860      -3.31     141.15  1
        2014011409  2875408       8.10     125.58  1
        2014011412  2747107       8.48     125.59  1
        2014011415  2639104       8.89     125.70  1
        2014011418  2618547       9.17     125.78  1
        2014011421  2529191       9.52     125.96  1
        2014011500  2461879       9.88     126.13  1
        2014011503  2397287      10.18     126.29  1
        2014011506  2322377      10.47     126.45  1
        2014011509  2254689      10.70     126.63  1
        2014011512  2193352      10.81     126.75  1
        2014011515  2111943      10.79     126.78  1
        2014011518  2125641      10.76     126.87  1
        2014011521  2043191      10.76     127.00  1
        2014011600  2007551      10.66     127.03  1
        2014011603  1949447      10.65     127.08  1
        2014011606  1893803      10.63     127.12  1
        2014011609  1816869      10.75     127.24  1
        2014011612  1733142      10.75     127.32  1
        2014011615  1588597      10.82     127.48  1
        2014011618  1561314      10.86     127.65  1
        2014011621  1385958      11.05     127.93  1
        2014011700  1328998      11.12     128.07  1
        2014011703  1264215      11.09     128.16  1
        2014011706  1149256      11.12     128.26  1
        2014011709  1053989      11.14     128.34  1
        2014011712   994640      11.03     128.31  1
        2014011715  1012434      10.92     128.29  1
        2014011718  1061523      10.75     128.22  1
        2014011721  1028278      10.74     128.21  1
        2014011800   981927      10.79     128.16  1
        2014011803  1047331      10.73     128.00  1
        2014011806   980605      10.75     127.98  1
        2014011809   900209      10.78     127.93  1
        2014011812   810706      10.82     127.89  1
        2014011815   748523      10.84     127.82  1
        2014011818   731149      10.82     127.81  1
        2014011821   668922      10.86     127.70  1
        2014011900   672736      10.85     127.60  1
        2014011903   708586      10.75     127.43  1
        2014011906   732299      10.67     127.38  1
        2014011909   705081      10.63     127.31  1
        2014011912   685498      10.57     127.33  1
        2014011915   639178      10.59     127.36  1
        2014011918   686189      10.61     127.47  1
        2014011921   636976      10.56     127.47  1
        2014012000   589185      10.56     127.54  1
        2014012003   639641      10.38     127.54  1
        2014012006   670986      10.28     127.65  1
        2014012009   696988      10.20     127.74  1
        2014012012   730590      10.13     127.87  1
        2014012015   761856      10.08     128.08  1
        2014012018   818370       9.98     128.48  1
        2014012021   772207       9.90     128.78  1
        2014012100   748826       9.82     129.01  1
        2014012103   780277       9.71     129.33  1
        2014012106   672199       9.73     129.68  1
        2014012109   645624       9.70     129.70  1
        2014012112   615143       9.72     129.80  1
        2014012115   565739       9.69     129.82  1
        2014012118   618898       9.75     130.09  1
        2014012121   618810       9.80     130.25  1
        2014012200   630956       9.82     130.71  1
        2014012203   527254       9.96     131.17  1
        2014012206   380962      10.17     131.69  1
LPT    21.0400
        2013122515   373861       1.28      71.08  1
        2013122518   498965       1.31      71.71  1
        2013122521   787722       1.33      72.63  1
        2013122600   895025       1.30      72.76  1
        2013122603   947538       1.23      72.84  1
        2013122606  1014712       1.16      72.99  1
        2013122609  1040202       1.12      73.06  1
        2013122612  1041759       1.07      72.99  1
        2013122615  1031737       1.07      73.25  1
        2013122618  1005503       1.05      73.66  1
        2013122621   842629       1.09      74.96  1
        2013122700   587793       1.20      77.12  1
        2013122703   478109       1.33      78.65  1
        2013122706   549159       1.25      79.74  1
        2013122709   716742       1.08      80.68  1
        2013122712   829502       0.87      81.16  1
        2013122715   949957       0.68      81.61  1
        2013122718  1079654       0.47      81.99  1
        2013122721  1180803       0.27      82.49  1
        2013122800  1148411       0.01      83.06  1
        2013122803  1064289      -0.21      83.79  1
        2013122806   987850      -0.32      85.04  1
        2013122809  1021808      -0.32      86.45  1
        2013122812   987807      -0.31      87.80  1
        2013122815  1033333      -0.28      88.90  1
        2013122818  1119738      -0.27      89.92  1
        2013122821  1357409      -0.25      90.47  1
        2013122900  1493137      -0.32      91.19  1
        2013122903  1564855      -0.30      91.85  1
        2013122906  1650433      -0.29      92.39  1
        2013122909  1764575      -0.27      92.84  1
        2013122912  1776117      -0.24      93.34  1
        2013122915  1811594      -0.20      93.74  1
        2013122918  1843968      -0.16      94.22  1
        2013122921  1910298      -0.11      94.51  1
        2013123000  1860189      -0.02      95.00  1
        2013123003  1800033       0.07      95.44  1
        2013123006  1752987       0.16      95.90  1
        2013123009  1706681       0.23      96.48  1
        2013123012  1955463       0.36      99.07  1
        2013123015  2087490       0.40     100.31  1
        2013123018  2277351       0.34     101.64  1
        2013123021  2289768       0.23     102.30  1
        2013123100  2244357       0.03     103.12  1
        2013123103  2273690      -0.09     104.19  1
        2013123106  2278997      -0.31     105.41  1
        2013123109  2183087      -0.57     106.95  1
        2013123112  2059819      -0.94     108.83  1
        2013123115  1924907      -1.21     110.48  1
        2013123118  2153305      -1.38     110.80  1
        2013123121  2099844      -1.57     111.12  1
        2014010100  2001810      -1.75     111.28  1
        2014010103  1964556      -1.98     111.58  1
        2014010106  2029108      -2.13     112.17  1
        2014010109  2188439      -2.28     112.90  1
        2014010112 12479533      -4.89     158.39  1
        2014010115 12642268      -4.93     157.67  1
        2014010118 12719427      -4.92     156.97  1
        2014010121 12772672      -4.95     156.51  1
        2014010200 12784814      -4.97     156.20  1
        2014010203 12688838      -5.04     156.17  2
        2014010206 12931496      -4.88     155.50  1
        2014010209 12999816      -4.83     155.25  1
        2014010212 13087152      -4.74     154.94  1
        2014010215 12958779      -4.69     154.72  1
        2014010218 12598896      -4.75     154.73  1
        2014010221 11913185      -4.94     155.48  1
        2014010300  8307725      -6.23     170.45  1
        2014010303  8053750      -6.35     170.74  1
        2014010306  7662624      -6.50     171.13  1
        2014010309  7484003      -6.51     171.06  1
        2014010312  7316813      -6.50     170.91  1
        2014010315  7058887      -6.46     170.61  1
        2014010318  6707174      -6.47     170.42  1
        2014010321  6379926      -6.39     170.01  1
        2014010400  6101737      -6.33     169.67  1
        2014010403  5886430      -6.32     169.55  1
        2014010406  5551924      -6.27     169.40  1
        2014010409  5292277      -6.29     169.62  1
        2014010412  5270329      -6.26     169.68  2
        2014010415  5097970      -6.27     169.93  2
        2014010418  4895151      -6.33     170.27  2
        2014010421  4703177      -6.33     170.48  2
        2014010500  4493044      -6.44     170.90  2
        2014010503  4201118      -6.61     171.46  2
        2014010506  4079297      -8.00     173.14  2
        2014010509  4101147      -9.04     174.97  1
        2014010512  4286712      -9.48     175.69  1
        2014010515  4248792      -9.75     176.37  1
        2014010518  3230730     -13.06     182.67  1
        2014010521  3178937     -13.69     183.80  1
        2014010600  3294380     -14.03     184.44  1
        2014010603  3324331     -14.20     184.95  1
        2014010606  3415197     -14.30     185.23  1
        2014010609  3591008     -14.36     185.61  1
        2014010612  3810904     -14.32     185.88  1
        2014010615  4032941     -14.13     185.95  1
        2014010618  4141486     -14.13     186.25  1
        2014010621  4237205     -14.15     186.57  1
        2014010700  4391110     -14.17     186.97  1
        2014010703  4417615     -14.20     187.40  1
        2014010706  4452855     -14.31     187.98  1
        2014010709  4528159     -14.45     188.71  1
        2014010712  4481544     -14.89     190.00  1
        2014010715  4356003     -15.21     191.04  1
        2014010718  4450573     -15.22     191.53  1
        2014010721  4521101     -15.33     192.06  1
        2014010800  4614277     -15.38     192.50  1
        2014010803  4672535     -15.37     192.84  1
        2014010806  4714244     -15.40     193.16  1
        2014010809  4790994     -15.42     193.53  1
        2014010812  4799724     -15.44     193.91  1
        2014010815  4712294     -15.47     194.26  1
        2014010818  4681883     -15.52     194.59  1
        2014010821  4604460     -15.53     194.90  1
        2014010900  4530343     -15.53     195.23  1
        2014010903  4409202     -15.55     195.51  1
        2014010906  4336798     -15.64     195.82  1
        2014010909  4351162     -15.64     195.96  1
        2014010912  4288289     -15.64     196.05  1
        2014010915  4207556     -15.54     195.97  1
        2014010918  4055313     -15.50     195.91  1
        2014010921  3900129     -15.41     195.73  1
        2014011000  3726348     -15.31     195.52  1
        2014011003  3361011     -15.34     195.55  1
        2014011006  3103956     -15.31     195.39  1
        2014011009  2789312     -15.33     195.17  1
        2014011012  2388307     -15.27     194.60  1
        2014011015  1307105     -13.16     187.64  1
        2014011018  1260682     -13.28     187.50  1
        2014011021   950954     -13.96     187.96  1
        2014011100   832407     -14.23     187.88  1
        2014011103   672642     -14.60     187.86  1
        2014011106   515856     -14.87     187.65  1
        2014011109   446479     -15.21     187.65  1
        2014011112   385417     -15.59     187.71  1
        2014011115   344012     -15.88     187.90  1
        2014011118   308491     -16.27     188.16  1
LPT    21.0500
        2013122515   373861       1.28      71.08  1
        2013122518   498965       1.31      71.71  1
        2013122521   787722       1.33      72.63  1
        2013122600   895025       1.30      72.76  1
        2013122603   947538       1.23      72.84  1
        2013122606  1014712       1.16      72.99  1
        2013122609  1040202       1.12      73.06  1
        2013122612  1041759       1.07      72.99  1
        2013122615  1031737       1.07      73.25  1
        2013122618  1005503       1.05      73.66  1
        2013122621   842629       1.09      74.96  1
        2013122700   587793       1.20      77.12  1
        2013122703   478109       1.33      78.65  1
        2013122706   549159       1.25      79.74  1
        2013122709   716742       1.08      80.68  1
        2013122712   829502       0.87      81.16  1
        2013122715   949957       0.68      81.61  1
        2013122718  1079654       0.47      81.99  1
        2013122721  1180803       0.27      82.49  1
        2013122800  1148411       0.01      83.06  1
        2013122803  1064289      -0.21      83.79  1
        2013122806   987850      -0.32      85.04  1
        2013122809  1021808      -0.32      86.45  1
        2013122812   987807      -0.31      87.80  1
        2013122815  1033333      -0.28      88.90  1
        2013122818  1119738      -0.27      89.92  1
        2013122821  1357409      -0.25      90.47  1
        2013122900  1493137      -0.32      91.19  1
        2013122903  1564855      -0.30      91.85  1
        2013122906  1650433      -0.29      92.39  1
        2013122909  1764575      -0.27      92.84  1
        2013122912  1776117      -0.24      93.34  1
        2013122915  1811594      -0.20      93.74  1
        2013122918  1843968      -0.16      94.22  1
        2013122921  1910298      -0.11      94.51  1
        2013123000  1860189      -0.02      95.00  1
        2013123003  1800033       0.07      95.44  1
        2013123006  1752987       0.16      95.90  1
        2013123009  1706681       0.23      96.48  1
        2013123012  1955463       0.36      99.07  1
        2013123015  2087490       0.40     100.31  1
        2013123018  2277351       0.34     101.64  1
        2013123021  2289768       0.23     102.30  1
        2013123100  2244357       0.03     103.12  1
        2013123103  2273690      -0.09     104.19  1
        2013123106  2278997      -0.31     105.41  1
        2013123109  2183087      -0.57     106.95  1
        2013123112  2059819      -0.94     108.83  1
        2013123115  1924907      -1.21     110.48  1
        2013123118  2153305      -1.38     110.80  1
        2013123121  2099844      -1.57     111.12  1
        2014010100  2001810      -1.75     111.28  1
        2014010103  1964556      -1.98     111.58  1
        2014010106  2029108      -2.13     112.17  1
        2014010109  2188439      -2.28     112.90  1
        2014010112 12479533      -4.89     158.39  1
        2014010115 12642268      -4.93     157.67  1
        2014010118 12719427      -4.92     156.97  1
        2014010121 12772672      -4.95     156.51  1
        2014010200 12784814      -4.97     156.20  1
        2014010203 12688838      -5.04     156.17  2
        2014010206 12931496      -4.88     155.50  1
        2014010209 12999816      -4.83     155.25  1
        2014010212 13087152      -4.74     154.94  1
        2014010215 12958779      -4.69     154.72  1
        2014010218 12598896      -4.75     154.73  1
        2014010221 11913185      -4.94     155.48  1
        2014010300  3086410      -2.06     117.52  1
        2014010303  2715447      -2.15     116.56  1
        2014010306  2501172      -2.14     116.13  1
        2014010309  2370320      -2.05     116.04  1
        2014010312  2203999      -1.98     115.82  1
        2014010315  2005363      -1.83     115.71  1
        2014010318  1811240      -1.79     115.62  1
        2014010321  1544658      -1.71     115.70  1
        2014010400  1475349      -1.62     115.54  1
        2014010403  1439859      -1.64     115.50  1
        2014010406  1409821      -1.56     115.43  1
        2014010409  1393699      -1.40     114.99  1
        2014010412  1400724      -1.31     114.59  1
        2014010415  1418447      -1.36     114.32  1
        2014010418  1416213      -1.31     113.94  1
        2014010421  1506236      -1.69     113.56  1
        2014010500  1597172      -1.82     113.02  1
        2014010503  1699598      -1.98     112.44  1
        2014010506  1761904      -2.13     111.94  1
        2014010509  1958364      -2.13     111.27  1
        2014010512  2104668      -2.14     110.81  1
        2014010515  2267679      -2.25     110.49  1
        2014010518  2387446      -2.38     110.25  1
        2014010521  2457783      -2.58     110.03  1
        2014010600  2546671      -2.66     109.91  1
        2014010603  2567768      -2.78     109.75  1
        2014010606  2665797      -2.88     109.61  1
        2014010609  2761567      -2.96     109.38  1
        2014010612  2824223      -3.06     109.17  1
        2014010615  2903944      -3.13     108.96  1
        2014010618  3021428      -3.17     108.65  1
        2014010621  3159206      -3.13     108.35  1
        2014010700  3176206      -3.12     108.04  1
        2014010703  3145993      -3.17     107.84  1
        2014010706  3113744      -3.15     107.88  1
        2014010709  3140856      -3.07     107.94  1
        2014010712  3081100      -3.00     108.11  1
        2014010715  2990642      -2.87     108.39  1
        2014010718  3057709      -2.74     108.43  1
        2014010721  3049228      -2.68     108.53  1
        2014010800  2981661      -2.62     108.46  1
        2014010803  2876360      -2.55     108.37  1
        2014010806  2911070      -2.46     108.33  1
        2014010809  3009927      -2.26     108.40  1
        2014010812  3015291      -2.26     108.37  1
        2014010815  3992768      -1.03     113.60  1
        2014010818  4879517      -0.64     116.90  1
        2014010821  5757596      -0.57     118.64  1
        2014010900  6217805      -0.31     120.44  1
        2014010903  6533471      -0.09     121.70  1
        2014010906  6978759       0.14     122.72  1
        2014010909  7126546       0.36     123.66  1
        2014010912  7268526       0.47     124.79  1
        2014010915  7433313       0.57     125.69  1
        2014010918  6636251       1.71     130.46  1
        2014010921  6923768       1.69     130.39  1
        2014011000  7165008       1.67     130.46  1
        2014011003  7380284       1.62     130.82  1
        2014011006  7627892       1.57     130.82  1
        2014011009  7714626       1.54     130.73  1
        2014011012  7743838       1.57     131.06  1
        2014011015  7932045       1.56     131.28  1
        2014011018  8006450       1.58     131.42  1
        2014011021  7901060       1.61     131.57  1
        2014011100  7785481       1.67     131.93  1
        2014011103  7748241       1.69     132.10  1
        2014011106  7836102       1.65     132.31  1
        2014011109  7821272       1.65     132.67  1
        2014011112  7819929       1.59     133.25  1
        2014011115  7982113       1.35     133.93  1
        2014011118  8353683       1.10     134.08  1
        2014011121  8622311       0.82     134.46  1
        2014011200  8860752       0.62     135.34  1
        2014011203  9143192       0.38     136.13  1
        2014011206  9276789       0.19     136.60  1
        2014011209  9288896      -0.00     137.04  1
        2014011212  9361947      -0.19     137.69  1
        2014011215  9675821      -0.55     138.30  1
        2014011218  9876385      -0.81     138.45  1
        2014011221  9922414      -1.07     138.63  1
        2014011300  9970143      -1.33     138.82  1
        2014011303 10068683      -1.57     139.07  1
        2014011306 10163621      -1.88     139.24  1
        2014011309 10269108      -2.16     139.53  1
        2014011312 10429693      -2.32     139.81  1
        2014011315 10695077      -2.63     140.20  1
        2014011318 10890396      -2.77     140.33  1
        2014011321 10862472      -2.91     140.54  1
        2014011400 10866412      -3.06     140.70  1
        2014011403 10846594      -3.17     140.96  1
        2014011406 10838860      -3.31     141.15  1
        2014011409  7805110      -7.73     147.34  1
        2014011412  7905145      -7.88     147.65  1
        2014011415  8121808      -8.01     147.89  1
        2014011418  8182185      -8.15     148.07  1
        2014011421  8153546      -8.31     148.29  1
        2014011500  8145967      -8.42     148.52  1
        2014011503  8193444      -8.54     148.71  1
        2014011506  8190327      -8.69     148.87  1
        2014011509  8248653      -8.77     149.05  1
        2014011512  8386802      -8.84     149.27  1
        2014011515  8587706      -8.97     149.31  1
        2014011518  8548201      -9.13     149.40  1
        2014011521  8505260      -9.29     149.70  1
        2014011600  8472582      -9.40     149.95  1
        2014011603  8456152      -9.49     150.38  1
        2014011606  8468603      -9.61     150.62  1
        2014011609  8398779      -9.69     151.12  1
        2014011612  8361037      -9.77     151.48  1
        2014011615  8451622      -9.94     151.73  1
        2014011618  8256267     -10.13     151.84  1
        2014011621  7899792     -10.31     152.22  1
        2014011700  7514460     -10.51     152.60  2
        2014011703  7183021     -10.68     153.25  2
        2014011706  7205167     -11.00     152.95  2
        2014011709  7106311     -11.25     152.99  2
        2014011712  7106488     -11.44     153.02  2
        2014011715  7254544     -11.70     152.64  2
        2014011718  7060644     -12.05     152.47  2
        2014011721  6819501     -12.37     152.47  2
        2014011800  6783224     -12.56     152.12  2
        2014011803  6758385     -12.77     152.05  2
        2014011806  6735394     -13.06     151.54  2
        2014011809  6651367     -13.22     151.44  2
        2014011812  6563687     -13.41     151.33  2
        2014011815  6683660     -13.53     150.58  2
        2014011818  6463176     -13.70     150.73  2
        2014011821  6207856     -13.79     151.16  2
        2014011900  6102066     -13.77     151.22  2
        2014011903  5973547     -13.79     151.28  2
        2014011906  6065049     -13.64     150.71  2
        2014011909  6076408     -13.42     150.56  2
        2014011912  6346931     -12.70     150.07  2
        2014011915  6520131     -12.06     149.61  2
        2014011918  6588929     -11.26     148.69  1
        2014011921  6217935     -10.65     148.70  1
        2014012000  6135936      -9.90     148.07  1
        2014012003  5517628      -7.96     144.60  1
        2014012006  5725291      -7.72     144.50  1
        2014012009  5659161      -7.35     144.95  1
        2014012012  5627950      -7.09     145.29  1
        2014012015  5749515      -6.97     145.23  1
        2014012018  5567271      -6.52     145.61  1
        2014012021  5279471      -5.80     146.47  1
        2014012100  5051308      -5.01     147.43  1
        2014012103  5039523      -4.59     147.85  1
        2014012106  5021128      -4.46     148.00  1
        2014012109  4816631      -3.77     148.95  1
        2014012112  4954500      -3.50     149.30  1
        2014012115  5271951      -3.32     149.79  1
        2014012118  5637414      -3.50     150.42  1
        2014012121  5954360      -3.71     150.94  1
        2014012200  6375051      -3.95     151.21  1
        2014012203  6673652      -4.23     151.47  1
        2014012206  6833702      -4.52     151.59  1
        2014012209  7029321      -4.71     151.67  1
        2014012212  7331310      -4.92     151.62  1
        2014012215  7691999      -5.16     151.76  1
        2014012218  7919427      -5.31     151.40  1
        2014012221  7892429      -5.43     151.31  1
        2014012300  7793577      -5.59     151.31  1
        2014012303  7586553      -5.68     151.30  1
        2014012306  7237676      -5.87     151.45  1
        2014012309  7058456      -5.98     151.39  1
        2014012312  7014105      -5.97     151.29  1
        2014012315  7061881      -5.91     151.10  1
        2014012318  6979493      -5.95     150.99  1
        2014012321  6882089      -6.00     151.12  1
        2014012400  6819178      -5.96     151.17  1
        2014012403  6804748      -5.90     151.36  1
        2014012406  6596481      -5.83     151.88  1
        2014012409  6534155      -5.75     152.12  1
        2014012412  6594131      -5.58     152.20  1
        2014012415  6691301      -5.48     152.38  1
        2014012418  6549221      -5.52     152.34  1
        2014012421  6109129      -5.43     153.09  1
        2014012500  5174653      -5.24     156.22  1
        2014012503  5015349      -5.10     156.50  1
        2014012506  4926219      -5.06     156.47  1
        2014012509  4904009      -5.14     156.42  1
        2014012512  4928401      -5.14     156.31  1
        2014012515  5033690      -5.14     155.82  1
        2014012518  4764411      -5.07     155.90  1
        2014012521  4704266      -5.05     155.87  1
        2014012600  4827959      -5.15     155.60  1
        2014012603  5004968      -5.19     155.46  1
        2014012606  5233120      -5.33     155.46  1
        2014012609  5559484      -5.37     155.56  1
        2014012612  5967326      -5.40     155.70  1
        2014012615  6481923      -5.48     155.84  1
        2014012618  6790534      -5.55     155.85  1
        2014012621  6911768      -5.46     155.70  1
        2014012700  7033526      -5.38     155.46  1
        2014012703  7227075      -5.24     155.12  1
        2014012706  7442198      -5.36     154.51  1
        2014012709  7595453      -5.49     154.12  1
        2014012712  7860285      -5.57     153.80  1
        2014012715  8253377      -5.80     153.58  1
        2014012718  8206453      -6.14     153.39  1
        2014012721  8127510      -6.32     153.17  1
        2014012800  8055250      -6.53     152.74  1
        2014012803  8096490      -6.85     152.35  1
        2014012806  8089130      -7.20     151.90  1
        2014012809  8175851      -7.50     151.80  1
        2014012812  8439218      -7.69     151.78  1
        2014012815  8853074      -8.02     151.84  1
        2014012818  9101641      -8.22     152.03  1
        2014012821  9314347      -8.44     152.25  1
        2014012900  9631382      -8.61     152.44  1
        2014012903  9894179      -8.93     152.98  1
        2014012906  9977431      -9.32     153.07  1
        2014012909 10024981      -9.68     153.46  1
        2014012912 10093378     -10.36     154.27  1
        2014012915  9993069     -11.32     155.11  1
        2014012918  9893044     -11.89     155.68  1
        2014012921  9895889     -12.40     156.31  1
        2014013000 10037183     -12.88     156.91  1
        2014013003 10209152     -13.37     157.61  1
        2014013006 10279539     -13.78     157.89  1
        2014013009 10280332     -14.17     158.55  1
        2014013012 10277801     -14.53     159.14  1
        2014013015 10195343     -14.88     159.89  1
        2014013018  9970882     -15.28     160.60  1
        2014013021  9930061     -15.56     161.18  1
        2014013100  9796543     -15.81     161.80  1
        2014013103  9688833     -16.05     162.54  1
        2014013106  9506821     -16.12     162.58  1
        2014013109  9276317     -16.27     163.21  1
        2014013112  9104759     -16.36     163.42  1
        2014013115  8831209     -16.52     163.86  1
        2014013118  8245827     -16.82     164.82  1
        2014013121  7131250     -17.47     168.33  1
        2014020100  6327769     -17.88     170.12  1
        2014020103  1543739     -17.37     151.94  1
        2014020106  1363487     -17.75     151.81  1
        2014020109  1252292     -18.01     151.88  1
        2014020112  1223998     -18.18     152.06  1
        2014020115  1180317     -18.35     152.24  1
        2014020118  1100342     -18.50     152.49  1
        2014020121  1048993     -18.52     152.87  1
        2014020200   999022     -18.44     153.26  1
        2014020203  1048223     -18.04     153.84  1
        2014020206   969466     -17.68     154.35  1
        2014020209   996157     -17.08     154.93  1
        2014020212  1096659     -16.24     155.64  1
        2014020215  1188094     -15.53     156.09  1
        2014020218  1310312     -15.11     156.08  1
        2014020221  1349250     -15.10     155.87  1
        2014020300  1437081     -15.01     155.75  1
        2014020303  1712974     -14.77     155.77  1
        2014020306  1867729     -14.74     155.42  1
        2014020309  2082763     -14.65     155.35  1
        2014020312  2326813     -14.51     155.12  1
        2014020315  2617532     -14.35     155.03  1
        2014020318  2782240     -14.19     155.00  1
        2014020321  2874414     -14.18     155.03  1
        2014020400  3030676     -14.12     154.96  1
        2014020403  3282772     -14.10     155.07  1
        2014020406  3587886     -14.03     154.74  1
        2014020409  3786843     -14.02     154.64  1
        2014020412  4072954     -14.02     154.54  1
        2014020415  4239769     -13.91     154.64  1
        2014020418  4714197     -14.02     152.47  1
        2014020421  4779330     -14.06     152.32  1
        2014020500  4750108     -14.06     152.41  1
        2014020503  4766590     -14.08     152.52  1
        2014020506  4759532     -14.10     152.37  1
        2014020509  4726636     -14.10     152.64  1
        2014020512  4643131     -14.11     152.90  1
        2014020515  4487633     -14.14     153.44  1
        2014020518  4356856     -14.18     153.54  1
        2014020521  4073351     -14.18     154.18  1
        2014020600  3858809     -14.15     154.37  1
        2014020603  3603779     -14.05     154.25  1
        2014020606  3173883     -13.82     153.93  1
        2014020609  2838373     -13.58     153.60  1
        2014020612  2404774     -13.09     152.11  1
        2014020615  2028677     -12.88     151.06  1
        2014020618   875432     -13.97     142.19  1
        2014020621   822250     -13.97     142.01  1
        2014020700   837931     -13.98     141.70  1
        2014020703   784839     -13.95     141.62  1
        2014020706   811712     -13.97     141.55  1
        2014020709   773455     -13.99     141.50  1
        2014020712   730650     -14.02     141.57  1
        2014020715   694428     -14.11     141.62  1
        2014020718   731643     -14.17     141.60  1
        2014020721   702380     -14.19     141.66  1
        2014020800   628867     -14.25     141.70  1
        2014020803   590636     -14.27     141.70  1
        2014020806   560573     -14.33     141.71  1
        2014020809   538790     -14.36     141.70  1
        2014020812   544593     -14.44     141.73  1
        2014020815   550508     -14.46     141.60  1
        2014020818   530151     -14.53     141.57  1
        2014020821   477014     -14.56     141.65  1
        2014020900   485870     -14.61     141.63  1
        2014020903   475232     -14.70     141.71  1
        2014020906   477168     -14.83     141.74  1
        2014020909   451648     -14.90     141.63  1
        2014020912   361996     -14.96     141.42  1
        2014020915   370933     -14.97     140.99  1
        2014020918   446314     -14.95     140.60  1
        2014020921   415062     -14.91     140.46  1
        2014021000   403099     -14.92     140.22  1
        2014021003   367785     -15.06     140.00  1
        2014021006   395991     -15.13     139.86  1
        2014021009   389170     -15.19     139.58  1
        2014021012   360725     -15.27     139.33  1
        2014021015   439087     -15.21     138.89  1
        2014021018   433205     -15.17     138.54  1
        2014021021   369831     -15.18     138.36  1
        2014021100   312464     -15.15     138.27  1
        2014021106   378638     -15.25     137.63  1
        2014021109  1094830     -16.82     129.26  1
        2014021112  1050658     -17.05     128.79  1
        2014021115   939698     -17.38     128.30  1
        2014021118   881469     -17.54     128.27  1
        2014021121   543710     -18.44     125.50  1
        2014021200   486211     -18.57     125.48  1
        2014021203   434720     -18.66     125.39  1
        2014021206   585890     -18.52     126.39  1
        2014021209   461506     -19.03     126.07  1
        2014021212   392722     -19.40     125.75  1
        2014021215   419078     -19.90     125.73  1
        2014021218   335937     -20.40     125.52  1
LPT    21.0600
        2013122515   373861       1.28      71.08  1
        2013122518   498965       1.31      71.71  1
        2013122521   787722       1.33      72.63  1
        2013122600   895025       1.30      72.76  1
        2013122603   947538       1.23      72.84  1
        2013122606  1014712       1.16      72.99  1
        2013122609  1040202       1.12      73.06  1
        2013122612  1041759       1.07      72.99  1
        2013122615  1031737       1.07      73.25  1
        2013122618  1005503       1.05      73.66  1
        2013122621   842629       1.09      74.96  1
        2013122700   587793       1.20      77.12  1
        2013122703   478109       1.33      78.65  1
        2013122706   549159       1.25      79.74  1
        2013122709   716742       1.08      80.68  1
        2013122712   829502       0.87      81.16  1
        2013122715   949957       0.68      81.61  1
        2013122718  1079654       0.47      81.99  1
        2013122721  1180803       0.27      82.49  1
        2013122800  1148411       0.01      83.06  1
        2013122803  1064289      -0.21      83.79  1
        2013122806   987850      -0.32      85.04  1
        2013122809  1021808      -0.32      86.45  1
        2013122812   987807      -0.31      87.80  1
        2013122815  1033333      -0.28      88.90  1
        2013122818  1119738      -0.27      89.92  1
        2013122821  1357409      -0.25      90.47  1
        2013122900  1493137      -0.32      91.19  1
        2013122903  1564855      -0.30      91.85  1
        2013122906  1650433      -0.29      92.39  1
        2013122909  1764575      -0.27      92.84  1
        2013122912  1776117      -0.24      93.34  1
        2013122915  1811594      -0.20      93.74  1
        2013122918  1843968      -0.16      94.22  1
        2013122921  1910298      -0.11      94.51  1
        2013123000  1860189      -0.02      95.00  1
        2013123003  1800033       0.07      95.44  1
        2013123006  1752987       0.16      95.90  1
        2013123009  1706681       0.23      96.48  1
        2013123012  1955463       0.36      99.07  1
        2013123015  2087490       0.40     100.31  1
        2013123018  2277351       0.34     101.64  1
        2013123021  2289768       0.23     102.30  1
        2013123100  2244357       0.03     103.12  1
        2013123103  2273690      -0.09     104.19  1
        2013123106  2278997      -0.31     105.41  1
        2013123109  2183087      -0.57     106.95  1
        2013123112  2059819      -0.94     108.83  1
        2013123115  1924907      -1.21     110.48  1
        2013123118  2153305      -1.38     110.80  1
        2013123121  2099844      -1.57     111.12  1
        2014010100  2001810      -1.75     111.28  1
        2014010103  1964556      -1.98     111.58  1
        2014010106  2029108      -2.13     112.17  1
        2014010109  2188439      -2.28     112.90  1
        2014010112 12479533      -4.89     158.39  1
        2014010115 12642268      -4.93     157.67  1
        2014010118 12719427      -4.92     156.97  1
        2014010121 12772672      -4.95     156.51  1
        2014010200 12784814      -4.97     156.20  1
        2014010203 12688838      -5.04     156.17  2
        2014010206 12931496      -4.88     155.50  1
        2014010209 12999816      -4.83     155.25  1
        2014010212 13087152      -4.74     154.94  1
        2014010215 12958779      -4.69     154.72  1
        2014010218 12598896      -4.75     154.73  1
        2014010221 11913185      -4.94     155.48  1
        2014010300  3086410      -2.06     117.52  1
        2014010303  2715447      -2.15     116.56  1
        2014010306  2501172      -2.14     116.13  1
        2014010309  2370320      -2.05     116.04  1
        2014010312  2203999      -1.98     115.82  1
        2014010315  2005363      -1.83     115.71  1
        2014010318  1811240      -1.79     115.62  1
        2014010321  1544658      -1.71     115.70  1
        2014010400  1475349      -1.62     115.54  1
        2014010403  1439859      -1.64     115.50  1
        2014010406  1409821      -1.56     115.43  1
        2014010409  1393699      -1.40     114.99  1
        2014010412  1400724      -1.31     114.59  1
        2014010415  1418447      -1.36     114.32  1
        2014010418  1416213      -1.31     113.94  1
        2014010421  1506236      -1.69     113.56  1
        2014010500  1597172      -1.82     113.02  1
        2014010503  1699598      -1.98     112.44  1
        2014010506  1761904      -2.13     111.94  1
        2014010509  1958364      -2.13     111.27  1
        2014010512  2104668      -2.14     110.81  1
        2014010515  2267679      -2.25     110.49  1
        2014010518  2387446      -2.38     110.25  1
        2014010521  2457783      -2.58     110.03  1
        2014010600  2546671      -2.66     109.91  1
        2014010603  2567768      -2.78     109.75  1
        2014010606  2665797      -2.88     109.61  1
        2014010609  2761567      -2.96     109.38  1
        2014010612  2824223      -3.06     109.17  1
        2014010615  2903944      -3.13     108.96  1
        2014010618  3021428      -3.17     108.65  1
        2014010621  3159206      -3.13     108.35  1
        2014010700  3176206      -3.12     108.04  1
        2014010703  3145993      -3.17     107.84  1
        2014010706  3113744      -3.15     107.88  1
        2014010709  3140856      -3.07     107.94  1
        2014010712  3081100      -3.00     108.11  1
        2014010715  2990642      -2.87     108.39  1
        2014010718  3057709      -2.74     108.43  1
        2014010721  3049228      -2.68     108.53  1
        2014010800  2981661      -2.62     108.46  1
        2014010803  2876360      -2.55     108.37  1
        2014010806  2911070      -2.46     108.33  1
        2014010809  3009927      -2.26     108.40  1
        2014010812  3015291      -2.26     108.37  1
        2014010815  3992768      -1.03     113.60  1
        2014010818  4879517      -0.64     116.90  1
        2014010821  5757596      -0.57     118.64  1
        2014010900  6217805      -0.31     120.44  1
        2014010903  6533471      -0.09     121.70  1
        2014010906  6978759       0.14     122.72  1
        2014010909  7126546       0.36     123.66  1
        2014010912  7268526       0.47     124.79  1
        2014010915  7433313       0.57     125.69  1
        2014010918  6636251       1.71     130.46  1
        2014010921  6923768       1.69     130.39  1
        2014011000  7165008       1.67     130.46  1
        2014011003  7380284       1.62     130.82  1
        2014011006  7627892       1.57     130.82  1
        2014011009  7714626       1.54     130.73  1
        2014011012  7743838       1.57     131.06  1
        2014011015  7932045       1.56     131.28  1
        2014011018  8006450       1.58     131.42  1
        2014011021  7901060       1.61     131.57  1
        2014011100  7785481       1.67     131.93  1
        2014011103  7748241       1.69     132.10  1
        2014011106  7836102       1.65     132.31  1
        2014011109  7821272       1.65     132.67  1
        2014011112  7819929       1.59     133.25  1
        2014011115  7982113       1.35     133.93  1
        2014011118  8353683       1.10     134.08  1
        2014011121  8622311       0.82     134.46  1
        2014011200  8860752       0.62     135.34  1
        2014011203  9143192       0.38     136.13  1
        2014011206  9276789       0.19     136.60  1
        2014011209  9288896      -0.00     137.04  1
        2014011212  9361947      -0.19     137.69  1
        2014011215  9675821      -0.55     138.30  1
        2014011218  9876385      -0.81     138.45  1
        2014011221  9922414      -1.07     138.63  1
        2014011300  9970143      -1.33     138.82  1
        2014011303 10068683      -1.57     139.07  1
        2014011306 10163621      -1.88     139.24  1
        2014011309 10269108      -2.16     139.53  1
        2014011312 10429693      -2.32     139.81  1
        2014011315 10695077      -2.63     140.20  1
        2014011318 10890396      -2.77     140.33  1
        2014011321 10862472      -2.91     140.54  1
        2014011400 10866412      -3.06     140.70  1
        2014011403 10846594      -3.17     140.96  1
        2014011406 10838860      -3.31     141.15  1
        2014011409  2875408       8.10     125.58  1
        2014011412  2747107       8.48     125.59  1
        2014011415  2639104       8.89     125.70  1
        2014011418  2618547       9.17     125.78  1
        2014011421  2529191       9.52     125.96  1
        2014011500  2461879       9.88     126.13  1
        2014011503  2397287      10.18     126.29  1
        2014011506  2322377      10.47     126.45  1
        2014011509  2254689      10.70     126.63  1
        2014011512  2193352      10.81     126.75  1
        2014011515  2111943      10.79     126.78  1
        2014011518  2125641      10.76     126.87  1
        2014011521  2043191      10.76     127.00  1
        2014011600  2007551      10.66     127.03  1
        2014011603  1949447      10.65     127.08  1
        2014011606  1893803      10.63     127.12  1
        2014011609  1816869      10.75     127.24  1
        2014011612  1733142      10.75     127.32  1
        2014011615  1588597      10.82     127.48  1
        2014011618  1561314      10.86     127.65  1
        2014011621  1385958      11.05     127.93  1
        2014011700  1328998      11.12     128.07  1
        2014011703  1264215      11.09     128.16  1
        2014011706  1149256      11.12     128.26  1
        2014011709  1053989      11.14     128.34  1
        2014011712   994640      11.03     128.31  1
        2014011715  1012434      10.92     128.29  1
        2014011718  1061523      10.75     128.22  1
        2014011721  1028278      10.74     128.21  1
        2014011800   981927      10.79     128.16  1
        2014011803  1047331      10.73     128.00  1
        2014011806   980605      10.75     127.98  1
        2014011809   900209      10.78     127.93  1
        2014011812   810706      10.82     127.89  1
        2014011815   748523      10.84     127.82  1
        2014011818   731149      10.82     127.81  1
        2014011821   668922      10.86     127.70  1
        2014011900   672736      10.85     127.60  1
        2014011903   708586      10.75     127.43  1
        2014011906   732299      10.67     127.38  1
        2014011909   705081      10.63     127.31  1
        2014011912   685498      10.57     127.33  1
        2014011915   639178      10.59     127.36  1
        2014011918   686189      10.61     127.47  1
        2014011921   636976      10.56     127.47  1
        2014012000   589185      10.56     127.54  1
        2014012003   639641      10.38     127.54  1
        2014012006   670986      10.28     127.65  1
        2014012009   696988      10.20     127.74  1
        2014012012   730590      10.13     127.87  1
        2014012015   761856      10.08     128.08  1
        2014012018   818370       9.98     128.48  1
        2014012021   772207       9.90     128.78  1
        2014012100   748826       9.82     129.01  1
        2014012103   780277       9.71     129.33  1
        2014012106   672199       9.73     129.68  1
        2014012109   645624       9.70     129.70  1
        2014012112   615143       9.72     129.80  1
        2014012115   565739       9.69     129.82  1
        2014012118   618898       9.75     130.09  1
        2014012121   618810       9.80     130.25  1
        2014012200   630956       9.82     130.71  1
        2014012203   527254       9.96     131.17  1
        2014012206   380962      10.17     131.69  1
LPT    21.0700
        2013122612   328895     -19.96     202.85  1
        2013122615   455323     -19.64     202.93  1
        2013122618   540777     -19.51     203.15  1
        2013122621   662433     -19.45     203.31  1
        2013122700   858069     -19.15     203.48  1
        2013122703   938832     -19.02     203.67  1
        2013122706   993343     -19.02     203.90  1
        2013122709  1030228     -19.05     204.14  1
        2013122712  1157151     -19.10     204.38  1
        2013122715  1222970     -19.14     204.60  1
        2013122718  1311294     -19.36     204.88  1
        2013122721  1430036     -19.47     205.19  1
        2013122800  1553545     -19.28     205.38  1
        2013122803  1565511     -18.94     205.54  1
        2013122806  1581817     -18.67     205.66  1
        2013122809  1651790     -18.36     205.75  1
        2013122812  1686107     -17.89     205.76  1
        2013122815  1646009     -17.78     205.98  1
        2013122818  1607362     -17.80     206.22  1
        2013122821  1612071     -18.18     206.61  1
        2013122900  1614269     -18.29     206.90  1
        2013122903  1522697     -18.39     207.14  1
        2013122906  1478401     -18.57     207.30  1
        2013122909  1505413     -18.74     207.39  1
        2013122912  1534895     -18.62     207.22  1
        2013122915  1491023     -18.40     206.93  1
        2013122918  3248999     -12.96     194.66  1
        2013122921  2734724      -9.75     190.48  1
        2013123000  2886080      -9.58     190.25  1
        2013123003  2860589      -9.36     189.62  1
        2013123006  2948450      -9.32     189.45  1
        2013123009  3158356      -9.31     189.21  1
        2013123012  3444437      -9.35     188.97  1
        2013123015  3556976      -9.34     188.64  1
        2013123018  3679505      -9.30     188.21  1
        2013123021  3796574      -9.28     187.89  1
        2013123100  3908560      -9.24     187.55  1
        2013123103  4101570      -9.15     187.21  1
        2013123106  4239266      -9.12     186.92  1
        2013123109  8890931      -5.02     170.25  1
        2013123112  9277691      -5.05     170.26  1
        2013123115  9521350      -5.04     170.06  1
        2013123118  9637297      -5.09     170.15  1
        2013123121  9708792      -5.13     170.15  1
        2014010100  9704690      -5.22     170.23  1
        2014010103  9665984      -5.36     170.36  1
        2014010106  9708200      -5.41     170.10  1
        2014010109  9862648      -5.45     169.60  1
        2014010112 12479533      -4.89     158.39  1
        2014010115 12642268      -4.93     157.67  1
        2014010118 12719427      -4.92     156.97  1
        2014010121 12772672      -4.95     156.51  1
        2014010200 12784814      -4.97     156.20  1
        2014010203 12688838      -5.04     156.17  2
        2014010206 12931496      -4.88     155.50  1
        2014010209 12999816      -4.83     155.25  1
        2014010212 13087152      -4.74     154.94  1
        2014010215 12958779      -4.69     154.72  1
        2014010218 12598896      -4.75     154.73  1
        2014010221 11913185      -4.94     155.48  1
        2014010300  8307725      -6.23     170.45  1
        2014010303  8053750      -6.35     170.74  1
        2014010306  7662624      -6.50     171.13  1
        2014010309  7484003      -6.51     171.06  1
        2014010312  7316813      -6.50     170.91  1
        2014010315  7058887      -6.46     170.61  1
        2014010318  6707174      -6.47     170.42  1
        2014010321  6379926      -6.39     170.01  1
        2014010400  6101737      -6.33     169.67  1
        2014010403  5886430      -6.32     169.55  1
        2014010406  5551924      -6.27     169.40  1
        2014010409  5292277      -6.29     169.62  1
        2014010412  5270329      -6.26     169.68  2
        2014010415  5097970      -6.27     169.93  2
        2014010418  4895151      -6.33     170.27  2
        2014010421  4703177      -6.33     170.48  2
        2014010500  4493044      -6.44     170.90  2
        2014010503  4201118      -6.61     171.46  2
        2014010506  4079297      -8.00     173.14  2
        2014010509  4101147      -9.04     174.97  1
        2014010512  4286712      -9.48     175.69  1
        2014010515  4248792      -9.75     176.37  1
        2014010518  3230730     -13.06     182.67  1
        2014010521  3178937     -13.69     183.80  1
        2014010600  3294380     -14.03     184.44  1
        2014010603  3324331     -14.20     184.95  1
        2014010606  3415197     -14.30     185.23  1
        2014010609  3591008     -14.36     185.61  1
        2014010612  3810904     -14.32     185.88  1
        2014010615  4032941     -14.13     185.95  1
        2014010618  4141486     -14.13     186.25  1
        2014010621  4237205     -14.15     186.57  1
        2014010700  4391110     -14.17     186.97  1
        2014010703  4417615     -14.20     187.40  1
        2014010706  4452855     -14.31     187.98  1
        2014010709  4528159     -14.45     188.71  1
        2014010712  4481544     -14.89     190.00  1
        2014010715  4356003     -15.21     191.04  1
        2014010718  4450573     -15.22     191.53  1
        2014010721  4521101     -15.33     192.06  1
        2014010800  4614277     -15.38     192.50  1
        2014010803  4672535     -15.37     192.84  1
        2014010806  4714244     -15.40     193.16  1
        2014010809  4790994     -15.42     193.53  1
        2014010812  4799724     -15.44     193.91  1
        2014010815  4712294     -15.47     194.26  1
        2014010818  4681883     -15.52     194.59  1
        2014010821  4604460     -15.53     194.90  1
        2014010900  4530343     -15.53     195.23  1
        2014010903  4409202     -15.55     195.51  1
        2014010906  4336798     -15.64     195.82  1
        2014010909  4351162     -15.64     195.96  1
        2014010912  4288289     -15.64     196.05  1
        2014010915  4207556     -15.54     195.97  1
        2014010918  4055313     -15.50     195.91  1
        2014010921  3900129     -15.41     195.73  1
        2014011000  3726348     -15.31     195.52  1
        2014011003  3361011     -15.34     195.55  1
        2014011006  3103956     -15.31     195.39  1
        2014011009  2789312     -15.33     195.17  1
        2014011012  2388307     -15.27     194.60  1
        2014011015  1307105     -13.16     187.64  1
        2014011018  1260682     -13.28     187.50  1
        2014011021   950954     -13.96     187.96  1
        2014011100   832407     -14.23     187.88  1
        2014011103   672642     -14.60     187.86  1
        2014011106   515856     -14.87     187.65  1
        2014011109   446479     -15.21     187.65  1
        2014011112   385417     -15.59     187.71  1
        2014011115   344012     -15.88     187.90  1
        2014011118   308491     -16.27     188.16  1
LPT    21.0800
        2013122612   328895     -19.96     202.85  1
        2013122615   455323     -19.64     202.93  1
        2013122618   540777     -19.51     203.15  1
        2013122621   662433     -19.45     203.31  1
        2013122700   858069     -19.15     203.48  1
        2013122703   938832     -19.02     203.67  1
        2013122706   993343     -19.02     203.90  1
        2013122709  1030228     -19.05     204.14  1
        2013122712  1157151     -19.10     204.38  1
        2013122715  1222970     -19.14     204.60  1
        2013122718  1311294     -19.36     204.88  1
        2013122721  1430036     -19.47     205.19  1
        2013122800  1553545     -19.28     205.38  1
        2013122803  1565511     -18.94     205.54  1
        2013122806  1581817     -18.67     205.66  1
        2013122809  1651790     -18.36     205.75  1
        2013122812  1686107     -17.89     205.76  1
        2013122815  1646009     -17.78     205.98  1
        2013122818  1607362     -17.80     206.22  1
        2013122821  1612071     -18.18     206.61  1
        2013122900  1614269     -18.29     206.90  1
        2013122903  1522697     -18.39     207.14  1
        2013122906  1478401     -18.57     207.30  1
        2013122909  1505413     -18.74     207.39  1
        2013122912  1534895     -18.62     207.22  1
        2013122915  1491023     -18.40     206.93  1
        2013122918  3248999     -12.96     194.66  1
        2013122921  2734724      -9.75     190.48  1
        2013123000  2886080      -9.58     190.25  1
        2013123003  2860589      -9.36     189.62  1
        2013123006  2948450      -9.32     189.45  1
        2013123009  3158356      -9.31     189.21  1
        2013123012  3444437      -9.35     188.97  1
        2013123015  3556976      -9.34     188.64  1
        2013123018  3679505      -9.30     188.21  1
        2013123021  3796574      -9.28     187.89  1
        2013123100  3908560      -9.24     187.55  1
        2013123103  4101570      -9.15     187.21  1
        2013123106  4239266      -9.12     186.92  1
        2013123109  8890931      -5.02     170.25  1
        2013123112  9277691      -5.05     170.26  1
        2013123115  9521350      -5.04     170.06  1
        2013123118  9637297      -5.09     170.15  1
        2013123121  9708792      -5.13     170.15  1
        2014010100  9704690      -5.22     170.23  1
        2014010103  9665984      -5.36     170.36  1
        2014010106  9708200      -5.41     170.10  1
        2014010109  9862648      -5.45     169.60  1
        2014010112 12479533      -4.89     158.39  1
        2014010115 12642268      -4.93     157.67  1
        2014010118 12719427      -4.92     156.97  1
        2014010121 12772672      -4.95     156.51  1
        2014010200 12784814      -4.97     156.20  1
        2014010203 12688838      -5.04     156.17  2
        2014010206 12931496      -4.88     155.50  1
        2014010209 12999816      -4.83     155.25  1
        2014010212 13087152      -4.74     154.94  1
        2014010215 12958779      -4.69     154.72  1
        2014010218 12598896      -4.75     154.73  1
        2014010221 11913185      -4.94     155.48  1
        2014010300  3086410      -2.06     117.52  1
        2014010303  2715447      -2.15     116.56  1
        2014010306  2501172      -2.14     116.13  1
        2014010309  2370320      -2.05     116.04  1
        2014010312  2203999      -1.98     115.82  1
        2014010315  2005363      -1.83     115.71  1
        2014010318  1811240      -1.79     115.62  1
        2014010321  1544658      -1.71     115.70  1
        2014010400  1475349      -1.62     115.54  1
        2014010403  1439859      -1.64     115.50  1
        2014010406  1409821      -1.56     115.43  1
        2014010409  1393699      -1.40     114.99  1
        2014010412  1400724      -1.31     114.59  1
        2014010415  1418447      -1.36     114.32  1
        2014010418  1416213      -1.31     113.94  1
        2014010421  1506236      -1.69     113.56  1
        2014010500  1597172      -1.82     113.02  1
        2014010503  1699598      -1.98     112.44  1
        2014010506  1761904      -2.13     111.94  1
        2014010509  1958364      -2.13     111.27  1
        2014010512  2104668      -2.14     110.81  1
        2014010515  2267679      -2.25     110.49  1
        2014010518  2387446      -2.38     110.25  1
        2014010521  2457783      -2.58     110.03  1
        2014010600  2546671      -2.66     109.91  1
        2014010603  2567768      -2.78     109.75  1
        2014010606  2665797      -2.88     109.61  1
        2014010609  2761567      -2.96     109.38  1
        2014010612  2824223      -3.06     109.17  1
        2014010615  2903944      -3.13     108.96  1
        2014010618  3021428      -3.17     108.65  1
        2014010621  3159206      -3.13     108.35  1
        2014010700  3176206      -3.12     108.04  1
        2014010703  3145993      -3.17     107.84  1
        2014010706  3113744      -3.15     107.88  1
        2014010709  3140856      -3.07     107.94  1
        2014010712  3081100      -3.00     108.11  1
        2014010715  2990642      -2.87     108.39  1
        2014010718  3057709      -2.74     108.43  1
        2014010721  3049228      -2.68     108.53  1
        2014010800  2981661      -2.62     108.46  1
        2014010803  2876360      -2.55     108.37  1
        2014010806  2911070      -2.46     108.33  1
        2014010809  3009927      -2.26     108.40  1
        2014010812  3015291      -2.26     108.37  1
        2014010815  3992768      -1.03     113.60  1
        2014010818  4879517      -0.64     116.90  1
        2014010821  5757596      -0.57     118.64  1
        2014010900  6217805      -0.31     120.44  1
        2014010903  6533471      -0.09     121.70  1
        2014010906  6978759       0.14     122.72  1
        2014010909  7126546       0.36     123.66  1
        2014010912  7268526       0.47     124.79  1
        2014010915  7433313       0.57     125.69  1
        2014010918  6636251       1.71     130.46  1
        2014010921  6923768       1.69     130.39  1
        2014011000  7165008       1.67     130.46  1
        2014011003  7380284       1.62     130.82  1
        2014011006  7627892       1.57     130.82  1
        2014011009  7714626       1.54     130.73  1
        2014011012  7743838       1.57     131.06  1
        2014011015  7932045       1.56     131.28  1
        2014011018  8006450       1.58     131.42  1
        2014011021  7901060       1.61     131.57  1
        2014011100  7785481       1.67     131.93  1
        2014011103  7748241       1.69     132.10  1
        2014011106  7836102       1.65     132.31  1
        2014011109  7821272       1.65     132.67  1
        2014011112  7819929       1.59     133.25  1
        2014011115  7982113       1.35     133.93  1
        2014011118  8353683       1.10     134.08  1
        2014011121  8622311       0.82     134.46  1
        2014011200  8860752       0.62     135.34  1
        2014011203  9143192       0.38     136.13  1
        2014011206  9276789       0.19     136.60  1
        2014011209  9288896      -0.00     137.04  1
        2014011212  9361947      -0.19     137.69  1
        2014011215  9675821      -0.55     138.30  1
        2014011218  9876385      -0.81     138.45  1
        2014011221  9922414      -1.07     138.63  1
        2014011300  9970143      -1.33     138.82  1
        2014011303 10068683      -1.57     139.07  1
        2014011306 10163621      -1.88     139.24  1
        2014011309 10269108      -2.16     139.53  1
        2014011312 10429693      -2.32     139.81  1
        2014011315 10695077      -2.63     140.20  1
        2014011318 10890396      -2.77     140.33  1
        2014011321 10862472      -2.91     140.54  1
        2014011400 10866412      -3.06     140.70  1
        2014011403 10846594      -3.17     140.96  1
        2014011406 10838860      -3.31     141.15  1
        2014011409  7805110      -7.73     147.34  1
        2014011412  7905145      -7.88     147.65  1
        2014011415  8121808      -8.01     147.89  1
        2014011418  8182185      -8.15     148.07  1
        2014011421  8153546      -8.31     148.29  1
        2014011500  8145967      -8.42     148.52  1
        2014011503  8193444      -8.54     148.71  1
        2014011506  8190327      -8.69     148.87  1
        2014011509  8248653      -8.77     149.05  1
        2014011512  8386802      -8.84     149.27  1
        2014011515  8587706      -8.97     149.31  1
        2014011518  8548201      -9.13     149.40  1
        2014011521  8505260      -9.29     149.70  1
        2014011600  8472582      -9.40     149.95  1
        2014011603  8456152      -9.49     150.38  1
        2014011606  8468603      -9.61     150.62  1
        2014011609  8398779      -9.69     151.12  1
        2014011612  8361037      -9.77     151.48  1
        2014011615  8451622      -9.94     151.73  1
        2014011618  8256267     -10.13     151.84  1
        2014011621  7899792     -10.31     152.22  1
        2014011700  7514460     -10.51     152.60  2
        2014011703  7183021     -10.68     153.25  2
        2014011706  7205167     -11.00     152.95  2
        2014011709  7106311     -11.25     152.99  2
        2014011712  7106488     -11.44     153.02  2
        2014011715  7254544     -11.70     152.64  2
        2014011718  7060644     -12.05     152.47  2
        2014011721  6819501     -12.37     152.47  2
        2014011800  6783224     -12.56     152.12  2
        2014011803  6758385     -12.77     152.05  2
        2014011806  6735394     -13.06     151.54  2
        2014011809  6651367     -13.22     151.44  2
        2014011812  6563687     -13.41     151.33  2
        2014011815  6683660     -13.53     150.58  2
        2014011818  6463176     -13.70     150.73  2
        2014011821  6207856     -13.79     151.16  2
        2014011900  6102066     -13.77     151.22  2
        2014011903  5973547     -13.79     151.28  2
        2014011906  6065049     -13.64     150.71  2
        2014011909  6076408     -13.42     150.56  2
        2014011912  6346931     -12.70     150.07  2
        2014011915  6520131     -12.06     149.61  2
        2014011918  6588929     -11.26     148.69  1
        2014011921  6217935     -10.65     148.70  1
        2014012000  6135936      -9.90     148.07  1
        2014012003  5517628      -7.96     144.60  1
        2014012006  5725291      -7.72     144.50  1
        2014012009  5659161      -7.35     144.95  1
        2014012012  5627950      -7.09     145.29  1
        2014012015  5749515      -6.97     145.23  1
        2014012018  5567271      -6.52     145.61  1
        2014012021  5279471      -5.80     146.47  1
        2014012100  5051308      -5.01     147.43  1
        2014012103  5039523      -4.59     147.85  1
        2014012106  5021128      -4.46     148.00  1
        2014012109  4816631      -3.77     148.95  1
        2014012112  4954500      -3.50     149.30  1
        2014012115  5271951      -3.32     149.79  1
        2014012118  5637414      -3.50     150.42  1
        2014012121  5954360      -3.71     150.94  1
        2014012200  6375051      -3.95     151.21  1
        2014012203  6673652      -4.23     151.47  1
        2014012206  6833702      -4.52     151.59  1
        2014012209  7029321      -4.71     151.67  1
        2014012212  7331310      -4.92     151.62  1
        2014012215  7691999      -5.16     151.76  1
        2014012218  7919427      -5.31     151.40  1
        2014012221  7892429      -5.43     151.31  1
        2014012300  7793577      -5.59     151.31  1
        2014012303  7586553      -5.68     151.30  1
        2014012306  7237676      -5.87     151.45  1
        2014012309  7058456      -5.98     151.39  1
        2014012312  7014105      -5.97     151.29  1
        2014012315  7061881      -5.91     151.10  1
        2014012318  6979493      -5.95     150.99  1
        2014012321  6882089      -6.00     151.12  1
        2014012400  6819178      -5.96     151.17  1
        2014012403  6804748      -5.90     151.36  1
        2014012406  6596481      -5.83     151.88  1
        2014012409  6534155      -5.75     152.12  1
        2014012412  6594131      -5.58     152.20  1
        2014012415  6691301      -5.48     152.38  1
        2014012418  6549221      -5.52     152.34  1
        2014012421  6109129      -5.43     153.09  1
        2014012500  5174653      -5.24     156.22  1
        2014012503  5015349      -5.10     156.50  1
        2014012506  4926219      -5.06     156.47  1
        2014012509  4904009      -5.14     156.42  1
        2014012512  4928401      -5.14     156.31  1
        2014012515  5033690      -5.14     155.82  1
        2014012518  4764411      -5.07     155.90  1
        2014012521  4704266      -5.05     155.87  1
        2014012600  4827959      -5.15     155.60  1
        2014012603  5004968      -5.19     155.46  1
        2014012606  5233120      -5.33     155.46  1
        2014012609  5559484      -5.37     155.56  1
        2014012612  5967326      -5.40     155.70  1
        2014012615  6481923      -5.48     155.84  1
        2014012618  6790534      -5.55     155.85  1
        2014012621  6911768      -5.46     155.70  1
        2014012700  7033526      -5.38     155.46  1
        2014012703  7227075      -5.24     155.12  1
        2014012706  7442198      -5.36     154.51  1
        2014012709  7595453      -5.49     154.12  1
        2014012712  7860285      -5.57     153.80  1
        2014012715  8253377      -5.80     153.58  1
        2014012718  8206453      -6.14     153.39  1
        2014012721  8127510      -6.32     153.17  1
        2014012800  8055250      -6.53     152.74  1
        2014012803  8096490      -6.85     152.35  1
        2014012806  8089130      -7.20     151.90  1
        2014012809  8175851      -7.50     151.80  1
        2014012812  8439218      -7.69     151.78  1
        2014012815  8853074      -8.02     151.84  1
        2014012818  9101641      -8.22     152.03  1
        2014012821  9314347      -8.44     152.25  1
        2014012900  9631382      -8.61     152.44  1
        2014012903  9894179      -8.93     152.98  1
        2014012906  9977431      -9.32     153.07  1
        2014012909 10024981      -9.68     153.46  1
        2014012912 10093378     -10.36     154.27  1
        2014012915  9993069     -11.32     155.11  1
        2014012918  9893044     -11.89     155.68  1
        2014012921  9895889     -12.40     156.31  1
        2014013000 10037183     -12.88     156.91  1
        2014013003 10209152     -13.37     157.61  1
        2014013006 10279539     -13.78     157.89  1
        2014013009 10280332     -14.17     158.55  1
        2014013012 10277801     -14.53     159.14  1
        2014013015 10195343     -14.88     159.89  1
        2014013018  9970882     -15.28     160.60  1
        2014013021  9930061     -15.56     161.18  1
        2014013100  9796543     -15.81     161.80  1
        2014013103  9688833     -16.05     162.54  1
        2014013106  9506821     -16.12     162.58  1
        2014013109  9276317     -16.27     163.21  1
        2014013112  9104759     -16.36     163.42  1
        2014013115  8831209     -16.52     163.86  1
        2014013118  8245827     -16.82     164.82  1
        2014013121  7131250     -17.47     168.33  1
        2014020100  6327769     -17.88     170.12  1
        2014020103  1543739     -17.37     151.94  1
        2014020106  1363487     -17.75     151.81  1
        2014020109  1252292     -18.01     151.88  1
        2014020112  1223998     -18.18     152.06  1
        2014020115  1180317     -18.35     152.24  1
        2014020118  1100342     -18.50     152.49  1
        2014020121  1048993     -18.52     152.87  1
        2014020200   999022     -18.44     153.26  1
        2014020203  1048223     -18.04     153.84  1
        2014020206   969466     -17.68     154.35  1
        2014020209   996157     -17.08     154.93  1
        2014020212  1096659     -16.24     155.64  1
        2014020215  1188094     -15.53     156.09  1
        2014020218  1310312     -15.11     156.08  1
        2014020221  1349250     -15.10     155.87  1
        2014020300  1437081     -15.01     155.75  1
        2014020303  1712974     -14.77     155.77  1
        2014020306  1867729     -14.74     155.42  1
        2014020309  2082763     -14.65     155.35  1
        2014020312  2326813     -14.51     155.12  1
        2014020315  2617532     -14.35     155.03  1
        2014020318  2782240     -14.19     155.00  1
        2014020321  2874414     -14.18     155.03  1
        2014020400  3030676     -14.12     154.96  1
        2014020403  3282772     -14.10     155.07  1
        2014020406  3587886     -14.03     154.74  1
        2014020409  3786843     -14.02     154.64  1
        2014020412  4072954     -14.02     154.54  1
        2014020415  4239769     -13.91     154.64  1
        2014020418  4714197     -14.02     152.47  1
        2014020421  4779330     -14.06     152.32  1
        2014020500  4750108     -14.06     152.41  1
        2014020503  4766590     -14.08     152.52  1
        2014020506  4759532     -14.10     152.37  1
        2014020509  4726636     -14.10     152.64  1
        2014020512  4643131     -14.11     152.90  1
        2014020515  4487633     -14.14     153.44  1
        2014020518  4356856     -14.18     153.54  1
        2014020521  4073351     -14.18     154.18  1
        2014020600  3858809     -14.15     154.37  1
        2014020603  3603779     -14.05     154.25  1
        2014020606  3173883     -13.82     153.93  1
        2014020609  2838373     -13.58     153.60  1
        2014020612  2404774     -13.09     152.11  1
        2014020615  2028677     -12.88     151.06  1
        2014020618   875432     -13.97     142.19  1
        2014020621   822250     -13.97     142.01  1
        2014020700   837931     -13.98     141.70  1
        2014020703   784839     -13.95     141.62  1
        2014020706   811712     -13.97     141.55  1
        2014020709   773455     -13.99     141.50  1
        2014020712   730650     -14.02     141.57  1
        2014020715   694428     -14.11     141.62  1
        2014020718   731643     -14.17     141.60  1
        2014020721   702380     -14.19     141.66  1
        2014020800   628867     -14.25     141.70  1
        2014020803   590636     -14.27     141.70  1
        2014020806   560573     -14.33     141.71  1
        2014020809   538790     -14.36     141.70  1
        2014020812   544593     -14.44     141.73  1
        2014020815   550508     -14.46     141.60  1
        2014020818   530151     -14.53     141.57  1
        2014020821   477014     -14.56     141.65  1
        2014020900   485870     -14.61     141.63  1
        2014020903   475232     -14.70     141.71  1
        2014020906   477168     -14.83     141.74  1
        2014020909   451648     -14.90     141.63  1
        2014020912   361996     -14.96     141.42  1
        2014020915   370933     -14.97     140.99  1
        2014020918   446314     -14.95     140.60  1
        2014020921   415062     -14.91     140.46  1
        2014021000   403099     -14.92     140.22  1
        2014021003   367785     -15.06     140.00  1
        2014021006   395991     -15.13     139.86  1
        2014021009   389170     -15.19     139.58  1
        2014021012   360725     -15.27     139.33  1
        2014021015   439087     -15.21     138.89  1
        2014021018   433205     -15.17     138.54  1
        2014021021   369831     -15.18     138.36  1
        2014021100   312464     -15.15     138.27  1
        2014021106   378638     -15.25     137.63  1
        2014021109  1094830     -16.82     129.26  1
        2014021112  1050658     -17.05     128.79  1
        2014021115   939698     -17.38     128.30  1
        2014021118   881469     -17.54     128.27  1
        2014021121   543710     -18.44     125.50  1
        2014021200   486211     -18.57     125.48  1
        2014021203   434720     -18.66     125.39  1
        2014021206   585890     -18.52     126.39  1
        2014021209   461506     -19.03     126.07  1
        2014021212   392722     -19.40     125.75  1
        2014021215   419078     -19.90     125.73  1
        2014021218   335937     -20.40     125.52  1
LPT    21.0900
        2013122612   328895     -19.96     202.85  1
        2013122615   455323     -19.64     202.93  1
        2013122618   540777     -19.51     203.15  1
        2013122621   662433     -19.45     203.31  1
        2013122700   858069     -19.15     203.48  1
        2013122703   938832     -19.02     203.67  1
        2013122706   993343     -19.02     203.90  1
        2013122709  1030228     -19.05     204.14  1
        2013122712  1157151     -19.10     204.38  1
        2013122715  1222970     -19.14     204.60  1
        2013122718  1311294     -19.36     204.88  1
        2013122721  1430036     -19.47     205.19  1
        2013122800  1553545     -19.28     205.38  1
        2013122803  1565511     -18.94     205.54  1
        2013122806  1581817     -18.67     205.66  1
        2013122809  1651790     -18.36     205.75  1
        2013122812  1686107     -17.89     205.76  1
        2013122815  1646009     -17.78     205.98  1
        2013122818  1607362     -17.80     206.22  1
        2013122821  1612071     -18.18     206.61  1
        2013122900  1614269     -18.29     206.90  1
        2013122903  1522697     -18.39     207.14  1
        2013122906  1478401     -18.57     207.30  1
        2013122909  1505413     -18.74     207.39  1
        2013122912  1534895     -18.62     207.22  1
        2013122915  1491023     -18.40     206.93  1
        2013122918  3248999     -12.96     194.66  1
        2013122921  2734724      -9.75     190.48  1
        2013123000  2886080      -9.58     190.25  1
        2013123003  2860589      -9.36     189.62  1
        2013123006  2948450      -9.32     189.45  1
        2013123009  3158356      -9.31     189.21  1
        2013123012  3444437      -9.35     188.97  1
        2013123015  3556976      -9.34     188.64  1
        2013123018  3679505      -9.30     188.21  1
        2013123021  3796574      -9.28     187.89  1
        2013123100  3908560      -9.24     187.55  1
        2013123103  4101570      -9.15     187.21  1
        2013123106  4239266      -9.12     186.92  1
        2013123109  8890931      -5.02     170.25  1
        2013123112  9277691      -5.05     170.26  1
        2013123115  9521350      -5.04     170.06  1
        2013123118  9637297      -5.09     170.15  1
        2013123121  9708792      -5.13     170.15  1
        2014010100  9704690      -5.22     170.23  1
        2014010103  9665984      -5.36     170.36  1
        2014010106  9708200      -5.41     170.10  1
        2014010109  9862648      -5.45     169.60  1
        2014010112 12479533      -4.89     158.39  1
        2014010115 12642268      -4.93     157.67  1
        2014010118 12719427      -4.92     156.97  1
        2014010121 12772672      -4.95     156.51  1
        2014010200 12784814      -4.97     156.20  1
        2014010203 12688838      -5.04     156.17  2
        2014010206 12931496      -4.88     155.50  1
        2014010209 12999816      -4.83     155.25  1
        2014010212 13087152      -4.74     154.94  1
        2014010215 12958779      -4.69     154.72  1
        2014010218 12598896      -4.75     154.73  1
        2014010221 11913185      -4.94     155.48  1
        2014010300  3086410      -2.06     117.52  1
        2014010303  2715447      -2.15     116.56  1
        2014010306  2501172      -2.14     116.13  1
        2014010309  2370320      -2.05     116.04  1
        2014010312  2203999      -1.98     115.82  1
        2014010315  2005363      -1.83     115.71  1
        2014010318  1811240      -1.79     115.62  1
        2014010321  1544658      -1.71     115.70  1
        2014010400  1475349      -1.62     115.54  1
        2014010403  1439859      -1.64     115.50  1
        2014010406  1409821      -1.56     115.43  1
        2014010409  1393699      -1.40     114.99  1
        2014010412  1400724      -1.31     114.59  1
        2014010415  1418447      -1.36     114.32  1
        2014010418  1416213      -1.31     113.94  1
        2014010421  1506236      -1.69     113.56  1
        2014010500  1597172      -1.82     113.02  1
        2014010503  1699598      -1.98     112.44  1
        2014010506  1761904      -2.13     111.94  1
        2014010509  1958364      -2.13     111.27  1
        2014010512  2104668      -2.14     110.81  1
        2014010515  2267679      -2.25     110.49  1
        2014010518  2387446      -2.38     110.25  1
        2014010521  2457783      -2.58     110.03  1
        2014010600  2546671      -2.66     109.91  1
        2014010603  2567768      -2.78     109.75  1
        2014010606  2665797      -2.88     109.61  1
        2014010609  2761567      -2.96     109.38  1
        2014010612  2824223      -3.06     109.17  1
        2014010615  2903944      -3.13     108.96  1
        2014010618  3021428      -3.17     108.65  1
        2014010621  3159206      -3.13     108.35  1
        2014010700  3176206      -3.12     108.04  1
        2014010703  3145993      -3.17     107.84  1
        2014010706  3113744      -3.15     107.88  1
        2014010709  3140856      -3.07     107.94  1
        2014010712  3081100      -3.00     108.11  1
        2014010715  2990642      -2.87     108.39  1
        2014010718  3057709      -2.74     108.43  1
        2014010721  3049228      -2.68     108.53  1
        2014010800  2981661      -2.62     108.46  1
        2014010803  2876360      -2.55     108.37  1
        2014010806  2911070      -2.46     108.33  1
        2014010809  3009927      -2.26     108.40  1
        2014010812  3015291      -2.26     108.37  1
        2014010815  3992768      -1.03     113.60  1
        2014010818  4879517      -0.64     116.90  1
        2014010821  5757596      -0.57     118.64  1
        2014010900  6217805      -0.31     120.44  1
        2014010903  6533471      -0.09     121.70  1
        2014010906  6978759       0.14     122.72  1
        2014010909  7126546       0.36     123.66  1
        2014010912  7268526       0.47     124.79  1
        2014010915  7433313       0.57     125.69  1
        2014010918  6636251       1.71     130.46  1
        2014010921  6923768       1.69     130.39  1
        2014011000  7165008       1.67     130.46  1
        2014011003  7380284       1.62     130.82  1
        2014011006  7627892       1.57     130.82  1
        2014011009  7714626       1.54     130.73  1
        2014011012  7743838       1.57     131.06  1
        2014011015  7932045       1.56     131.28  1
        2014011018  8006450       1.58     131.42  1
        2014011021  7901060       1.61     131.57  1
        2014011100  7785481       1.67     131.93  1
        2014011103  7748241       1.69     132.10  1
        2014011106  7836102       1.65     132.31  1
        2014011109  7821272       1.65     132.67  1
        2014011112  7819929       1.59     133.25  1
        2014011115  7982113       1.35     133.93  1
        2014011118  8353683       1.10     134.08  1
        2014011121  8622311       0.82     134.46  1
        2014011200  8860752       0.62     135.34  1
        2014011203  9143192       0.38     136.13  1
        2014011206  9276789       0.19     136.60  1
        2014011209  9288896      -0.00     137.04  1
        2014011212  9361947      -0.19     137.69  1
        2014011215  9675821      -0.55     138.30  1
        2014011218  9876385      -0.81     138.45  1
        2014011221  9922414      -1.07     138.63  1
        2014011300  9970143      -1.33     138.82  1
        2014011303 10068683      -1.57     139.07  1
        2014011306 10163621      -1.88     139.24  1
        2014011309 10269108      -2.16     139.53  1
        2014011312 10429693      -2.32     139.81  1
        2014011315 10695077      -2.63     140.20  1
        2014011318 10890396      -2.77     140.33  1
        2014011321 10862472      -2.91     140.54  1
        2014011400 10866412      -3.06     140.70  1
        2014011403 10846594      -3.17     140.96  1
        2014011406 10838860      -3.31     141.15  1
        2014011409  2875408       8.10     125.58  1
        2014011412  2747107       8.48     125.59  1
        2014011415  2639104       8.89     125.70  1
        2014011418  2618547       9.17     125.78  1
        2014011421  2529191       9.52     125.96  1
        2014011500  2461879       9.88     126.13  1
        2014011503  2397287      10.18     126.29  1
        2014011506  2322377      10.47     126.45  1
        2014011509  2254689      10.70     126.63  1
        2014011512  2193352      10.81     126.75  1
        2014011515  2111943      10.79     126.78  1
        2014011518  2125641      10.76     126.87  1
        2014011521  2043191      10.76     127.00  1
        2014011600  2007551      10.66     127.03  1
        2014011603  1949447      10.65     127.08  1
        2014011606  1893803      10.63     127.12  1
        2014011609  1816869      10.75     127.24  1
        2014011612  1733142      10.75     127.32  1
        2014011615  1588597      10.82     127.48  1
        2014011618  1561314      10.86     127.65  1
        2014011621  1385958      11.05     127.93  1
        2014011700  1328998      11.12     128.07  1
        2014011703  1264215      11.09     128.16  1
        2014011706  1149256      11.12     128.26  1
        2014011709  1053989      11.14     128.34  1
        2014011712   994640      11.03     128.31  1
        2014011715  1012434      10.92     128.29  1
        2014011718  1061523      10.75     128.22  1
        2014011721  1028278      10.74     128.21  1
        2014011800   981927      10.79     128.16  1
        2014011803  1047331      10.73     128.00  1
        2014011806   980605      10.75     127.98  1
        2014011809   900209      10.78     127.93  1
        2014011812   810706      10.82     127.89  1
        2014011815   748523      10.84     127.82  1
        2014011818   731149      10.82     127.81  1
        2014011821   668922      10.86     127.70  1
        2014011900   672736      10.85     127.60  1
        2014011903   708586      10.75     127.43  1
        2014011906   732299      10.67     127.38  1
        2014011909   705081      10.63     127.31  1
        2014011912   685498      10.57     127.33  1
        2014011915   639178      10.59     127.36  1
        2014011918   686189      10.61     127.47  1
        2014011921   636976      10.56     127.47  1
        2014012000   589185      10.56     127.54  1
        2014012003   639641      10.38     127.54  1
        2014012006   670986      10.28     127.65  1
        2014012009   696988      10.20     127.74  1
        2014012012   730590      10.13     127.87  1
        2014012015   761856      10.08     128.08  1
        2014012018   818370       9.98     128.48  1
        2014012021   772207       9.90     128.78  1
        2014012100   748826       9.82     129.01  1
        2014012103   780277       9.71     129.33  1
        2014012106   672199       9.73     129.68  1
        2014012109   645624       9.70     129.70  1
        2014012112   615143       9.72     129.80  1
        2014012115   565739       9.69     129.82  1
        2014012118   618898       9.75     130.09  1
        2014012121   618810       9.80     130.25  1
        2014012200   630956       9.82     130.71  1
        2014012203   527254       9.96     131.17  1
        2014012206   380962      10.17     131.69  1
LPT    22.0100
        2013122721   425416      -7.12      51.47  1
        2013122800   703433      -7.16      51.48  1
        2013122803   838355      -7.07      51.60  1
        2013122806   976359      -6.97      51.74  1
        2013122809  1158087      -6.84      52.00  1
        2013122812  1286153      -6.76      52.28  1
        2013122815  1394277      -6.69      52.50  1
        2013122818  1476954      -6.68      52.65  1
        2013122821  1617042      -6.67      52.81  1
        2013122900  1627628      -6.72      52.92  1
        2013122903  1612950      -6.75      52.96  1
        2013122906  1584537      -6.77      52.97  1
        2013122909  1552232      -6.82      52.97  1
        2013122912  1521267      -6.93      52.94  1
        2013122915  1472118      -6.99      52.99  1
        2013122918  1451200      -7.08      53.11  1
        2013122921  1427132      -7.19      53.22  1
        2013123000  1388426      -7.34      53.36  1
        2013123003  1348894      -7.51      53.53  1
        2013123006  1319498      -7.61      53.66  1
        2013123009  1282817      -7.85      53.73  1
        2013123012  1246879      -8.10      53.72  1
        2013123015  1199624      -8.32      53.73  1
        2013123018  1157665      -8.57      53.70  1
        2013123021  1148938      -8.91      53.69  1
        2013123100  1007385      -9.40      53.68  1
        2013123103   840957      -9.94      53.70  1
        2013123106   760428     -10.58      53.67  1
        2013123109   707344     -11.23      53.65  1
        2013123112   640050     -11.87      53.59  1
        2013123115   585384     -12.35      53.54  1
        2013123118   544567     -12.76      53.54  1
        2013123121   602179     -13.22      53.60  1
        2014010100   580223     -13.60      53.58  1
        2014010103   610497     -13.78      53.54  1
        2014010106   612933     -13.99      53.50  1
        2014010109   660960     -14.21      53.51  1
        2014010112   700848     -14.37      53.53  1
        2014010115   738322     -14.56      53.62  1
        2014010118   757161     -14.73      53.69  1
        2014010121   775772     -14.95      53.80  1
        2014010200   776373     -15.19      53.93  1
        2014010203   773403     -15.39      54.03  1
        2014010206   742820     -15.62      54.09  1
        2014010209   756291     -15.99      54.20  1
        2014010212   764490     -16.36      54.19  1
        2014010215   765204     -16.75      54.24  1
        2014010218   759906     -17.14      54.31  1
        2014010221   740611     -17.54      54.42  1
        2014010300   674334     -17.95      54.52  1
        2014010303   628195     -18.33      54.57  1
        2014010306   583205     -18.64      54.63  1
        2014010309   510266     -19.06      54.74  1
        2014010312   455318     -19.40      54.87  1
        2014010315   433909     -19.78      54.99  1
        2014010318   435865     -20.12      55.11  1
        2014010321   434132     -20.48      55.28  1
        2014010400   362141     -20.95      55.52  1
        2014010403   359973     -21.25      55.74  1
        2014010406   344814     -21.57      55.91  1
        2014010409   326515     -21.73      56.07  1
        2014010412   307983     -22.00      56.17  1
        2014010415   307547     -22.20      56.24  1
        2014010418   288431     -22.46      56.33  1
        2014010421   297592     -22.52      56.49  1
LPT    23.0100
        2014013112   403424      -4.81      78.05  1
        2014013115   620937      -5.13      77.14  1
        2014013118   870472      -5.43      76.12  1
        2014013121  1119735      -5.70      75.28  1
        2014020100  1170784      -5.90      74.91  1
        2014020103  1239401      -6.11      74.43  1
        2014020106  1279540      -6.32      73.95  1
        2014020109  1396196      -6.56      73.54  1
        2014020112  1483653      -6.79      73.08  1
        2014020115  1622960      -7.04      72.56  1
        2014020118  1784361      -7.27      72.01  1
        2014020121  1966209      -7.50      71.55  1
        2014020200  2008364      -7.65      70.98  1
        2014020203  2014392      -7.83      70.30  1
        2014020206  2052870      -7.93      69.56  1
        2014020209  2086778      -8.01      68.86  1
        2014020212  2038400      -8.05      68.20  1
        2014020215  2021353      -8.10      67.63  1
        2014020218  1989598      -8.20      66.88  1
        2014020221  1988943      -8.32      66.27  1
        2014020300  1904045      -8.52      65.65  1
        2014020303  1755598      -8.78      65.12  1
        2014020306  1678977      -9.03      64.76  1
        2014020309  1622187      -9.28      64.39  1
        2014020312  1528898      -9.55      64.01  1
        2014020315  1488273      -9.81      63.77  1
        2014020318  1462361     -10.00      63.41  1
        2014020321  1448133     -10.29      63.08  1
        2014020400  1398579     -10.50      62.89  1
        2014020403  1431308     -10.64      63.01  1
        2014020406  1426214     -10.76      63.00  1
        2014020409  1533499     -10.97      63.00  1
        2014020412  1514349     -11.16      62.91  1
        2014020415  1499127     -11.33      62.91  1
        2014020418  1501438     -11.60      63.01  1
        2014020421  1460553     -11.90      62.95  1
        2014020500  1414385     -12.21      62.95  1
        2014020503  1352217     -12.43      63.12  1
        2014020506  1292922     -12.68      63.19  1
        2014020509  1311542     -13.01      63.28  1
        2014020512  1352408     -13.24      63.54  1
        2014020515  1479128     -13.41      63.94  1
        2014020518  1665144     -13.54      64.41  1
        2014020521  1943983     -13.64      64.84  1
        2014020600  2098906     -13.73      65.24  1
        2014020603  2234101     -13.67      65.75  1
        2014020606  3080522     -11.64      70.59  1
        2014020609  3563589     -11.28      71.79  1
        2014020612  3852226     -11.35      72.01  1
        2014020615  4388838     -11.76      71.88  1
        2014020618  4868349     -12.16      71.81  1
        2014020621  5425916     -12.66      71.50  1
        2014020700  5564758     -12.59      71.74  1
        2014020703  5733866     -12.61      71.95  1
        2014020706  5895501     -12.68      71.95  1
        2014020709  5991918     -12.61      71.98  1
        2014020712  5869322     -12.55      71.92  1
        2014020715  5899059     -12.56      71.80  1
        2014020718  5895637     -12.58      71.69  1
        2014020721  5935068     -12.58      71.45  1
        2014020800  5856990     -12.70      71.16  1
        2014020803  5711825     -12.71      70.98  1
        2014020806  5588659     -12.58      71.02  1
        2014020809  5502920     -12.11      71.28  1
        2014020812  5158034     -11.70      70.94  1
        2014020815  5066098     -11.77      70.92  1
        2014020818  4929987     -11.78      71.79  1
        2014020821  4763584     -11.75      73.20  1
        2014020900  4033925     -12.67      70.75  1
        2014020903  3938359     -12.81      70.71  1
        2014020906  3915462     -12.94      70.81  1
        2014020909  3888942     -13.08      70.93  1
        2014020912  3829618     -13.16      70.83  1
        2014020915  3839766     -13.21      70.86  1
        2014020918  3824190     -13.31      70.96  1
        2014020921  3878948     -13.38      70.78  1
        2014021000  3798508     -13.55      71.01  1
        2014021003  3793356     -13.67      70.90  1
        2014021006  3831602     -13.83      70.59  1
        2014021009  3733847     -13.98      70.75  1
        2014021012  3668713     -14.07      70.62  1
        2014021015  3694365     -14.04      70.49  1
        2014021018  3941631     -13.93      69.15  1
        2014021021  4239258     -13.74      68.01  1
        2014021100  4314589     -13.68      67.50  1
        2014021103  4209423     -13.67      68.03  1
        2014021106  4146089     -13.68      68.33  1
        2014021109  3977462     -13.72      68.62  1
        2014021112  3760043     -13.73      69.00  1
        2014021115  3658532     -13.79      69.29  1
        2014021118  3626086     -13.71      69.04  1
        2014021121  3632819     -13.57      68.53  1
        2014021200  3678505     -13.24      66.72  1
        2014021203  3685265     -12.90      65.04  1
        2014021206  3671691     -12.60      63.68  1
        2014021209  3291226     -12.20      62.84  1
        2014021212  2867938     -11.74      62.27  1
        2014021215  2298957     -11.38      63.45  1
        2014021218  1784086     -10.80      63.53  1
        2014021221  1326587     -10.21      61.60  1
        2014021300   906484      -9.88      59.89  1
        2014021303   688407      -9.73      59.53  1
        2014021306   441863      -9.61      59.26  1
LPT    24.0100
        2014021109   400355     -10.41     294.47  1
        2014021112   504407     -10.39     294.69  1
        2014021115   652161     -10.14     294.91  1
        2014021118  1069482      -9.55     295.96  1
        2014021121  1608043      -8.33     297.64  1
        2014021200  1712879      -7.73     297.74  1
        2014021203  2208182      -7.21     298.49  1
        2014021206  2541384      -7.08     298.67  1
        2014021209  2694760      -7.01     298.62  1
        2014021212  2795619      -7.03     298.80  1
        2014021215  2938436      -7.04     298.91  1
        2014021218  3171942      -7.07     299.18  1
        2014021221  3245106      -6.97     299.32  1
        2014021300  3159182      -6.71     299.33  1
        2014021303  3244136      -6.59     299.70  1
        2014021306  3206498      -6.50     300.19  1
        2014021309  3013019      -6.40     300.63  1
        2014021312  2944456      -6.36     301.03  1
        2014021315  2881300      -6.18     301.38  1
        2014021318  3074871      -6.30     301.66  1
        2014021321  3009316      -6.27     301.94  1
        2014021400  2783391      -6.18     302.30  1
        2014021403  2759370      -6.23     302.70  1
        2014021406  2691561      -6.63     302.41  1
        2014021409  2608780      -6.95     302.46  1
        2014021412  2593327      -7.12     302.56  1
        2014021415  2603505      -7.36     302.19  1
        2014021418  2753841      -7.53     302.27  1
        2014021421  2553922      -7.53     301.59  1
        2014021500  2090142      -7.67     300.82  1
        2014021503  2009614      -7.71     300.71  1
        2014021506  1591625      -8.24     299.40  1
        2014021509  1305843      -8.50     299.19  1
        2014021512  1141841      -8.44     299.97  1
        2014021515  1010124      -8.30     300.58  1
        2014021518  1091879      -7.71     302.75  1
        2014021521   942602      -7.41     303.72  1
        2014021600   900527      -7.01     305.06  1
        2014021603   885199      -7.00     305.55  1
        2014021606   778134      -7.38     305.01  1
        2014021609   698232      -7.57     305.19  1
        2014021612   759302      -7.21     306.08  1
        2014021615   585586      -7.12     306.24  1
        2014021618   913656      -7.42     306.06  1
        2014021621   801487      -7.23     306.67  1
        2014021700   832079      -7.24     307.04  1
        2014021703   873227      -7.33     307.10  1
        2014021706   909694      -7.46     307.02  1
        2014021709   947133      -7.46     307.35  1
        2014021712   877419      -7.48     307.35  1
        2014021715   790684      -7.62     307.00  1
        2014021718  1039928      -7.62     307.31  1
        2014021721  1104449      -7.75     307.17  1
        2014021800  1059814      -7.84     307.13  1
        2014021803  1034646      -8.09     307.03  1
        2014021806   984963      -8.11     307.16  1
        2014021809   902762      -7.98     307.36  1
        2014021812   809260      -7.76     307.57  1
        2014021815   689296      -7.73     307.78  1
        2014021818   852089      -7.72     308.02  1
        2014021821   876197      -7.89     308.00  1
        2014021900   825762      -7.92     308.05  1
        2014021903   574558      -8.34     307.73  1
        2014021906   531098      -8.30     307.75  1
        2014021909   473190      -8.81     307.32  1
        2014021912   437183      -8.94     307.17  1
        2014021915   365241      -9.19     307.02  1
        2014021918   627065      -9.35     307.08  1
        2014021921   679125      -9.59     306.97  1
        2014022000   696514      -9.64     306.84  1
        2014022003   617299      -9.70     306.63  1
        2014022006   738775      -9.43     306.72  1
        2014022009   599790      -9.23     306.74  1
        2014022012   565498      -8.72     307.14  1
        2014022015   539202      -8.88     306.78  1
        2014022018  1103357      -9.39     305.99  1
        2014022021  1257577      -9.98     305.05  1
        2014022100  1216360     -10.62     303.89  1
        2014022103   837612     -12.95     300.94  1
        2014022106   819666     -13.15     300.37  1
        2014022109   947308     -12.97     300.35  1
        2014022112  1030000     -12.79     300.42  1
        2014022115  1116153     -12.70     300.32  1
        2014022118  1351691     -12.55     300.58  1
        2014022121  1456391     -12.67     300.57  1
        2014022200  1480716     -12.77     300.61  1
        2014022203  1676736     -12.58     301.05  1
        2014022206  1851089     -12.50     301.14  1
        2014022209  1963604     -12.55     300.99  1
        2014022212  1945821     -12.54     300.73  1
        2014022215  1908984     -12.54     300.43  1
        2014022218  2118059     -12.35     300.56  1
        2014022221  2197211     -11.92     300.72  1
        2014022300  2087633     -11.73     300.70  1
        2014022303  1703804     -12.02     300.38  1
        2014022306  1555765     -12.21     299.97  1
        2014022309  1203624     -12.21     300.70  1
        2014022312  1079440     -12.32     301.04  1
        2014022315   812224     -12.42     301.52  1
        2014022318   684299     -12.59     302.55  1
        2014022321   448114     -12.80     303.10  1
LPT    25.0100
        2014021300   472550       3.84     124.99  1
        2014021303   587314       3.94     124.98  1
        2014021306   900847       3.97     124.99  1
        2014021309   999419       3.95     125.58  1
        2014021312  1109658       3.80     126.35  1
        2014021315  1305724       3.35     127.26  1
        2014021318  1599783       2.81     128.25  1
        2014021321  2168229       1.24     130.92  1
        2014021400  2851959       0.21     132.98  1
        2014021403  3257356      -0.19     133.88  1
        2014021406  3639929      -0.46     134.14  1
        2014021409  3855631      -0.59     134.49  1
        2014021412  4200643      -0.85     135.10  1
        2014021415  4763780      -1.29     135.91  1
        2014021418  5260932      -1.51     135.91  1
        2014021421  5408653      -1.75     136.41  1
        2014021500  5624114      -2.08     136.87  1
        2014021503  5560337      -2.33     137.34  1
        2014021506  5645293      -2.67     137.45  1
        2014021509  5609594      -2.91     137.79  1
        2014021512  5669102      -3.06     138.00  1
        2014021515  5812224      -3.19     138.22  1
        2014021518  6042516      -3.23     138.35  1
        2014021521  6135433      -3.32     138.93  1
        2014021600  6291504      -3.33     139.74  1
        2014021603  6407539      -3.28     140.57  1
        2014021606  6449003      -3.31     140.92  1
        2014021609  6419008      -3.35     141.42  1
        2014021612  8258758      -5.98     149.79  1
        2014021615  8513599      -6.33     151.62  1
        2014021618  8366272      -6.74     153.14  1
        2014021621  7944305      -7.26     156.44  1
        2014021700  8006126      -7.81     158.89  1
        2014021703  8415645      -8.26     159.14  1
        2014021706  8637342      -8.58     158.82  1
        2014021709  8791087      -8.75     158.78  1
        2014021712  9139987      -8.83     158.51  1
        2014021715  9381481      -8.86     158.18  1
        2014021718  6890675      -8.61     166.13  1
        2014021721  6925567      -8.75     166.44  1
        2014021800  6899753      -8.69     166.51  1
        2014021803  6896916      -8.61     166.63  1
        2014021806  6830739      -8.56     166.70  1
        2014021809  6862324      -8.58     166.89  1
        2014021812  6973329      -8.51     167.02  1
        2014021815  7049140      -8.41     167.09  1
        2014021818  7031769      -8.45     167.19  1
        2014021821  6898194      -8.39     167.18  1
        2014021900  6684879      -8.06     166.96  1
        2014021903  4221391       0.18     159.65  1
        2014021906  4011606       0.43     159.44  1
        2014021909  3982808       0.49     159.32  1
        2014021912  3965387       0.48     159.20  1
        2014021915  3918841       0.49     158.96  1
        2014021918  3748458       0.49     158.88  1
        2014021921  3716224       0.35     158.96  1
        2014022000  3769434       0.25     158.68  1
        2014022003  3870967       0.18     158.53  1
        2014022006  3920108       0.07     158.35  1
        2014022009  4088502      -0.00     158.43  1
        2014022012  4324287      -0.03     158.21  1
        2014022015  4520188      -0.03     158.01  1
        2014022018  4602994      -0.04     158.01  1
        2014022021  4732710      -0.09     157.83  1
        2014022100  4868220      -0.18     157.72  1
        2014022103  5002276      -0.28     157.64  1
        2014022106  5093180      -0.39     157.55  1
        2014022109  5235467      -0.49     157.52  1
        2014022112  5431928      -0.56     157.45  1
        2014022115  5636784      -0.69     157.44  1
        2014022118  5733678      -0.77     157.50  1
        2014022121  5904875      -0.83     157.59  1
        2014022200  6035595      -0.83     157.71  1
        2014022203  6203210      -0.87     157.84  1
        2014022206  6278666      -0.95     157.89  1
        2014022209  6427040      -1.04     158.00  1
        2014022212  6578983      -1.17     158.07  1
        2014022215  6823035      -1.34     158.17  1
        2014022218  6877170      -1.45     158.21  1
        2014022221  6989748      -1.59     158.25  1
        2014022300  7028515      -1.68     158.27  1
        2014022303  7019379      -1.86     158.49  1
        2014022306  6893833      -2.09     158.76  1
        2014022309  6808311      -2.27     159.01  1
        2014022312  6804848      -2.44     159.06  1
        2014022315  6711139      -2.56     159.34  1
        2014022318  6492878      -2.63     159.54  1
        2014022321  6475609      -2.77     159.62  1
        2014022400  6368058      -2.79     159.70  1
        2014022403  6281196      -2.88     159.83  1
        2014022406  6162684      -3.08     159.88  1
        2014022409  6066280      -3.31     159.94  1
        2014022412  5992135      -3.56     159.86  1
        2014022415  5885146      -3.98     159.91  1
        2014022418  5665762      -4.46     159.91  1
        2014022421  5408087      -4.73     159.93  1
        2014022500  4688009      -5.95     160.57  1
        2014022503  4321646      -6.40     160.92  1
        2014022506  4016283      -6.64     161.13  1
        2014022509  3782764      -6.78     161.43  1
        2014022512  3482099      -6.88     161.94  1
        2014022515  6139743     -11.10     176.27  1
        2014022518  5922319     -11.56     177.80  1
        2014022521  5825788     -11.75     178.31  1
        2014022600  6943310      -8.68     174.91  1
        2014022603  7239470      -8.61     174.98  1
        2014022606  7249967      -8.58     175.07  1
        2014022609  7366638      -8.53     175.10  1
        2014022612  7480013      -8.47     175.19  1
        2014022615  7286668      -8.48     175.50  1
        2014022618  6900836      -8.65     176.55  2
        2014022621  6610342      -8.82     177.12  2
        2014022700  6173387      -8.92     177.99  2
        2014022703  6126346      -8.89     177.75  2
        2014022706  5937560      -8.95     177.82  2
        2014022709  6175384      -8.52     176.75  2
        2014022712  6554904      -7.79     175.33  2
        2014022715  6992487      -6.61     173.22  1
        2014022718  7016124      -6.20     172.61  1
        2014022721  6960771      -5.92     172.23  1
        2014022800  6893422      -5.68     171.91  2
        2014022803  6972304      -5.66     171.75  2
        2014022806  7073359      -5.69     171.57  2
        2014022809  7208234      -5.83     171.60  2
        2014022812  7511300      -6.11     171.63  2
        2014022815  7999237      -6.32     171.41  1
        2014022818  7883288      -6.77     171.86  1
        2014022821  7913663      -7.26     172.16  1
        2014030100  7911643      -7.68     172.50  1
        2014030103  8058931      -7.95     172.48  1
        2014030106  8114871      -8.14     172.45  1
        2014030109  8436001      -8.00     172.06  1
        2014030112  8626052      -8.02     172.06  1
        2014030115  8966396      -7.73     171.48  1
        2014030118  8977962      -7.75     171.64  1
        2014030121  9140343      -7.48     171.15  1
        2014030200  9231882      -7.40     171.09  1
        2014030203  9430039      -7.30     170.67  1
        2014030206  9384572      -7.40     170.77  1
        2014030209  9361599      -7.43     170.73  1
        2014030212  9175886      -7.50     170.90  1
        2014030215  9019594      -7.47     170.74  1
        2014030218  8461939      -7.66     171.22  1
        2014030221  8086023      -7.84     171.58  1
        2014030300  7866472      -8.06     171.92  1
        2014030303  7764630      -8.04     171.90  1
        2014030306  7441492      -8.21     172.10  1
        2014030309  7337771      -8.33     172.19  1
        2014030312  7303033      -8.24     172.06  1
        2014030315  7163909      -8.06     171.70  1
        2014030318  6678693      -8.14     171.69  1
        2014030321  4376571     -14.22     178.12  1
        2014030400  2995657      -9.25     173.38  1
        2014030403  2905567      -9.00     172.76  1
        2014030406  2714396      -9.08     172.82  1
        2014030409  2623132      -9.10     172.77  1
        2014030412  2585515      -9.16     173.02  1
        2014030415  2638735      -9.10     172.61  1
        2014030418  3184684      -8.74     169.48  1
        2014030421  3429516      -8.64     168.17  1
        2014030500  3489900      -8.64     167.44  1
        2014030503  3711064      -8.56     166.18  1
        2014030506  3669035      -8.68     165.52  1
        2014030509  3765648      -8.71     164.66  1
        2014030512  3840882      -8.74     163.78  1
        2014030515  3962057      -8.86     162.73  1
        2014030518  3810901      -9.02     161.83  1
        2014030521  3750755      -9.15     161.11  1
        2014030600  3597238      -9.24     160.06  1
        2014030603  3540416      -9.40     159.31  1
        2014030606  3446807      -9.50     158.08  1
        2014030609  3426113      -9.56     157.35  1
        2014030612  3335492      -9.54     156.10  1
        2014030615  3464286      -9.64     155.52  1
        2014030618  3343669      -9.69     154.57  1
        2014030621  3499375      -9.67     152.92  1
        2014030700  3576906      -9.70     151.57  1
        2014030703  3378954      -9.80     151.62  1
        2014030706  3536746      -9.85     150.09  1
        2014030709  3557114      -9.94     149.53  1
        2014030712  3646024     -10.01     148.86  1
        2014030715  3808734     -10.06     148.20  1
        2014030718  3752033     -10.25     147.76  1
        2014030721  3841144     -10.35     147.19  1
        2014030800  3848024     -10.47     147.14  1
        2014030803  3780021     -10.70     147.49  1
        2014030806  3843071     -10.85     147.28  1
        2014030809  3823901     -10.98     147.64  1
        2014030812  3862817     -11.19     148.20  1
        2014030815  4154975     -11.45     149.38  1
        2014030818  3974950     -11.65     150.22  1
        2014030821  3916050     -11.90     151.35  1
        2014030900  4024541     -12.07     152.00  1
        2014030903  4121808     -12.42     153.37  1
        2014030906  4310289     -12.53     153.58  1
        2014030909  4339979     -12.81     154.48  1
        2014030912  4454167     -13.02     155.34  1
        2014030915  4676419     -13.22     156.19  1
        2014030918  4551971     -13.37     156.96  1
        2014030921  4535513     -13.52     157.52  1
        2014031000  4506669     -13.65     158.10  1
        2014031003  4613066     -13.74     158.78  1
        2014031006  4892203     -13.67     158.51  1
        2014031009  4932646     -13.72     158.84  1
        2014031012  4976252     -13.71     159.19  1
        2014031015  5219868     -13.68     159.18  1
        2014031018  5117444     -13.74     159.36  1
        2014031021  4986835     -13.82     159.70  1
        2014031100  4705775     -13.95     160.24  1
        2014031103  4602567     -14.01     160.58  1
        2014031106  4573985     -13.99     160.51  1
        2014031109  4486133     -13.97     160.91  1
        2014031112  4374977     -14.03     161.20  1
        2014031115  4291480     -13.96     161.75  1
        2014031118  3935955     -13.96     162.62  1
        2014031121  3813678     -13.87     163.18  1
        2014031200  3703199     -13.77     164.05  1
        2014031203  3596762     -13.38     165.10  1
        2014031206  3465037     -12.95     166.26  1
        2014031209  3581984     -12.42     167.05  1
        2014031212  3814071     -11.72     167.84  1
        2014031215  4107660     -10.69     168.65  1
        2014031218  4105812     -10.12     169.35  1
        2014031221  6213377      -9.64     176.41  1
        2014031300  6463958      -9.55     176.77  1
        2014031303  6693659      -9.23     177.08  1
        2014031306  6697040      -9.08     177.53  1
        2014031309  6673396      -9.00     177.68  1
        2014031312  6889956      -8.88     177.58  1
        2014031315  6899846      -8.76     177.50  1
        2014031318  6731787      -8.91     177.44  1
        2014031321  6642445      -8.96     177.36  1
        2014031400  6551540      -9.00     177.20  1
        2014031403  6619297      -8.88     176.93  1
        2014031406  6469646      -8.88     176.93  1
        2014031409  6360856      -8.88     176.99  1
        2014031412  5100428      -4.82     177.85  1
        2014031415  5124840      -4.60     177.22  1
        2014031418  6569174      -9.26     185.20  1
        2014031421  6890643      -9.86     186.39  1
        2014031500  7042461     -10.57     187.77  1
        2014031503  7057255     -10.93     188.69  1
        2014031506  7137703     -11.55     190.12  1
        2014031509  7332704     -12.03     191.34  1
        2014031512  7557073     -12.45     192.43  1
        2014031515  7457503     -12.57     193.00  1
        2014031518  7582905     -12.94     194.07  1
        2014031521  7717311     -13.08     194.73  1
        2014031600  7840548     -13.23     195.35  1
        2014031603  7982443     -13.12     195.45  1
        2014031606  7916400     -13.34     196.12  1
        2014031609  8002080     -13.17     196.06  1
        2014031612  8446242     -12.83     195.66  1
        2014031615  8469671     -12.62     195.52  1
        2014031618  8543214     -12.37     195.37  1
        2014031621  9065947     -11.84     194.46  1
        2014031700  9496696     -11.48     193.88  1
        2014031703  9873142     -11.15     193.31  1
        2014031706 10029362     -11.08     193.17  1
        2014031709 10222800     -10.90     192.86  1
        2014031712 10413008     -10.74     192.67  1
        2014031715 10395133     -10.64     192.55  1
        2014031718 10082546     -10.92     193.31  1
        2014031721 10045040     -10.85     193.22  1
        2014031800  9734780     -11.20     194.15  1
        2014031803  9210251     -11.74     195.65  1
        2014031806  9136218     -11.72     195.61  1
        2014031809  9133536     -11.59     195.28  1
        2014031812  9104324     -11.41     194.93  1
        2014031815  9166010     -11.17     194.32  1
        2014031818  9137719     -11.15     194.13  1
        2014031821  9098652     -10.97     193.65  1
        2014031900  9019692     -10.86     193.32  1
        2014031903  8814258     -10.68     192.95  1
        2014031906  8620525     -10.66     192.87  1
        2014031909  8468612     -10.56     192.68  1
        2014031912  8264667     -10.50     192.62  1
        2014031915  7955292     -10.56     192.76  1
        2014031918  7690001     -10.72     193.16  1
        2014031921  7481762     -10.91     193.43  1
        2014032000  7280118     -11.16     193.79  1
        2014032003  6995871     -11.31     194.02  1
        2014032006  6751310     -11.46     194.26  1
        2014032009  6625992     -11.64     194.53  1
        2014032012  6448109     -11.77     194.75  1
        2014032015  6177444     -12.03     195.09  1
        2014032018  5958436     -12.31     195.50  1
        2014032021  5753621     -12.51     195.80  1
        2014032100  5576571     -12.76     196.16  1
        2014032103  5340644     -13.05     196.50  1
        2014032106  5164142     -13.36     196.86  1
        2014032109  5097817     -13.48     196.97  1
        2014032112  4946137     -13.59     196.98  1
        2014032115  4732714     -13.67     196.90  1
        2014032118  4362221     -14.03     197.19  1
        2014032121  3941443     -14.24     197.34  1
        2014032200  3370543     -14.77     197.99  1
        2014032203  2548743     -15.90     199.18  1
        2014032206  1608059     -19.55     203.49  1
        2014032209  1258734     -19.78     203.71  1
        2014032212   808457     -19.35     203.57  1
        2014032215   333252     -15.17     201.18  1
LPT    25.0200
        2014021300   472550       3.84     124.99  1
        2014021303   587314       3.94     124.98  1
        2014021306   900847       3.97     124.99  1
        2014021309   999419       3.95     125.58  1
        2014021312  1109658       3.80     126.35  1
        2014021315  1305724       3.35     127.26  1
        2014021318  1599783       2.81     128.25  1
        2014021321  2168229       1.24     130.92  1
        2014021400  2851959       0.21     132.98  1
        2014021403  3257356      -0.19     133.88  1
        2014021406  3639929      -0.46     134.14  1
        2014021409  3855631      -0.59     134.49  1
        2014021412  4200643      -0.85     135.10  1
        2014021415  4763780      -1.29     135.91  1
        2014021418  5260932      -1.51     135.91  1
        2014021421  5408653      -1.75     136.41  1
        2014021500  5624114      -2.08     136.87  1
        2014021503  5560337      -2.33     137.34  1
        2014021506  5645293      -2.67     137.45  1
        2014021509  5609594      -2.91     137.79  1
        2014021512  5669102      -3.06     138.00  1
        2014021515  5812224      -3.19     138.22  1
        2014021518  6042516      -3.23     138.35  1
        2014021521  6135433      -3.32     138.93  1
        2014021600  6291504      -3.33     139.74  1
        2014021603  6407539      -3.28     140.57  1
        2014021606  6449003      -3.31     140.92  1
        2014021609  6419008      -3.35     141.42  1
        2014021612  8258758      -5.98     149.79  1
        2014021615  8513599      -6.33     151.62  1
        2014021618  8366272      -6.74     153.14  1
        2014021621  7944305      -7.26     156.44  1
        2014021700  8006126      -7.81     158.89  1
        2014021703  8415645      -8.26     159.14  1
        2014021706  8637342      -8.58     158.82  1
        2014021709  8791087      -8.75     158.78  1
        2014021712  9139987      -8.83     158.51  1
        2014021715  9381481      -8.86     158.18  1
        2014021718  2285621     -10.60     135.10  1
        2014021721  2439822     -10.84     134.38  1
        2014021800  2534288     -10.95     134.02  1
        2014021803  2621317     -11.04     133.82  1
        2014021806  2789632     -11.05     134.01  1
        2014021809  2715942     -11.10     134.12  1
        2014021812  2777108     -11.11     134.19  1
        2014021815  2713728     -11.03     134.33  1
        2014021818  2593276     -10.73     134.37  1
        2014021821  2537723     -10.60     134.33  1
        2014021900  2502406     -10.49     134.31  1
        2014021903  2452669     -10.36     134.51  1
        2014021906  2461871     -10.25     134.64  1
        2014021909  2451317     -10.15     134.59  1
        2014021912  2422273     -10.08     134.51  1
        2014021915  2453355      -9.98     134.48  1
        2014021918  2429388      -9.85     134.12  1
        2014021921  2374162      -9.72     133.77  1
        2014022000  2269446      -9.60     133.43  1
        2014022003  2147217      -9.45     133.01  1
        2014022006  1999304      -9.37     132.76  1
        2014022009  1828541      -9.15     132.46  1
        2014022012  1718018      -9.01     132.62  1
        2014022015  1669801      -8.74     132.91  1
        2014022018  1461738      -8.51     132.88  1
        2014022021  1294515      -8.32     133.37  1
        2014022100   730492      -8.05     134.32  1
LPT    25.0300
        2014022115   414600     -23.15     207.63  1
        2014022118   758026     -23.19     208.33  1
        2014022121  1025697     -23.07     208.67  1
        2014022200  1197561     -22.69     208.68  1
        2014022203  1216366     -22.24     208.54  1
        2014022206  1239165     -22.15     208.63  1
        2014022209  1250130     -21.95     208.58  1
        2014022212  1281917     -21.89     208.65  1
        2014022215  1200536     -21.45     208.38  1
        2014022218  1170960     -21.26     208.39  1
        2014022221  1170007     -20.90     208.19  1
        2014022300  1006746     -19.72     207.38  1
        2014022303   767525     -17.61     205.96  1
        2014022306   618254     -15.99     204.87  1
        2014022309   641692     -15.39     204.34  1
        2014022312   697395     -14.76     203.57  1
        2014022315   736571     -14.22     202.73  1
        2014022318   716483     -13.72     201.84  1
        2014022321   695595     -13.18     200.68  1
        2014022400   769131     -12.76     199.30  1
        2014022403   832926     -12.60     198.12  1
        2014022406  1141606     -13.66     195.32  1
        2014022409  1439402     -14.20     194.06  1
        2014022412  1754169     -14.56     193.34  1
        2014022415  1951569     -14.75     192.90  1
        2014022418  2037998     -14.91     192.44  1
        2014022421  2144823     -15.08     191.91  1
        2014022500  2255700     -15.13     191.66  1
        2014022503  2424207     -15.20     191.24  1
        2014022506  2508216     -15.24     191.07  1
        2014022509  2630297     -15.32     190.91  1
        2014022512  2800379     -15.29     190.65  1
        2014022515  6139743     -11.10     176.27  1
        2014022518  5922319     -11.56     177.80  1
        2014022521  5825788     -11.75     178.31  1
        2014022600  6943310      -8.68     174.91  1
        2014022603  7239470      -8.61     174.98  1
        2014022606  7249967      -8.58     175.07  1
        2014022609  7366638      -8.53     175.10  1
        2014022612  7480013      -8.47     175.19  1
        2014022615  7286668      -8.48     175.50  1
        2014022618  6900836      -8.65     176.55  2
        2014022621  6610342      -8.82     177.12  2
        2014022700  6173387      -8.92     177.99  2
        2014022703  6126346      -8.89     177.75  2
        2014022706  5937560      -8.95     177.82  2
        2014022709  6175384      -8.52     176.75  2
        2014022712  6554904      -7.79     175.33  2
        2014022715  6992487      -6.61     173.22  1
        2014022718  7016124      -6.20     172.61  1
        2014022721  6960771      -5.92     172.23  1
        2014022800  6893422      -5.68     171.91  2
        2014022803  6972304      -5.66     171.75  2
        2014022806  7073359      -5.69     171.57  2
        2014022809  7208234      -5.83     171.60  2
        2014022812  7511300      -6.11     171.63  2
        2014022815  7999237      -6.32     171.41  1
        2014022818  7883288      -6.77     171.86  1
        2014022821  7913663      -7.26     172.16  1
        2014030100  7911643      -7.68     172.50  1
        2014030103  8058931      -7.95     172.48  1
        2014030106  8114871      -8.14     172.45  1
        2014030109  8436001      -8.00     172.06  1
        2014030112  8626052      -8.02     172.06  1
        2014030115  8966396      -7.73     171.48  1
        2014030118  8977962      -7.75     171.64  1
        2014030121  9140343      -7.48     171.15  1
        2014030200  9231882      -7.40     171.09  1
        2014030203  9430039      -7.30     170.67  1
        2014030206  9384572      -7.40     170.77  1
        2014030209  9361599      -7.43     170.73  1
        2014030212  9175886      -7.50     170.90  1
        2014030215  9019594      -7.47     170.74  1
        2014030218  8461939      -7.66     171.22  1
        2014030221  8086023      -7.84     171.58  1
        2014030300  7866472      -8.06     171.92  1
        2014030303  7764630      -8.04     171.90  1
        2014030306  7441492      -8.21     172.10  1
        2014030309  7337771      -8.33     172.19  1
        2014030312  7303033      -8.24     172.06  1
        2014030315  7163909      -8.06     171.70  1
        2014030318  6678693      -8.14     171.69  1
        2014030321  4376571     -14.22     178.12  1
        2014030400  2995657      -9.25     173.38  1
        2014030403  2905567      -9.00     172.76  1
        2014030406  2714396      -9.08     172.82  1
        2014030409  2623132      -9.10     172.77  1
        2014030412  2585515      -9.16     173.02  1
        2014030415  2638735      -9.10     172.61  1
        2014030418  3184684      -8.74     169.48  1
        2014030421  3429516      -8.64     168.17  1
        2014030500  3489900      -8.64     167.44  1
        2014030503  3711064      -8.56     166.18  1
        2014030506  3669035      -8.68     165.52  1
        2014030509  3765648      -8.71     164.66  1
        2014030512  3840882      -8.74     163.78  1
        2014030515  3962057      -8.86     162.73  1
        2014030518  3810901      -9.02     161.83  1
        2014030521  3750755      -9.15     161.11  1
        2014030600  3597238      -9.24     160.06  1
        2014030603  3540416      -9.40     159.31  1
        2014030606  3446807      -9.50     158.08  1
        2014030609  3426113      -9.56     157.35  1
        2014030612  3335492      -9.54     156.10  1
        2014030615  3464286      -9.64     155.52  1
        2014030618  3343669      -9.69     154.57  1
        2014030621  3499375      -9.67     152.92  1
        2014030700  3576906      -9.70     151.57  1
        2014030703  3378954      -9.80     151.62  1
        2014030706  3536746      -9.85     150.09  1
        2014030709  3557114      -9.94     149.53  1
        2014030712  3646024     -10.01     148.86  1
        2014030715  3808734     -10.06     148.20  1
        2014030718  3752033     -10.25     147.76  1
        2014030721  3841144     -10.35     147.19  1
        2014030800  3848024     -10.47     147.14  1
        2014030803  3780021     -10.70     147.49  1
        2014030806  3843071     -10.85     147.28  1
        2014030809  3823901     -10.98     147.64  1
        2014030812  3862817     -11.19     148.20  1
        2014030815  4154975     -11.45     149.38  1
        2014030818  3974950     -11.65     150.22  1
        2014030821  3916050     -11.90     151.35  1
        2014030900  4024541     -12.07     152.00  1
        2014030903  4121808     -12.42     153.37  1
        2014030906  4310289     -12.53     153.58  1
        2014030909  4339979     -12.81     154.48  1
        2014030912  4454167     -13.02     155.34  1
        2014030915  4676419     -13.22     156.19  1
        2014030918  4551971     -13.37     156.96  1
        2014030921  4535513     -13.52     157.52  1
        2014031000  4506669     -13.65     158.10  1
        2014031003  4613066     -13.74     158.78  1
        2014031006  4892203     -13.67     158.51  1
        2014031009  4932646     -13.72     158.84  1
        2014031012  4976252     -13.71     159.19  1
        2014031015  5219868     -13.68     159.18  1
        2014031018  5117444     -13.74     159.36  1
        2014031021  4986835     -13.82     159.70  1
        2014031100  4705775     -13.95     160.24  1
        2014031103  4602567     -14.01     160.58  1
        2014031106  4573985     -13.99     160.51  1
        2014031109  4486133     -13.97     160.91  1
        2014031112  4374977     -14.03     161.20  1
        2014031115  4291480     -13.96     161.75  1
        2014031118  3935955     -13.96     162.62  1
        2014031121  3813678     -13.87     163.18  1
        2014031200  3703199     -13.77     164.05  1
        2014031203  3596762     -13.38     165.10  1
        2014031206  3465037     -12.95     166.26  1
        2014031209  3581984     -12.42     167.05  1
        2014031212  3814071     -11.72     167.84  1
        2014031215  4107660     -10.69     168.65  1
        2014031218  4105812     -10.12     169.35  1
        2014031221  6213377      -9.64     176.41  1
        2014031300  6463958      -9.55     176.77  1
        2014031303  6693659      -9.23     177.08  1
        2014031306  6697040      -9.08     177.53  1
        2014031309  6673396      -9.00     177.68  1
        2014031312  6889956      -8.88     177.58  1
        2014031315  6899846      -8.76     177.50  1
        2014031318  6731787      -8.91     177.44  1
        2014031321  6642445      -8.96     177.36  1
        2014031400  6551540      -9.00     177.20  1
        2014031403  6619297      -8.88     176.93  1
        2014031406  6469646      -8.88     176.93  1
        2014031409  6360856      -8.88     176.99  1
        2014031412  5100428      -4.82     177.85  1
        2014031415  5124840      -4.60     177.22  1
        2014031418  6569174      -9.26     185.20  1
        2014031421  6890643      -9.86     186.39  1
        2014031500  7042461     -10.57     187.77  1
        2014031503  7057255     -10.93     188.69  1
        2014031506  7137703     -11.55     190.12  1
        2014031509  7332704     -12.03     191.34  1
        2014031512  7557073     -12.45     192.43  1
        2014031515  7457503     -12.57     193.00  1
        2014031518  7582905     -12.94     194.07  1
        2014031521  7717311     -13.08     194.73  1
        2014031600  7840548     -13.23     195.35  1
        2014031603  7982443     -13.12     195.45  1
        2014031606  7916400     -13.34     196.12  1
        2014031609  8002080     -13.17     196.06  1
        2014031612  8446242     -12.83     195.66  1
        2014031615  8469671     -12.62     195.52  1
        2014031618  8543214     -12.37     195.37  1
        2014031621  9065947     -11.84     194.46  1
        2014031700  9496696     -11.48     193.88  1
        2014031703  9873142     -11.15     193.31  1
        2014031706 10029362     -11.08     193.17  1
        2014031709 10222800     -10.90     192.86  1
        2014031712 10413008     -10.74     192.67  1
        2014031715 10395133     -10.64     192.55  1
        2014031718 10082546     -10.92     193.31  1
        2014031721 10045040     -10.85     193.22  1
        2014031800  9734780     -11.20     194.15  1
        2014031803  9210251     -11.74     195.65  1
        2014031806  9136218     -11.72     195.61  1
        2014031809  9133536     -11.59     195.28  1
        2014031812  9104324     -11.41     194.93  1
        2014031815  9166010     -11.17     194.32  1
        2014031818  9137719     -11.15     194.13  1
        2014031821  9098652     -10.97     193.65  1
        2014031900  9019692     -10.86     193.32  1
        2014031903  8814258     -10.68     192.95  1
        2014031906  8620525     -10.66     192.87  1
        2014031909  8468612     -10.56     192.68  1
        2014031912  8264667     -10.50     192.62  1
        2014031915  7955292     -10.56     192.76  1
        2014031918  7690001     -10.72     193.16  1
        2014031921  7481762     -10.91     193.43  1
        2014032000  7280118     -11.16     193.79  1
        2014032003  6995871     -11.31     194.02  1
        2014032006  6751310     -11.46     194.26  1
        2014032009  6625992     -11.64     194.53  1
        2014032012  6448109     -11.77     194.75  1
        2014032015  6177444     -12.03     195.09  1
        2014032018  5958436     -12.31     195.50  1
        2014032021  5753621     -12.51     195.80  1
        2014032100  5576571     -12.76     196.16  1
        2014032103  5340644     -13.05     196.50  1
        2014032106  5164142     -13.36     196.86  1
        2014032109  5097817     -13.48     196.97  1
        2014032112  4946137     -13.59     196.98  1
        2014032115  4732714     -13.67     196.90  1
        2014032118  4362221     -14.03     197.19  1
        2014032121  3941443     -14.24     197.34  1
        2014032200  3370543     -14.77     197.99  1
        2014032203  2548743     -15.90     199.18  1
        2014032206  1608059     -19.55     203.49  1
        2014032209  1258734     -19.78     203.71  1
        2014032212   808457     -19.35     203.57  1
        2014032215   333252     -15.17     201.18  1
LPT    26.0100
        2014030209   288632     -26.35     224.06  1
        2014030212   417781     -26.60     224.26  1
        2014030215   498564     -26.91     224.61  1
        2014030218   636040     -26.93     224.62  1
        2014030221   693145     -27.15     224.80  1
        2014030300   768275     -27.20     224.82  1
        2014030303   831120     -27.23     224.87  1
        2014030306   951380     -27.18     224.86  1
        2014030309  1104832     -27.11     224.82  1
        2014030312  1257874     -26.51     224.38  1
        2014030315  1401720     -25.98     224.04  1
        2014030318  1582643     -25.72     223.86  1
        2014030321  1663404     -25.41     223.68  1
        2014030400  1874049     -25.10     223.50  1
        2014030403  1986378     -24.88     223.37  1
        2014030406  2119603     -24.64     223.20  1
        2014030409  2193020     -24.49     223.07  1
        2014030412  2322067     -24.21     222.82  1
        2014030415  2405899     -24.17     222.77  1
        2014030418  2599702     -24.04     222.62  1
        2014030421  2654887     -24.05     222.64  1
        2014030500  2760962     -24.03     222.63  1
        2014030503  2782497     -23.92     222.53  1
        2014030506  2832435     -23.85     222.47  1
        2014030509  2851853     -23.59     222.28  1
        2014030512  2907566     -23.15     221.93  1
        2014030515  2884480     -23.03     221.87  1
        2014030518  2898901     -22.85     221.72  1
        2014030521  2873114     -22.60     221.55  1
        2014030600  2863261     -22.23     221.24  1
        2014030603  2824013     -22.07     221.09  1
        2014030606  2786761     -21.95     220.94  1
        2014030609  2652996     -21.46     220.51  1
        2014030612  2538660     -20.78     219.87  1
        2014030615  2445570     -20.40     219.41  1
        2014030618  2283408     -19.83     218.78  1
        2014030621  2134455     -19.06     218.02  1
        2014030700  2049466     -18.58     217.44  1
        2014030703  1816762     -17.80     216.50  1
        2014030706  1674724     -17.23     215.71  1
        2014030709  1600803     -16.73     214.92  1
        2014030712  1636125     -16.24     213.91  1
        2014030715  1493574     -15.56     212.60  1
        2014030718  1367950     -14.72     210.90  1
        2014030721  1078809     -13.65     208.66  1
        2014030800   970379     -13.06     207.24  1
        2014030803   914839     -12.84     206.53  1
        2014030806   915592     -12.84     206.34  1
        2014030809   893701     -12.85     206.21  1
        2014030812   940697     -12.96     206.16  1
        2014030815   896940     -13.00     205.92  1
        2014030818   866650     -13.06     205.86  1
        2014030821   823852     -13.04     205.60  1
        2014030900   830291     -12.92     205.10  1
        2014030903   735692     -12.85     204.88  1
        2014030906   680829     -12.82     204.62  1
        2014030909   607093     -12.81     204.41  1
        2014030912   601678     -12.87     204.29  1
        2014030915   544288     -12.96     204.13  1
        2014030918   541215     -12.99     203.90  1
        2014030921   557010     -12.99     203.67  1
        2014031000   557035     -12.98     203.46  1
        2014031003   516473     -12.94     203.32  1
        2014031006   522652     -12.86     203.08  1
        2014031009   545419     -12.78     202.82  1
        2014031012   566716     -12.68     202.45  1
        2014031015   472700     -12.60     202.17  1
        2014031018   422325     -12.53     201.92  1
        2014031021   303205     -12.52     201.62  1
LPT    27.0100
        2014032303   381386      -5.58      68.77  1
        2014032306   611987      -5.58      69.51  1
        2014032309  1003544      -5.75      70.20  1
        2014032312  1289715      -5.83      70.73  1
        2014032315  1499626      -5.94      71.04  1
        2014032318  1688427      -6.12      71.33  1
        2014032321  1886841      -6.33      71.56  1
        2014032400  1897500      -6.53      71.61  1
        2014032403  1855356      -6.74      71.82  1
        2014032406  1873980      -7.06      72.22  1
        2014032409  1860485      -7.37      72.71  1
        2014032412  1790447      -7.68      73.29  1
        2014032415  1745654      -7.99      74.06  1
        2014032418  1719622      -8.18      74.88  1
        2014032421  1709171      -8.47      75.70  1
        2014032500  1638432      -8.42      76.44  1
        2014032503  1603053      -8.31      76.94  1
        2014032506  1602003      -8.19      77.70  1
        2014032509  1647281      -8.14      78.21  1
        2014032512  1748755      -8.15      78.61  1
        2014032515  1788945      -8.21      78.85  1
        2014032518  1849017      -8.28      79.20  1
        2014032521  1955411      -8.52      79.51  1
        2014032600  1911672      -8.61      79.90  1
        2014032603  1861015      -8.69      80.73  1
        2014032606  1926604      -8.81      81.73  1
        2014032609  1971748      -9.01      82.39  1
        2014032612  1984394      -9.13      83.11  1
        2014032615  2029203      -9.36      83.25  1
        2014032618  2130882      -9.59      83.27  1
        2014032621  2171771      -9.70      83.44  1
        2014032700  2081320      -9.69      83.73  1
        2014032703  2040134      -9.71      83.80  1
        2014032706  1938591      -9.80      83.89  1
        2014032709  1853321      -9.84      83.99  1
        2014032712  1688361      -9.76      84.24  1
        2014032715  1650311      -9.79      84.29  1
        2014032718  1588666      -9.67      84.81  1
        2014032721  1620499      -9.40      85.67  1
        2014032800  1570206      -9.10      86.46  1
        2014032803  1490505      -8.89      87.16  1
        2014032806  1525759      -8.68      87.75  1
        2014032809  1502664      -8.37      88.33  1
        2014032812  1452137      -8.24      88.64  1
        2014032815  1320879      -8.03      88.90  1
        2014032818  1279713      -8.25      88.25  1
        2014032821  1146770      -8.55      87.15  1
        2014032900  1039799      -8.61      86.33  1
        2014032903   891331      -8.79      85.10  1
        2014032906   691420      -9.22      83.05  1
        2014032909   333593     -10.41      78.56  1
        2014032912   312551     -10.18      77.97  1
        2014032918   346646      -9.57      77.89  1
        2014032921   502779      -9.05      78.16  1
        2014033000   484945      -8.69      77.80  1
        2014033003   607605      -8.37      77.75  1
        2014033006   792409      -8.01      77.85  1
        2014033009   964342      -7.72      77.78  1
        2014033012  1118776      -7.46      77.72  1
        2014033015  1296845      -7.30      77.78  1
        2014033018  1370719      -7.18      77.61  1
        2014033021  1503532      -7.07      77.44  1
        2014033100  1510389      -7.06      76.99  1
        2014033103  1577934      -6.99      76.79  1
        2014033106  1649114      -6.97      76.57  1
        2014033109  1727470      -6.86      76.24  1
        2014033112  1735116      -6.83      75.87  1
        2014033115  1796627      -6.74      75.72  1
        2014033118  1838279      -6.65      75.62  1
        2014033121  1956291      -6.42      75.76  1
        2014040100  1976100      -6.26      76.10  1
        2014040103  1999988      -6.03      76.51  1
        2014040106  2100750      -5.76      77.36  1
        2014040109  2277666      -5.46      78.35  1
        2014040112  2500096      -5.13      79.55  1
        2014040115  2772766      -4.76      80.78  1
        2014040118  3419973      -4.31      82.55  1
        2014040121  3723525      -4.07      83.00  1
        2014040200  3913841      -3.95      83.55  1
        2014040203  4056053      -3.89      83.72  1
        2014040206  4394641      -3.82      83.97  1
        2014040209  4580585      -3.74      84.09  1
        2014040212  4721624      -3.70      84.23  1
        2014040215  4834847      -3.72      84.29  1
        2014040218  5042296      -3.75      84.50  1
        2014040221  5289371      -3.80      84.61  1
        2014040300  5445781      -3.90      84.74  1
        2014040303  5587661      -3.98      84.93  1
        2014040306  5808088      -4.08      85.21  1
        2014040309  5893667      -4.26      85.19  1
        2014040312  5865908      -4.44      85.13  1
        2014040315  5847423      -4.60      85.01  1
        2014040318  5877787      -4.75      85.04  1
        2014040321  5878768      -4.90      84.99  1
        2014040400  5872440      -5.05      85.10  1
        2014040403  5865678      -5.22      85.04  1
        2014040406  5949665      -5.30      85.22  1
        2014040409  5987580      -5.46      85.21  1
        2014040412  5970306      -5.58      85.32  1
        2014040415  5975361      -5.77      85.42  1
        2014040418  6050875      -6.11      85.52  1
        2014040421  5868207      -6.41      85.77  1
        2014040500  5729994      -6.64      86.21  1
        2014040503  5641736      -6.85      86.44  1
        2014040506  5558618      -7.01      86.80  1
        2014040509  5199772      -7.23      87.29  1
        2014040512  4816366      -7.46      87.75  1
        2014040515  2107547     -14.74      80.50  1
        2014040518  2021223     -15.84      80.89  1
        2014040521  1872765     -16.86      81.20  1
        2014040600  1782887     -17.54      81.46  1
        2014040603  1757925     -18.09      81.68  1
        2014040606  1646232     -18.77      81.98  1
        2014040609  1449336     -20.05      82.51  1
        2014040612  1209791     -21.53      83.10  1
        2014040615  1098877     -22.38      83.50  1
        2014040618   985407     -23.03      83.79  1
        2014040621   879574     -23.61      84.10  1
        2014040700   769119     -24.14      84.41  1
        2014040703   652430     -24.53      84.68  1
        2014040706   491367     -24.98      85.00  1
        2014040709   288339     -25.33      85.32  1
LPT    28.0100
        2014032903   378469       3.79     175.23  1
        2014032906   551900       3.64     175.12  1
        2014032909   778502       3.46     174.88  1
        2014032912  1022876       3.19     174.46  1
        2014032915  1344193       2.92     174.13  1
        2014032918  1432065       2.86     173.92  1
        2014032921  1485434       2.68     173.77  1
        2014033000  1615726       2.47     173.61  1
        2014033003  1733702       2.28     173.51  1
        2014033006  1809211       2.17     173.61  1
        2014033009  1847066       2.07     173.75  1
        2014033012  1952647       1.96     173.88  1
        2014033015  2091382       1.81     173.94  1
        2014033018  2029287       1.66     173.98  1
        2014033021  2002597       1.48     173.91  1
        2014033100  1892700       1.39     173.86  1
        2014033103  1859777       1.13     173.60  1
        2014033106  1829919       0.75     173.15  1
        2014033109  1892285       0.12     172.42  1
        2014033112  2106841      -0.56     171.26  1
        2014033115  2260417      -1.91     169.05  1
        2014033118  2260530      -2.95     166.97  1
        2014033121  2371183      -3.38     165.74  1
        2014040100  2702147      -3.74     164.85  1
        2014040103  2972406      -4.14     164.11  1
        2014040106  3148914      -4.32     163.40  1
        2014040109  3305236      -4.49     162.90  1
        2014040112  3468598      -4.60     162.42  1
        2014040115  3619658      -4.69     161.95  1
        2014040118  3645334      -4.74     161.59  1
        2014040121  3705266      -4.69     161.30  1
        2014040200  3742356      -4.72     161.14  1
        2014040203  3787343      -4.70     160.97  1
        2014040206  3768665      -4.74     160.79  1
        2014040209  3833181      -4.81     160.71  1
        2014040212  3942484      -4.93     160.74  1
        2014040215  4058115      -5.13     160.69  1
        2014040218  4067746      -5.30     160.59  1
        2014040221  4029871      -5.45     160.64  1
        2014040300  3973539      -5.63     160.64  1
        2014040303  3990433      -5.78     160.73  1
        2014040306  3959893      -5.95     160.75  1
        2014040309  3899769      -6.10     160.71  1
        2014040312  3876693      -6.19     160.59  1
        2014040315  3916473      -6.22     160.38  1
        2014040318  3811904      -6.29     160.13  1
        2014040321  3707555      -6.44     159.96  1
        2014040400  3561377      -6.58     159.90  1
        2014040403  3315387      -6.93     159.85  1
        2014040406  2691330      -8.37     161.11  1
        2014040409  2497542      -8.84     161.45  1
        2014040412  2357376      -9.13     161.65  1
        2014040415  2373567      -9.35     161.64  1
        2014040418  2288358      -9.50     161.65  1
        2014040421  2343559      -9.54     161.38  1
        2014040500  2366735      -9.60     161.18  1
        2014040503  2389030      -9.56     160.83  1
        2014040506  2355054      -9.54     160.59  1
        2014040509  2345129      -9.55     160.39  1
        2014040512  2299462      -9.57     160.17  1
        2014040515  2237369      -9.67     159.87  1
        2014040518  2123742      -9.76     159.60  1
        2014040521  2126604      -9.78     159.30  1
        2014040600  2118003      -9.70     158.99  1
        2014040603  2137641      -9.57     158.64  1
        2014040606  2127398      -9.35     158.33  1
        2014040609  2135768      -9.19     158.03  1
        2014040612  2204686      -8.93     157.85  1
        2014040615  2346585      -8.51     157.66  1
        2014040618  2431093      -8.15     157.48  1
        2014040621  2579189      -7.72     157.37  1
        2014040700  2654528      -7.38     157.24  1
        2014040703  2832817      -7.12     157.16  1
        2014040706  2902479      -6.99     157.01  1
        2014040709  2997539      -6.81     156.88  1
        2014040712  3100037      -6.68     156.77  1
        2014040715  3227848      -6.53     156.69  1
        2014040718  3167653      -6.50     156.57  1
        2014040721  3144958      -6.58     156.47  1
        2014040800  2997499      -6.67     156.41  1
        2014040803  2996231      -6.55     156.46  1
        2014040806  2930481      -6.55     156.47  1
        2014040809  2980260      -6.45     156.52  1
        2014040812  3127637      -6.00     156.80  1
        2014040815  3292658      -5.70     156.96  1
        2014040818  3359238      -5.50     157.02  1
        2014040821  3438644      -5.47     156.98  1
        2014040900  3553806      -5.22     157.13  1
        2014040903  3676704      -5.20     157.18  1
        2014040906  3704560      -5.27     157.18  1
        2014040909  3787544      -5.28     157.11  1
        2014040912  4040283      -5.09     157.12  1
        2014040915  4284547      -4.68     157.85  1
        2014040918  4368426      -4.54     158.00  1
        2014040921  4555907      -4.61     156.99  1
        2014041000  4427750      -4.69     156.63  2
        2014041003  4572195      -4.70     156.04  2
        2014041006  4644269      -4.65     155.44  2
        2014041009  4708228      -4.59     155.26  2
        2014041012  4833133      -4.53     155.07  2
        2014041015  5052924      -4.28     155.50  2
        2014041018  5202912      -4.17     155.72  1
        2014041021  5480796      -3.94     156.09  1
        2014041100  5542256      -3.69     156.86  1
        2014041103  5794888      -3.47     157.77  1
        2014041106  5837965      -3.34     158.35  1
        2014041109  5922401      -3.29     158.66  1
        2014041112  5948749      -3.22     158.99  1
        2014041115  5929556      -3.35     158.62  1
        2014041118  6023884      -3.42     158.00  1
        2014041121  5781455      -3.54     157.60  1
        2014041200  5807076      -3.42     157.36  1
        2014041203  5752410      -3.34     157.23  1
        2014041206  5679791      -3.20     156.97  1
        2014041209  5601128      -3.20     156.73  1
        2014041212  5631663      -3.05     156.94  1
        2014041215  5664823      -2.82     157.33  1
        2014041218  5904522      -2.66     157.63  1
        2014041221  5938447      -2.37     158.25  1
        2014041300  5861535      -1.83     159.49  1
        2014041303  5908219      -1.45     160.52  1
        2014041306  4734129       1.88     164.85  1
        2014041309  4910045       1.95     165.62  1
        2014041312  5246413       2.05     166.56  1
        2014041315  5414634       2.16     167.16  1
        2014041318  5441912       2.31     168.02  1
        2014041321  5413040       2.35     168.57  1
        2014041400  5297986       2.37     168.94  1
        2014041403  5217516       2.37     169.05  1
        2014041406  5089335       2.41     169.11  1
        2014041409  5016695       2.42     169.15  1
        2014041412  5054071       2.45     169.33  1
        2014041415  5189161       2.43     169.09  1
        2014041418  5292198       2.47     169.12  1
        2014041421  5341420       2.50     169.00  1
        2014041500  5472169       2.53     169.00  1
        2014041503  5474907       2.52     168.80  1
        2014041506  5470582       2.55     168.85  1
        2014041509  5489756       2.45     168.77  1
        2014041512  5563033       2.40     168.89  1
        2014041515  5658219       2.30     168.73  1
        2014041518  5663762       2.13     168.76  1
        2014041521  5608106       1.96     168.92  1
        2014041600  5516217       1.80     169.44  1
        2014041603  5372441       1.66     169.97  1
        2014041606  5183036       1.60     170.51  1
        2014041609  5143314       1.48     170.58  1
        2014041612  5198201       1.42     170.63  1
        2014041615  5095507       1.31     170.42  1
        2014041618  5037462       1.21     170.42  1
        2014041621  4923788       1.09     170.10  1
        2014041700  4932582       1.01     169.99  1
        2014041703  4959322       0.89     169.55  1
        2014041706  4983811       0.77     169.30  1
        2014041709  5001967       0.63     169.38  1
        2014041712  5109415       0.43     169.39  1
        2014041715  5171411       0.22     169.30  1
        2014041718  5072425      -0.03     169.31  1
        2014041721  4958480      -0.30     169.42  1
        2014041800  4862104      -0.55     169.80  1
        2014041803  4742452      -0.86     170.21  1
        2014041806  4500145      -1.07     171.01  1
        2014041809  4327126      -1.24     171.82  1
        2014041812  4015798      -1.35     173.62  1
        2014041815  4024776      -1.47     173.75  1
        2014041818  3878045      -1.62     174.17  1
        2014041821  3796016      -1.69     174.31  1
        2014041900  3630016      -1.79     174.27  1
        2014041903  3487865      -1.88     174.21  1
        2014041906  3355742      -1.97     174.33  1
        2014041909  3325400      -2.02     174.26  1
        2014041912  3332864      -2.05     174.16  1
        2014041915  3280962      -2.09     173.97  1
        2014041918  3230740      -2.07     173.99  1
        2014041921  3135265      -2.00     174.03  1
        2014042000  3080613      -1.94     173.94  1
        2014042003  3042993      -1.80     173.86  1
        2014042006  2937604      -1.68     173.89  1
        2014042009  2853680      -1.56     173.95  1
        2014042012  2728241      -1.40     173.98  1
        2014042015  2595895      -1.16     174.06  1
        2014042018  2400192      -0.94     174.30  1
        2014042021  2303170      -0.62     174.50  1
        2014042100  2257742      -0.31     174.56  1
        2014042103  2216902       0.04     174.59  1
        2014042106  2173673       0.40     174.54  1
        2014042109  2181315       0.68     174.53  1
        2014042112  2145848       0.89     174.31  1
        2014042115  2218169       1.07     173.88  1
        2014042118  2093209       1.29     173.73  1
        2014042121  1999832       1.52     173.58  1
        2014042200  1825479       1.75     173.39  1
        2014042203  1650317       2.04     173.39  1
        2014042206  1377813       2.58     173.49  1
        2014042209  1215761       2.78     173.31  1
        2014042212   991150       3.08     173.02  1
        2014042215   933999       3.21     172.75  1
        2014042218   731070       3.44     172.00  1
        2014042221   524331       3.61     170.55  1
LPT    29.0100
        2014051306   337520      -1.49     120.08  1
        2014051309   398528      -1.44     119.80  1
        2014051312   432510      -1.38     119.68  1
        2014051315   557612      -1.32     120.06  1
        2014051318   689658      -1.22     120.46  1
        2014051321   777669      -1.20     120.65  1
        2014051400   838636      -1.23     120.81  1
        2014051403   890331      -1.26     121.23  1
        2014051406  1001467      -1.25     121.48  1
        2014051409  1068586      -1.30     121.47  1
        2014051412  1128025      -1.28     121.76  1
        2014051415  1273111      -1.27     122.61  1
        2014051418  1336371      -1.31     123.60  1
        2014051421  1251461      -1.36     124.84  1
        2014051500  1237565      -1.35     125.47  1
        2014051503  1242154      -1.39     126.19  1
        2014051506  1279910      -1.42     126.71  1
        2014051509  1312278      -1.45     127.22  1
        2014051512  1286057      -1.44     127.41  1
        2014051515  1307612      -1.59     128.20  1
        2014051518  1300641      -1.68     128.75  1
        2014051521  1196365      -1.92     129.96  1
        2014051600  1122118      -2.16     131.23  1
        2014051603  1116500      -2.36     132.40  1
        2014051606  1208162      -2.38     133.07  1
        2014051609  1271312      -2.39     133.47  1
        2014051612  1344507      -2.38     133.71  1
        2014051615  1420873      -2.28     133.87  1
        2014051618  1379285      -2.20     134.21  1
        2014051621  1309900      -2.21     134.59  1
        2014051700  1208854      -2.28     134.99  1
        2014051703  1130917      -2.36     135.49  1
        2014051706  1048404      -2.36     136.13  1
        2014051709   945071      -2.37     136.70  1
        2014051712   863327      -2.40     137.15  1
        2014051715   787016      -2.40     137.72  1
        2014051718   635848      -2.43     138.51  1
        2014051721   537883      -2.48     139.20  1
        2014051800   415194      -2.60     139.87  1
        2014051803   379677      -2.73     140.69  1
        2014051806   325637      -2.89     141.66  1
        2014051809   639873      -3.78     149.57  1
        2014051812  1037463      -4.33     154.07  1
        2014051815  5366120     -13.52     172.01  1
        2014051818  5748380     -13.53     172.01  1
        2014051821  6008513     -13.42     171.73  1
        2014051900  6149635     -13.37     171.63  1
        2014051903  6245494     -13.31     171.52  1
        2014051906  6265638     -13.33     171.64  1
        2014051909  6157664     -13.35     171.80  1
        2014051912  5979335     -13.46     172.12  1
        2014051915  5846066     -13.47     172.37  1
        2014051918  5501136     -13.89     173.16  1
        2014051921  3072150     -20.20     183.83  1
        2014052000  2944519     -20.78     184.82  1
        2014052003  2667402     -21.16     185.77  1
        2014052006  2462955     -21.91     186.85  1
        2014052009  2224912     -22.69     187.86  1
        2014052012  2087626     -23.33     188.65  1
        2014052015  1875664     -24.14     189.57  1
        2014052018  1759109     -24.70     190.25  1
        2014052021  1678623     -25.12     190.78  1
        2014052100  1635995     -25.44     191.28  1
        2014052103  1511883     -25.79     191.80  1
        2014052106  1484187     -26.00     192.19  1
        2014052109  1439005     -26.12     192.52  1
        2014052112  1401295     -26.21     192.82  1
        2014052115  1352551     -26.29     193.17  1
        2014052118  1303133     -26.38     193.46  1
        2014052121  1172175     -26.62     193.82  1
        2014052200  1073323     -26.80     194.08  1
        2014052203  1028174     -27.07     194.32  1
        2014052206   988547     -27.35     194.60  1
        2014052209   927457     -27.53     194.81  1
        2014052212   900408     -27.74     195.02  1
        2014052215   870115     -27.94     195.26  1
        2014052218   855060     -28.12     195.57  1
        2014052221   734600     -28.42     196.02  1
        2014052300   618867     -28.72     196.46  1
        2014052303   384398     -29.17     196.89  1
LPT    29.0200
        2014051306   337520      -1.49     120.08  1
        2014051309   398528      -1.44     119.80  1
        2014051312   432510      -1.38     119.68  1
        2014051315   557612      -1.32     120.06  1
        2014051318   689658      -1.22     120.46  1
        2014051321   777669      -1.20     120.65  1
        2014051400   838636      -1.23     120.81  1
        2014051403   890331      -1.26     121.23  1
        2014051406  1001467      -1.25     121.48  1
        2014051409  1068586      -1.30     121.47  1
        2014051412  1128025      -1.28     121.76  1
        2014051415  1273111      -1.27     122.61  1
        2014051418  1336371      -1.31     123.60  1
        2014051421  1251461      -1.36     124.84  1
        2014051500  1237565      -1.35     125.47  1
        2014051503  1242154      -1.39     126.19  1
        2014051506  1279910      -1.42     126.71  1
        2014051509  1312278      -1.45     127.22  1
        2014051512  1286057      -1.44     127.41  1
        2014051515  1307612      -1.59     128.20  1
        2014051518  1300641      -1.68     128.75  1
        2014051521  1196365      -1.92     129.96  1
        2014051600  1122118      -2.16     131.23  1
        2014051603  1116500      -2.36     132.40  1
        2014051606  1208162      -2.38     133.07  1
        2014051609  1271312      -2.39     133.47  1
        2014051612  1344507      -2.38     133.71  1
        2014051615  1420873      -2.28     133.87  1
        2014051618  1379285      -2.20     134.21  1
        2014051621  1309900      -2.21     134.59  1
        2014051700  1208854      -2.28     134.99  1
        2014051703  1130917      -2.36     135.49  1
        2014051706  1048404      -2.36     136.13  1
        2014051709   945071      -2.37     136.70  1
        2014051712   863327      -2.40     137.15  1
        2014051715   787016      -2.40     137.72  1
        2014051718   635848      -2.43     138.51  1
        2014051721   537883      -2.48     139.20  1
        2014051800   415194      -2.60     139.87  1
        2014051803   379677      -2.73     140.69  1
        2014051806   325637      -2.89     141.66  1
        2014051809   639873      -3.78     149.57  1
        2014051812  1037463      -4.33     154.07  1
        2014051815  5366120     -13.52     172.01  1
        2014051818  5748380     -13.53     172.01  1
        2014051821  6008513     -13.42     171.73  1
        2014051900  6149635     -13.37     171.63  1
        2014051903  6245494     -13.31     171.52  1
        2014051906  6265638     -13.33     171.64  1
        2014051909  6157664     -13.35     171.80  1
        2014051912  5979335     -13.46     172.12  1
        2014051915  5846066     -13.47     172.37  1
        2014051918  5501136     -13.89     173.16  1
        2014051921  2175557      -4.94     158.55  1
        2014052000  2066104      -4.81     158.89  1
        2014052003  1991836      -4.71     159.32  1
        2014052006  1907516      -4.61     159.78  1
        2014052009  1883743      -4.57     160.24  1
        2014052012  1920538      -4.60     160.65  1
        2014052015  1991058      -4.67     161.07  1
        2014052018  1930839      -4.79     161.59  1
        2014052021  1857477      -4.94     161.85  1
        2014052100  1753421      -5.06     162.20  1
        2014052103  1528542      -5.27     162.38  1
        2014052106  1397546      -5.41     162.94  1
        2014052109  1212928      -5.52     163.51  1
        2014052112  1049215      -5.55     163.95  1
        2014052115   938004      -5.43     164.34  1
        2014052118   800625      -5.28     164.96  1
        2014052121   790085      -5.09     165.54  1
        2014052200   777991      -4.91     166.13  1
        2014052203   846683      -4.70     166.89  1
        2014052206   895339      -4.53     167.37  1
        2014052209   929148      -4.56     167.73  1
        2014052212   975161      -4.69     167.92  1
        2014052215  1066389      -4.91     167.71  1
        2014052218  1007626      -5.17     167.53  1
        2014052221  1070648      -5.20     167.33  1
        2014052300  1050432      -5.37     167.02  1
        2014052303  1018888      -5.41     166.84  1
        2014052306   968939      -5.43     166.60  1
        2014052309   831390      -5.40     166.45  1
        2014052312   622269      -5.38     166.53  1
        2014052315   478585      -5.22     166.27  1
LPT    30.0100
        2014052415   327847       7.47     256.07  1
        2014052418   455904       7.30     256.55  1
        2014052421   566313       7.21     256.90  1
        2014052500   596168       7.22     256.93  1
        2014052503   555555       7.24     256.81  1
        2014052506   518801       7.23     256.82  1
        2014052509   548627       7.27     256.77  1
        2014052512   529843       7.61     256.04  1
        2014052515   504226       7.91     255.53  1
        2014052518   532387       8.02     255.54  1
        2014052521   609312       8.23     255.30  1
        2014052600   782729       8.25     255.72  1
        2014052603   927831       8.27     256.02  1
        2014052606  1070419       8.36     256.10  1
        2014052609  1278443       8.47     256.21  1
        2014052612  1332210       8.59     256.21  1
        2014052615  1503828       8.78     255.90  1
        2014052618  1635794       8.93     255.77  1
        2014052621  1820022       9.11     255.62  1
        2014052700  1882805       9.33     255.30  1
        2014052703  1904465       9.54     255.00  1
        2014052706  1930319       9.79     254.56  1
        2014052709  1987628       9.99     254.23  1
        2014052712  1922462      10.22     253.77  1
        2014052715  1928922      10.40     253.53  1
        2014052718  1947241      10.62     253.41  1
        2014052721  1950034      10.78     253.34  1
        2014052800  1951236      10.93     253.23  1
        2014052803  1922880      11.10     253.11  1
        2014052806  1964731      11.28     253.09  1
        2014052809  2005045      11.45     252.96  1
        2014052812  1980294      11.62     252.93  1
        2014052815  1940628      11.78     252.94  1
        2014052818  1958923      11.96     252.83  1
        2014052821  1959286      12.11     252.84  1
        2014052900  1920542      12.26     252.85  1
        2014052903  1823216      12.39     252.86  1
        2014052906  1755308      12.53     253.01  1
        2014052909  1693019      12.62     253.23  1
        2014052912  1592913      12.64     253.58  1
        2014052915  1540421      12.61     253.88  1
        2014052918  1445744      12.58     254.31  1
        2014052921  1371117      12.60     254.62  1
        2014053000  1246592      12.67     254.93  1
        2014053003  1148783      12.66     255.24  1
        2014053006  1116402      12.50     255.66  1
        2014053009  1167807      12.28     256.42  1
        2014053012  1163293      12.11     257.03  1
        2014053015  1297726      12.07     257.54  1
        2014053018  1403570      12.01     257.91  1
        2014053021  1562182      11.96     258.28  1
        2014053100  1622098      11.90     258.58  1
        2014053103  1707502      11.76     258.92  1
        2014053106  1827543      11.53     259.34  1
        2014053109  2061394      11.17     260.40  1
        2014053112  2386343      10.64     262.15  1
        2014053115  2516029      10.45     262.72  1
        2014053118  2669566      10.33     263.45  1
        2014053121  2823990      10.35     263.96  1
        2014060100  2862086      10.48     264.16  1
        2014060103  2931016      10.63     264.42  1
        2014060106  3390567      12.30     265.58  1
        2014060109  3488779      12.40     265.93  1
        2014060112  3602235      12.77     266.29  1
        2014060115  3668177      12.98     266.72  1
        2014060118  3839658      13.27     267.29  1
        2014060121  4028401      13.37     267.81  1
        2014060200  3985648      13.35     268.07  1
        2014060203  4005711      13.23     268.29  1
        2014060206  4045431      13.14     268.53  1
        2014060209  4156883      13.08     268.73  1
        2014060212  4228002      13.04     269.09  1
        2014060215  4267528      13.06     269.30  1
        2014060218  4260828      13.08     269.55  1
        2014060221  4248155      13.04     269.75  1
        2014060300  4109774      13.16     269.91  1
        2014060303  4014364      13.42     269.87  1
        2014060306  3987806      13.67     269.95  1
        2014060309  4010446      13.73     270.03  1
        2014060312  4054601      13.51     270.47  1
        2014060315  4004341      13.04     270.73  1
        2014060318  4090576      12.62     271.30  1
        2014060321  4107182      11.97     271.80  1
        2014060400  3878729      11.52     272.02  1
        2014060403  3779062      11.43     272.07  1
        2014060406  3681854      11.52     271.93  1
        2014060409  3525778      11.62     271.48  1
        2014060412  3287909      12.00     270.92  1
        2014060415  2863765      12.77     269.80  1
        2014060418  2266514      14.43     267.91  1
        2014060421  2088606      14.60     267.65  1
        2014060500  1862745      14.75     267.49  1
        2014060503  1769599      14.86     267.42  1
        2014060506  1667067      15.05     267.32  1
        2014060509  1655850      15.25     267.28  1
        2014060512  1484223      15.47     267.27  1
        2014060515  1368921      15.64     267.19  1
        2014060518  1172762      15.97     267.26  1
        2014060521   989068      16.26     267.22  1
        2014060600   849271      16.60     267.19  1
        2014060603   750387      16.75     267.09  1
        2014060606   668232      16.80     266.99  1
        2014060609   651517      16.72     266.89  1
        2014060612   490562      16.94     266.85  1
        2014060615   398131      17.00     266.76  1
LPT    31.0100
        2014060206   398871       2.85      91.22  1
        2014060209   519147       2.90      90.64  1
        2014060212   634795       2.89      90.15  1
        2014060215   686429       2.92      89.75  1
        2014060218   692659       2.84      89.36  1
        2014060221   730483       2.77      88.71  1
        2014060300   662679       2.70      88.22  1
        2014060303   715905       2.63      87.70  1
        2014060306   699748       2.51      87.37  1
        2014060309   761394       2.51      87.14  1
        2014060312   754421       2.53      86.90  1
        2014060315   829171       2.47      86.94  1
        2014060318   892480       2.09      87.00  1
        2014060321  1166684       1.12      87.48  1
        2014060400  1390034       0.79      87.92  1
        2014060403  1556501       0.94      88.38  1
        2014060406  1937675       1.04      88.96  1
        2014060409  2261008       1.21      89.49  1
        2014060412  2431196       1.27      89.76  1
        2014060415  2564387       1.36      90.06  1
        2014060418  2713798       1.38      90.40  1
        2014060421  2897607       1.52      90.96  1
        2014060500  2869925       1.66      91.37  1
        2014060503  2822819       1.80      91.76  1
        2014060506  2829927       2.15      92.30  1
        2014060509  2710282       2.39      92.93  1
        2014060512  2580399       2.72      93.56  1
        2014060515  2479604       3.10      94.09  1
        2014060518  2344351       3.42      94.55  1
        2014060521  2301623       3.86      95.01  1
        2014060600  2197122       4.41      95.60  1
        2014060603  2196298       4.90      96.07  1
        2014060606  2264856       5.39      96.57  1
        2014060609  2298393       5.78      96.72  1
        2014060612  2138160       6.01      96.71  1
        2014060615  2095313       6.36      96.72  1
        2014060618  2025278       6.80      96.66  1
        2014060621  1943001       7.47      96.51  1
        2014060700  1584567       8.25      96.18  1
        2014060703  1301216       9.33      95.81  1
        2014060706  1152865      10.46      95.64  1
        2014060709  1055640      11.58      95.47  1
        2014060712   966273      12.09      95.16  1
        2014060715   962093      12.41      94.90  1
        2014060718  1011338      12.54      94.64  1
        2014060721  1147710      12.69      94.39  1
        2014060800  1173435      12.66      93.81  1
        2014060803  1229630      12.56      93.43  1
        2014060806  1286577      12.60      93.33  1
        2014060809  1296255      12.62      92.99  1
        2014060812  1190716      12.51      92.62  1
        2014060815  1102061      12.47      92.32  1
        2014060818  1038983      12.61      92.40  1
        2014060821  1070873      12.72      92.28  1
        2014060900  1098568      12.76      91.96  1
        2014060903  1203677      12.97      91.68  1
        2014060906  1298655      13.20      91.45  1
        2014060909  1319098      13.32      91.08  1
        2014060912  1141612      13.24      90.93  1
        2014060915   953788      13.08      90.69  1
        2014060918   701335      13.03      90.59  1
        2014060921   494391      13.07      90.61  1
LPT    32.0100
        2014060503   410862       6.23      57.61  1
        2014060506   731153       6.06      57.33  1
        2014060509   999863       6.01      57.43  1
        2014060512  1142922       5.84      57.14  1
        2014060515  1303351       5.82      57.17  1
        2014060518  1489894       5.77      57.21  1
        2014060521  1681589       5.81      57.41  1
        2014060600  1774826       5.92      57.65  1
        2014060603  1921811       5.99      57.90  1
        2014060606  2103803       6.11      58.25  1
        2014060609  2297752       6.28      58.80  1
        2014060612  2325150       6.33      58.98  1
        2014060615  2400669       6.40      59.40  1
        2014060618  2553896       6.53      59.82  1
        2014060621  2768982       6.78      60.22  1
        2014060700  2897760       6.85      60.50  1
        2014060703  3012042       6.91      60.82  1
        2014060706  3097678       6.98      61.05  1
        2014060709  3164755       7.10      61.27  1
        2014060712  3098484       7.15      61.41  1
        2014060715  3078268       7.19      61.54  1
        2014060718  3091153       7.19      61.62  1
        2014060721  3174723       7.22      61.69  1
        2014060800  3158156       7.29      61.69  1
        2014060803  3165001       7.40      61.77  1
        2014060806  3203311       7.58      62.10  1
        2014060809  3131220       7.84      62.36  1
        2014060812  3020733       8.04      62.60  1
        2014060815  2933284       8.22      62.92  1
        2014060818  2896420       8.38      63.21  1
        2014060821  2858184       8.62      63.66  1
        2014060900  2775974       8.84      63.98  1
        2014060903  2716839       9.02      64.19  1
        2014060906  2651364       9.24      64.42  1
        2014060909  2628416       9.47      64.79  1
        2014060912  2547063       9.70      65.10  1
        2014060915  2503590       9.83      65.32  1
        2014060918  2472889       9.98      65.57  1
        2014060921  2387999      10.08      65.93  1
        2014061000  2181751      10.18      66.38  1
        2014061003  2106905      10.26      66.64  1
        2014061006  2043293      10.36      66.81  1
        2014061009  1990138      10.49      67.14  1
        2014061012  1893576      10.66      67.39  1
        2014061015  1866574      10.86      67.60  1
        2014061018  1849481      11.05      67.79  1
        2014061021  1827831      11.24      68.00  1
        2014061100  1758641      11.43      68.20  1
        2014061103  1676305      11.55      68.33  1
        2014061106  1587759      11.71      68.44  1
        2014061109  1431371      11.87      68.59  1
        2014061112  1275726      12.06      68.72  1
        2014061115  1195623      12.27      68.78  1
        2014061118  1106626      12.46      68.79  1
        2014061121  1010064      12.69      68.74  1
        2014061200   887332      12.92      68.69  1
        2014061203   770320      13.06      68.74  1
        2014061206   677236      13.28      68.57  1
        2014061209   520486      13.50      68.46  1
LPT    33.0100
        2014060906   512373      19.11     119.42  1
        2014060909   609227      19.16     119.60  1
        2014060912   703339      19.15     119.84  1
        2014060915   856407      19.16     120.09  1
        2014060918  1083335      19.23     120.42  1
        2014060921  1227648      19.31     120.77  1
        2014061000  1408796      19.32     121.05  1
        2014061003  1594161      19.34     121.32  1
        2014061006  1788688      19.30     121.55  1
        2014061009  1897860      19.35     121.73  1
        2014061012  2006516      19.37     121.90  1
        2014061015  2208196      19.39     122.01  1
        2014061018  2427039      19.47     122.05  1
        2014061021  2566918      19.48     121.96  1
        2014061100  2743691      19.49     121.85  1
        2014061103  2950948      19.49     121.74  1
        2014061106  3090764      19.42     121.50  1
        2014061109  3303070      19.42     121.44  1
        2014061112  3416436      19.44     121.48  1
        2014061115  3632725      19.33     121.20  1
        2014061118  4590726      18.90     117.83  1
        2014061121  4822480      18.78     117.33  1
        2014061200  5123781      18.64     116.92  1
        2014061203  5469107      18.53     116.42  1
        2014061206  5767767      18.31     115.81  1
        2014061209  5944505      18.06     115.20  1
        2014061212  6036313      17.84     114.91  1
        2014061215  6199593      17.50     114.24  1
        2014061218  6539763      17.03     113.27  1
        2014061221  6645920      16.61     112.41  1
        2014061300  6798780      16.29     111.88  1
        2014061303  6964367      15.93     111.11  1
        2014061306  7192329      15.54     110.26  1
        2014061309  7184249      15.17     109.34  1
        2014061312  7202570      14.80     108.33  1
        2014061315  7170391      14.53     107.45  1
        2014061318  7160153      14.29     106.83  1
        2014061321  7154909      14.09     106.09  1
        2014061400  7231383      14.03     105.71  1
        2014061403  7267750      13.99     105.27  1
        2014061406  7219805      13.93     104.93  1
        2014061409  7195695      13.87     104.47  1
        2014061412  7047572      13.84     104.29  1
        2014061415  6984689      13.84     104.06  1
        2014061418  6840879      13.88     103.77  1
        2014061421  6527961      14.02     103.35  1
        2014061500  6197473      14.15     103.02  1
        2014061503  3546719      13.87      93.97  1
        2014061506  3359572      14.07      93.52  1
        2014061509  3270422      14.29      93.21  1
        2014061512  3120496      14.40      92.90  1
        2014061515  3038862      14.49      92.76  1
        2014061518  3003076      14.54      92.71  1
        2014061521  2815521      14.77      92.69  1
        2014061600  2690867      14.88      92.74  1
        2014061603  2667903      14.93      93.02  1
        2014061606  2596700      15.04      93.42  1
        2014061609  2494348      15.27      93.81  1
        2014061612  2385300      15.28      93.94  1
        2014061615  2180196      15.19      94.26  1
        2014061618  2158896      15.26      94.38  1
        2014061621  2254001      15.38      94.57  1
        2014061700  2290572      15.42      94.75  1
        2014061703  2287792      15.46      94.95  1
        2014061706  2285787      15.42      95.19  1
        2014061709  2353395      15.59      95.21  1
        2014061712  2282303      15.66      95.38  1
        2014061715  2369360      15.68      95.40  1
        2014061718  2399414      15.70      95.48  1
        2014061721  2481036      15.85      95.43  1
        2014061800  2528691      15.76      95.44  1
        2014061803  2584762      15.72      95.39  1
        2014061806  2610628      15.66      95.43  1
        2014061809  2703281      15.77      95.32  1
        2014061812  2613907      15.87      95.28  1
        2014061815  2600092      16.08      95.23  1
        2014061818  2557916      16.32      95.17  1
        2014061821  2494359      16.85      94.99  1
        2014061900  2377197      17.17      94.80  1
        2014061903  2304871      17.63      94.52  1
        2014061906  2182695      18.11      94.14  1
        2014061909  2096716      18.65      93.84  1
        2014061912  2000320      19.04      93.56  1
        2014061915  1997716      19.37      93.41  1
        2014061918  1976920      19.65      93.24  1
        2014061921  1934412      20.05      93.05  1
        2014062000  1824414      20.30      92.84  1
        2014062003  1727459      20.64      92.58  1
        2014062006  1677884      20.89      92.40  1
        2014062009  1679786      21.18      92.32  1
        2014062012  1612808      21.39      92.32  1
        2014062015  1565139      21.56      92.35  1
        2014062018  1533498      21.77      92.32  1
        2014062021  1566210      21.92      92.27  1
        2014062100  1488169      22.00      92.10  1
        2014062103  1490843      22.15      92.01  1
        2014062106  1552773      22.36      92.01  1
        2014062109  1593403      22.54      92.11  1
        2014062112  1540846      22.79      92.16  1
        2014062115  1515642      22.88      92.15  1
        2014062118  1527554      23.02      92.22  1
        2014062121  1560918      23.08      92.25  1
        2014062200  1535862      23.10      92.16  1
        2014062203  1573694      23.14      92.20  1
        2014062206  1583039      23.24      92.26  1
        2014062209  1584455      23.42      92.43  1
        2014062212  1507327      23.43      92.47  1
        2014062215  1453865      23.40      92.52  1
        2014062218  1369391      23.29      92.50  1
        2014062221  1341554      23.17      92.51  1
        2014062300  1250430      22.98      92.51  1
        2014062303  1269130      22.72      92.62  1
        2014062306  1342649      22.47      92.79  1
        2014062309  1333875      22.34      92.96  1
        2014062312  1271711      22.20      93.06  1
        2014062315  1230118      21.97      93.23  1
        2014062318  1238282      21.69      93.40  1
        2014062321  1260037      21.32      93.52  1
        2014062400  1194721      20.87      93.69  1
        2014062403  1327803      20.05      94.59  1
        2014062406  1404805      19.35      95.28  1
        2014062409  1414567      18.91      95.36  1
        2014062412  1289174      18.82      94.96  1
        2014062415  1252015      18.52      94.88  1
        2014062418  1247685      18.32      94.77  1
        2014062421  1214626      18.13      94.69  1
        2014062500  1118655      18.01      94.31  1
        2014062503  1077029      17.75      94.28  1
        2014062506   994553      17.39      94.33  1
        2014062509  1025383      17.28      94.15  1
        2014062512  1002421      17.30      93.86  1
        2014062515  1023371      17.37      93.67  1
        2014062518  1001871      17.40      93.54  1
        2014062521  1025026      17.59      93.32  1
        2014062600   976836      17.67      93.13  1
        2014062603   950338      17.68      92.97  1
        2014062606   843303      17.62      92.82  1
        2014062609   734998      17.50      92.79  1
        2014062612   651188      17.47      92.73  1
        2014062615   569395      17.49      92.70  1
        2014062618   477990      17.53      92.59  1
        2014062621   416522      17.69      92.52  1
        2014062700   294942      17.81      92.42  1
LPT    34.0100
        2014061312   660471       0.18     158.32  1
        2014061315   976216       0.34     157.73  1
        2014061318  1113549       0.51     157.22  1
        2014061321  1242384       0.67     156.79  1
        2014061400  1360355       0.82     156.31  1
        2014061403  1509966       0.86     156.20  1
        2014061406  1577813       0.87     156.03  1
        2014061409  1679587       0.85     155.91  1
        2014061412  1768258       0.81     155.67  1
        2014061415  3783091       1.81     145.17  1
        2014061418  4005044       1.79     145.37  1
        2014061421  4043760       1.66     145.91  1
        2014061500  4279473       1.64     146.06  1
        2014061503  4324394       1.48     146.96  1
        2014061506  4553073       1.44     146.85  1
        2014061509  4751746       1.36     146.97  1
        2014061512  5017246       1.28     147.05  1
        2014061515  5210191       1.23     147.04  1
        2014061518  5381689       1.20     146.41  1
        2014061521  5470751       1.21     145.99  1
        2014061600  5716814       1.25     145.20  1
        2014061603  5719816       1.32     144.24  1
        2014061606  5817354       1.46     142.83  1
        2014061609  5770677       1.43     142.45  1
        2014061612  5853917       1.43     141.99  1
        2014061615  5926177       1.51     141.46  1
        2014061618  6021279       1.59     140.71  1
        2014061621  6030555       1.57     140.60  1
        2014061700  6182243       1.62     140.50  1
        2014061703  6217363       1.72     140.18  1
        2014061706  6349157       1.91     139.68  1
        2014061709  6395664       1.96     139.58  1
        2014061712  6456192       1.99     139.59  1
        2014061715  6647555       1.94     139.67  1
        2014061718  6596717       2.03     139.59  1
        2014061721  6513033       2.07     139.50  1
        2014061800  6393477       2.22     138.94  1
        2014061803  6168931       2.27     138.20  1
        2014061806  5923605       2.50     136.88  1
        2014061809  5570002       2.61     135.85  1
        2014061812  5385476       2.77     134.82  1
        2014061815  5385813       2.73     134.33  1
        2014061818  5267270       2.86     133.67  1
        2014061821  5117211       2.90     133.45  1
        2014061900  5046397       2.91     133.61  1
        2014061903  4771986       3.08     133.32  1
        2014061906  4616854       3.17     133.33  1
        2014061909  4220564       3.42     132.99  1
        2014061912  4204877       3.32     133.28  1
        2014061915  4249505       3.20     133.61  1
        2014061918  4185118       3.02     133.69  1
        2014061921  3432098       1.67     136.41  1
        2014062000  3347299       1.57     136.50  1
        2014062003  3237133       1.48     136.56  1
        2014062006  3279225       1.40     136.68  1
        2014062009  3251505       1.27     136.74  1
        2014062012  3343692       1.19     136.83  1
        2014062015  3339791       1.19     136.72  1
        2014062018  3295375       1.50     136.49  1
        2014062021  3193336       1.55     136.43  1
        2014062100  3135051       1.69     136.41  1
        2014062103  3004366       1.88     136.28  1
        2014062106  2803519       2.10     136.51  1
        2014062109  2930173       1.65     138.05  1
        2014062112  3152989       1.26     140.11  1
        2014062115  2792103       1.29     140.88  1
        2014062118  2123680       1.31     142.40  1
        2014062121   885811       0.24     140.80  1
        2014062200   662724      -0.09     141.05  1
LPT    35.0100
        2014062312   435678       6.85     272.20  1
        2014062315   855708       6.88     273.04  1
        2014062318  1057949       6.89     273.42  1
        2014062321  1225568       6.93     273.72  1
        2014062400  1322056       6.92     273.82  1
        2014062403  1392546       6.91     273.92  1
        2014062406  1472210       6.90     274.01  1
        2014062409  1600012       6.93     274.23  1
        2014062412  1671043       6.97     274.39  1
        2014062415  1754392       6.99     274.65  1
        2014062418  1746727       6.99     274.91  1
        2014062421  1752198       6.97     275.28  1
        2014062500  1738584       6.92     275.68  1
        2014062503  1723607       6.83     276.22  1
        2014062506  1782979       6.71     276.76  1
        2014062509  1885375       6.58     277.29  1
        2014062512  1938269       6.37     278.08  1
        2014062515  2154206       6.02     279.21  1
        2014062518  2219064       5.69     280.23  1
        2014062521  2271337       5.43     280.85  1
        2014062600  2316447       5.24     281.20  1
        2014062603  2400531       5.11     281.33  1
        2014062606  2600686       4.97     281.27  1
        2014062609  2706776       4.95     280.99  1
        2014062612  2586338       4.78     281.15  1
        2014062615  2549766       4.75     280.99  1
        2014062618  2379272       4.56     281.43  1
        2014062621  3829614       6.28     273.32  1
        2014062700  3873122       6.39     272.83  1
        2014062703  3903058       6.48     272.48  1
        2014062706  3981618       6.58     272.29  1
        2014062709  4083641       6.81     271.69  1
        2014062712  3793631       7.01     271.37  1
        2014062715  3662806       7.38     270.42  1
        2014062718  3499772       7.67     269.94  1
        2014062721  3595249       7.90     269.47  1
        2014062800  3448185       8.23     268.78  1
        2014062803  3285772       8.53     267.98  1
        2014062806  3365055       8.70     267.25  1
        2014062809  3425864       8.89     266.42  1
        2014062812  3426163       8.97     265.87  1
        2014062815  3487332       9.11     265.21  1
        2014062818  3597166       9.26     264.23  1
        2014062821  3854432       9.40     263.17  1
        2014062900  3900274       9.53     262.38  1
        2014062903  3963192       9.69     261.44  1
        2014062906  4032838       9.90     260.53  1
        2014062909  3984469      10.28     258.81  1
        2014062912  3793089      10.56     257.71  1
        2014062915  3721062      10.81     256.76  1
        2014062918  3641551      11.00     255.95  1
        2014062921  3616538      11.24     255.29  1
        2014063000  3483780      11.52     254.72  1
        2014063003  3428052      11.74     254.43  1
        2014063006  3415606      12.00     254.15  1
        2014063009  3408372      12.26     253.93  1
        2014063012  3267192      12.52     253.88  1
        2014063015  3195364      12.72     253.89  1
        2014063018  3119371      12.96     253.75  1
        2014063021  3051052      13.20     253.79  1
