LPT nnnnn.nnnn
        YYYYMMDDHH _A_[km2] cen_lat.__ cen_lon.__ Nobj
LPT     0.0100
        1998060118   461051       7.46      72.65  1
        1998060121  1034525       8.19      72.81  1
        1998060200  1216678       8.27      72.76  1
        1998060203  1381463       8.26      72.70  1
        1998060206  1451604       8.26      72.77  1
        1998060209  1478846       8.32      72.83  1
        1998060212  1474195       8.34      73.08  1
        1998060215  1492065       8.45      73.26  1
        1998060218  1504852       8.50      73.39  1
        1998060221  1559679       8.51      73.51  1
        1998060300  1651122       8.52      73.61  1
        1998060303  1686861       8.54      73.63  1
        1998060306  1716919       8.63      73.66  1
        1998060309  1741895       8.67      73.70  1
        1998060312  1737667       8.76      73.71  1
        1998060315  1717456       8.85      73.68  1
        1998060318  1718573       8.94      73.66  1
        1998060321  1731045       9.05      73.63  1
        1998060400  1784323       9.19      73.51  1
        1998060403  1776676       9.36      73.41  1
        1998060406  1730699       9.59      73.28  1
        1998060409  1709500       9.74      73.20  1
        1998060412  1667874       9.86      73.11  1
        1998060415  1557941      10.00      72.88  1
        1998060418  1144609      10.09      72.26  1
        1998060421   608083      10.22      71.48  1
        1998060600   361386      10.65      68.76  1
        1998060603   541055      10.75      68.46  1
        1998060606   666789      10.82      68.26  1
        1998060609   833927      10.95      68.10  1
        1998060612   988186      11.03      67.92  1
        1998060615  1083282      11.11      67.79  1
        1998060618  1152385      11.24      67.74  1
        1998060621  1220651      11.37      67.66  1
        1998060700  1289339      11.55      67.58  1
        1998060703  1295666      11.64      67.48  1
        1998060706  1339324      11.82      67.39  1
        1998060709  1373466      11.93      67.34  1
        1998060712  1426161      12.08      67.36  1
        1998060715  1461063      12.17      67.33  1
        1998060718  1483532      12.33      67.29  1
        1998060721  1503621      12.49      67.25  1
        1998060800  1565037      12.65      67.25  1
        1998060803  1616083      12.89      67.24  1
        1998060806  1629716      13.10      67.15  1
        1998060809  1590045      13.32      67.12  1
        1998060812  1545568      13.58      67.05  1
        1998060815  1479141      13.79      66.98  1
        1998060818  1395664      13.98      66.88  1
        1998060821  1353987      14.07      66.82  1
        1998060900  1344869      14.22      66.84  1
        1998060903  1297710      14.37      66.86  1
        1998060906  1129691      14.67      66.80  1
        1998060909   999546      14.91      66.79  1
        1998060912   795581      15.25      66.79  1
        1998060915   617595      15.52      66.79  1
        1998060918   472805      15.74      66.79  1
        1998060921   314905      15.97      66.78  1
LPT     1.0100
        1998060906   399864      22.41      93.88  1
        1998060909   954283      21.16      93.99  1
        1998060912  1378159      20.45      93.86  1
        1998060915  1450428      20.20      93.74  1
        1998060918  1619165      19.66      93.61  1
        1998060921  1800265      19.13      93.57  1
        1998061000  1801809      18.24      93.59  1
        1998061003  1939235      17.70      93.44  1
        1998061006  2138308      17.29      93.10  1
        1998061009  2320670      17.03      92.92  1
        1998061012  2471418      16.95      92.72  1
        1998061015  2566305      16.71      92.56  1
        1998061018  2638741      16.57      92.43  1
        1998061021  2780852      16.35      92.37  1
        1998061100  2940146      16.02      92.27  1
        1998061103  3027841      15.73      92.15  1
        1998061106  3114303      15.48      92.01  1
        1998061109  3204900      15.30      91.90  1
        1998061112  3267202      15.13      91.72  1
        1998061115  3305809      14.86      91.51  1
        1998061118  3284331      14.76      91.36  1
        1998061121  3320803      14.74      91.28  1
        1998061200  3344545      14.59      91.12  1
        1998061203  3325784      14.38      90.94  1
        1998061206  3204464      14.06      90.68  1
        1998061209  3062601      13.74      90.51  1
        1998061212  2903924      13.20      90.17  1
        1998061215  2663480      12.40      89.72  1
        1998061218  2629492      12.24      89.37  1
        1998061221  2675313      12.17      89.07  1
        1998061300  4928016       3.45      94.12  1
        1998061303  5036222       3.21      94.27  1
        1998061306  5080229       2.89      94.46  1
        1998061309  5049663       2.39      94.74  1
        1998061312  5059226       2.10      95.02  1
        1998061315  4966473       1.99      95.11  1
        1998061318  4748299       1.98      95.30  1
        1998061321  4728832       2.23      95.15  1
        1998061400  2306477      12.22      88.20  1
        1998061403  2208373      12.81      87.68  1
        1998061406  2163995      12.95      87.46  1
        1998061409  2166749      13.09      87.36  1
        1998061412  2196667      13.27      87.34  1
        1998061415  2133158      13.44      87.23  1
        1998061418  2069417      13.63      87.08  1
        1998061421  2102911      13.65      87.00  1
        1998061500  2132827      13.65      86.78  1
        1998061503  2091314      13.60      86.71  1
        1998061506  1988119      13.59      86.58  1
        1998061509  1903488      13.60      86.25  1
        1998061512  1841045      13.64      85.96  1
        1998061515  1678896      13.71      85.66  1
        1998061518  1483748      13.92      85.27  1
        1998061521  1299989      13.88      85.05  1
        1998061600   884713      13.43      85.16  1
        1998061603   564631      13.57      85.38  1
        1998061606   301913      13.56      86.10  1
LPT     2.0100
        1998061118   379004       9.90     260.09  1
        1998061121   730816       9.72     259.97  1
        1998061200   949101       9.73     259.66  1
        1998061203  1160129       9.61     259.38  1
        1998061206  1392429       9.52     259.08  1
        1998061209  1587896       9.50     258.85  1
        1998061212  1673408       9.58     258.50  1
        1998061215  1730093       9.63     258.16  1
        1998061218  1814545       9.61     257.85  1
        1998061221  1931660       9.60     257.57  1
        1998061300  1995337       9.63     257.22  1
        1998061303  2047597       9.67     256.85  1
        1998061306  2135781       9.67     256.49  1
        1998061309  2217011       9.68     256.19  1
        1998061312  2321159       9.68     255.84  1
        1998061315  2417873       9.65     255.44  1
        1998061318  2502297       9.64     254.91  1
        1998061321  2575191       9.55     254.53  1
        1998061400  2641154       9.57     254.10  1
        1998061403  2725136       9.61     253.78  1
        1998061406  2768299       9.63     253.54  1
        1998061409  2758681       9.69     253.27  1
        1998061412  2737602       9.75     252.99  1
        1998061415  2716815       9.69     252.87  1
        1998061418  2672270       9.66     252.69  1
        1998061421  2558983       9.68     252.30  1
        1998061500  2453629       9.65     251.97  1
        1998061503  2398929       9.56     251.93  1
        1998061506  4556481       7.15     267.77  1
        1998061509  4793436       6.87     269.03  1
        1998061512  4995287       6.66     269.87  1
        1998061515  5213306       6.51     270.48  1
        1998061518  5320132       6.44     270.84  1
        1998061521  5255983       6.38     271.26  1
        1998061600  5072672       6.29     271.94  1
        1998061603  4942343       6.24     272.25  1
        1998061606  4765750       6.22     272.61  1
        1998061609  4700247       6.18     273.35  1
        1998061612  4649302       6.21     273.50  1
        1998061615  4525323       6.25     273.61  1
        1998061618  4523589       6.25     274.28  1
        1998061621  4485056       6.33     274.20  1
        1998061700  4421058       6.44     273.88  1
        1998061703  4330390       6.52     273.57  1
        1998061706  4275618       6.55     273.62  1
        1998061709  4175247       6.61     272.87  1
        1998061712  3919084       6.67     271.56  1
        1998061715  3801399       6.72     270.98  1
        1998061718  3642462       6.77     270.93  1
        1998061721  3519124       6.90     270.61  1
        1998061800  3274620       7.08     269.98  1
        1998061803  3050939       7.22     269.74  1
        1998061806  2726102       7.46     269.44  1
        1998061809  2329895       7.80     268.87  1
        1998061812  2202598       8.07     267.55  1
        1998061815  2038780       8.30     265.86  1
        1998061818  1768484       8.46     264.79  1
        1998061821  1529165       8.55     263.67  1
        1998061900  1404158       8.70     262.73  1
        1998061903  1360648       8.90     262.20  1
        1998061906  1239400       9.09     261.42  1
        1998061909  1194267       9.33     260.70  1
        1998061912  1188637       9.61     259.94  1
        1998061915  1194871       9.97     259.66  1
        1998061918  1203285      10.34     259.33  1
        1998061921  1213562      10.61     259.00  1
        1998062000  1180114      10.81     258.95  1
        1998062003  1125607      11.01     259.31  1
        1998062006  1034924      11.16     259.32  1
        1998062009  1078115      11.16     259.79  1
        1998062012  1292465      10.98     261.12  1
        1998062015  1358942      10.85     261.61  1
        1998062018  1446138      10.68     262.34  1
        1998062021  1622885      10.51     262.71  1
        1998062100  1756042      10.30     263.13  1
        1998062103  1940852       9.99     263.93  1
        1998062106  2180053       9.65     264.73  1
        1998062109  3312741       7.96     270.43  1
        1998062112  3739250       7.62     271.48  1
        1998062115  4015872       7.42     272.18  1
        1998062118  4244202       7.07     273.44  1
        1998062121  4613876       6.78     274.44  1
        1998062200  4919896       6.52     275.18  1
        1998062203  5066602       6.33     276.17  1
        1998062206  5282563       6.28     276.99  1
        1998062209  5655169       6.24     278.07  1
        1998062212  5895528       6.24     278.78  1
        1998062215  5950626       6.19     279.44  1
        1998062218  6229690       6.13     280.43  1
        1998062221  6485554       6.05     281.23  1
        1998062300  6725756       6.01     281.59  1
        1998062303  6690345       6.06     281.63  1
        1998062306  6579438       6.07     281.64  1
        1998062309  6502816       6.16     281.16  1
        1998062312  6414339       6.38     280.53  1
        1998062315  6241132       6.51     280.04  1
        1998062318  6267392       6.73     279.93  1
        1998062321  6437620       7.07     279.96  1
        1998062400  6622353       7.34     280.13  1
        1998062403  6645493       7.51     280.51  1
        1998062406  6687820       7.59     281.12  1
        1998062409  6668351       7.61     281.61  1
        1998062412  6454852       7.59     282.03  1
        1998062415  2735554      13.28     269.60  1
        1998062418  2425017      13.84     268.99  1
        1998062421  2408621      14.21     268.68  2
        1998062500  2260864      14.46     268.09  2
        1998062503  2090853      14.65     267.61  2
        1998062506  2250224      14.68     267.15  2
        1998062509  2402793      14.73     266.68  1
        1998062512  2378275      14.76     266.06  1
        1998062515  2209640      14.84     265.65  2
        1998062518  2162951      14.85     265.33  2
        1998062521  2117490      14.90     264.94  2
        1998062600  2190931      14.87     264.62  2
        1998062603  2136756      14.65     263.88  2
        1998062606  2297031      14.72     263.99  1
        1998062609  2349128      14.67     263.64  1
        1998062612  2254799      14.51     263.14  1
        1998062615  2073144      14.30     262.53  1
        1998062618  1759140      14.16     262.09  1
        1998062621  1575338      13.45     260.91  1
        1998062700  1541193      13.14     260.59  1
        1998062703  1223932      12.63     259.70  1
        1998062706  1042360      12.47     259.22  1
        1998062709  1049585      12.55     259.40  1
        1998062712   942986      12.44     259.64  1
        1998062715   793858      12.13     259.78  1
        1998062718   517271      11.83     261.09  1
        1998062721   485179      11.58     261.58  1
        1998062800   558839      11.45     260.94  1
        1998062803   545530      11.27     260.32  1
        1998062806   411632      11.14     259.60  1
LPT     3.0100
        1998061815   347335       4.48     136.06  1
        1998061818   605308       4.35     135.96  1
        1998061821   747845       4.20     135.71  1
        1998061900   763330       4.13     135.70  1
        1998061903   808748       4.15     135.77  1
        1998061906   831844       4.16     135.84  1
        1998061909   844168       4.16     136.03  1
        1998061912   883402       4.19     136.27  1
        1998061915   995053       4.15     136.53  1
        1998061918  1126850       4.00     136.95  1
        1998061921  1227864       3.85     137.31  1
        1998062000  1409815       3.63     137.78  1
        1998062003  1536397       3.39     138.26  1
        1998062006  1743949       3.08     138.87  1
        1998062009  1984842       2.67     139.71  1
        1998062012  2292869       2.20     140.69  1
        1998062015  2563721       1.87     141.38  1
        1998062018  2812962       1.55     142.09  1
        1998062021  2890436       1.27     142.55  1
        1998062100  2947604       1.12     143.00  1
        1998062103  2946403       0.94     143.46  1
        1998062106  2928123       0.74     143.89  1
        1998062109  2935088       0.70     144.22  1
        1998062112  2936676       0.59     144.79  1
        1998062115  2980490       0.58     145.33  1
        1998062118  3002126       0.54     145.84  1
        1998062121  3113134       0.42     146.73  1
        1998062200  3185644       0.21     147.59  1
        1998062203  3315142      -0.02     148.45  1
        1998062206  3399929      -0.11     148.88  1
        1998062209  3505422      -0.21     149.20  1
        1998062212  3660040      -0.35     149.55  1
        1998062215  3709342      -0.36     149.44  1
        1998062218  3649642      -0.38     149.06  1
        1998062221  3533688      -0.41     148.83  1
        1998062300  3390749      -0.32     148.55  1
        1998062303  2997271      -0.35     148.85  1
        1998062306  2620547      -0.32     148.70  1
        1998062309   522933       0.66     135.98  1
        1998062312   422543       0.51     135.35  1
        1998062315   384706       0.43     134.88  1
        1998062318   346089       0.45     134.52  1
        1998062321   336042       0.53     134.03  1
        1998062409   365272       1.35     132.89  1
        1998062412   453243       1.47     132.73  1
        1998062415   760194       1.79     132.21  1
        1998062418  1053929       1.91     131.80  1
        1998062421  1272401       1.70     131.38  1
        1998062500  1403826       1.46     131.03  1
        1998062503  1649255       1.42     130.40  1
        1998062506  2538446       2.52     126.36  1
        1998062509  2660821       2.68     125.98  1
        1998062512  2887156       2.65     125.89  1
        1998062515  3248431       2.76     125.50  1
        1998062518  3401438       2.89     125.36  1
        1998062521  3793036       3.40     124.12  1
        1998062600  2410918       1.77     129.87  1
        1998062603  2361866       1.97     130.10  1
        1998062606  2577719       2.40     130.31  1
        1998062609  2650680       2.73     130.50  1
        1998062612  2858392       3.17     130.36  1
        1998062615 11742007      14.60     116.92  1
        1998062618 12587478      14.45     116.33  1
        1998062621 13034632      14.18     116.19  1
        1998062700 13371748      14.29     115.86  1
        1998062703 13514755      14.35     115.63  1
        1998062706 13706403      14.30     115.44  1
        1998062709 13965002      14.44     114.92  1
        1998062712 13862584      14.41     114.80  1
        1998062715 13862305      14.32     114.35  1
        1998062718 13851577      14.15     113.76  1
        1998062721 13812323      13.96     113.21  1
        1998062800 13243515      13.27     112.46  1
        1998062803 11298952      10.47     111.01  1
        1998062806 10931046      10.46     110.58  1
        1998062809 10865568      10.77     109.77  1
        1998062812 10626461      10.95     109.38  1
        1998062815 10258053      11.48     108.64  1
        1998062818  9699081      12.02     107.79  1
        1998062821  9261821      12.38     107.02  1
        1998062900  8814354      12.52     106.36  1
        1998062903  8353833      12.61     105.96  1
        1998062906  8025980      12.63     105.22  1
        1998062909  7652312      12.91     104.04  1
        1998062912  7088394      13.02     103.22  1
        1998062915  6609331      13.24     102.27  1
        1998062918  6049940      13.50     101.03  1
        1998062921  5637879      13.71     100.12  1
        1998063000  5340482      13.82      99.24  1
        1998063003  4914149      13.92      98.39  1
        1998063006  4685022      13.98      97.94  1
        1998063009  4346438      14.24      97.10  1
        1998063012  3937257      14.14      96.22  1
        1998063015  3748506      14.03      96.08  1
        1998063018  3533354      13.82      95.90  1
        1998063021  3445277      13.71      95.66  1
        1998070100  3349850      13.64      95.42  1
        1998070103  3374019      13.86      95.29  1
        1998070106  3550045      14.33      95.15  1
        1998070109  3687731      14.82      95.02  1
        1998070112  3499416      14.74      94.70  1
        1998070115  3540946      15.02      94.34  1
        1998070118  3598867      15.35      93.97  1
        1998070121  3531111      15.43      93.54  1
        1998070200  3554014      15.43      93.25  1
        1998070203  3527729      15.54      93.01  1
        1998070206  3611238      15.69      92.91  1
        1998070209  5642261      17.52      86.21  1
        1998070212  5875098      17.90      85.91  1
        1998070215  5949260      18.09      85.78  1
        1998070218  5945103      18.35      85.74  1
        1998070221  6093218      18.59      85.91  1
        1998070300  6050507      18.72      85.87  1
        1998070303  5941714      19.01      85.86  1
        1998070306  5915754      19.23      86.09  1
        1998070309  6153238      19.60      86.28  1
        1998070312  6309872      19.84      85.99  1
        1998070315  6219145      20.02      85.86  1
        1998070318  6312642      20.23      85.98  1
        1998070321  6373646      20.31      86.09  1
        1998070400  6378295      20.37      86.19  1
        1998070403  6367191      20.39      86.29  1
        1998070406  6217944      20.48      86.64  1
        1998070409  6109614      20.62      87.20  1
        1998070412  5712568      20.70      87.93  1
        1998070415  5258040      20.72      88.81  1
        1998070418  4679518      20.68      89.92  1
        1998070421  4364102      20.72      89.99  1
        1998070500  4329175      20.80      90.01  1
        1998070503  4346606      20.96      89.86  1
        1998070506  4292710      21.10      89.93  1
        1998070509  4345757      21.26      89.63  1
        1998070512  4110914      21.42      89.35  1
        1998070515  3929065      21.51      89.27  1
        1998070518  3866622      21.59      89.30  1
        1998070521  3864334      21.63      89.20  1
        1998070600  3720742      21.66      88.98  1
        1998070603  3691362      21.71      88.92  1
        1998070606  3643273      21.79      88.91  1
        1998070609  3741782      21.89      88.97  1
        1998070612  3597182      22.03      88.98  1
        1998070615  3471552      22.17      89.42  1
        1998070618  3451163      22.20      89.67  1
        1998070621  3418948      22.10      89.84  1
        1998070700  3372382      21.98      89.72  1
        1998070703  3318589      21.98      89.57  1
        1998070706  3289831      21.85      89.53  1
        1998070709  3373313      21.57      89.54  1
        1998070712  3413928      21.36      89.63  1
        1998070715  3421348      21.00      89.87  1
        1998070718  3541856      20.49      90.04  1
        1998070721  3590458      20.06      90.04  1
        1998070800  3591626      19.75      90.01  1
        1998070803  3482112      19.39      89.98  1
        1998070806  3427637      19.07      90.02  1
        1998070809  3435162      18.90      90.19  1
        1998070812  3493184      18.75      90.37  1
        1998070815  3447199      18.50      90.49  1
        1998070818  3353235      18.18      90.53  1
        1998070821  3331526      17.93      90.48  1
        1998070900  3200667      17.59      90.52  1
        1998070903  3112838      17.32      90.54  1
        1998070906  3067475      17.17      90.56  1
        1998070909  3099066      17.11      90.71  1
        1998070912  3140434      16.96      90.81  1
        1998070915  3032719      16.63      90.77  1
        1998070918  2936575      16.40      90.66  1
        1998070921  2836299      16.18      90.57  1
        1998071000  2767311      16.18      90.51  1
        1998071003  2636929      16.07      90.52  1
        1998071006  3003699      17.09      91.87  1
        1998071009  3326002      18.09      92.82  1
        1998071012  3291510      18.64      92.96  1
        1998071015  3177904      19.09      92.92  1
        1998071018  3059676      19.66      92.88  1
        1998071021  2867914      20.46      93.00  1
        1998071100  2815158      21.20      93.13  1
        1998071103  2738836      21.64      93.35  1
        1998071106  2713391      21.96      93.59  1
        1998071109  2667235      22.22      93.71  1
        1998071112  2743510      22.32      92.86  1
        1998071115  2516476      22.56      92.46  1
        1998071118  2414487      22.67      92.20  1
        1998071121  2384993      22.69      91.87  1
        1998071200  2352363      22.73      91.71  1
        1998071203  2365004      22.78      91.43  1
        1998071206  2342952      22.86      91.18  1
        1998071209  2326700      22.98      91.14  1
        1998071212  2298477      23.06      90.88  1
        1998071215  2117126      23.23      90.94  1
        1998071218  2027053      23.28      91.15  1
        1998071221  1968444      23.31      91.26  1
        1998071300  1996303      23.29      91.34  1
        1998071303  1973084      23.27      91.29  1
        1998071306  1905208      23.21      91.14  1
        1998071309  1834172      23.22      91.13  1
        1998071312  1809161      23.23      90.94  1
        1998071315  1729497      23.20      91.02  1
        1998071318  1620579      23.12      91.06  1
        1998071321  1542775      23.04      90.88  1
        1998071400  1491978      22.94      90.76  1
        1998071403  1436005      22.86      90.70  1
        1998071406  1383794      22.82      90.63  1
        1998071409  1363297      22.80      90.61  1
        1998071412  1314662      22.83      90.67  1
        1998071415  1162231      22.87      90.92  1
        1998071418  1052863      22.86      91.00  1
        1998071421   992782      22.91      91.03  1
        1998071500   920079      22.95      90.99  1
        1998071503   855978      22.97      90.97  1
        1998071506   732892      23.00      91.03  1
        1998071509   691502      23.04      91.06  1
        1998071512   664085      23.12      91.00  1
        1998071515   639500      23.22      90.93  1
        1998071518   617297      23.26      90.97  1
        1998071521   606567      23.29      91.01  1
        1998071600   568907      23.30      90.98  1
        1998071603   482056      23.40      90.82  1
        1998071606   397439      23.50      90.73  1
        1998071609   457538      23.53      90.86  1
        1998071612   462336      23.57      90.78  1
        1998071615   416140      23.63      90.74  1
        1998071618   418695      23.72      90.96  1
        1998071621   438182      23.81      91.10  1
        1998071700   398618      23.81      91.13  1
        1998071703   362593      23.81      91.21  1
        1998071709   322199      23.86      90.80  1
        1998071712   334022      23.93      90.56  1
        1998071715   470415      24.09      89.98  1
        1998071718   632172      24.17      89.42  1
        1998071721   714287      24.22      89.11  1
        1998071800   751839      24.18      88.98  1
        1998071803   767918      24.20      88.96  1
        1998071806   670806      24.32      88.76  1
        1998071809   773364      24.58      88.27  1
        1998071812   786898      24.77      87.87  1
        1998071815   692495      24.98      87.53  1
        1998071818   703604      25.24      87.15  1
        1998071821   695305      25.34      86.93  1
        1998071900   641959      25.40      86.82  1
        1998071903   562871      25.46      86.60  1
        1998071906   459445      25.52      86.33  1
        1998071909   402569      25.64      86.01  1
        1998071912   345833      25.75      85.72  1
LPT     3.0200
        1998062215   438078      18.45      90.22  1
        1998062218   500952      18.73      89.89  1
        1998062221   594260      18.59      89.77  1
        1998062300   635254      18.19      89.85  1
        1998062303   654336      17.99      89.80  1
        1998062306   646119      17.83      89.95  1
        1998062309   633442      17.68      90.07  1
        1998062312   563500      17.48      90.04  1
        1998062315   468010      17.40      90.10  1
        1998062318   319298      17.33      90.04  1
        1998062321   304926      17.11      90.13  1
        1998062400   361370      16.93      90.21  1
        1998062403   422617      16.62      90.49  1
        1998062406   459254      16.46      90.71  1
        1998062409   581924      16.28      90.93  1
        1998062412   522600      16.02      91.02  1
        1998062415   423197      16.01      91.03  1
        1998062418   375241      15.86      91.11  1
        1998062609   473040      16.56      93.77  1
        1998062612   667772      16.72      93.98  1
        1998062615 11742007      14.60     116.92  1
        1998062618 12587478      14.45     116.33  1
        1998062621 13034632      14.18     116.19  1
        1998062700 13371748      14.29     115.86  1
        1998062703 13514755      14.35     115.63  1
        1998062706 13706403      14.30     115.44  1
        1998062709 13965002      14.44     114.92  1
        1998062712 13862584      14.41     114.80  1
        1998062715 13862305      14.32     114.35  1
        1998062718 13851577      14.15     113.76  1
        1998062721 13812323      13.96     113.21  1
        1998062800 13243515      13.27     112.46  1
        1998062803 11298952      10.47     111.01  1
        1998062806 10931046      10.46     110.58  1
        1998062809 10865568      10.77     109.77  1
        1998062812 10626461      10.95     109.38  1
        1998062815 10258053      11.48     108.64  1
        1998062818  9699081      12.02     107.79  1
        1998062821  9261821      12.38     107.02  1
        1998062900  8814354      12.52     106.36  1
        1998062903  8353833      12.61     105.96  1
        1998062906  8025980      12.63     105.22  1
        1998062909  7652312      12.91     104.04  1
        1998062912  7088394      13.02     103.22  1
        1998062915  6609331      13.24     102.27  1
        1998062918  6049940      13.50     101.03  1
        1998062921  5637879      13.71     100.12  1
        1998063000  5340482      13.82      99.24  1
        1998063003  4914149      13.92      98.39  1
        1998063006  4685022      13.98      97.94  1
        1998063009  4346438      14.24      97.10  1
        1998063012  3937257      14.14      96.22  1
        1998063015  3748506      14.03      96.08  1
        1998063018  3533354      13.82      95.90  1
        1998063021  3445277      13.71      95.66  1
        1998070100  3349850      13.64      95.42  1
        1998070103  3374019      13.86      95.29  1
        1998070106  3550045      14.33      95.15  1
        1998070109  3687731      14.82      95.02  1
        1998070112  3499416      14.74      94.70  1
        1998070115  3540946      15.02      94.34  1
        1998070118  3598867      15.35      93.97  1
        1998070121  3531111      15.43      93.54  1
        1998070200  3554014      15.43      93.25  1
        1998070203  3527729      15.54      93.01  1
        1998070206  3611238      15.69      92.91  1
        1998070209  5642261      17.52      86.21  1
        1998070212  5875098      17.90      85.91  1
        1998070215  5949260      18.09      85.78  1
        1998070218  5945103      18.35      85.74  1
        1998070221  6093218      18.59      85.91  1
        1998070300  6050507      18.72      85.87  1
        1998070303  5941714      19.01      85.86  1
        1998070306  5915754      19.23      86.09  1
        1998070309  6153238      19.60      86.28  1
        1998070312  6309872      19.84      85.99  1
        1998070315  6219145      20.02      85.86  1
        1998070318  6312642      20.23      85.98  1
        1998070321  6373646      20.31      86.09  1
        1998070400  6378295      20.37      86.19  1
        1998070403  6367191      20.39      86.29  1
        1998070406  6217944      20.48      86.64  1
        1998070409  6109614      20.62      87.20  1
        1998070412  5712568      20.70      87.93  1
        1998070415  5258040      20.72      88.81  1
        1998070418  4679518      20.68      89.92  1
        1998070421  4364102      20.72      89.99  1
        1998070500  4329175      20.80      90.01  1
        1998070503  4346606      20.96      89.86  1
        1998070506  4292710      21.10      89.93  1
        1998070509  4345757      21.26      89.63  1
        1998070512  4110914      21.42      89.35  1
        1998070515  3929065      21.51      89.27  1
        1998070518  3866622      21.59      89.30  1
        1998070521  3864334      21.63      89.20  1
        1998070600  3720742      21.66      88.98  1
        1998070603  3691362      21.71      88.92  1
        1998070606  3643273      21.79      88.91  1
        1998070609  3741782      21.89      88.97  1
        1998070612  3597182      22.03      88.98  1
        1998070615  3471552      22.17      89.42  1
        1998070618  3451163      22.20      89.67  1
        1998070621  3418948      22.10      89.84  1
        1998070700  3372382      21.98      89.72  1
        1998070703  3318589      21.98      89.57  1
        1998070706  3289831      21.85      89.53  1
        1998070709  3373313      21.57      89.54  1
        1998070712  3413928      21.36      89.63  1
        1998070715  3421348      21.00      89.87  1
        1998070718  3541856      20.49      90.04  1
        1998070721  3590458      20.06      90.04  1
        1998070800  3591626      19.75      90.01  1
        1998070803  3482112      19.39      89.98  1
        1998070806  3427637      19.07      90.02  1
        1998070809  3435162      18.90      90.19  1
        1998070812  3493184      18.75      90.37  1
        1998070815  3447199      18.50      90.49  1
        1998070818  3353235      18.18      90.53  1
        1998070821  3331526      17.93      90.48  1
        1998070900  3200667      17.59      90.52  1
        1998070903  3112838      17.32      90.54  1
        1998070906  3067475      17.17      90.56  1
        1998070909  3099066      17.11      90.71  1
        1998070912  3140434      16.96      90.81  1
        1998070915  3032719      16.63      90.77  1
        1998070918  2936575      16.40      90.66  1
        1998070921  2836299      16.18      90.57  1
        1998071000  2767311      16.18      90.51  1
        1998071003  2636929      16.07      90.52  1
        1998071006  3003699      17.09      91.87  1
        1998071009  3326002      18.09      92.82  1
        1998071012  3291510      18.64      92.96  1
        1998071015  3177904      19.09      92.92  1
        1998071018  3059676      19.66      92.88  1
        1998071021  2867914      20.46      93.00  1
        1998071100  2815158      21.20      93.13  1
        1998071103  2738836      21.64      93.35  1
        1998071106  2713391      21.96      93.59  1
        1998071109  2667235      22.22      93.71  1
        1998071112  2743510      22.32      92.86  1
        1998071115  2516476      22.56      92.46  1
        1998071118  2414487      22.67      92.20  1
        1998071121  2384993      22.69      91.87  1
        1998071200  2352363      22.73      91.71  1
        1998071203  2365004      22.78      91.43  1
        1998071206  2342952      22.86      91.18  1
        1998071209  2326700      22.98      91.14  1
        1998071212  2298477      23.06      90.88  1
        1998071215  2117126      23.23      90.94  1
        1998071218  2027053      23.28      91.15  1
        1998071221  1968444      23.31      91.26  1
        1998071300  1996303      23.29      91.34  1
        1998071303  1973084      23.27      91.29  1
        1998071306  1905208      23.21      91.14  1
        1998071309  1834172      23.22      91.13  1
        1998071312  1809161      23.23      90.94  1
        1998071315  1729497      23.20      91.02  1
        1998071318  1620579      23.12      91.06  1
        1998071321  1542775      23.04      90.88  1
        1998071400  1491978      22.94      90.76  1
        1998071403  1436005      22.86      90.70  1
        1998071406  1383794      22.82      90.63  1
        1998071409  1363297      22.80      90.61  1
        1998071412  1314662      22.83      90.67  1
        1998071415  1162231      22.87      90.92  1
        1998071418  1052863      22.86      91.00  1
        1998071421   992782      22.91      91.03  1
        1998071500   920079      22.95      90.99  1
        1998071503   855978      22.97      90.97  1
        1998071506   732892      23.00      91.03  1
        1998071509   691502      23.04      91.06  1
        1998071512   664085      23.12      91.00  1
        1998071515   639500      23.22      90.93  1
        1998071518   617297      23.26      90.97  1
        1998071521   606567      23.29      91.01  1
        1998071600   568907      23.30      90.98  1
        1998071603   482056      23.40      90.82  1
        1998071606   397439      23.50      90.73  1
        1998071609   457538      23.53      90.86  1
        1998071612   462336      23.57      90.78  1
        1998071615   416140      23.63      90.74  1
        1998071618   418695      23.72      90.96  1
        1998071621   438182      23.81      91.10  1
        1998071700   398618      23.81      91.13  1
        1998071703   362593      23.81      91.21  1
        1998071709   322199      23.86      90.80  1
        1998071712   334022      23.93      90.56  1
        1998071715   470415      24.09      89.98  1
        1998071718   632172      24.17      89.42  1
        1998071721   714287      24.22      89.11  1
        1998071800   751839      24.18      88.98  1
        1998071803   767918      24.20      88.96  1
        1998071806   670806      24.32      88.76  1
        1998071809   773364      24.58      88.27  1
        1998071812   786898      24.77      87.87  1
        1998071815   692495      24.98      87.53  1
        1998071818   703604      25.24      87.15  1
        1998071821   695305      25.34      86.93  1
        1998071900   641959      25.40      86.82  1
        1998071903   562871      25.46      86.60  1
        1998071906   459445      25.52      86.33  1
        1998071909   402569      25.64      86.01  1
        1998071912   345833      25.75      85.72  1
LPT     3.0300
        1998062300   307733      29.57     125.83  1
        1998062303   366897      29.56     125.80  1
        1998062306   383748      29.54     125.62  1
        1998062309   391653      29.41     125.28  1
        1998062312   722559      27.83     119.70  1
        1998062315   900506      27.61     118.82  1
        1998062318  1281292      27.10     116.92  1
        1998062321  1365608      26.61     115.33  1
        1998062400  1428225      26.06     113.78  1
        1998062403  1382311      25.41     111.98  1
        1998062406  1540107      25.27     111.97  1
        1998062409  1649351      25.29     112.11  1
        1998062412  1666219      25.28     112.29  1
        1998062415  1782949      25.31     112.52  1
        1998062418  1996671      25.32     113.05  1
        1998062421  2148917      25.30     113.35  1
        1998062500  2387279      25.35     113.64  1
        1998062503  2663778      25.52     114.25  1
        1998062506  2837760      25.61     114.60  1
        1998062509  2962106      25.61     114.74  1
        1998062512  3014687      25.77     114.94  1
        1998062515  3266099      26.16     115.56  1
        1998062518  3465688      26.68     116.34  1
        1998062521  3503919      26.89     116.78  1
        1998062600  5272228      20.90     115.58  1
        1998062603  5561118      20.61     115.66  1
        1998062606  6092604      19.83     115.44  1
        1998062609  6660986      19.39     115.04  1
        1998062612  7000711      19.08     114.84  1
        1998062615 11742007      14.60     116.92  1
        1998062618 12587478      14.45     116.33  1
        1998062621 13034632      14.18     116.19  1
        1998062700 13371748      14.29     115.86  1
        1998062703 13514755      14.35     115.63  1
        1998062706 13706403      14.30     115.44  1
        1998062709 13965002      14.44     114.92  1
        1998062712 13862584      14.41     114.80  1
        1998062715 13862305      14.32     114.35  1
        1998062718 13851577      14.15     113.76  1
        1998062721 13812323      13.96     113.21  1
        1998062800 13243515      13.27     112.46  1
        1998062803 11298952      10.47     111.01  1
        1998062806 10931046      10.46     110.58  1
        1998062809 10865568      10.77     109.77  1
        1998062812 10626461      10.95     109.38  1
        1998062815 10258053      11.48     108.64  1
        1998062818  9699081      12.02     107.79  1
        1998062821  9261821      12.38     107.02  1
        1998062900  8814354      12.52     106.36  1
        1998062903  8353833      12.61     105.96  1
        1998062906  8025980      12.63     105.22  1
        1998062909  7652312      12.91     104.04  1
        1998062912  7088394      13.02     103.22  1
        1998062915  6609331      13.24     102.27  1
        1998062918  6049940      13.50     101.03  1
        1998062921  5637879      13.71     100.12  1
        1998063000  5340482      13.82      99.24  1
        1998063003  4914149      13.92      98.39  1
        1998063006  4685022      13.98      97.94  1
        1998063009  4346438      14.24      97.10  1
        1998063012  3937257      14.14      96.22  1
        1998063015  3748506      14.03      96.08  1
        1998063018  3533354      13.82      95.90  1
        1998063021  3445277      13.71      95.66  1
        1998070100  3349850      13.64      95.42  1
        1998070103  3374019      13.86      95.29  1
        1998070106  3550045      14.33      95.15  1
        1998070109  3687731      14.82      95.02  1
        1998070112  3499416      14.74      94.70  1
        1998070115  3540946      15.02      94.34  1
        1998070118  3598867      15.35      93.97  1
        1998070121  3531111      15.43      93.54  1
        1998070200  3554014      15.43      93.25  1
        1998070203  3527729      15.54      93.01  1
        1998070206  3611238      15.69      92.91  1
        1998070209  5642261      17.52      86.21  1
        1998070212  5875098      17.90      85.91  1
        1998070215  5949260      18.09      85.78  1
        1998070218  5945103      18.35      85.74  1
        1998070221  6093218      18.59      85.91  1
        1998070300  6050507      18.72      85.87  1
        1998070303  5941714      19.01      85.86  1
        1998070306  5915754      19.23      86.09  1
        1998070309  6153238      19.60      86.28  1
        1998070312  6309872      19.84      85.99  1
        1998070315  6219145      20.02      85.86  1
        1998070318  6312642      20.23      85.98  1
        1998070321  6373646      20.31      86.09  1
        1998070400  6378295      20.37      86.19  1
        1998070403  6367191      20.39      86.29  1
        1998070406  6217944      20.48      86.64  1
        1998070409  6109614      20.62      87.20  1
        1998070412  5712568      20.70      87.93  1
        1998070415  5258040      20.72      88.81  1
        1998070418  4679518      20.68      89.92  1
        1998070421  4364102      20.72      89.99  1
        1998070500  4329175      20.80      90.01  1
        1998070503  4346606      20.96      89.86  1
        1998070506  4292710      21.10      89.93  1
        1998070509  4345757      21.26      89.63  1
        1998070512  4110914      21.42      89.35  1
        1998070515  3929065      21.51      89.27  1
        1998070518  3866622      21.59      89.30  1
        1998070521  3864334      21.63      89.20  1
        1998070600  3720742      21.66      88.98  1
        1998070603  3691362      21.71      88.92  1
        1998070606  3643273      21.79      88.91  1
        1998070609  3741782      21.89      88.97  1
        1998070612  3597182      22.03      88.98  1
        1998070615  3471552      22.17      89.42  1
        1998070618  3451163      22.20      89.67  1
        1998070621  3418948      22.10      89.84  1
        1998070700  3372382      21.98      89.72  1
        1998070703  3318589      21.98      89.57  1
        1998070706  3289831      21.85      89.53  1
        1998070709  3373313      21.57      89.54  1
        1998070712  3413928      21.36      89.63  1
        1998070715  3421348      21.00      89.87  1
        1998070718  3541856      20.49      90.04  1
        1998070721  3590458      20.06      90.04  1
        1998070800  3591626      19.75      90.01  1
        1998070803  3482112      19.39      89.98  1
        1998070806  3427637      19.07      90.02  1
        1998070809  3435162      18.90      90.19  1
        1998070812  3493184      18.75      90.37  1
        1998070815  3447199      18.50      90.49  1
        1998070818  3353235      18.18      90.53  1
        1998070821  3331526      17.93      90.48  1
        1998070900  3200667      17.59      90.52  1
        1998070903  3112838      17.32      90.54  1
        1998070906  3067475      17.17      90.56  1
        1998070909  3099066      17.11      90.71  1
        1998070912  3140434      16.96      90.81  1
        1998070915  3032719      16.63      90.77  1
        1998070918  2936575      16.40      90.66  1
        1998070921  2836299      16.18      90.57  1
        1998071000  2767311      16.18      90.51  1
        1998071003  2636929      16.07      90.52  1
        1998071006  3003699      17.09      91.87  1
        1998071009  3326002      18.09      92.82  1
        1998071012  3291510      18.64      92.96  1
        1998071015  3177904      19.09      92.92  1
        1998071018  3059676      19.66      92.88  1
        1998071021  2867914      20.46      93.00  1
        1998071100  2815158      21.20      93.13  1
        1998071103  2738836      21.64      93.35  1
        1998071106  2713391      21.96      93.59  1
        1998071109  2667235      22.22      93.71  1
        1998071112  2743510      22.32      92.86  1
        1998071115  2516476      22.56      92.46  1
        1998071118  2414487      22.67      92.20  1
        1998071121  2384993      22.69      91.87  1
        1998071200  2352363      22.73      91.71  1
        1998071203  2365004      22.78      91.43  1
        1998071206  2342952      22.86      91.18  1
        1998071209  2326700      22.98      91.14  1
        1998071212  2298477      23.06      90.88  1
        1998071215  2117126      23.23      90.94  1
        1998071218  2027053      23.28      91.15  1
        1998071221  1968444      23.31      91.26  1
        1998071300  1996303      23.29      91.34  1
        1998071303  1973084      23.27      91.29  1
        1998071306  1905208      23.21      91.14  1
        1998071309  1834172      23.22      91.13  1
        1998071312  1809161      23.23      90.94  1
        1998071315  1729497      23.20      91.02  1
        1998071318  1620579      23.12      91.06  1
        1998071321  1542775      23.04      90.88  1
        1998071400  1491978      22.94      90.76  1
        1998071403  1436005      22.86      90.70  1
        1998071406  1383794      22.82      90.63  1
        1998071409  1363297      22.80      90.61  1
        1998071412  1314662      22.83      90.67  1
        1998071415  1162231      22.87      90.92  1
        1998071418  1052863      22.86      91.00  1
        1998071421   992782      22.91      91.03  1
        1998071500   920079      22.95      90.99  1
        1998071503   855978      22.97      90.97  1
        1998071506   732892      23.00      91.03  1
        1998071509   691502      23.04      91.06  1
        1998071512   664085      23.12      91.00  1
        1998071515   639500      23.22      90.93  1
        1998071518   617297      23.26      90.97  1
        1998071521   606567      23.29      91.01  1
        1998071600   568907      23.30      90.98  1
        1998071603   482056      23.40      90.82  1
        1998071606   397439      23.50      90.73  1
        1998071609   457538      23.53      90.86  1
        1998071612   462336      23.57      90.78  1
        1998071615   416140      23.63      90.74  1
        1998071618   418695      23.72      90.96  1
        1998071621   438182      23.81      91.10  1
        1998071700   398618      23.81      91.13  1
        1998071703   362593      23.81      91.21  1
        1998071709   322199      23.86      90.80  1
        1998071712   334022      23.93      90.56  1
        1998071715   470415      24.09      89.98  1
        1998071718   632172      24.17      89.42  1
        1998071721   714287      24.22      89.11  1
        1998071800   751839      24.18      88.98  1
        1998071803   767918      24.20      88.96  1
        1998071806   670806      24.32      88.76  1
        1998071809   773364      24.58      88.27  1
        1998071812   786898      24.77      87.87  1
        1998071815   692495      24.98      87.53  1
        1998071818   703604      25.24      87.15  1
        1998071821   695305      25.34      86.93  1
        1998071900   641959      25.40      86.82  1
        1998071903   562871      25.46      86.60  1
        1998071906   459445      25.52      86.33  1
        1998071909   402569      25.64      86.01  1
        1998071912   345833      25.75      85.72  1
LPT     3.0400
        1998062400   429161      13.76      72.31  1
        1998062403   569597      13.68      72.21  1
        1998062406   765205      13.48      72.17  1
        1998062409   971299      13.35      72.21  1
        1998062412  1064564      13.30      72.09  1
        1998062415  1127110      13.24      71.96  1
        1998062418  1213008      13.02      71.97  1
        1998062421  1376960      12.71      71.93  1
        1998062500  1598576      12.49      71.92  1
        1998062503  1670432      12.43      71.87  1
        1998062506  1761329      12.33      71.86  1
        1998062509  1848504      12.24      71.78  1
        1998062512  1903517      12.23      71.75  1
        1998062515  1994118      12.19      71.73  1
        1998062518  1974006      12.16      71.67  1
        1998062521  2017020      12.14      71.58  1
        1998062600  2083279      12.13      71.56  1
        1998062603  2124710      12.13      71.39  1
        1998062606  2117411      12.01      71.22  1
        1998062609  2211852      11.77      71.08  1
        1998062612  2268055      11.51      70.89  1
        1998062615  2249538      11.18      70.90  1
        1998062618  2268590      10.95      70.93  1
        1998062621  2373869      10.70      71.03  1
        1998062700  2406860      10.44      71.07  1
        1998062703  2544600      10.24      70.97  1
        1998062706  2683008      10.04      71.16  1
        1998062709  2834845       9.95      71.20  1
        1998062712  2892864       9.85      71.20  1
        1998062715  3050421      10.02      71.41  1
        1998062718  3310632      10.45      71.62  1
        1998062721  3579525      10.69      71.71  1
        1998062800  3591799      10.75      71.83  1
        1998062803  3513928      10.85      71.91  1
        1998062806  3573413      10.87      72.03  1
        1998062809  3645158      11.04      72.17  1
        1998062812  3682221      11.32      72.31  1
        1998062815  3691270      11.45      72.39  1
        1998062818  3698966      11.67      72.40  1
        1998062821  3765129      11.82      72.36  1
        1998062900  3815997      12.00      72.37  1
        1998062903  3765001      12.12      72.25  1
        1998062906  3727424      12.31      72.38  1
        1998062909  3621263      12.48      72.50  1
        1998062912  3427544      12.95      72.58  1
        1998062915  3276463      13.39      72.62  1
        1998062918  3165514      13.87      72.52  1
        1998062921  3091929      14.17      72.40  1
        1998063000  2926796      14.81      72.28  1
        1998063003  2783779      15.36      72.14  1
        1998063006  2485231      16.05      72.21  1
        1998063009  2254629      16.63      72.16  1
        1998063012  2037289      17.08      72.24  1
        1998063015  1880446      17.27      72.16  1
        1998063018  1640042      17.53      71.89  1
        1998063021  1346513      17.50      71.64  1
        1998070100  1124213      17.56      71.47  1
        1998070103  1206793      17.86      71.43  1
        1998070106  1319110      18.14      71.34  1
        1998070109  1515358      18.47      71.23  1
        1998070112  1622622      18.86      71.20  1
        1998070115  1788357      19.24      71.17  1
        1998070118  1822396      19.51      70.99  1
        1998070121  1772712      19.62      70.96  1
        1998070200  1710729      19.73      71.01  1
        1998070203  1638520      19.92      70.96  1
        1998070206  1588803      20.05      71.04  1
        1998070209  5642261      17.52      86.21  1
        1998070212  5875098      17.90      85.91  1
        1998070215  5949260      18.09      85.78  1
        1998070218  5945103      18.35      85.74  1
        1998070221  6093218      18.59      85.91  1
        1998070300  6050507      18.72      85.87  1
        1998070303  5941714      19.01      85.86  1
        1998070306  5915754      19.23      86.09  1
        1998070309  6153238      19.60      86.28  1
        1998070312  6309872      19.84      85.99  1
        1998070315  6219145      20.02      85.86  1
        1998070318  6312642      20.23      85.98  1
        1998070321  6373646      20.31      86.09  1
        1998070400  6378295      20.37      86.19  1
        1998070403  6367191      20.39      86.29  1
        1998070406  6217944      20.48      86.64  1
        1998070409  6109614      20.62      87.20  1
        1998070412  5712568      20.70      87.93  1
        1998070415  5258040      20.72      88.81  1
        1998070418  4679518      20.68      89.92  1
        1998070421  4364102      20.72      89.99  1
        1998070500  4329175      20.80      90.01  1
        1998070503  4346606      20.96      89.86  1
        1998070506  4292710      21.10      89.93  1
        1998070509  4345757      21.26      89.63  1
        1998070512  4110914      21.42      89.35  1
        1998070515  3929065      21.51      89.27  1
        1998070518  3866622      21.59      89.30  1
        1998070521  3864334      21.63      89.20  1
        1998070600  3720742      21.66      88.98  1
        1998070603  3691362      21.71      88.92  1
        1998070606  3643273      21.79      88.91  1
        1998070609  3741782      21.89      88.97  1
        1998070612  3597182      22.03      88.98  1
        1998070615  3471552      22.17      89.42  1
        1998070618  3451163      22.20      89.67  1
        1998070621  3418948      22.10      89.84  1
        1998070700  3372382      21.98      89.72  1
        1998070703  3318589      21.98      89.57  1
        1998070706  3289831      21.85      89.53  1
        1998070709  3373313      21.57      89.54  1
        1998070712  3413928      21.36      89.63  1
        1998070715  3421348      21.00      89.87  1
        1998070718  3541856      20.49      90.04  1
        1998070721  3590458      20.06      90.04  1
        1998070800  3591626      19.75      90.01  1
        1998070803  3482112      19.39      89.98  1
        1998070806  3427637      19.07      90.02  1
        1998070809  3435162      18.90      90.19  1
        1998070812  3493184      18.75      90.37  1
        1998070815  3447199      18.50      90.49  1
        1998070818  3353235      18.18      90.53  1
        1998070821  3331526      17.93      90.48  1
        1998070900  3200667      17.59      90.52  1
        1998070903  3112838      17.32      90.54  1
        1998070906  3067475      17.17      90.56  1
        1998070909  3099066      17.11      90.71  1
        1998070912  3140434      16.96      90.81  1
        1998070915  3032719      16.63      90.77  1
        1998070918  2936575      16.40      90.66  1
        1998070921  2836299      16.18      90.57  1
        1998071000  2767311      16.18      90.51  1
        1998071003  2636929      16.07      90.52  1
        1998071006  3003699      17.09      91.87  1
        1998071009  3326002      18.09      92.82  1
        1998071012  3291510      18.64      92.96  1
        1998071015  3177904      19.09      92.92  1
        1998071018  3059676      19.66      92.88  1
        1998071021  2867914      20.46      93.00  1
        1998071100  2815158      21.20      93.13  1
        1998071103  2738836      21.64      93.35  1
        1998071106  2713391      21.96      93.59  1
        1998071109  2667235      22.22      93.71  1
        1998071112  2743510      22.32      92.86  1
        1998071115  2516476      22.56      92.46  1
        1998071118  2414487      22.67      92.20  1
        1998071121  2384993      22.69      91.87  1
        1998071200  2352363      22.73      91.71  1
        1998071203  2365004      22.78      91.43  1
        1998071206  2342952      22.86      91.18  1
        1998071209  2326700      22.98      91.14  1
        1998071212  2298477      23.06      90.88  1
        1998071215  2117126      23.23      90.94  1
        1998071218  2027053      23.28      91.15  1
        1998071221  1968444      23.31      91.26  1
        1998071300  1996303      23.29      91.34  1
        1998071303  1973084      23.27      91.29  1
        1998071306  1905208      23.21      91.14  1
        1998071309  1834172      23.22      91.13  1
        1998071312  1809161      23.23      90.94  1
        1998071315  1729497      23.20      91.02  1
        1998071318  1620579      23.12      91.06  1
        1998071321  1542775      23.04      90.88  1
        1998071400  1491978      22.94      90.76  1
        1998071403  1436005      22.86      90.70  1
        1998071406  1383794      22.82      90.63  1
        1998071409  1363297      22.80      90.61  1
        1998071412  1314662      22.83      90.67  1
        1998071415  1162231      22.87      90.92  1
        1998071418  1052863      22.86      91.00  1
        1998071421   992782      22.91      91.03  1
        1998071500   920079      22.95      90.99  1
        1998071503   855978      22.97      90.97  1
        1998071506   732892      23.00      91.03  1
        1998071509   691502      23.04      91.06  1
        1998071512   664085      23.12      91.00  1
        1998071515   639500      23.22      90.93  1
        1998071518   617297      23.26      90.97  1
        1998071521   606567      23.29      91.01  1
        1998071600   568907      23.30      90.98  1
        1998071603   482056      23.40      90.82  1
        1998071606   397439      23.50      90.73  1
        1998071609   457538      23.53      90.86  1
        1998071612   462336      23.57      90.78  1
        1998071615   416140      23.63      90.74  1
        1998071618   418695      23.72      90.96  1
        1998071621   438182      23.81      91.10  1
        1998071700   398618      23.81      91.13  1
        1998071703   362593      23.81      91.21  1
        1998071709   322199      23.86      90.80  1
        1998071712   334022      23.93      90.56  1
        1998071715   470415      24.09      89.98  1
        1998071718   632172      24.17      89.42  1
        1998071721   714287      24.22      89.11  1
        1998071800   751839      24.18      88.98  1
        1998071803   767918      24.20      88.96  1
        1998071806   670806      24.32      88.76  1
        1998071809   773364      24.58      88.27  1
        1998071812   786898      24.77      87.87  1
        1998071815   692495      24.98      87.53  1
        1998071818   703604      25.24      87.15  1
        1998071821   695305      25.34      86.93  1
        1998071900   641959      25.40      86.82  1
        1998071903   562871      25.46      86.60  1
        1998071906   459445      25.52      86.33  1
        1998071909   402569      25.64      86.01  1
        1998071912   345833      25.75      85.72  1
LPT     4.0100
        1998062815   311437       6.87     276.96  1
        1998062818   478394       7.08     277.17  1
        1998062821   568574       7.28     277.23  1
        1998062900   617427       7.39     277.32  1
        1998062903   670191       7.43     277.42  1
        1998062906   674657       7.51     277.62  1
        1998062909   748832       7.55     277.73  1
        1998062912   803071       7.59     277.74  1
        1998062915   793789       7.64     277.83  1
        1998062918   772849       7.79     277.95  1
        1998062921   805213       8.04     277.95  1
        1998063000   800844       8.30     277.94  1
        1998063003   777482       8.51     277.90  1
        1998063006   780741       8.77     277.87  1
        1998063009   747221       9.11     277.74  1
        1998063012   612547       9.84     277.49  1
        1998063015   407593      10.69     277.14  1
        1998070100   331594      13.26     275.73  1
        1998070103   366083      13.81     275.21  1
        1998070106   390234      14.16     274.90  1
        1998070109   452672      14.38     274.55  1
        1998070112   472267      14.66     274.06  1
        1998070115   474914      14.82     273.55  1
        1998070118   593370      14.90     272.95  1
        1998070121   674419      14.98     272.16  1
        1998070200   824539      14.90     271.35  1
        1998070203  1011960      14.84     270.77  1
        1998070206  1145450      14.83     270.33  1
        1998070209  1318382      14.83     269.91  1
        1998070212  1439114      14.84     269.38  1
        1998070215  1605016      14.79     268.72  1
        1998070218  1767882      14.74     268.26  1
        1998070221  1933950      14.68     267.77  1
        1998070300  2014770      14.56     267.03  1
        1998070303  2082835      14.45     266.51  1
        1998070306  2105508      14.26     266.03  1
        1998070309  2174551      14.21     265.67  1
        1998070312  2180547      14.13     265.26  1
        1998070315  2215430      13.92     264.91  1
        1998070318  2332195      13.52     264.88  1
        1998070321  2927469      12.01     266.85  1
        1998070400  3127449      11.48     267.31  1
        1998070403  3145494      10.87     267.78  1
        1998070406  3281251      10.36     268.10  1
        1998070409  3536732       9.95     268.40  1
        1998070412  3725967       9.66     268.73  1
        1998070415  3914439       9.34     269.12  1
        1998070418  3968875       9.12     269.40  1
        1998070421  4077640       8.93     269.60  1
        1998070500  4236367       8.78     269.74  1
        1998070503  4316922       8.56     269.92  1
        1998070506  4314068       8.24     270.30  1
        1998070509  4278261       8.02     270.38  1
        1998070512  4322425       7.79     270.44  1
        1998070515  4320671       7.57     270.58  1
        1998070518  4196641       7.36     270.82  1
        1998070521  4183971       7.29     270.82  1
        1998070600  4158039       7.25     270.75  1
        1998070603  4113227       7.15     271.04  1
        1998070606  3986490       7.07     271.18  1
        1998070609  3851014       7.10     271.07  1
        1998070612  3739911       7.25     270.15  1
        1998070615  3582977       7.41     269.56  1
        1998070618  3323256       7.49     269.56  1
        1998070621  3135039       7.73     269.45  1
        1998070700  2885528       7.98     269.52  1
        1998070703  1711603       7.94     278.25  1
        1998070706  1783716       8.18     278.63  1
        1998070709  1881401       8.30     278.82  1
        1998070712  1860679       8.43     279.01  1
        1998070715  1809447       8.61     278.65  1
        1998070718  1705880       8.91     278.47  1
        1998070721  1827071       9.02     278.32  1
        1998070800  1890556       9.27     277.81  1
        1998070803  1912058       9.54     277.01  1
        1998070806  1931724       9.83     276.37  1
        1998070809  2065516      10.07     275.71  1
        1998070812  2341831      10.21     274.56  1
        1998070815  2627590      10.39     273.05  1
        1998070818  2787975      10.53     272.29  1
        1998070821  3020783      10.59     271.91  1
        1998070900  3150094      10.61     271.60  1
        1998070903  3270392      10.75     271.35  1
        1998070906  3421223      10.80     270.79  1
        1998070909  3592017      10.86     270.31  1
        1998070912  3674339      10.85     270.04  1
        1998070915  3732857      10.86     269.87  1
        1998070918  3883252      10.84     269.73  1
        1998070921  4047124      10.77     269.74  1
        1998071000  4920202       9.77     273.38  1
        1998071003  5309282       9.59     274.49  1
        1998071006  5545501       9.76     274.28  1
        1998071009  5625816       9.96     273.64  1
        1998071012  5681725      10.01     273.49  1
        1998071015  5650215      10.11     273.40  1
        1998071018  5589976      10.18     273.45  1
        1998071021  3849478      12.73     265.64  1
        1998071100  3673334      12.98     265.01  1
        1998071103  3511343      13.19     264.48  1
        1998071106  3343573      13.40     263.98  1
        1998071109  3209006      13.60     263.37  1
        1998071112  3079604      13.77     262.92  1
        1998071115  2964180      13.97     262.50  1
        1998071118  2768380      14.22     262.09  1
        1998071121  2593709      14.42     261.97  1
        1998071200  2411760      14.62     261.81  1
        1998071203  2234957      14.78     261.63  1
        1998071206  2027597      14.89     261.31  1
        1998071209  1768017      15.03     260.97  1
        1998071212  1481226      15.16     260.58  1
        1998071215  1258691      15.28     260.15  1
        1998071218  1030269      15.42     259.80  1
        1998071221   764437      15.68     259.45  1
        1998071300   544638      15.87     259.17  1
        1998071303   314212      15.96     258.74  1
LPT     5.0100
        1998071406   375444       0.35      77.21  1
        1998071409   745198       0.60      77.19  1
        1998071412  1032897       0.80      77.21  1
        1998071415  1177034       0.87      77.37  1
        1998071418  1363347       1.18      77.31  1
        1998071421  1507998       1.39      77.41  1
        1998071500  1622721       1.40      77.75  1
        1998071503  1846127       1.26      78.13  1
        1998071506  1963353       1.01      78.77  1
        1998071509  2219977       0.66      79.64  1
        1998071512  2486481       0.45      80.50  1
        1998071515  2601284       0.22      81.24  1
        1998071518  2806106       0.12      81.68  1
        1998071521  3128625       0.01      82.00  1
        1998071600  3314223      -0.11      82.45  1
        1998071603  3521358      -0.12      82.72  1
        1998071606  3719878      -0.15      82.97  1
        1998071609  4012156      -0.12      83.15  1
        1998071612  4292687      -0.03      83.32  1
        1998071615  4472622      -0.03      83.73  1
        1998071618  4623425      -0.04      84.08  1
        1998071621  4977817      -0.01      84.44  1
        1998071700  5285802       0.03      84.94  1
        1998071703  5425637       0.01      85.25  1
        1998071706  5473273      -0.02      85.75  1
        1998071709  5496051      -0.06      86.21  1
        1998071712  5557836      -0.00      86.59  1
        1998071715  5555359      -0.04      86.79  1
        1998071718  5719508      -0.08      87.02  1
        1998071721  6012383      -0.16      87.11  1
        1998071800  6241367      -0.17      87.18  1
        1998071803  6368051      -0.12      87.13  1
        1998071806  6532596      -0.13      87.17  1
        1998071809  6709513      -0.07      87.18  1
        1998071812  6837121       0.09      87.07  1
        1998071815  6937186       0.11      87.12  1
        1998071818  7117215       0.18      87.12  1
        1998071821  7322214       0.21      87.11  1
        1998071900  7424601       0.27      87.24  1
        1998071903  7478094       0.35      87.17  1
        1998071906  7507085       0.36      87.41  1
        1998071909  7621633       0.34      87.56  1
        1998071912  7693244       0.47      87.54  1
        1998071915  7687074       0.53      87.52  1
        1998071918  7774735       0.48      87.47  1
        1998071921  7863872       0.35      87.51  1
        1998072000  7783900       0.25      87.61  1
        1998072003  7707550       0.10      87.64  1
        1998072006  7625287       0.04      87.64  1
        1998072009  7575652       0.01      87.58  1
        1998072012  7526029       0.05      87.53  1
        1998072015  7375627      -0.04      87.48  1
        1998072018  7364140      -0.25      87.63  1
        1998072021  7275055      -0.52      87.79  1
        1998072100  6822514      -0.90      88.27  1
        1998072103  5248262      -3.97      92.46  1
        1998072106  5387573      -3.95      92.91  1
        1998072109  5485502      -3.89      93.10  1
        1998072112  5381352      -3.95      93.03  1
        1998072115  5314682      -4.02      92.92  1
        1998072118  5307799      -3.98      92.98  1
        1998072121  5202604      -3.98      92.89  1
        1998072200  5098123      -4.01      92.85  1
        1998072203  4956915      -4.04      92.74  1
        1998072206  4979655      -3.91      92.94  1
        1998072209  5033421      -3.73      93.12  1
        1998072212  4923768      -3.57      93.16  1
        1998072215  4895408      -3.40      93.34  1
        1998072218  4907789      -3.25      93.59  1
        1998072221  4920655      -2.98      94.04  1
        1998072300  4920050      -2.57      94.52  1
        1998072303  4832871      -2.32      94.84  1
        1998072306  4881840      -1.96      95.21  1
        1998072309  4938064      -1.66      95.44  1
        1998072312  4847439      -1.36      95.71  1
        1998072315  4719772      -1.03      95.98  1
        1998072318  4532277      -0.69      96.35  1
        1998072321  4166513      -0.17      97.08  1
        1998072400  3896250       0.21      97.35  1
        1998072403  3687276       0.34      97.12  1
        1998072406  3527427       0.39      96.85  1
        1998072409  3258435       0.47      96.38  1
        1998072412  2876503       0.77      95.82  1
        1998072415  2589784       0.95      95.43  1
        1998072418  2453174       1.15      95.28  1
        1998072421  2314708       1.32      95.07  1
        1998072500  2172082       1.69      94.57  1
        1998072503  2082723       2.26      93.86  1
        1998072506  1885322       3.03      93.03  1
        1998072509  1466594       4.45      91.90  1
        1998072512  1305807       4.38      91.93  1
        1998072515  1155347       3.34      92.03  1
        1998072518  1253800       1.55      92.68  1
        1998072521  1530409       1.40      92.91  1
        1998072600   884190      -3.26      94.76  1
        1998072603   849119      -3.79      94.95  1
        1998072606   920670      -3.85      95.04  1
        1998072609   882715      -4.08      95.10  1
        1998072612   948759      -4.21      95.39  1
        1998072615  1050895      -4.37      95.53  1
        1998072618  1164372      -4.62      95.64  1
        1998072621  1300140      -4.81      95.86  1
        1998072700  1469521      -5.05      96.15  1
        1998072703  1591267      -5.24      96.37  1
        1998072706  1697836      -5.31      96.59  1
        1998072709  1714988      -5.25      96.78  1
        1998072712  1741256      -5.22      97.03  1
        1998072715  1748009      -5.30      97.09  1
        1998072718  1885024      -5.23      97.64  1
        1998072721  2070955      -5.02      98.71  1
        1998072800  2287934      -4.64      99.94  1
        1998072803  2630609      -3.76     101.65  1
        1998072806  3080866      -2.37     103.23  1
        1998072809  3322684      -1.60     103.97  1
        1998072812  3450260      -1.09     104.49  1
        1998072815  3587238      -0.44     104.99  1
        1998072818  7473799       8.58      94.52  1
        1998072821  7642657       9.05      94.48  1
        1998072900  7671140       9.35      94.41  1
        1998072903  7432779       9.58      94.33  1
        1998072906  7482468       9.82      94.44  1
        1998072909  7746971      10.01      94.49  1
        1998072912  7674831      10.16      94.29  1
        1998072915  7501296      10.13      94.30  1
        1998072918  7519640      10.12      94.36  1
        1998072921  7507238       9.95      94.51  1
        1998073000  3927937       3.18     107.70  1
        1998073003  3771505       3.28     107.81  1
        1998073006  3696853       3.40     108.05  1
        1998073009  3729566       3.81     108.06  1
        1998073012  3601861       4.29     108.12  1
        1998073015  3304151       5.53     107.71  1
        1998073018  3034498       7.10     106.93  1
        1998073021  2993266       7.58     106.78  1
        1998073100  2717744       7.97     106.38  1
        1998073103  2351005       8.41     105.67  1
        1998073106   468739       4.91     119.60  1
        1998073109   396342       5.01     120.23  1
        1998073112   392491       5.02     121.03  1
        1998073115   577724       5.22     122.04  1
        1998073118   772698       5.46     122.78  1
        1998073121   924816       5.93     122.91  1
        1998080100  1619661       8.33     127.18  1
        1998080103  2053946       8.82     127.77  1
        1998080106  2267488       9.11     127.90  1
        1998080109  2419084       9.49     128.25  1
        1998080112  2561195       9.81     128.50  1
        1998080115  2758533      10.20     128.77  1
        1998080118  2785752      10.43     128.60  1
        1998080121  2750347      10.80     128.74  1
        1998080200  2682944      11.09     128.76  1
        1998080203  2704842      11.35     128.81  1
        1998080206  2755202      11.55     128.66  1
        1998080209  2628484      11.72     128.16  1
        1998080212  2647602      11.95     128.15  1
        1998080215  2752752      12.17     128.10  1
        1998080218  2969158      12.30     128.07  1
        1998080221  3489698      12.10     126.86  1
        1998080300  3744024      12.15     125.83  1
        1998080303  3830385      12.25     125.47  1
        1998080306  3990285      12.08     124.11  1
        1998080309  3913525      11.85     122.50  1
        1998080312  3634086      11.55     120.00  1
        1998080315  3584358      11.63     119.65  1
        1998080318  3648922      11.66     118.99  1
        1998080321  3883884      11.78     118.27  1
        1998080400  3902487      11.87     117.94  1
        1998080403  3869519      12.12     117.81  1
        1998080406  3962362      12.32     117.47  1
        1998080409  3947587      12.37     117.15  1
        1998080412  3811697      12.54     117.19  1
        1998080415  3668014      12.69     117.32  1
        1998080418  3511761      12.98     117.30  1
        1998080421  3319854      13.23     117.24  1
        1998080500  3227931      13.37     117.06  1
        1998080503  3050516      13.56     116.91  1
        1998080506  1389982       8.14     108.68  1
        1998080509  1551120       8.11     107.98  1
        1998080512  1367220       8.10     107.58  1
        1998080515  1388520       8.13     107.15  1
        1998080518  3029596      13.83      99.28  1
        1998080521  3352629      13.66      98.70  1
        1998080600  3543622      13.57      98.05  1
        1998080603  3714407      13.25      97.74  1
        1998080606  3933960      12.98      97.63  1
        1998080609  4105409      13.04      97.18  1
        1998080612  4168712      12.97      96.93  1
        1998080615  4067186      12.84      96.81  1
        1998080618  4112495      12.58      96.86  1
        1998080621  4094139      12.37      96.79  1
        1998080700  4008440      12.53      96.42  1
        1998080703  3971819      12.53      96.16  1
        1998080706  3953330      12.52      96.02  1
        1998080709  3991175      12.65      95.92  1
        1998080712  3926175      12.74      95.82  1
        1998080715  3937049      12.72      95.92  1
        1998080718  4021175      12.73      96.07  1
        1998080721  4084041      12.61      96.17  1
        1998080800  4055387      12.56      96.18  1
        1998080803  3940143      12.65      96.01  1
        1998080806  3788605      12.60      96.01  1
        1998080809  3770350      12.52      95.97  1
        1998080812  4582609       9.30      96.27  1
        1998080815  4836376       8.55      96.43  1
        1998080818  4994487       8.01      96.27  1
        1998080821  5112853       7.36      96.14  1
        1998080900  5273834       6.81      95.98  1
        1998080903  5256574       6.35      95.76  1
        1998080906  5136244       6.11      95.62  1
        1998080909  5160141       6.06      95.52  1
        1998080912  5068698       6.01      95.53  1
        1998080915  2616632      14.87      95.63  1
        1998080918  2562420      15.12      95.47  1
        1998080921  2541107      15.48      95.17  1
        1998081000  2550217      15.71      94.97  1
        1998081003  2431970      15.94      94.80  1
        1998081006  2335209      16.22      94.87  1
        1998081009  2341739      16.52      94.82  1
        1998081012  2226761      16.74      94.63  1
        1998081015  2171910      16.95      94.51  1
        1998081018  2037982      17.18      94.24  1
        1998081021  1861579      17.30      93.96  1
        1998081100  1698789      17.41      93.72  1
        1998081103  1567398      17.57      93.53  1
        1998081106  1398259      17.87      93.39  1
        1998081109  1390624      18.43      93.31  1
        1998081112  1188437      18.90      93.16  1
        1998081115   914030      19.20      93.01  1
        1998081118   839859      19.73      92.93  1
        1998081121   822894      20.47      92.91  1
        1998081200   896362      21.12      92.80  1
        1998081203   903761      21.56      92.74  1
        1998081206   933577      21.94      92.71  1
        1998081209  1034311      22.26      92.58  1
        1998081212  1037626      22.59      92.55  1
        1998081215   971016      22.96      92.37  1
        1998081218   990836      23.16      92.31  1
        1998081221  1152209      23.29      92.18  1
        1998081300  1227887      23.38      92.12  1
        1998081303  1372876      23.40      91.89  1
        1998081306  1461377      23.53      91.68  1
        1998081309  1564882      23.63      91.39  1
        1998081312  1614774      23.78      90.90  1
        1998081315  1681247      23.99      90.95  1
        1998081318  1649705      24.09      91.10  1
        1998081321  1694739      24.08      90.95  1
        1998081400  1727652      23.99      90.78  1
        1998081403  1694925      23.91      90.47  1
        1998081406  1717621      23.89      90.19  1
        1998081409  1791278      23.92      90.09  1
        1998081412  1748936      23.87      89.71  1
        1998081415  1731141      23.93      89.79  1
        1998081418  1721005      23.95      89.85  1
        1998081421  1698978      23.90      89.70  1
        1998081500  1616149      23.76      89.44  1
        1998081503  1476414      23.70      89.26  1
        1998081506  1373329      23.70      89.03  1
        1998081509  1290416      23.73      89.17  1
        1998081512  1223008      23.84      89.34  1
        1998081515  1158008      24.01      89.52  1
        1998081518  1107381      24.16      89.85  1
        1998081521  1023535      24.26      89.99  1
        1998081600   881896      24.40      90.16  1
        1998081603   714730      24.50      90.24  1
        1998081606   488871      24.77      90.74  1
        1998081609   411967      24.92      91.38  1
        1998081612   510361      25.17      91.82  1
        1998081615   480225      25.37      92.04  1
        1998081618   606461      25.38      91.87  1
        1998081621   897899      25.39      91.56  1
        1998081700   989220      25.39      91.58  1
        1998081703   947277      25.49      91.58  1
        1998081706  1014173      25.49      91.69  1
        1998081709  1089930      25.50      91.91  1
        1998081712  1155254      25.51      91.99  1
        1998081715  1134171      25.61      92.06  1
        1998081718  1138701      25.57      92.09  1
        1998081721  1128573      25.53      92.06  1
        1998081800  1092042      25.57      91.93  1
        1998081803  1075544      25.63      91.85  1
        1998081806  1062292      25.63      91.84  1
        1998081809  1243105      25.36      92.12  1
        1998081812  1337938      25.16      92.08  1
        1998081815  1211535      25.16      92.07  1
        1998081818  1091229      25.11      92.00  1
        1998081821   994982      25.09      91.90  1
        1998081900   965845      25.06      91.84  1
        1998081903   869515      25.14      91.64  1
        1998081906   814967      25.16      91.65  1
        1998081909   825330      25.17      91.57  1
        1998081912   746715      25.35      91.28  1
        1998081915   463594      25.51      91.07  1
        1998081918   321930      25.32      91.37  1
LPT     5.0200
        1998071406   375444       0.35      77.21  1
        1998071409   745198       0.60      77.19  1
        1998071412  1032897       0.80      77.21  1
        1998071415  1177034       0.87      77.37  1
        1998071418  1363347       1.18      77.31  1
        1998071421  1507998       1.39      77.41  1
        1998071500  1622721       1.40      77.75  1
        1998071503  1846127       1.26      78.13  1
        1998071506  1963353       1.01      78.77  1
        1998071509  2219977       0.66      79.64  1
        1998071512  2486481       0.45      80.50  1
        1998071515  2601284       0.22      81.24  1
        1998071518  2806106       0.12      81.68  1
        1998071521  3128625       0.01      82.00  1
        1998071600  3314223      -0.11      82.45  1
        1998071603  3521358      -0.12      82.72  1
        1998071606  3719878      -0.15      82.97  1
        1998071609  4012156      -0.12      83.15  1
        1998071612  4292687      -0.03      83.32  1
        1998071615  4472622      -0.03      83.73  1
        1998071618  4623425      -0.04      84.08  1
        1998071621  4977817      -0.01      84.44  1
        1998071700  5285802       0.03      84.94  1
        1998071703  5425637       0.01      85.25  1
        1998071706  5473273      -0.02      85.75  1
        1998071709  5496051      -0.06      86.21  1
        1998071712  5557836      -0.00      86.59  1
        1998071715  5555359      -0.04      86.79  1
        1998071718  5719508      -0.08      87.02  1
        1998071721  6012383      -0.16      87.11  1
        1998071800  6241367      -0.17      87.18  1
        1998071803  6368051      -0.12      87.13  1
        1998071806  6532596      -0.13      87.17  1
        1998071809  6709513      -0.07      87.18  1
        1998071812  6837121       0.09      87.07  1
        1998071815  6937186       0.11      87.12  1
        1998071818  7117215       0.18      87.12  1
        1998071821  7322214       0.21      87.11  1
        1998071900  7424601       0.27      87.24  1
        1998071903  7478094       0.35      87.17  1
        1998071906  7507085       0.36      87.41  1
        1998071909  7621633       0.34      87.56  1
        1998071912  7693244       0.47      87.54  1
        1998071915  7687074       0.53      87.52  1
        1998071918  7774735       0.48      87.47  1
        1998071921  7863872       0.35      87.51  1
        1998072000  7783900       0.25      87.61  1
        1998072003  7707550       0.10      87.64  1
        1998072006  7625287       0.04      87.64  1
        1998072009  7575652       0.01      87.58  1
        1998072012  7526029       0.05      87.53  1
        1998072015  7375627      -0.04      87.48  1
        1998072018  7364140      -0.25      87.63  1
        1998072021  7275055      -0.52      87.79  1
        1998072100  6822514      -0.90      88.27  1
        1998072103  5248262      -3.97      92.46  1
        1998072106  5387573      -3.95      92.91  1
        1998072109  5485502      -3.89      93.10  1
        1998072112  5381352      -3.95      93.03  1
        1998072115  5314682      -4.02      92.92  1
        1998072118  5307799      -3.98      92.98  1
        1998072121  5202604      -3.98      92.89  1
        1998072200  5098123      -4.01      92.85  1
        1998072203  4956915      -4.04      92.74  1
        1998072206  4979655      -3.91      92.94  1
        1998072209  5033421      -3.73      93.12  1
        1998072212  4923768      -3.57      93.16  1
        1998072215  4895408      -3.40      93.34  1
        1998072218  4907789      -3.25      93.59  1
        1998072221  4920655      -2.98      94.04  1
        1998072300  4920050      -2.57      94.52  1
        1998072303  4832871      -2.32      94.84  1
        1998072306  4881840      -1.96      95.21  1
        1998072309  4938064      -1.66      95.44  1
        1998072312  4847439      -1.36      95.71  1
        1998072315  4719772      -1.03      95.98  1
        1998072318  4532277      -0.69      96.35  1
        1998072321  4166513      -0.17      97.08  1
        1998072400  3896250       0.21      97.35  1
        1998072403  3687276       0.34      97.12  1
        1998072406  3527427       0.39      96.85  1
        1998072409  3258435       0.47      96.38  1
        1998072412  2876503       0.77      95.82  1
        1998072415  2589784       0.95      95.43  1
        1998072418  2453174       1.15      95.28  1
        1998072421  2314708       1.32      95.07  1
        1998072500  2172082       1.69      94.57  1
        1998072503  2082723       2.26      93.86  1
        1998072506  1885322       3.03      93.03  1
        1998072509  1466594       4.45      91.90  1
        1998072512  1305807       4.38      91.93  1
        1998072515  1155347       3.34      92.03  1
        1998072518  1253800       1.55      92.68  1
        1998072521  1530409       1.40      92.91  1
        1998072600   884190      -3.26      94.76  1
        1998072603   849119      -3.79      94.95  1
        1998072606   920670      -3.85      95.04  1
        1998072609   882715      -4.08      95.10  1
        1998072612   948759      -4.21      95.39  1
        1998072615  1050895      -4.37      95.53  1
        1998072618  1164372      -4.62      95.64  1
        1998072621  1300140      -4.81      95.86  1
        1998072700  1469521      -5.05      96.15  1
        1998072703  1591267      -5.24      96.37  1
        1998072706  1697836      -5.31      96.59  1
        1998072709  1714988      -5.25      96.78  1
        1998072712  1741256      -5.22      97.03  1
        1998072715  1748009      -5.30      97.09  1
        1998072718  1885024      -5.23      97.64  1
        1998072721  2070955      -5.02      98.71  1
        1998072800  2287934      -4.64      99.94  1
        1998072803  2630609      -3.76     101.65  1
        1998072806  3080866      -2.37     103.23  1
        1998072809  3322684      -1.60     103.97  1
        1998072812  3450260      -1.09     104.49  1
        1998072815  3587238      -0.44     104.99  1
        1998072818  7473799       8.58      94.52  1
        1998072821  7642657       9.05      94.48  1
        1998072900  7671140       9.35      94.41  1
        1998072903  7432779       9.58      94.33  1
        1998072906  7482468       9.82      94.44  1
        1998072909  7746971      10.01      94.49  1
        1998072912  7674831      10.16      94.29  1
        1998072915  7501296      10.13      94.30  1
        1998072918  7519640      10.12      94.36  1
        1998072921  7507238       9.95      94.51  1
        1998073000  3927937       3.18     107.70  1
        1998073003  3771505       3.28     107.81  1
        1998073006  3696853       3.40     108.05  1
        1998073009  3729566       3.81     108.06  1
        1998073012  3601861       4.29     108.12  1
        1998073015  3304151       5.53     107.71  1
        1998073018  3034498       7.10     106.93  1
        1998073021  2993266       7.58     106.78  1
        1998073100  2717744       7.97     106.38  1
        1998073103  2351005       8.41     105.67  1
        1998073106  1558825      10.29      99.79  1
        1998073109  1561742      11.16      98.68  1
        1998073112  1603978      11.55      98.31  1
        1998073115  1524055      11.64      97.93  1
        1998073118  1426421      11.96      97.36  1
        1998073121  1404935      12.17      97.03  1
        1998080100  1403910      12.22      96.78  1
        1998080103  1317926      12.41      96.53  1
        1998080106  1342673      12.42      96.35  1
        1998080109  1292455      12.98      96.18  1
        1998080112  1213742      13.69      96.06  1
        1998080115  1127322      13.91      95.99  1
        1998080118  1077738      14.12      95.91  1
        1998080121  1137361      14.58      95.85  1
        1998080200  1252615      14.89      95.85  1
        1998080203  1264508      15.15      95.80  1
        1998080206  1291906      15.53      95.81  1
        1998080209  1436483      15.87      95.91  1
        1998080212  1346870      16.09      95.82  1
        1998080215  1228235      16.25      95.70  1
        1998080218   952367      16.68      95.36  1
        1998080221   731201      17.13      95.17  1
        1998080300   662357      17.61      94.73  1
        1998080303   743127      17.99      94.55  1
        1998080306   688660      18.41      94.60  1
        1998080309   638650      19.24      94.63  1
        1998080312   433781      20.09      94.12  1
LPT     6.0100
        1998073109   319652      13.21     256.89  1
        1998073112   478568      13.07     256.28  1
        1998073115   627027      12.96     255.53  1
        1998073118   803537      12.81     254.86  1
        1998073121  1016260      12.68     254.30  1
        1998080100  1078830      12.66     253.97  1
        1998080103  1129353      12.65     253.56  1
        1998080106  1238553      12.64     253.08  1
        1998080109  1342297      12.67     252.73  1
        1998080112  1449895      12.68     252.25  1
        1998080115  1586435      12.63     251.74  1
        1998080118  1675417      12.61     251.35  1
        1998080121  1753837      12.59     251.02  1
        1998080200  1780841      12.59     250.82  1
        1998080203  1825403      12.57     250.65  1
        1998080206  1868446      12.55     250.34  1
        1998080209  1932472      12.54     250.11  1
        1998080212  1926112      12.48     249.86  1
        1998080215  1895916      12.50     249.72  1
        1998080218  1828305      12.48     249.57  1
        1998080221  1745417      12.49     249.30  1
        1998080300  1654045      12.53     249.17  1
        1998080303  1567094      12.59     248.93  1
        1998080306  1551046      12.51     249.06  1
        1998080309  1487210      12.48     249.25  1
        1998080312  1644995      11.80     251.15  1
        1998080315  1461374      11.54     251.59  1
        1998080318  1319373      11.03     252.91  1
        1998080321   470266       8.85     262.54  1
        1998080400   474053       8.87     263.19  1
        1998080403   646673       8.78     262.63  1
        1998080406   856654       8.75     262.56  1
        1998080409   996399       8.72     262.34  1
        1998080412  1252015       8.74     262.19  1
        1998080415  1524967       8.81     261.85  1
        1998080418  1895644       8.85     262.76  1
        1998080421  2273991       8.73     264.49  1
        1998080500  2473457       8.69     264.45  1
        1998080503  2810309       8.53     265.71  1
        1998080506  3029744       8.37     266.48  1
        1998080509  3302343       8.26     267.44  1
        1998080512  3366389       8.16     268.24  1
        1998080515  3471280       8.21     268.38  1
        1998080518  3501650       8.22     268.47  1
        1998080521  3456439       8.22     268.95  1
        1998080600  3322756       8.21     269.59  1
        1998080603  3077590       8.10     270.48  1
        1998080606  2703155       7.85     271.97  1
        1998080609  1925521       6.89     278.78  1
        1998080612  1926096       6.72     279.28  1
        1998080615  2016127       6.61     279.41  1
        1998080618  2084616       6.53     279.66  1
        1998080621  2218148       6.47     280.01  1
        1998080700  2280333       6.44     280.22  1
        1998080703  2320232       6.41     280.41  1
        1998080706  2428176       6.44     280.62  1
        1998080709  2426410       6.51     280.76  1
        1998080712  2464885       6.65     280.38  1
        1998080715  2348327       6.72     280.32  1
        1998080718  2308978       6.80     280.31  1
        1998080721  2263665       6.83     280.27  1
        1998080800  2093853       6.99     279.93  1
        1998080803  2052583       6.98     279.92  1
        1998080806  1741773       7.00     279.94  1
        1998080809  1427765       7.03     279.80  1
        1998080812   920390       6.76     280.58  1
LPT     7.0100
        1998081518   546606       7.04     130.16  1
        1998081521   990042       6.74     129.51  1
        1998081600  1277033       6.60     128.82  1
        1998081603  1698680       6.33     128.07  1
        1998081606  2089173       6.05     127.47  1
        1998081609  2360896       5.82     126.87  1
        1998081612  2664201       5.53     126.78  1
        1998081615  3124644       5.13     126.55  1
        1998081618  3541349       4.76     126.22  1
        1998081621  3870696       4.55     125.81  1
        1998081700  4076428       4.49     125.39  1
        1998081703  4399924       4.38     124.71  1
        1998081706  4721592       4.29     124.11  1
        1998081709  4863531       4.26     123.68  1
        1998081712  4968405       4.29     123.29  1
        1998081715  4957997       4.34     123.10  1
        1998081718  4852612       4.40     122.85  1
        1998081721  4691250       4.46     122.55  1
        1998081800  4487848       4.56     122.46  1
        1998081803  4406045       4.72     122.37  1
        1998081806  4296012       4.85     122.01  1
        1998081809  4157876       4.98     121.53  1
        1998081812  3962178       5.00     121.33  1
        1998081815  3760456       5.01     121.05  1
        1998081818  3492388       5.00     120.28  1
        1998081821  7999122       1.59     104.24  1
        1998081900  7570305       1.26     102.49  1
        1998081903  6628912       0.82      98.65  1
        1998081906  6790674       0.79      98.18  1
        1998081909  7340759       1.32      98.31  1
        1998081912  7692871       1.73      98.35  1
        1998081915  7668302       1.63      98.16  1
        1998081918  7767356       1.79      97.88  1
        1998081921  7919188       2.05      97.60  1
        1998082000  8020095       2.19      97.45  1
        1998082003  7946706       2.23      97.22  1
        1998082006  7868156       2.38      96.81  1
        1998082009  8013609       2.81      96.46  1
        1998082012  7998457       2.95      96.20  1
        1998082015  7686081       2.90      95.78  1
        1998082018  7587558       2.97      95.45  1
        1998082021  7568825       2.95      95.25  1
        1998082100  7425073       2.84      94.99  1
        1998082103  7391569       2.92      95.00  1
        1998082106  7412559       2.99      94.91  1
        1998082109  7528776       3.33      95.00  1
        1998082112  7177838       3.16      94.87  1
        1998082115  6833027       2.92      94.54  1
        1998082118  6718540       3.05      94.24  1
        1998082121  6483676       3.37      93.88  1
        1998082200  6019078       3.89      93.49  1
        1998082203  5780596       4.27      92.86  1
        1998082206  5598902       4.85      92.49  1
        1998082209  5669591       5.61      92.17  1
        1998082212  5368779       5.72      91.72  1
        1998082215  4965400       5.37      91.07  1
        1998082218  4785632       5.43      90.82  1
        1998082221  4412559       5.00      90.07  1
        1998082300  3891860       4.49      89.04  1
        1998082303  3363714       4.65      88.36  1
        1998082306  3305574       5.66      86.64  1
        1998082309  3144171       6.70      84.58  1
        1998082312  2660519       7.18      82.46  1
        1998082315  2382003       7.90      80.67  1
        1998082318  1396368      10.71      74.33  1
        1998082321  1532379      11.02      73.94  1
        1998082400  1574158      11.25      73.67  1
        1998082403  1599177      11.49      73.40  1
        1998082406  1591548      11.78      73.27  1
        1998082409  1730755      12.27      73.33  1
        1998082412  1841875      12.80      73.40  1
        1998082415  1965479      13.40      73.53  1
        1998082418  2130393      13.86      73.66  1
        1998082421  2254089      14.19      73.67  1
        1998082500  2255680      14.42      73.55  1
        1998082503  2345751      14.72      73.43  1
        1998082506  2446650      15.04      73.62  1
        1998082509  2586070      15.34      73.99  1
        1998082512  2723348      15.74      74.29  1
        1998082515  3271010      16.56      76.94  1
        1998082518  3309418      16.75      77.14  1
        1998082521  3543067      17.12      77.97  1
        1998082600  3777113      17.52      78.88  1
        1998082603  3861105      17.80      79.20  1
        1998082606  3907350      18.01      79.42  1
        1998082609  3907369      18.25      79.63  1
        1998082612  3814083      18.48      79.38  1
        1998082615  3673807      18.60      79.16  1
        1998082618  3523888      18.69      79.11  1
        1998082621  3543944      18.89      79.34  1
        1998082700  3537546      19.06      79.53  1
        1998082703  3473458      19.06      79.32  1
        1998082706  3415054      19.11      79.27  1
        1998082709  3302315      19.11      79.01  1
        1998082712  3050107      19.08      78.42  1
        1998082715  2628200      18.86      77.44  1
        1998082718  2182719      18.73      76.60  1
        1998082721  1803316      18.62      75.64  1
        1998082800  1437002      18.61      74.68  1
        1998082803  1236086      18.68      74.20  1
        1998082806  1056039      18.83      74.24  1
        1998082809   899039      18.95      73.91  1
        1998082812   784560      19.08      73.60  1
        1998082815   614413      19.13      73.31  1
        1998082818   372897      19.15      72.82  1
LPT     8.0100
        1998082318   340278      23.14     291.54  1
        1998082321   427338      23.22     291.42  1
        1998082400   496532      23.32     291.26  1
        1998082403   582651      23.40     291.17  1
        1998082406   636351      23.43     291.11  1
        1998082409   741829      23.56     290.87  1
        1998082412   788193      23.61     290.69  1
        1998082415   871007      23.70     290.56  1
        1998082418   983116      23.72     290.48  1
        1998082421  1045069      23.73     290.47  1
        1998082500  1048263      23.86     290.37  1
        1998082503  1113854      23.93     290.30  1
        1998082506  1093559      24.08     290.18  1
        1998082509  1149641      24.25     290.04  1
        1998082512  1181283      24.47     289.84  1
        1998082515  1182050      24.61     289.76  1
        1998082518  1157758      24.81     289.61  1
        1998082521  1164581      24.97     289.46  1
        1998082600  1100481      25.25     289.29  1
        1998082603  1075252      25.50     289.15  1
        1998082606   968406      25.81     288.94  1
        1998082609   954892      26.02     288.80  1
        1998082612   920993      26.36     288.58  1
        1998082615   844401      27.00     288.21  1
        1998082618   803494      27.89     287.76  1
        1998082621   748284      28.66     287.36  1
        1998082700   756542      29.73     286.90  1
        1998082703   743046      30.54     286.56  1
        1998082706   655517      31.11     286.28  1
        1998082709   733637      32.08     286.17  1
        1998082712   882091      34.27     286.64  1
        1998082715  1169958      36.11     287.64  1
        1998082718  1168684      36.71     287.95  1
        1998082721  1133261      36.99     288.06  1
        1998082800  1077274      36.96     287.97  1
        1998082803  1099252      37.11     287.95  1
        1998082806  1064921      37.33     288.03  1
        1998082809  1183356      37.63     288.12  1
        1998082812  1157974      37.93     288.30  1
        1998082815  1119570      38.23     288.46  1
        1998082818  1194501      38.57     288.73  1
        1998082821  1165775      38.63     288.80  1
        1998082900  1062461      38.82     289.05  1
        1998082903  1011942      39.04     289.30  1
        1998082906   991091      39.33     289.65  1
        1998082909  1086592      39.59     289.98  1
        1998082912  1222293      39.94     290.57  1
        1998082915  1297939      40.19     291.03  1
        1998082918  1349797      40.63     291.83  1
        1998082921  1297319      41.01     292.61  1
        1998083000  1319426      41.41     293.26  1
        1998083003  1285837      41.96     293.94  1
        1998083006  1225921      42.07     294.26  1
        1998083009  1314495      42.32     294.83  1
        1998083012  1080411      42.22     295.04  1
        1998083015   809747      42.26     295.25  1
        1998083018   525612      42.56     296.01  1
        1998083021   398237      42.74     296.36  1
        1998083100   341601      42.83     296.53  1
        1998083103   306933      42.86     296.64  1
        1998083106   360114      42.77     296.51  1
        1998083109   491338      42.87     297.07  1
        1998083112   437524      43.04     297.32  1
        1998083115   439469      43.00     297.36  1
        1998083118   446267      42.92     297.30  1
        1998083121   362202      43.08     297.76  1
        1998090100   367275      43.18     297.98  1
        1998090103   372360      43.17     298.10  1
        1998090106   317660      42.97     298.05  1
        1998090109   339937      43.03     298.51  1
        1998090112   249711      43.28     299.31  1
LPT     9.0100
        1998082421   522241      -0.41     106.16  1
        1998082500   745399      -0.34     106.27  1
        1998082503   909815      -0.34     106.35  1
        1998082506  1034846      -0.28     106.67  1
        1998082509  1225442      -0.35     106.67  1
        1998082512  1408257      -0.48     106.49  1
        1998082515  1520117      -0.50     106.57  1
        1998082518  1668935      -0.64     106.40  1
        1998082521  1870838      -0.84     105.92  1
        1998082600  1955529      -0.94     105.51  1
        1998082603  1993098      -1.10     104.98  1
        1998082606  2032222      -1.24     104.50  1
        1998082609  2139980      -1.27     104.07  1
        1998082612  2176849      -1.33     103.64  1
        1998082615  2146768      -1.41     103.39  1
        1998082618  2070452      -1.47     102.86  1
        1998082621  2038886      -1.50     102.29  1
        1998082700  1954199      -1.55     101.72  1
        1998082703  1777695      -1.62     101.17  1
        1998082706  1749255      -1.62     100.83  1
        1998082709  1686081      -1.70     100.65  1
        1998082712  1537936      -1.93     100.40  1
        1998082715  1377335      -2.19      99.85  1
        1998082718  1302998      -2.47      99.13  1
        1998082721  1352895      -2.64      98.80  1
        1998082800  1452155      -2.74      98.39  1
        1998082803  1537529      -2.82      97.58  1
        1998082806  1646908      -2.80      97.01  1
        1998082809  1795678      -2.69      96.48  1
        1998082812  1965987      -2.61      95.88  1
        1998082815  2049949      -2.58      95.26  1
        1998082818  2232442      -2.53      94.73  1
        1998082821  2267102      -2.45      94.32  1
        1998082900  2250845      -2.45      93.98  1
        1998082903  2312241      -2.46      93.87  1
        1998082906  2240731      -2.39      93.79  1
        1998082909  2189190      -2.37      93.73  1
        1998082912  2192872      -2.43      93.87  1
        1998082915  2134133      -2.57      93.86  1
        1998082918  2166201      -2.66      94.05  1
        1998082921  2163559      -2.84      94.22  1
        1998083000  2116302      -3.00      94.45  1
        1998083003  2155204      -3.15      94.79  1
        1998083006  2215892      -3.15      94.98  1
        1998083009  2298862      -3.16      95.15  1
        1998083012  2323388      -3.14      95.16  1
        1998083015  2325537      -3.16      95.04  1
        1998083018  2351689      -3.10      95.03  1
        1998083021  2370854      -3.09      94.89  1
        1998083100  2340138      -3.01      94.74  1
        1998083103  2313250      -2.97      94.72  1
        1998083106  2242582      -2.89      94.77  1
        1998083109  2196512      -2.83      94.91  1
        1998083112  2098002      -2.85      95.08  1
        1998083115  1947857      -2.93      95.31  1
        1998083118  1861786      -2.80      95.62  1
        1998083121  1829596      -2.60      96.06  1
        1998090100  1877563      -2.22      96.58  1
        1998090103  2054790      -1.17      97.80  1
        1998090106  2081354      -0.20      98.76  1
        1998090109  2397908       0.66      99.22  1
        1998090112  2499807       1.16      99.34  1
        1998090115  2349481       1.81      99.46  1
        1998090118  2384564       2.06      99.33  1
        1998090121  2333249       2.14      99.23  1
        1998090200  2383502       2.49      99.22  1
        1998090203  2311037       2.39      98.94  1
        1998090206   743500      -5.23      93.64  1
        1998090209   772151      -5.68      93.37  1
        1998090212   717918      -6.08      93.21  1
        1998090215   704618      -6.28      93.09  1
        1998090218   715126      -6.46      93.16  1
        1998090221   748686      -6.59      93.25  1
        1998090300   717780      -6.76      93.39  1
        1998090303   695429      -6.85      93.42  1
        1998090306   653956      -6.92      93.44  1
        1998090309   657750      -6.95      93.40  1
        1998090312   603996      -7.05      93.37  1
        1998090315   579404      -7.11      93.29  1
        1998090318   521090      -7.20      93.13  1
        1998090321   460461      -7.32      92.98  1
        1998090400   362282      -7.49      92.76  1
LPT    10.0100
        1998082518   293514      23.09     135.55  1
        1998082521   397831      23.37     135.87  1
        1998082600   490660      23.57     136.14  1
        1998082603   548778      23.71     136.31  1
        1998082606   635436      23.77     136.48  1
        1998082609   652763      23.84     136.65  1
        1998082612   681069      23.96     136.90  1
        1998082615   697625      24.03     137.22  1
        1998082618   722972      24.16     137.60  1
        1998082621   779383      24.27     137.92  1
        1998082700   824318      24.29     138.22  1
        1998082703   920362      24.24     138.52  1
        1998082706   980790      24.16     138.84  1
        1998082709  1040385      24.19     139.33  1
        1998082712  1090421      24.09     139.83  1
        1998082715  1177188      24.07     140.31  1
        1998082718  1303345      24.06     140.72  1
        1998082721  1487246      24.04     141.12  1
        1998082800  1635250      24.03     141.49  1
        1998082803  1737777      24.00     141.86  1
        1998082806  1851742      24.00     142.11  1
        1998082809  1931586      24.07     142.43  1
        1998082812  1994184      24.07     142.71  1
        1998082815  2080607      24.07     142.95  1
        1998082818  2136003      24.12     143.14  1
        1998082821  2233630      24.23     143.36  1
        1998082900  2270504      24.29     143.52  1
        1998082903  2332837      24.36     143.68  1
        1998082906  2396471      24.44     143.79  1
        1998082909  3224626      29.41     143.72  1
        1998082912  3431652      30.06     143.79  1
        1998082915  3723017      30.70     143.90  1
        1998082918  3954847      31.48     143.94  1
        1998082921  4062844      31.75     144.00  1
        1998083000  4070607      32.00     144.04  1
        1998083003  4112281      32.15     144.08  1
        1998083006  4115705      32.33     144.11  1
        1998083009  4157657      32.54     144.19  1
        1998083012  4153676      32.81     144.33  1
        1998083015  4142508      33.03     144.45  1
        1998083018  4151298      33.18     144.58  1
        1998083021  4155769      33.43     144.77  1
        1998083100  4089310      33.64     145.00  1
        1998083103  4054468      33.84     145.28  1
        1998083106  4009968      33.78     145.49  1
        1998083109  4017599      33.76     145.71  1
        1998083112  3985605      33.76     145.92  1
        1998083115  4101438      33.88     146.19  1
        1998083118  4233862      34.16     146.53  1
        1998083121  4361590      34.28     146.94  1
        1998090100  4348863      34.32     147.27  1
        1998090103  4461438      34.29     147.69  1
        1998090106  4532739      34.39     148.10  1
        1998090109  4588096      34.52     148.44  1
        1998090112  4669247      34.71     148.86  1
        1998090115  4716791      34.87     149.21  1
        1998090118  4660655      35.01     149.67  1
        1998090121  4517670      35.01     150.12  1
        1998090200  4418973      35.10     150.47  1
        1998090203  4338785      35.05     150.87  1
        1998090206  4257046      35.14     151.22  1
        1998090209  4158016      35.16     151.52  1
        1998090212  4000038      35.05     151.92  1
        1998090215  3824128      34.86     152.28  1
        1998090218  2446551      28.22     153.44  1
        1998090221  2319983      28.05     153.91  1
        1998090300  2253950      27.93     154.37  1
        1998090303  2223644      27.87     154.69  1
        1998090306  2160205      27.88     155.05  1
        1998090309  2125177      27.82     155.42  1
        1998090312  2038902      27.77     155.85  1
        1998090315  2019156      27.70     156.12  1
        1998090318  1947888      27.63     156.44  1
        1998090321  1847016      27.59     156.68  1
        1998090400  1723063      27.57     156.99  1
        1998090403  1654874      27.47     157.06  1
        1998090406  1570553      27.39     157.16  1
        1998090409  1491379      27.22     157.33  1
        1998090412  1486651      27.01     157.60  1
        1998090415  1460905      26.87     157.76  1
        1998090418  1475959      26.71     157.96  1
        1998090421  1424720      26.52     158.14  1
        1998090500  1394980      26.35     158.36  1
        1998090503  1354192      26.24     158.57  1
        1998090506  1338065      26.13     158.81  1
        1998090509  1291277      25.98     158.99  1
        1998090512  1273797      25.86     159.24  1
        1998090515  1275389      25.84     159.48  1
        1998090518  1316814      25.78     159.75  1
        1998090521  1281038      25.68     160.01  1
        1998090600  1328737      25.56     160.30  1
        1998090603  1348605      25.38     160.59  1
        1998090606  1721096      29.43     160.45  1
        1998090609  1925082      31.26     160.48  1
        1998090612  2109767      33.39     160.56  1
        1998090615  2391278      34.82     160.92  1
        1998090618  2490569      35.81     161.23  1
        1998090621   921915      22.20     163.08  1
        1998090700   940382      21.58     163.51  1
        1998090703  1023612      21.17     163.63  1
        1998090706   993270      20.76     163.72  1
        1998090709   999407      20.38     163.85  1
        1998090712  1017196      20.09     163.89  1
        1998090715  1012492      19.81     163.89  1
        1998090718  1048698      19.60     163.83  1
        1998090721  1060269      19.60     163.87  1
        1998090800  1118554      19.48     163.77  1
        1998090803  1168256      19.34     163.65  1
        1998090806  1184297      19.23     163.52  1
        1998090809  1204460      19.06     163.33  1
        1998090812  1264381      18.94     163.07  1
        1998090815  1330587      18.78     162.78  1
        1998090818  1377477      18.58     162.46  1
        1998090821  1411169      18.30     162.16  1
        1998090900  1480284      18.00     161.94  1
        1998090903  1435320      17.86     161.77  1
        1998090906  1427298      17.58     161.46  1
        1998090909  1434042      17.38     161.15  1
        1998090912  1465886      17.17     160.77  1
        1998090915  1550877      16.87     160.32  1
        1998090918  1615678      16.54     159.70  1
        1998090921  1662998      16.28     159.26  1
        1998091000  1633419      16.02     158.85  1
        1998091003  1537516      15.87     158.57  1
        1998091006  1521962      15.57     158.10  1
        1998091009  1545208      15.35     157.68  1
        1998091012  1543587      15.18     157.32  1
        1998091015  1608110      14.92     156.67  1
        1998091018  1621347      14.76     156.18  1
        1998091021  1647842      14.63     155.56  1
        1998091100  1633471      14.46     154.99  1
        1998091103  1582619      14.38     154.57  1
        1998091106  1558023      14.38     154.31  1
        1998091109  1529815      14.36     154.03  1
        1998091112  1520688      14.27     153.42  1
        1998091115  1478152      14.15     152.74  1
        1998091118  1530597      14.02     151.89  1
        1998091121  1641164      13.95     150.90  1
        1998091200  1726116      13.89     149.87  1
        1998091203  1724645      13.88     149.05  1
        1998091206  1813778      13.87     148.54  1
        1998091209  1867034      13.93     147.79  1
        1998091212  1917260      13.99     147.19  1
        1998091215  1976780      14.10     146.65  1
        1998091218  2002919      14.25     146.01  1
        1998091221  2012687      14.40     145.31  1
        1998091300  2082851      14.54     144.71  1
        1998091303  2190286      14.68     144.18  1
        1998091306  2380154      14.75     143.74  1
        1998091309  2466273      14.83     143.20  1
        1998091312  2532244      14.96     142.72  1
        1998091315  2665870      15.14     142.22  1
        1998091318  2622202      15.48     141.84  1
        1998091321  2612117      15.80     141.50  1
        1998091400  2650539      16.19     141.07  1
        1998091403  2767043      16.51     140.69  1
        1998091406  2860392      16.72     140.40  1
        1998091409  2915082      16.89     140.19  1
        1998091412  2996146      17.01     139.94  1
        1998091415  3094311      17.16     139.74  1
        1998091418  3198067      17.35     139.59  1
        1998091421  3255566      17.56     139.46  1
        1998091500  3317858      17.89     139.21  1
        1998091503  3311017      18.16     139.07  1
        1998091506  3367487      18.39     138.99  1
        1998091509  3438098      18.66     138.87  1
        1998091512  3503417      18.92     138.62  1
        1998091515  9040885      14.93     120.68  1
        1998091518  9365407      15.29     120.84  1
        1998091521 10201169      16.40     121.38  1
        1998091600 10671676      18.00     122.65  1
        1998091603 11377723      20.20     124.16  1
        1998091606 11652804      20.96     124.71  1
        1998091609 11725772      21.48     125.13  1
        1998091612 11736687      21.62     125.20  1
        1998091615 11712383      21.47     124.98  1
        1998091618 11545703      21.38     124.76  1
        1998091621 11550835      21.23     124.68  1
        1998091700 11227094      21.47     125.22  1
        1998091703 10429197      22.07     126.36  1
        1998091706  8691040      25.06     131.20  1
        1998091709  8549927      25.07     131.42  1
        1998091712  8476258      25.17     131.95  1
        1998091715  8727965      24.43     131.94  1
        1998091718  8966646      23.14     131.37  1
        1998091721  8845195      22.09     130.58  1
        1998091800  8675947      22.01     130.77  1
        1998091803  8545197      21.74     130.87  1
        1998091806  8484770      21.65     130.60  1
        1998091809  8425427      21.28     130.08  1
        1998091812  8226568      20.88     129.67  1
        1998091815  7948206      20.24     129.26  1
        1998091818  7672071      19.30     128.58  1
        1998091821  6894796      16.70     127.19  1
        1998091900  6774320      16.59     127.46  1
        1998091903  6693205      16.58     127.75  1
        1998091906  6690853      16.62     127.84  1
        1998091909  6696330      16.67     128.08  1
        1998091912  6636466      16.70     128.40  1
        1998091915  6602329      16.72     128.75  1
        1998091918  6611995      16.74     128.84  1
        1998091921  6654149      16.77     128.86  1
        1998092000  6579352      16.75     128.85  1
        1998092003  6350035      16.63     129.01  1
        1998092006  6246879      16.64     129.00  1
        1998092009  6233276      16.65     128.70  1
        1998092012  6082892      16.68     128.57  1
        1998092015  5788060      16.82     128.71  1
        1998092018  5495077      17.13     129.27  1
        1998092021  5168306      17.48     129.66  1
        1998092100  4797327      17.54     129.90  1
        1998092103  4428282      17.87     130.46  1
        1998092106  4102438      18.19     130.87  1
        1998092109  3791349      18.60     131.61  1
        1998092112  3388191      19.21     132.53  1
        1998092115  3243985      19.87     133.08  1
        1998092118  3088614      20.67     133.56  1
        1998092121  2941953      21.29     133.84  1
        1998092200  2831168      22.04     134.09  1
        1998092203  2948849      23.16     134.10  1
        1998092206  2973935      24.14     134.05  1
        1998092209  2903345      24.91     134.09  1
        1998092212  2755732      25.85     134.12  1
        1998092215  2562315      26.30     134.07  1
        1998092218  2331903      26.94     133.98  1
        1998092221  2115703      27.63     133.93  1
        1998092300  1898459      28.17     133.92  1
        1998092303  1739982      28.80     133.97  1
        1998092306  1653048      29.41     134.06  1
        1998092309  1521082      30.01     134.11  1
        1998092312  1362565      30.75     134.24  1
        1998092315  1229025      31.69     134.46  1
        1998092318  1153866      32.68     134.76  1
        1998092321  1094425      33.46     135.06  1
        1998092400  1056790      34.02     135.17  1
        1998092403  1070142      34.49     135.40  1
        1998092406  1153796      34.95     135.58  1
        1998092409  1192758      35.18     135.64  1
        1998092412  1181497      35.44     135.76  1
        1998092415  1149742      35.69     135.89  1
        1998092418  1041486      36.12     136.07  1
        1998092421   921451      36.59     136.28  1
        1998092500   831985      36.74     136.41  1
        1998092503   622848      37.07     136.61  1
        1998092506   245189      37.49     137.10  1
LPT    10.0200
        1998090521   615546      21.07      99.84  1
        1998090600   728890      20.42      99.84  1
        1998090603   851903      20.15      99.46  1
        1998090606  1000904      19.97      98.95  1
        1998090609  1512116      20.14      97.02  1
        1998090612  1826948      20.35      94.77  1
        1998090615  1935316      20.24      94.11  1
        1998090618  2110843      20.10      93.58  1
        1998090621  2688362      19.92      92.16  1
        1998090700  2791292      19.54      92.13  1
        1998090703  2895471      19.40      92.06  1
        1998090706  3111905      19.26      91.86  1
        1998090709  3454782      19.04      91.90  1
        1998090712  3552118      18.96      90.96  1
        1998090715  3674353      18.76      89.79  1
        1998090718  3824086      18.56      89.15  1
        1998090721  4438595      18.23      87.95  1
        1998090800  4499910      18.04      87.19  1
        1998090803  4448155      18.02      86.82  1
        1998090806  4481355      17.94      86.35  1
        1998090809  4619769      17.85      86.05  1
        1998090812  4586832      17.90      85.61  1
        1998090815  4353954      17.97      85.45  1
        1998090818  4323979      17.91      85.21  1
        1998090821  4652029      17.75      84.89  1
        1998090900  4455364      17.56      84.79  1
        1998090903  4426119      17.46      84.58  1
        1998090906  4512332      17.32      84.34  1
        1998090909  4682912      17.15      84.11  1
        1998090912  4729400      16.94      83.81  1
        1998090915  4578738      16.77      83.81  1
        1998090918  4556246      16.70      83.80  1
        1998090921  4756010      16.64      84.08  1
        1998091000  4460190      16.49      84.39  1
        1998091003  4358955      16.57      84.47  1
        1998091006  4272507      16.64      84.66  1
        1998091009  4156370      16.73      84.91  1
        1998091012  3969230      16.87      85.12  1
        1998091015  3846076      16.95      85.66  1
        1998091018  3607312      17.11      86.44  1
        1998091021  3349646      17.35      87.37  1
        1998091100  2406205      18.11      90.61  1
        1998091103  2370959      18.16      90.69  1
        1998091106  2325552      18.15      90.89  1
        1998091109  2255386      18.14      91.13  1
        1998091112  2172532      18.14      91.19  1
        1998091115  2137356      18.02      91.51  1
        1998091118  2112216      17.91      91.67  1
        1998091121  2181319      17.65      92.13  1
        1998091200  1844032      17.44      92.18  1
        1998091203  1862130      17.18      92.44  1
        1998091206  1826284      16.92      92.68  1
        1998091209  1803180      16.64      93.03  1
        1998091212  1665282      16.52      92.95  1
        1998091215  1577229      16.25      93.26  1
        1998091218  1562215      15.99      93.54  1
        1998091221  1629985      15.39      94.39  1
        1998091300  1167594      14.69      94.97  1
        1998091303  1166299      14.50      94.98  1
        1998091306  1095130      13.51      96.44  1
        1998091309  3375686      15.25     109.90  1
        1998091312  3434555      15.13     110.16  1
        1998091315  3571663      14.89     110.20  1
        1998091318  3706920      14.71     110.31  1
        1998091321  3887046      14.50     110.05  1
        1998091400  4104117      14.31     109.94  1
        1998091403  4210968      14.17     109.93  1
        1998091406  4326584      14.04     109.88  1
        1998091409  4471735      13.89     109.92  1
        1998091412  4470478      13.80     109.93  1
        1998091415  4469537      13.69     109.94  1
        1998091418  4586995      13.55     110.01  1
        1998091421  4930062      13.24     109.43  1
        1998091500  5038421      13.12     109.52  1
        1998091503  5124165      12.86     109.32  1
        1998091506  5263530      12.39     108.89  1
        1998091509  5380166      12.14     108.61  1
        1998091512  5335704      11.99     108.39  1
        1998091515  9040885      14.93     120.68  1
        1998091518  9365407      15.29     120.84  1
        1998091521 10201169      16.40     121.38  1
        1998091600 10671676      18.00     122.65  1
        1998091603 11377723      20.20     124.16  1
        1998091606 11652804      20.96     124.71  1
        1998091609 11725772      21.48     125.13  1
        1998091612 11736687      21.62     125.20  1
        1998091615 11712383      21.47     124.98  1
        1998091618 11545703      21.38     124.76  1
        1998091621 11550835      21.23     124.68  1
        1998091700 11227094      21.47     125.22  1
        1998091703 10429197      22.07     126.36  1
        1998091706  8691040      25.06     131.20  1
        1998091709  8549927      25.07     131.42  1
        1998091712  8476258      25.17     131.95  1
        1998091715  8727965      24.43     131.94  1
        1998091718  8966646      23.14     131.37  1
        1998091721  8845195      22.09     130.58  1
        1998091800  8675947      22.01     130.77  1
        1998091803  8545197      21.74     130.87  1
        1998091806  8484770      21.65     130.60  1
        1998091809  8425427      21.28     130.08  1
        1998091812  8226568      20.88     129.67  1
        1998091815  7948206      20.24     129.26  1
        1998091818  7672071      19.30     128.58  1
        1998091821  6894796      16.70     127.19  1
        1998091900  6774320      16.59     127.46  1
        1998091903  6693205      16.58     127.75  1
        1998091906  6690853      16.62     127.84  1
        1998091909  6696330      16.67     128.08  1
        1998091912  6636466      16.70     128.40  1
        1998091915  6602329      16.72     128.75  1
        1998091918  6611995      16.74     128.84  1
        1998091921  6654149      16.77     128.86  1
        1998092000  6579352      16.75     128.85  1
        1998092003  6350035      16.63     129.01  1
        1998092006  6246879      16.64     129.00  1
        1998092009  6233276      16.65     128.70  1
        1998092012  6082892      16.68     128.57  1
        1998092015  5788060      16.82     128.71  1
        1998092018  5495077      17.13     129.27  1
        1998092021  5168306      17.48     129.66  1
        1998092100  4797327      17.54     129.90  1
        1998092103  4428282      17.87     130.46  1
        1998092106  4102438      18.19     130.87  1
        1998092109  3791349      18.60     131.61  1
        1998092112  3388191      19.21     132.53  1
        1998092115  3243985      19.87     133.08  1
        1998092118  3088614      20.67     133.56  1
        1998092121  2941953      21.29     133.84  1
        1998092200  2831168      22.04     134.09  1
        1998092203  2948849      23.16     134.10  1
        1998092206  2973935      24.14     134.05  1
        1998092209  2903345      24.91     134.09  1
        1998092212  2755732      25.85     134.12  1
        1998092215  2562315      26.30     134.07  1
        1998092218  2331903      26.94     133.98  1
        1998092221  2115703      27.63     133.93  1
        1998092300  1898459      28.17     133.92  1
        1998092303  1739982      28.80     133.97  1
        1998092306  1653048      29.41     134.06  1
        1998092309  1521082      30.01     134.11  1
        1998092312  1362565      30.75     134.24  1
        1998092315  1229025      31.69     134.46  1
        1998092318  1153866      32.68     134.76  1
        1998092321  1094425      33.46     135.06  1
        1998092400  1056790      34.02     135.17  1
        1998092403  1070142      34.49     135.40  1
        1998092406  1153796      34.95     135.58  1
        1998092409  1192758      35.18     135.64  1
        1998092412  1181497      35.44     135.76  1
        1998092415  1149742      35.69     135.89  1
        1998092418  1041486      36.12     136.07  1
        1998092421   921451      36.59     136.28  1
        1998092500   831985      36.74     136.41  1
        1998092503   622848      37.07     136.61  1
        1998092506   245189      37.49     137.10  1
LPT    11.0100
        1998082906   381962      11.78     258.59  1
        1998082909   697854      11.84     258.68  1
        1998082912   919743      11.93     258.58  1
        1998082915  1049299      12.02     258.43  1
        1998082918  1143146      12.14     257.94  1
        1998082921  1331380      12.22     257.80  1
        1998083000  1433892      12.38     257.87  1
        1998083003  1544207      12.46     258.01  1
        1998083006  2254063      13.36     261.84  1
        1998083009  2873084      13.67     263.22  1
        1998083012  3145972      13.86     263.79  1
        1998083015  3325507      14.07     264.04  1
        1998083018  3461497      14.25     264.43  1
        1998083021  3668442      14.42     264.55  1
        1998083100  3735597      14.54     264.28  1
        1998083103  3676689      14.67     264.13  1
        1998083106  3725059      14.80     263.83  1
        1998083109  3832336      14.95     263.78  1
        1998083112  3988707      15.14     263.60  1
        1998083115  4081574      15.32     263.53  1
        1998083118  4214080      15.61     263.45  1
        1998083121  4288353      15.92     263.50  1
        1998090100  4269572      16.12     263.38  1
        1998090103  4180824      16.31     263.44  1
        1998090106  4191775      16.50     263.49  1
        1998090109  4206365      16.83     263.69  1
        1998090112  4350764      17.13     263.73  1
        1998090115  4357554      17.41     263.78  1
        1998090118  4353764      17.67     263.81  1
        1998090121  4393810      17.92     263.91  1
        1998090200  4415660      18.29     263.79  1
        1998090203  4458320      18.54     263.66  1
        1998090206  4659366      18.81     263.11  1
        1998090209  4827525      19.01     262.82  1
        1998090212  5012683      19.34     262.78  1
        1998090215  5033250      19.65     262.86  1
        1998090218  5104037      20.02     263.15  1
        1998090221  5176845      20.40     263.38  1
        1998090300  5159979      20.51     263.51  1
        1998090303  5125867      20.62     263.72  1
        1998090306  5222454      20.52     263.78  1
        1998090309  5369598      20.29     264.03  1
        1998090312  5529981      20.18     264.32  1
        1998090315  5412394      20.26     264.90  1
        1998090318  5413111      20.12     265.20  1
        1998090321  5324810      19.91     265.54  1
        1998090400  5231875      19.55     265.50  1
        1998090403  5073816      19.27     265.70  1
        1998090406  4984363      18.94     265.58  1
        1998090409  5031496      18.59     265.35  1
        1998090412  3471291      13.46     261.02  1
        1998090415  3383516      13.08     261.15  1
        1998090418  3488053      12.85     261.07  1
        1998090421  3666717      12.75     260.91  1
        1998090500  3796042      12.69     260.86  1
        1998090503  3862354      12.55     260.99  1
        1998090506  3915422      12.53     260.97  1
        1998090509  4002623      12.44     260.98  1
        1998090512  4030090      12.48     260.98  1
        1998090515  4036051      12.50     261.03  1
        1998090518  4183399      12.55     261.17  1
        1998090521  4443480      12.64     261.42  1
        1998090600  4630509      12.74     261.71  1
        1998090603  4762161      12.88     261.94  1
        1998090606  4900646      13.01     261.97  1
        1998090609  5021790      13.11     262.01  1
        1998090612  4977209      13.31     262.31  1
        1998090615  4888182      13.52     262.73  1
        1998090618  4967800      13.60     262.77  1
        1998090621  5015242      13.79     263.08  1
        1998090700  4948713      14.02     263.19  1
        1998090703  4872712      14.24     263.14  1
        1998090706  4854866      14.40     263.00  1
        1998090709  4947676      14.57     263.18  1
        1998090712  4887167      14.77     263.33  1
        1998090715  4820537      15.03     263.40  1
        1998090718  4844492      15.22     263.70  1
        1998090721  4840430      15.46     264.14  1
        1998090800  4711193      15.69     264.43  1
        1998090803  4638500      15.83     264.71  1
        1998090806  4727951      15.90     264.96  1
        1998090809  5060161      15.75     265.47  1
        1998090812  5230852      15.70     265.86  1
        1998090815  5397710      15.67     266.39  1
        1998090818  5449395      15.66     266.59  1
        1998090821  5522242      15.56     266.91  1
        1998090900  5460074      15.51     267.04  1
        1998090903  5430369      15.54     267.14  1
        1998090906  5401088      15.55     267.33  1
        1998090909  5504268      15.59     267.64  1
        1998090912  5580889      15.69     267.82  1
        1998090915  5628854      15.85     267.81  1
        1998090918  5784615      15.84     267.93  1
        1998090921  6081905      15.58     268.55  1
        1998091000  6078876      15.77     268.46  1
        1998091003  6155692      15.75     268.72  1
        1998091006  6126850      15.86     268.69  1
        1998091009  6055974      16.05     268.65  1
        1998091012  5697931      16.82     267.85  1
        1998091015  4858364      18.75     265.50  1
        1998091018  4740014      19.11     265.22  1
        1998091021  4647096      19.49     264.97  1
        1998091100  4594060      19.76     264.77  1
        1998091103  4558063      19.96     264.64  1
        1998091106  4531897      20.16     264.47  1
        1998091109  4454093      20.46     264.36  1
        1998091112  4337733      20.78     264.29  1
        1998091115  4270577      21.12     264.29  1
        1998091118  4225349      21.28     264.19  1
        1998091121  4146634      21.60     264.18  1
        1998091200  4028418      21.88     264.14  1
        1998091203  3910422      22.07     264.11  1
        1998091206  3779703      22.28     264.15  1
        1998091209  3674559      22.45     264.11  1
        1998091212  3519786      22.80     264.12  1
        1998091215  3298034      23.15     264.18  1
        1998091218  3039568      23.61     264.31  1
        1998091221  2656170      24.44     264.73  1
        1998091300  2377071      25.09     264.98  1
        1998091303  2045365      25.82     265.35  2
        1998091306  2046435      25.89     265.24  1
        1998091309  1871595      26.46     265.62  1
        1998091312  1560855      27.86     266.67  1
        1998091315  1501752      27.94     266.65  1
        1998091318  1432967      28.05     266.66  1
        1998091321  1338112      28.19     266.68  1
        1998091400  1229074      28.34     266.68  1
        1998091403  1057551      28.60     266.72  1
        1998091406   906584      28.84     266.82  1
        1998091409   788029      29.15     267.04  1
        1998091412   643740      29.28     267.19  1
        1998091415   493393      29.34     267.25  1
LPT    12.0100
        1998091921   595034       1.58      92.77  1
        1998092000  1000543       1.59      92.54  1
        1998092003  1250130       1.69      92.52  1
        1998092006  1494161       1.82      92.39  1
        1998092009  1671838       1.99      92.33  1
        1998092012  1802115       2.53      92.17  1
        1998092015  1871442       2.68      91.80  1
        1998092018  2050878       2.69      91.30  1
        1998092021  2523282       2.38      90.34  1
        1998092100  2699939       2.54      89.99  1
        1998092103  2810787       2.55      89.39  1
        1998092106  3015393       2.42      89.17  1
        1998092109  3224296       2.45      89.03  1
        1998092112  3381226       2.38      88.94  1
        1998092115  3386842       2.30      88.80  1
        1998092118  3495089       2.33      88.84  1
        1998092121  3576681       2.25      88.79  1
        1998092200  3447185       2.32      88.89  1
        1998092203  3489333       2.17      89.03  1
        1998092206  3565859       2.12      89.19  1
        1998092209  3608442       2.03      89.41  1
        1998092212  3609263       1.68      89.46  1
        1998092215  3651588       1.39      89.37  1
        1998092218  3836582       1.13      89.62  1
        1998092221  4333944       0.39      89.80  1
        1998092300  4529085       0.04      90.00  1
        1998092303  4549067      -0.23      90.17  1
        1998092306  4771826      -0.49      90.26  1
        1998092309  5044427      -0.75      90.49  1
        1998092312  5092585      -0.88      90.54  1
        1998092315  5131012      -1.12      90.58  1
        1998092318  5251802      -1.35      90.88  1
        1998092321  5493303      -1.78      91.10  1
        1998092400  5376396      -1.92      91.49  1
        1998092403  5428251      -2.17      91.59  1
        1998092406  5515288      -2.32      91.83  1
        1998092409  5698786      -2.35      91.95  1
        1998092412  5569246      -2.60      92.31  1
        1998092415  5551302      -2.67      92.56  1
        1998092418  5716079      -2.55      92.83  1
        1998092421  5961766      -2.35      93.41  1
        1998092500  6403576      -1.90      94.56  1
        1998092503  6856373      -1.44      95.32  1
        1998092506  7191958      -0.97      95.94  1
        1998092509  7598101      -0.52      96.36  1
        1998092512  7638183      -0.31      96.72  1
        1998092515  7781093      -0.16      96.97  1
        1998092518  8047180       0.03      97.09  1
        1998092521  8275665       0.32      97.08  1
        1998092600  8132456       0.77      97.18  1
        1998092603  8176125       1.09      97.14  1
        1998092606  8422929       1.46      97.17  1
        1998092609  8743575       1.81      97.54  1
        1998092612  8710053       2.12      97.82  1
        1998092615 11851818       3.87     109.04  1
        1998092618 12372579       3.97     110.29  1
        1998092621 12782820       4.07     111.18  1
        1998092700 12788059       4.28     111.70  1
        1998092703 12978340       4.31     112.02  1
        1998092706 13108364       4.38     112.41  1
        1998092709 13124452       4.46     112.57  1
        1998092712 12890003       4.50     113.12  1
        1998092715 12954801       4.53     113.26  1
        1998092718 13940419       5.25     111.21  1
        1998092721 13861945       5.36     111.29  1
        1998092800 11443072       7.08     115.16  1
        1998092803 10689294       7.36     115.72  1
        1998092806 10173518       7.45     116.91  1
        1998092809  8321306       6.67     123.93  1
        1998092812  8066088       6.86     124.77  1
        1998092815  7946809       7.16     125.35  1
        1998092818  8167012       7.63     125.40  1
        1998092821  8542606       8.11     125.37  1
        1998092900  8293797       8.43     125.39  1
        1998092903  8241929       8.71     125.69  1
        1998092906  8486701       9.38     125.99  1
        1998092909  8557110      10.06     126.38  1
        1998092912  8415832      11.04     127.57  1
        1998092915  8681104      11.16     128.43  1
        1998092918  9231789      11.17     128.67  1
        1998092921  9592130      11.49     129.01  1
        1998093000  9906596      12.05     129.14  1
        1998093003 10474667      12.23     129.67  1
        1998093006 11119435      12.42     129.90  1
        1998093009 11572853      12.64     129.91  1
        1998093012 11914167      12.76     130.02  1
        1998093015 12190696      12.64     130.07  1
        1998093018 12476997      12.50     129.94  1
        1998093021 13305802      11.44     128.64  1
        1998100100 13498045      11.25     128.57  1
        1998100103 13466627      11.05     128.82  1
        1998100106 11434199       5.29     129.12  1
        1998100109 11293100       5.22     129.19  1
        1998100112 11146822       5.11     129.66  1
        1998100115 10466368       5.56     131.24  1
        1998100118 10274032       5.54     130.93  1
        1998100121  9929583       5.63     130.73  1
        1998100200  9565228       5.66     130.48  1
        1998100203  9300393       5.72     130.05  1
        1998100206  3691391      -0.46     147.93  1
        1998100209  3592958      -0.49     147.78  1
        1998100212  3598390      -0.57     147.66  1
        1998100215  3566944      -0.60     147.41  1
        1998100218  3507847      -0.64     147.19  1
        1998100221  3399542      -0.71     146.87  1
        1998100300  3243555      -0.76     146.50  1
        1998100303  3037395      -0.83     146.27  1
        1998100306  2610527      -0.62     145.37  1
        1998100309  2047151      -0.10     143.94  1
        1998100312  1580924       0.46     142.45  1
        1998100315  1235288       1.08     140.98  1
        1998100318  1030671       1.50     139.88  1
        1998100321   907868       1.73     138.98  1
        1998100400   842190       1.93     138.24  1
        1998100403   788887       2.06     137.70  1
        1998100406   783430       2.18     137.04  1
        1998100409   799590       2.25     136.53  1
        1998100412   761749       2.35     136.16  1
        1998100415   771695       2.49     135.91  1
        1998100418   839447       2.69     135.69  1
        1998100421   975800       2.88     135.18  1
        1998100500   860018       3.05     135.08  1
        1998100503   753572       3.11     134.76  1
        1998100506   712007       3.03     133.67  1
        1998100509   458396       2.75     131.88  1
        1998100512   312702       2.20     129.07  1
LPT    12.0200
        1998091921   595034       1.58      92.77  1
        1998092000  1000543       1.59      92.54  1
        1998092003  1250130       1.69      92.52  1
        1998092006  1494161       1.82      92.39  1
        1998092009  1671838       1.99      92.33  1
        1998092012  1802115       2.53      92.17  1
        1998092015  1871442       2.68      91.80  1
        1998092018  2050878       2.69      91.30  1
        1998092021  2523282       2.38      90.34  1
        1998092100  2699939       2.54      89.99  1
        1998092103  2810787       2.55      89.39  1
        1998092106  3015393       2.42      89.17  1
        1998092109  3224296       2.45      89.03  1
        1998092112  3381226       2.38      88.94  1
        1998092115  3386842       2.30      88.80  1
        1998092118  3495089       2.33      88.84  1
        1998092121  3576681       2.25      88.79  1
        1998092200  3447185       2.32      88.89  1
        1998092203  3489333       2.17      89.03  1
        1998092206  3565859       2.12      89.19  1
        1998092209  3608442       2.03      89.41  1
        1998092212  3609263       1.68      89.46  1
        1998092215  3651588       1.39      89.37  1
        1998092218  3836582       1.13      89.62  1
        1998092221  4333944       0.39      89.80  1
        1998092300  4529085       0.04      90.00  1
        1998092303  4549067      -0.23      90.17  1
        1998092306  4771826      -0.49      90.26  1
        1998092309  5044427      -0.75      90.49  1
        1998092312  5092585      -0.88      90.54  1
        1998092315  5131012      -1.12      90.58  1
        1998092318  5251802      -1.35      90.88  1
        1998092321  5493303      -1.78      91.10  1
        1998092400  5376396      -1.92      91.49  1
        1998092403  5428251      -2.17      91.59  1
        1998092406  5515288      -2.32      91.83  1
        1998092409  5698786      -2.35      91.95  1
        1998092412  5569246      -2.60      92.31  1
        1998092415  5551302      -2.67      92.56  1
        1998092418  5716079      -2.55      92.83  1
        1998092421  5961766      -2.35      93.41  1
        1998092500  6403576      -1.90      94.56  1
        1998092503  6856373      -1.44      95.32  1
        1998092506  7191958      -0.97      95.94  1
        1998092509  7598101      -0.52      96.36  1
        1998092512  7638183      -0.31      96.72  1
        1998092515  7781093      -0.16      96.97  1
        1998092518  8047180       0.03      97.09  1
        1998092521  8275665       0.32      97.08  1
        1998092600  8132456       0.77      97.18  1
        1998092603  8176125       1.09      97.14  1
        1998092606  8422929       1.46      97.17  1
        1998092609  8743575       1.81      97.54  1
        1998092612  8710053       2.12      97.82  1
        1998092615 11851818       3.87     109.04  1
        1998092618 12372579       3.97     110.29  1
        1998092621 12782820       4.07     111.18  1
        1998092700 12788059       4.28     111.70  1
        1998092703 12978340       4.31     112.02  1
        1998092706 13108364       4.38     112.41  1
        1998092709 13124452       4.46     112.57  1
        1998092712 12890003       4.50     113.12  1
        1998092715 12954801       4.53     113.26  1
        1998092718 13940419       5.25     111.21  1
        1998092721 13861945       5.36     111.29  1
        1998092800 11443072       7.08     115.16  1
        1998092803 10689294       7.36     115.72  1
        1998092806 10173518       7.45     116.91  1
        1998092809  8321306       6.67     123.93  1
        1998092812  8066088       6.86     124.77  1
        1998092815  7946809       7.16     125.35  1
        1998092818  8167012       7.63     125.40  1
        1998092821  8542606       8.11     125.37  1
        1998092900  8293797       8.43     125.39  1
        1998092903  8241929       8.71     125.69  1
        1998092906  8486701       9.38     125.99  1
        1998092909  8557110      10.06     126.38  1
        1998092912  8415832      11.04     127.57  1
        1998092915  8681104      11.16     128.43  1
        1998092918  9231789      11.17     128.67  1
        1998092921  9592130      11.49     129.01  1
        1998093000  9906596      12.05     129.14  1
        1998093003 10474667      12.23     129.67  1
        1998093006 11119435      12.42     129.90  1
        1998093009 11572853      12.64     129.91  1
        1998093012 11914167      12.76     130.02  1
        1998093015 12190696      12.64     130.07  1
        1998093018 12476997      12.50     129.94  1
        1998093021 13305802      11.44     128.64  1
        1998100100 13498045      11.25     128.57  1
        1998100103 13466627      11.05     128.82  1
        1998100106 11434199       5.29     129.12  1
        1998100109 11293100       5.22     129.19  1
        1998100112 11146822       5.11     129.66  1
        1998100115 10466368       5.56     131.24  1
        1998100118 10274032       5.54     130.93  1
        1998100121  9929583       5.63     130.73  1
        1998100200  9565228       5.66     130.48  1
        1998100203  9300393       5.72     130.05  1
        1998100206  5431659       9.90     117.06  1
        1998100209  5324251       9.99     116.44  1
        1998100212  5196035      10.17     116.11  1
        1998100215  5094793      10.18     115.55  1
        1998100218  4944765      10.32     114.92  1
        1998100221  4872115      10.51     113.83  1
        1998100300  4893819      10.67     112.45  1
        1998100303  5008510      10.87     111.51  1
        1998100306  4988900      11.08     110.86  1
        1998100309  4901315      11.30     110.49  1
        1998100312  4794432      11.50     110.48  1
        1998100315  4772657      11.74     110.42  1
        1998100318  4802986      11.96     110.17  1
        1998100321  4846719      12.11     109.87  1
        1998100400  4860199      12.22     109.54  1
        1998100403  4898822      12.42     109.40  1
        1998100406  4938594      12.58     109.35  1
        1998100409  4886510      12.80     109.51  1
        1998100412  4637103      13.09     110.02  1
        1998100415   702621       8.96      94.64  1
        1998100418   610047       8.67      94.53  1
        1998100421  1625021       1.53      93.58  1
        1998100500  1853673       0.48      93.75  1
        1998100503  2051714      -0.35      93.94  1
        1998100506  2334038      -1.03      94.18  1
        1998100509  2541918      -1.55      94.26  1
        1998100512  2564050      -2.21      94.45  1
        1998100515  2615013      -2.69      94.59  1
        1998100518  2610821      -3.15      94.64  1
        1998100521  2600233      -3.68      94.73  1
        1998100600  2673797      -3.97      94.88  1
        1998100603  2636240      -4.26      94.93  1
        1998100606  2605829      -4.47      94.98  1
        1998100609  2646776      -4.61      95.09  1
        1998100612  2723168      -4.80      95.20  1
        1998100615  2755893      -4.86      95.30  1
        1998100618  2802935      -4.97      95.52  1
        1998100621  2928341      -4.95      95.80  1
        1998100700  2987934      -5.13      96.11  1
        1998100703  2896788      -5.54      96.30  1
        1998100706  2826582      -5.82      96.48  1
        1998100709  2614883      -6.30      96.66  1
        1998100712  2383615      -6.71      96.82  1
        1998100715  2097938      -7.43      96.72  1
        1998100718  1807029      -8.22      96.64  1
        1998100721  1456671      -9.22      96.49  1
        1998100800  1176273     -10.28      96.37  1
        1998100803   949018     -10.92      96.30  1
        1998100806   796957     -11.69      96.22  1
        1998100809   696941     -12.38      96.14  1
        1998100812   567835     -12.81      96.16  1
        1998100815   466379     -13.13      96.20  1
        1998100818   360660     -13.43      96.15  1
LPT    13.0100
        1998100318   391924       7.73     280.22  1
        1998100321   502582       7.98     279.89  1
        1998100400   577101       8.27     279.40  1
        1998100403   624252       8.41     279.17  1
        1998100406   614139       8.52     278.98  1
        1998100409   690169       8.69     278.73  1
        1998100412   679400       8.74     278.63  1
        1998100415   636644       8.76     278.59  1
        1998100418   609820       8.84     278.56  1
        1998100421   553075       9.03     278.39  1
        1998100500   436860       9.28     278.11  1
        1998100503   368177       9.36     278.09  1
        1998100803   431721      10.29     277.18  1
        1998100806   878161       8.97     278.83  1
        1998100809  1364886       8.66     278.88  1
        1998100812  1556270       8.99     278.17  1
        1998100815  3697713      20.38     270.79  1
        1998100818  3911978      18.68     271.39  1
        1998100821  4266996      16.93     272.46  1
        1998100900  3956466      16.68     272.22  1
        1998100903  3980332      15.53     272.79  1
        1998100906  4055843      13.63     274.29  1
        1998100909  3886054      11.92     275.50  1
        1998100912  3754505      10.87     276.17  1
        1998100915  3640537      10.54     276.30  1
        1998100918  3700207       9.73     277.03  1
        1998100921  3670423       9.34     277.28  1
        1998101000  3308939       9.61     276.67  1
        1998101003  2483934      11.44     274.11  1
        1998101006  1795757      13.32     271.42  1
        1998101009  1578281      13.37     270.78  1
        1998101012  1440790      13.42     270.13  1
        1998101015  1471386      13.45     269.73  1
        1998101018  1474599      13.43     269.36  1
        1998101021  1437850      13.56     268.72  1
        1998101100  1397574      13.65     268.06  1
        1998101103  1399932      13.76     267.51  1
        1998101106  1447220      13.98     266.77  1
        1998101109  1451526      14.13     266.27  1
        1998101112  1415944      14.21     265.91  1
        1998101115  1395753      14.22     265.59  1
        1998101118  1363944      14.30     265.35  1
        1998101121  1349312      14.37     265.26  1
        1998101200  1395233      14.44     265.07  1
        1998101203  1363524      14.50     264.87  1
        1998101206  1271261      14.44     264.47  1
        1998101209  1271302      14.43     264.06  1
        1998101212  1296512      14.48     263.71  1
        1998101215  1197869      14.49     263.51  1
        1998101218  1238806      14.52     263.33  1
        1998101221  1397523      14.60     263.88  1
        1998101300  1524729      14.68     264.36  1
        1998101303  1585157      14.69     264.64  1
        1998101306  1634548      14.68     264.85  1
        1998101309  1717347      14.59     265.66  1
        1998101312  1706580      14.54     266.04  1
        1998101315  1552933      14.50     266.50  1
        1998101318  1343669      14.50     267.15  1
        1998101321  1068238      14.55     268.57  1
        1998101400   810077      14.41     270.27  1
        1998101403   597515      13.63     272.10  1
        1998101406   436551      13.02     273.11  1
        1998101409   395754      12.65     273.71  1
        1998101412   392763      12.63     273.34  1
        1998101415   410623      12.77     272.33  1
        1998101418   503489      13.03     271.65  1
        1998101421   630073      13.23     271.21  1
        1998101500   688943      13.40     270.67  1
        1998101503   664757      13.18     270.41  1
        1998101506   730832      13.20     270.19  1
        1998101509   847671      13.30     269.99  1
        1998101512   974324      13.36     269.83  1
        1998101515  1052355      13.37     269.56  1
        1998101518  1187003      13.46     269.44  1
        1998101521  1344870      13.52     269.39  1
        1998101600  1407099      13.40     269.06  1
        1998101603  1443660      13.32     268.80  1
        1998101606  1555504      13.32     268.34  1
        1998101609  1650252      13.30     267.97  1
        1998101612  1747449      13.35     267.59  1
        1998101615  1860207      13.43     267.15  1
        1998101618  1952678      13.60     266.90  1
        1998101621  2087311      13.71     267.01  1
        1998101700  2217902      13.77     266.89  1
        1998101703  2263694      13.84     267.06  1
        1998101706  2265231      13.91     267.20  1
        1998101709  2315549      13.97     267.08  1
        1998101712  2288167      13.94     267.16  1
        1998101715  2240731      13.91     267.22  1
        1998101718  2156983      13.91     267.29  1
        1998101721  2085454      13.88     267.26  1
        1998101800  2060373      13.86     267.38  1
        1998101803  2007350      13.85     267.35  1
        1998101806  2016000      13.90     267.56  1
        1998101809  1778223      13.86     267.17  1
        1998101812  1710444      13.81     267.01  1
        1998101815  1565823      13.69     266.45  1
        1998101818  1407175      13.63     266.02  1
        1998101821  1212792      13.62     264.46  1
        1998101900  1073908      13.64     264.01  1
        1998101903   996249      13.72     263.58  1
        1998101906   891007      13.79     263.13  1
        1998101909   688608      13.78     262.81  1
        1998101912   538705      13.75     262.64  1
        1998101915   434417      13.77     262.33  1
        1998101918   386271      13.86     261.85  1
        1998101921   368209      13.90     261.52  1
        1998102000   332856      13.98     261.20  1
        1998102003   390419      14.06     260.73  1
        1998102006   388958      14.04     260.44  1
        1998102009   434642      14.04     260.04  1
        1998102012   448173      14.02     259.74  1
        1998102015   455574      14.07     259.42  1
        1998102018   455482      14.12     259.23  1
        1998102021   476285      14.19     259.02  1
        1998102100   481573      14.17     258.84  1
        1998102103   468889      14.15     258.51  1
        1998102106   472092      14.05     258.15  1
        1998102109   471434      14.01     257.78  1
        1998102112   516567      13.93     257.56  1
        1998102115   500849      13.92     257.11  1
        1998102118   486514      13.96     256.74  1
        1998102121   525379      14.01     256.47  1
        1998102200   525442      13.98     256.17  1
        1998102203   521037      13.94     255.90  1
        1998102206   474762      13.85     255.65  1
        1998102209   417172      13.77     255.44  1
        1998102212   440547      13.71     255.38  1
        1998102215   439791      13.71     255.34  1
        1998102218   365506      13.71     255.25  1
LPT    13.0200
        1998100503   422876      45.10     261.28  1
        1998100506   825335      44.59     261.84  1
        1998100509  1162556      43.96     262.49  1
        1998100512  1277707      43.81     262.69  1
        1998100515  1394735      43.47     262.98  1
        1998100518  1456306      43.33     263.17  1
        1998100521  1569822      43.04     263.45  1
        1998100600  1719899      42.63     263.77  1
        1998100603  1882551      42.12     263.97  1
        1998100606  2149867      41.34     264.24  1
        1998100609  2438823      40.60     264.39  1
        1998100612  2576141      40.24     264.44  1
        1998100615  2762350      40.15     264.66  1
        1998100618  2878712      39.94     264.80  1
        1998100621  3010698      39.55     264.84  1
        1998100700  3061470      39.28     264.93  1
        1998100703  3176395      38.93     265.01  1
        1998100706  3267685      38.54     265.03  1
        1998100709  3349682      38.12     265.17  1
        1998100712  3335698      37.88     265.38  1
        1998100715  3354806      37.70     265.56  1
        1998100718  3263111      37.30     265.89  1
        1998100721  3227281      36.78     266.21  1
        1998100800  3072452      35.94     266.54  1
        1998100803  2689505      34.42     266.62  1
        1998100806  2521057      33.28     266.64  1
        1998100809  2230641      31.37     266.20  1
        1998100812  2037878      29.59     265.75  1
        1998100815  3697713      20.38     270.79  1
        1998100818  3911978      18.68     271.39  1
        1998100821  4266996      16.93     272.46  1
        1998100900  3956466      16.68     272.22  1
        1998100903  3980332      15.53     272.79  1
        1998100906  4055843      13.63     274.29  1
        1998100909  3886054      11.92     275.50  1
        1998100912  3754505      10.87     276.17  1
        1998100915  3640537      10.54     276.30  1
        1998100918  3700207       9.73     277.03  1
        1998100921  3670423       9.34     277.28  1
        1998101000  3308939       9.61     276.67  1
        1998101003  2483934      11.44     274.11  1
        1998101006  1795757      13.32     271.42  1
        1998101009  1578281      13.37     270.78  1
        1998101012  1440790      13.42     270.13  1
        1998101015  1471386      13.45     269.73  1
        1998101018  1474599      13.43     269.36  1
        1998101021  1437850      13.56     268.72  1
        1998101100  1397574      13.65     268.06  1
        1998101103  1399932      13.76     267.51  1
        1998101106  1447220      13.98     266.77  1
        1998101109  1451526      14.13     266.27  1
        1998101112  1415944      14.21     265.91  1
        1998101115  1395753      14.22     265.59  1
        1998101118  1363944      14.30     265.35  1
        1998101121  1349312      14.37     265.26  1
        1998101200  1395233      14.44     265.07  1
        1998101203  1363524      14.50     264.87  1
        1998101206  1271261      14.44     264.47  1
        1998101209  1271302      14.43     264.06  1
        1998101212  1296512      14.48     263.71  1
        1998101215  1197869      14.49     263.51  1
        1998101218  1238806      14.52     263.33  1
        1998101221  1397523      14.60     263.88  1
        1998101300  1524729      14.68     264.36  1
        1998101303  1585157      14.69     264.64  1
        1998101306  1634548      14.68     264.85  1
        1998101309  1717347      14.59     265.66  1
        1998101312  1706580      14.54     266.04  1
        1998101315  1552933      14.50     266.50  1
        1998101318  1343669      14.50     267.15  1
        1998101321  1068238      14.55     268.57  1
        1998101400   810077      14.41     270.27  1
        1998101403   597515      13.63     272.10  1
        1998101406   436551      13.02     273.11  1
        1998101409   395754      12.65     273.71  1
        1998101412   392763      12.63     273.34  1
        1998101415   410623      12.77     272.33  1
        1998101418   503489      13.03     271.65  1
        1998101421   630073      13.23     271.21  1
        1998101500   688943      13.40     270.67  1
        1998101503   664757      13.18     270.41  1
        1998101506   730832      13.20     270.19  1
        1998101509   847671      13.30     269.99  1
        1998101512   974324      13.36     269.83  1
        1998101515  1052355      13.37     269.56  1
        1998101518  1187003      13.46     269.44  1
        1998101521  1344870      13.52     269.39  1
        1998101600  1407099      13.40     269.06  1
        1998101603  1443660      13.32     268.80  1
        1998101606  1555504      13.32     268.34  1
        1998101609  1650252      13.30     267.97  1
        1998101612  1747449      13.35     267.59  1
        1998101615  1860207      13.43     267.15  1
        1998101618  1952678      13.60     266.90  1
        1998101621  2087311      13.71     267.01  1
        1998101700  2217902      13.77     266.89  1
        1998101703  2263694      13.84     267.06  1
        1998101706  2265231      13.91     267.20  1
        1998101709  2315549      13.97     267.08  1
        1998101712  2288167      13.94     267.16  1
        1998101715  2240731      13.91     267.22  1
        1998101718  2156983      13.91     267.29  1
        1998101721  2085454      13.88     267.26  1
        1998101800  2060373      13.86     267.38  1
        1998101803  2007350      13.85     267.35  1
        1998101806  2016000      13.90     267.56  1
        1998101809  1778223      13.86     267.17  1
        1998101812  1710444      13.81     267.01  1
        1998101815  1565823      13.69     266.45  1
        1998101818  1407175      13.63     266.02  1
        1998101821  1212792      13.62     264.46  1
        1998101900  1073908      13.64     264.01  1
        1998101903   996249      13.72     263.58  1
        1998101906   891007      13.79     263.13  1
        1998101909   688608      13.78     262.81  1
        1998101912   538705      13.75     262.64  1
        1998101915   434417      13.77     262.33  1
        1998101918   386271      13.86     261.85  1
        1998101921   368209      13.90     261.52  1
        1998102000   332856      13.98     261.20  1
        1998102003   390419      14.06     260.73  1
        1998102006   388958      14.04     260.44  1
        1998102009   434642      14.04     260.04  1
        1998102012   448173      14.02     259.74  1
        1998102015   455574      14.07     259.42  1
        1998102018   455482      14.12     259.23  1
        1998102021   476285      14.19     259.02  1
        1998102100   481573      14.17     258.84  1
        1998102103   468889      14.15     258.51  1
        1998102106   472092      14.05     258.15  1
        1998102109   471434      14.01     257.78  1
        1998102112   516567      13.93     257.56  1
        1998102115   500849      13.92     257.11  1
        1998102118   486514      13.96     256.74  1
        1998102121   525379      14.01     256.47  1
        1998102200   525442      13.98     256.17  1
        1998102203   521037      13.94     255.90  1
        1998102206   474762      13.85     255.65  1
        1998102209   417172      13.77     255.44  1
        1998102212   440547      13.71     255.38  1
        1998102215   439791      13.71     255.34  1
        1998102218   365506      13.71     255.25  1
LPT    14.0100
        1998101100   332927      10.31     142.57  1
        1998101103   645709      10.04     141.59  1
        1998101106   915294       9.84     140.93  1
        1998101109  1123024       9.78     140.44  1
        1998101112  1461304       9.58     139.67  1
        1998101115  1774581       9.41     139.00  1
        1998101118  2006789       9.35     138.62  1
        1998101121  2285028       9.34     138.12  1
        1998101200  2437809       9.44     137.84  1
        1998101203  2562272       9.55     137.66  1
        1998101206  2711954       9.61     137.39  1
        1998101209  2854626       9.78     137.09  1
        1998101212  3018134       9.96     136.73  1
        1998101215  3210959      10.14     136.29  1
        1998101218  3337565      10.32     135.78  1
        1998101221  3468162      10.52     135.22  1
        1998101300  3579838      10.78     134.65  1
        1998101303  3665891      11.01     134.10  1
        1998101306  3818081      11.28     133.52  1
        1998101309  3995656      11.61     132.95  1
        1998101312  4164157      11.94     132.52  1
        1998101315  4345386      12.24     132.07  1
        1998101318  4469427      12.53     131.64  1
        1998101321  4514581      12.73     131.29  1
        1998101400  4521779      13.00     130.92  1
        1998101403  4506491      13.22     130.63  1
        1998101406  4518241      13.51     130.22  1
        1998101409  4491374      13.74     129.87  1
        1998101412  4499022      13.96     129.62  1
        1998101415  4465132      14.35     129.10  1
        1998101418  4498723      14.67     128.78  1
        1998101421  4602215      15.00     128.23  1
        1998101500  4559955      15.37     127.62  1
        1998101503  4581369      15.68     127.17  1
        1998101506  4670473      16.04     126.81  1
        1998101509  4755746      16.49     126.44  1
        1998101512  4774249      16.86     126.06  1
        1998101515  4905940      17.39     125.73  1
        1998101518  4952994      17.83     125.49  1
        1998101521  5057553      18.39     125.26  1
        1998101600  5013970      18.89     125.02  1
        1998101603  4962380      19.41     124.82  1
        1998101606  4970277      19.97     124.67  1
        1998101609  4968462      20.58     124.53  1
        1998101612  5000972      21.45     124.55  1
        1998101615  8821937      32.83     136.97  1
        1998101618  8907732      33.24     137.20  1
        1998101621  9063010      33.56     137.88  1
        1998101700  9149729      33.84     138.44  1
        1998101703  9376165      33.98     139.18  1
        1998101706  9569981      33.94     139.67  1
        1998101709  9506942      34.04     139.98  1
        1998101712  9773092      34.08     140.88  1
        1998101715 10092179      34.06     141.38  1
        1998101718 10134871      33.82     141.47  1
        1998101721 10099597      33.65     141.82  1
        1998101800 10018569      34.16     143.23  1
        1998101803  9852484      34.28     144.19  1
        1998101806  9545890      34.11     144.59  1
        1998101809  1625699       9.56     129.72  1
        1998101812  3692744       6.25     120.12  1
        1998101815  3904690       6.20     120.24  1
        1998101818  4147092       6.09     120.29  1
        1998101821  4479151       5.84     120.06  1
        1998101900  4669216       5.67     119.90  1
        1998101903  4795525       5.62     120.04  1
        1998101906  4898777       5.76     120.44  1
        1998101909  4973823       5.77     120.76  1
        1998101912  5055916       5.87     121.14  1
        1998101915  5193542       5.95     121.33  1
        1998101918  5333747       5.98     121.41  1
        1998101921  5522689       5.86     121.34  1
        1998102000  5550574       5.96     121.43  1
        1998102003  5456694       6.21     121.80  1
        1998102006  5250042       6.66     122.51  1
        1998102009  4948853       7.38     123.52  1
        1998102012  4790036       7.58     123.95  1
        1998102015  4689112       7.72     124.20  1
        1998102018  4585984       7.85     124.40  1
        1998102021  4442076       8.02     124.57  1
        1998102100  4230362       8.20     124.83  1
        1998102103  4119133       8.45     124.96  1
        1998102106  3977239       8.73     125.24  1
        1998102109  3885940       8.93     125.34  1
        1998102112  3718576       9.19     125.68  2
        1998102115  3732049       9.37     125.57  1
        1998102118  3819120       9.48     125.23  1
        1998102121  3819167       9.76     124.86  1
        1998102200  3609069      10.07     125.03  1
        1998102203  3544128      10.23     124.87  1
        1998102206  3567356      10.31     124.37  1
        1998102209  3596822      10.45     123.74  1
        1998102212  3623315      10.58     123.16  1
        1998102215  3728414      10.61     122.54  1
        1998102218  3816248      10.64     122.03  1
        1998102221  3871493      10.73     121.56  1
        1998102300  3872300      10.84     121.16  1
        1998102303  3889772      10.93     120.87  1
        1998102306  3955586      10.96     120.52  1
        1998102309  3953289      11.07     120.20  1
        1998102312  3909489      11.17     120.02  1
        1998102315  3897736      11.21     119.91  1
        1998102318  3904708      11.27     119.72  1
        1998102321  3903722      11.42     119.49  1
        1998102400  3870812      11.57     119.42  1
        1998102403  3825341      11.60     119.36  1
        1998102406  3816683      11.57     119.17  1
        1998102409  5119756       9.67     114.74  1
        1998102412  8264147       5.44     101.68  1
        1998102415  8513051       5.36     101.96  1
        1998102418  8549684       5.42     102.14  1
        1998102421  8523462       5.55     102.21  1
        1998102500  8282041       5.81     102.52  1
        1998102503  8118502       5.97     102.99  1
        1998102506  8255968       6.15     103.51  1
        1998102509  8339380       6.41     103.99  1
        1998102512  8230327       6.69     104.54  1
        1998102515  8233898       6.75     104.87  1
        1998102518  7973452       6.89     105.04  1
        1998102521  4817654       0.77      96.36  1
        1998102600  4729064       0.75      96.95  1
        1998102603  4784884       0.75      97.67  1
        1998102606  4953837       0.56      98.06  1
        1998102609  5036384       0.41      98.32  1
        1998102612  5050749       0.34      98.49  1
        1998102615  5212808       0.14      98.50  1
        1998102618  5341449      -0.07      98.47  1
        1998102621  5430700      -0.21      98.24  1
        1998102700  5496995      -0.32      98.28  1
        1998102703  5550204      -0.37      98.44  1
        1998102706  5689483      -0.49      98.62  1
        1998102709  5699103      -0.61      98.91  1
        1998102712  5414392      -0.76      99.21  1
        1998102715  5233803      -0.95      99.60  1
        1998102718  5241053      -1.03      99.70  1
        1998102721  5323626      -1.10      99.72  1
        1998102800  5321418      -1.19      99.76  1
        1998102803  5346544      -1.32      99.83  1
        1998102806  5430737      -1.45      99.68  1
        1998102809  5495100      -1.62      99.62  1
        1998102812  5449363      -1.77      99.77  1
        1998102815  5495632      -1.87      99.84  1
        1998102818  5510899      -1.98      99.64  1
        1998102821  5554139      -1.99      99.31  1
        1998102900  5532319      -1.97      99.08  1
        1998102903  5635537      -1.90      98.84  1
        1998102906  5752580      -1.87      98.55  1
        1998102909  5830199      -1.69      98.39  1
        1998102912  5735007      -1.59      98.42  1
        1998102915  5635868      -1.55      98.62  1
        1998102918  5431530      -1.36      99.07  1
        1998102921  5286716      -1.16      99.48  1
        1998103000  5050242      -1.05     100.02  1
        1998103003  4895493      -1.01     100.20  1
        1998103006  4866846      -1.01     100.10  1
        1998103009  4737311      -0.89     100.23  1
        1998103012  4557499      -0.85     100.19  1
        1998103015  4541016      -0.84      99.71  1
        1998103018  4549937      -0.74      99.15  1
        1998103021  4647451      -0.50      98.16  1
        1998103100  4943531      -0.10      96.61  1
        1998103103  5193227       0.32      94.90  1
        1998103106  5518122       0.81      93.73  1
        1998103109  5671524       1.29      93.11  1
        1998103112  5620568       1.76      92.51  1
        1998103115  5602579       1.93      92.03  1
        1998103118  5609572       2.10      91.66  1
        1998103121  5946535       2.10      92.15  1
        1998110100  5958779       2.39      91.84  1
        1998110103  5883703       2.58      91.48  1
        1998110106  5896208       2.67      91.33  1
        1998110109  5808222       2.82      91.32  1
        1998110112  5702971       2.90      91.37  1
        1998110115  5709419       3.00      91.34  1
        1998110118  5749572       3.02      91.24  1
        1998110121  5741411       2.87      91.16  1
        1998110200  5669828       2.84      91.14  1
        1998110203  5682764       2.90      91.00  1
        1998110206  5805304       2.80      91.08  1
        1998110209  6033578       2.74      91.27  1
        1998110212  6180996       2.68      91.40  1
        1998110215  6143263       2.71      91.48  1
        1998110218  6345817       2.65      91.74  1
        1998110221  6699818       2.36      92.24  1
        1998110300  6674250       2.26      92.47  1
        1998110303  6666018       1.95      92.72  1
        1998110306  6998919       1.53      93.63  1
        1998110309  7029683       1.23      94.25  1
        1998110312  6972896       0.87      94.45  1
        1998110315  6805405       0.65      94.47  1
        1998110318  6845973       0.44      94.47  1
        1998110321  6922756       0.40      94.68  1
        1998110400  6808857       0.32      94.51  1
        1998110403  6579152       0.01      94.37  1
        1998110406  6496894      -0.22      94.84  1
        1998110409  6461873      -0.37      95.42  1
        1998110412  6273479      -0.73      95.96  1
        1998110415  5632274      -1.81      97.42  1
        1998110418  5534405      -2.06      97.82  1
        1998110421  5530393      -2.15      98.08  1
        1998110500  5439921      -2.23      98.21  1
        1998110503  5397616      -2.36      98.23  1
        1998110506  5462174      -2.42      98.48  1
        1998110509  5495049      -2.47      98.78  1
        1998110512  5342128      -2.65      98.76  1
        1998110515  5191365      -2.80      98.68  1
        1998110518  5212071      -3.04      98.64  1
        1998110521  5155436      -3.27      98.70  1
        1998110600  5101302      -3.42      98.86  1
        1998110603  5024190      -3.57      98.83  1
        1998110606  4952255      -3.55      98.95  1
        1998110609  4803386      -3.63      99.06  1
        1998110612  4706861      -3.62      99.11  1
        1998110615  4596412      -3.68      99.33  1
        1998110618  4538996      -3.79      99.55  1
        1998110621  4505180      -3.82      99.77  1
        1998110700  4396985      -3.98     100.00  1
        1998110703  4394112      -4.07     100.33  1
        1998110706  4454299      -3.96     100.66  1
        1998110709  4456030      -3.87     100.65  1
        1998110712  4274009      -4.04     100.59  1
        1998110715  4227860      -4.10     100.58  1
        1998110718  4211633      -4.25     100.63  1
        1998110721  4178165      -4.47     100.70  1
        1998110800  4105101      -4.65     100.73  1
        1998110803  3883759      -5.01     100.68  1
        1998110806  3650797      -5.38     100.77  1
        1998110809  3242167      -6.12     100.57  1
        1998110812  2484234      -7.90      99.86  1
        1998110815  2247331      -8.26      99.77  1
        1998110818  2140793      -8.50      99.81  1
        1998110821  1980515      -8.69      99.86  1
        1998110900  1807634      -8.84      99.83  1
        1998110903  1581672      -9.16      99.70  1
        1998110906  1455157      -9.39      99.55  1
        1998110909  1341773      -9.60      99.27  1
        1998110912  1169492      -9.72      99.12  1
        1998110915  1078566      -9.86      98.90  1
        1998110918   967363      -9.94      98.69  1
        1998110921   911711     -10.00      98.53  1
        1998111000   852438      -9.99      98.40  1
        1998111003   778662     -10.01      98.31  1
        1998111006   733535     -10.14      98.15  1
        1998111009   661233     -10.20      98.10  1
        1998111012   545744     -10.21      98.12  1
        1998111015   426456     -10.21      98.05  1
        1998111018   305905      -9.91      98.13  1
LPT    15.0100
        1998102303   363991      22.78     267.94  1
        1998102306   470333      22.70     267.79  1
        1998102309   577069      22.56     267.70  1
        1998102312   647277      22.48     267.66  1
        1998102315   701936      22.39     267.65  1
        1998102318   718017      22.32     267.56  1
        1998102321   714956      22.21     267.42  1
        1998102400   720539      22.10     267.29  1
        1998102403   705619      21.93     267.28  1
        1998102406   711385      21.78     267.29  1
        1998102409   701045      21.54     267.23  1
        1998102412   700891      21.27     267.16  1
        1998102415   675964      21.06     267.10  1
        1998102418   703278      20.92     267.20  1
        1998102421   739308      20.63     267.50  1
        1998102500   801809      20.13     267.95  1
        1998102503  2617285      15.08     276.97  1
        1998102506  2763673      15.03     277.05  1
        1998102509  2830475      15.13     277.02  1
        1998102512  2895637      15.28     277.04  1
        1998102515  2754028      15.40     277.29  1
        1998102518  2780215      15.45     277.64  1
        1998102521  2831464      15.51     277.92  1
        1998102600  2770635      15.63     278.08  1
        1998102603  2723369      15.73     278.30  1
        1998102606  2652286      15.73     278.55  1
        1998102609  2616362      15.80     278.76  1
        1998102612  2516867      15.87     278.89  1
        1998102615  2430895      16.06     278.68  1
        1998102618  2435816      16.19     278.61  1
        1998102621  2507591      16.30     278.56  1
        1998102700  2520558      16.38     278.55  1
        1998102703  2533656      16.57     278.53  1
        1998102706  2543091      16.74     278.41  1
        1998102709  2471482      16.86     278.32  1
        1998102712  2473167      16.95     278.07  1
        1998102715  2447482      17.00     277.81  1
        1998102718  2397748      17.08     277.47  1
        1998102721  2386853      17.12     277.17  1
        1998102800  2352579      17.14     277.00  1
        1998102803  2332025      17.13     276.90  1
        1998102806  2320759      17.14     276.89  1
        1998102809  2269866      17.09     276.82  1
        1998102812  2276362      17.03     276.73  1
        1998102815  2226275      17.03     276.55  1
        1998102818  2198488      17.01     276.43  1
        1998102821  2153954      16.97     276.26  1
        1998102900  2121254      16.93     276.09  1
        1998102903  2095068      16.89     275.96  1
        1998102906  2008103      16.89     275.85  1
        1998102909  1947905      16.87     275.74  1
        1998102912  1869860      16.86     275.66  1
        1998102915  1822048      16.85     275.58  1
        1998102918  1736328      16.79     275.48  1
        1998102921  1648673      16.69     275.35  1
        1998103000  1544767      16.58     275.18  1
        1998103003  1492894      16.51     275.11  1
        1998103006  1440940      16.34     274.98  1
        1998103009  1360493      16.21     274.89  1
        1998103012  1414234      16.04     274.83  1
        1998103015  1364735      15.91     274.79  1
        1998103018  1304153      15.76     274.73  1
        1998103021  1271180      15.58     274.67  1
        1998103100  1220502      15.36     274.60  1
        1998103103  1211443      15.13     274.48  1
        1998103106  1190366      14.91     274.43  1
        1998103109  1197458      14.70     274.35  1
        1998103112  1194198      14.62     274.33  1
        1998103115  1114286      14.49     274.22  1
        1998103118  1085113      14.35     274.18  1
        1998103121  1069881      14.26     274.09  1
        1998110100  1096343      14.20     274.00  1
        1998110103  1077598      14.05     273.89  1
        1998110106  1049719      13.94     273.80  1
        1998110109  1063677      13.84     273.74  1
        1998110112  1047770      13.71     273.64  1
        1998110115  1020700      13.57     273.55  1
        1998110118  1002664      13.40     273.46  1
        1998110121  1033944      13.28     273.36  1
        1998110200  1046428      13.18     273.26  1
        1998110203  1075065      13.16     273.00  1
        1998110206  1107606      13.11     272.68  1
        1998110209  1105221      13.14     272.26  1
        1998110212  1133121      13.13     271.87  1
        1998110215  1099360      13.12     271.40  1
        1998110218  1122629      13.12     270.96  1
        1998110221  1182440      13.19     270.65  1
        1998110300  1194709      13.29     270.33  1
        1998110303  1239699      13.44     269.97  1
        1998110306  1257126      13.67     269.51  1
        1998110309  1253557      13.91     269.15  1
        1998110312  1267816      14.15     268.85  1
        1998110315  1344299      14.47     268.56  1
        1998110318  1438818      14.83     268.40  1
        1998110321  1577571      15.27     268.38  1
        1998110400  1683108      15.78     268.44  1
        1998110403  1768162      16.42     268.49  1
        1998110406  1961754      17.28     268.85  1
        1998110409  2247412      18.13     269.38  1
        1998110412  2439836      18.72     269.78  1
        1998110415  2580910      19.15     270.10  1
        1998110418  2666299      19.52     270.46  1
        1998110421  2812977      19.99     270.87  1
        1998110500  2929935      20.45     271.27  1
        1998110503  3033902      20.84     271.69  1
        1998110506  3085461      21.24     272.20  1
        1998110509  3112608      21.69     272.77  1
        1998110512  3108116      22.20     273.46  1
        1998110515  3159387      22.72     274.16  1
        1998110518  3255779      23.14     274.85  1
        1998110521  3282623      23.46     275.44  1
        1998110600  3335645      23.80     276.00  1
        1998110603  3336305      24.11     276.49  1
        1998110606  3335925      24.34     276.98  1
        1998110609  3295500      24.54     277.44  1
        1998110612  3278114      24.83     277.93  1
        1998110615  3230192      24.99     278.34  1
        1998110618  3149316      25.05     278.66  1
        1998110621  3049548      25.00     278.90  1
        1998110700  2887178      25.01     279.09  1
        1998110703  2738512      25.08     279.33  1
        1998110706  2606048      25.18     279.67  1
        1998110709  2364943      25.34     280.15  1
        1998110712  1968224      25.68     280.75  1
        1998110715  1676179      25.89     281.19  1
        1998110718  1388118      26.12     281.60  1
        1998110721  1119813      26.25     281.91  1
        1998110800   761144      26.64     282.55  1
        1998110803   390708      27.25     283.30  1
LPT    16.0100
        1998110912   413921       3.91     129.52  1
        1998110915   908763       3.73     127.94  1
        1998110918  1505539       3.28     126.50  1
        1998110921  2056888       2.66     125.03  1
        1998111000  2315786       2.18     123.75  1
        1998111003  2508826       1.90     123.07  1
        1998111006  2653954       1.74     122.52  1
        1998111009  2791939       1.81     121.97  1
        1998111012  2929306       1.91     121.76  1
        1998111015  3083644       2.00     121.66  1
        1998111018  3158692       2.18     121.67  1
        1998111021  3396874       2.27     121.64  1
        1998111100  3752229       2.51     121.71  1
        1998111103  4031433       2.59     121.65  1
        1998111106  4282089       2.65     121.32  1
        1998111109  4339633       2.82     120.75  1
        1998111112  4445727       2.88     120.22  1
        1998111115  6480152       3.39     111.69  1
        1998111118  6703621       3.44     111.21  1
        1998111121  7192367       3.23     110.96  1
        1998111200  7210665       3.35     110.44  1
        1998111203  7274642       3.32     110.13  1
        1998111206  7484311       3.32     109.87  1
        1998111209  7482299       3.39     109.44  1
        1998111212  7648993       3.39     109.49  1
        1998111215  8975117       1.83     112.89  1
        1998111218  9141430       2.04     112.63  1
        1998111221  9491578       2.17     112.29  1
        1998111300  9640528       2.40     111.76  1
        1998111303  9635421       2.48     111.61  1
        1998111306  9705650       2.69     111.27  1
        1998111309  9582400       2.97     110.89  1
        1998111312  9417495       3.13     110.77  1
        1998111315  9362257       3.37     110.55  1
        1998111318  9314162       3.62     110.18  1
        1998111321  9321880       3.93     109.96  1
        1998111400  6083436       4.99     114.41  1
        1998111403  5604070       5.37     114.77  1
        1998111406  5412662       5.55     114.96  1
        1998111409  5284895       5.62     115.19  1
        1998111412  5252363       5.68     115.40  1
        1998111415  5200725       5.72     115.62  1
        1998111418  5185619       5.75     115.86  1
        1998111421  5122943       5.72     116.13  1
        1998111500  4985459       5.83     116.39  1
        1998111503  4884220       5.79     116.71  1
        1998111506  4826146       5.71     117.05  1
        1998111509  4741559       5.59     117.35  1
        1998111512  4687371       5.47     117.54  1
        1998111515  4589430       5.42     117.69  1
        1998111518  4505428       5.33     117.98  1
        1998111521  4226179       5.15     118.44  1
        1998111600  3611811       4.80     119.27  1
        1998111603  2312818       1.91     123.91  1
        1998111606  2207979       2.23     124.28  1
        1998111609  2120847       2.50     124.45  1
        1998111612  2039718       2.84     124.49  1
        1998111615  2001066       3.06     124.47  1
        1998111618  1982278       3.32     124.37  1
        1998111621  1936447       3.63     123.99  1
        1998111700  1750588       3.96     123.54  1
        1998111703  1612417       4.27     122.99  1
        1998111706  1588266       4.46     122.46  1
        1998111709  1553881       4.76     121.74  1
        1998111712  1436596       5.00     120.96  1
        1998111715  1322148       5.36     120.20  1
        1998111718  1270701       5.71     119.48  1
        1998111721  1208337       6.13     118.63  1
        1998111800  1153615       6.58     117.94  1
        1998111803  1154296       6.93     117.22  1
        1998111806  1194877       7.22     116.58  1
        1998111809  1263637       7.52     116.19  1
        1998111812  1285599       7.84     115.78  1
        1998111815  1384326       8.00     115.45  1
        1998111818  1469796       8.19     115.00  1
        1998111821  1560054       8.48     114.53  1
        1998111900  1574536       8.82     114.17  1
        1998111903  1584856       9.22     114.01  1
        1998111906  1609086       9.56     113.82  1
        1998111909  1648514       9.88     113.68  1
        1998111912  1617249      10.21     113.63  1
        1998111915  1575916      10.60     113.47  1
        1998111918  1571135      10.94     113.33  1
        1998111921  1613605      11.20     113.25  1
        1998112000  1635457      11.49     113.08  1
        1998112003  1670342      11.85     112.83  1
        1998112006  1631379      12.20     112.77  1
        1998112009  1620397      12.53     112.65  1
        1998112012  1526476      12.77     112.51  1
        1998112015  1456426      12.93     112.45  1
        1998112018  1360930      13.09     112.28  1
        1998112021  1282403      13.16     112.16  1
        1998112100  1171423      13.28     111.93  1
        1998112103  1047825      13.39     111.65  1
        1998112106   926690      13.47     111.51  1
        1998112109   820474      13.58     111.39  1
        1998112112   750493      13.65     111.26  1
        1998112115   695464      13.74     110.99  1
        1998112118   601341      13.89     110.67  1
        1998112121   521625      14.01     110.36  1
        1998112200   369309      14.15     109.90  1
LPT    16.0200
        1998110912   413921       3.91     129.52  1
        1998110915   908763       3.73     127.94  1
        1998110918  1505539       3.28     126.50  1
        1998110921  2056888       2.66     125.03  1
        1998111000  2315786       2.18     123.75  1
        1998111003  2508826       1.90     123.07  1
        1998111006  2653954       1.74     122.52  1
        1998111009  2791939       1.81     121.97  1
        1998111012  2929306       1.91     121.76  1
        1998111015  3083644       2.00     121.66  1
        1998111018  3158692       2.18     121.67  1
        1998111021  3396874       2.27     121.64  1
        1998111100  3752229       2.51     121.71  1
        1998111103  4031433       2.59     121.65  1
        1998111106  4282089       2.65     121.32  1
        1998111109  4339633       2.82     120.75  1
        1998111112  4445727       2.88     120.22  1
        1998111115  6480152       3.39     111.69  1
        1998111118  6703621       3.44     111.21  1
        1998111121  7192367       3.23     110.96  1
        1998111200  7210665       3.35     110.44  1
        1998111203  7274642       3.32     110.13  1
        1998111206  7484311       3.32     109.87  1
        1998111209  7482299       3.39     109.44  1
        1998111212  7648993       3.39     109.49  1
        1998111215  8975117       1.83     112.89  1
        1998111218  9141430       2.04     112.63  1
        1998111221  9491578       2.17     112.29  1
        1998111300  9640528       2.40     111.76  1
        1998111303  9635421       2.48     111.61  1
        1998111306  9705650       2.69     111.27  1
        1998111309  9582400       2.97     110.89  1
        1998111312  9417495       3.13     110.77  1
        1998111315  9362257       3.37     110.55  1
        1998111318  9314162       3.62     110.18  1
        1998111321  9321880       3.93     109.96  1
        1998111400  2131437       5.84      91.29  1
        1998111403  1964771       6.11      90.44  1
        1998111406  2753476       4.77      84.20  1
        1998111409  2967629       4.54      83.55  1
        1998111412  3001890       4.54      83.21  1
        1998111415  3003415       4.47      83.19  1
        1998111418  3114936       4.41      83.43  1
        1998111421  3287571       4.38      83.97  1
        1998111500  3413697       4.40      84.73  1
        1998111503  3387964       4.40      85.53  1
        1998111506  3329733       4.44      86.29  1
        1998111509  3234745       4.38      87.07  1
        1998111512  3011525       4.40      87.80  1
        1998111515  2949266       4.43      88.12  1
        1998111518  2790913       4.22      88.35  1
        1998111521  2620728       4.23      88.93  1
        1998111600  2237839       4.12      90.01  1
        1998111603  1718615       3.70      91.35  1
        1998111606  1648191       3.90      92.30  1
        1998111609  1539866       4.16      93.23  1
        1998111612  1464844       4.33      93.90  1
        1998111615  1497529       4.49      94.28  1
        1998111618  1651425       4.68      94.50  1
        1998111621  1716815       4.88      94.69  1
        1998111700  1704574       5.09      94.80  1
        1998111703  1695747       5.21      95.06  1
        1998111706  1685476       5.30      95.40  1
        1998111709  1635446       5.34      95.60  1
        1998111712  1588267       5.48      95.93  1
        1998111715  1549464       5.63      96.07  1
        1998111718  1559762       5.77      96.25  1
        1998111721  1497005       6.01      96.40  1
        1998111800  1364040       6.44      96.48  1
        1998111803  1175649       7.08      96.60  1
        1998111806  1072737       7.57      96.61  1
        1998111809  1058841       7.94      96.63  1
        1998111812   971429       8.41      96.62  1
        1998111815   907367       8.71      96.47  1
        1998111818   842567       9.04      96.23  1
        1998111821   825701       9.41      95.90  1
        1998111900   810175       9.86      95.38  1
        1998111903   736250      10.28      94.85  1
        1998111906   687002      10.57      94.47  1
        1998111909   606764      10.87      94.11  1
        1998111912   510718      11.17      93.75  1
        1998111915   469271      11.51      93.35  1
        1998111918   433938      11.85      92.97  1
        1998111921   359297      12.28      92.36  1
LPT    17.0100
        1998111915   459382       1.89     139.77  1
        1998111918   651256       2.50     139.48  1
        1998111921   701173       2.86     139.30  1
        1998112000   815087       3.11     139.11  1
        1998112003   931975       3.39     138.89  1
        1998112006   962565       3.60     138.55  1
        1998112009  1043259       3.74     138.23  1
        1998112012  1095444       3.87     137.95  1
        1998112015  1175290       4.00     137.53  1
        1998112018  1347480       4.07     137.17  1
        1998112021  1560877       4.27     136.42  1
        1998112100  1731651       4.55     135.52  1
        1998112103  1986608       4.57     135.20  1
        1998112106  2169820       4.65     134.86  1
        1998112109  2301601       4.73     134.58  1
        1998112112  2422965       4.71     134.52  1
        1998112115  2565321       4.79     134.43  1
        1998112118  2696612       4.93     134.31  1
        1998112121  2855842       5.00     134.20  1
        1998112200  2943013       5.23     133.87  1
        1998112203  3102281       5.41     133.40  1
        1998112206  3225739       5.65     132.76  1
        1998112209  3176913       5.78     132.27  1
        1998112212  3117446       6.01     131.69  1
        1998112215  3254671       6.41     130.77  1
        1998112218  3460913       6.83     129.54  1
        1998112221  3471831       6.98     128.62  1
        1998112300  3508216       7.20     127.97  1
        1998112303  3518719       7.41     127.20  1
        1998112306  3558971       7.44     126.61  1
        1998112309  3586481       7.46     126.11  1
        1998112312  3552134       7.60     125.59  1
        1998112315  3661820       7.89     124.88  1
        1998112318  3829343       8.22     124.20  1
        1998112321  3921407       8.46     123.73  1
        1998112400  3881836       8.79     123.09  1
        1998112403  3833909       9.17     122.32  1
        1998112406  3818229       9.43     121.69  1
        1998112409  3836348       9.65     121.20  1
        1998112412  3758758       9.95     120.62  1
        1998112415  3662597      10.34     120.08  1
        1998112418  3609109      10.70     119.55  1
        1998112421  3584245      10.99     119.17  1
        1998112500  3519538      11.32     118.79  1
        1998112503  3500417      11.74     118.39  1
        1998112506  3462812      12.07     118.02  1
        1998112509  3404729      12.41     117.63  1
        1998112512  3429573      12.67     117.43  1
        1998112515  3443598      12.83     117.28  1
        1998112518  3420779      13.12     116.98  1
        1998112521  3291223      13.40     116.59  1
        1998112600  3295144      13.55     116.46  1
        1998112603  3243118      13.75     116.19  1
        1998112606  3179287      13.94     116.02  1
        1998112609  3130623      14.11     115.95  1
        1998112612  3010918      14.32     115.91  1
        1998112615  2932859      14.54     115.89  1
        1998112618  2781844      14.83     115.80  1
        1998112621  2619031      15.19     115.79  1
        1998112700  2517812      15.53     115.89  1
        1998112703  2344024      15.95     116.19  1
        1998112706  2165267      16.40     116.54  1
        1998112709  2009947      16.78     116.97  1
        1998112712  1847673      17.17     117.44  1
        1998112715  1633448      17.50     118.07  1
        1998112718  1345287      17.97     119.01  1
        1998112721  1036462      18.69     120.63  1
        1998112800   745953      19.24     121.75  1
        1998112803   483087      19.64     122.64  1
LPT    18.0100
        1998112100   347240      47.71     233.67  1
        1998112103   434150      47.44     234.02  1
        1998112106   524824      47.20     234.30  1
        1998112109   647760      46.88     234.36  1
        1998112112   824383      46.43     234.33  1
        1998112115   944101      46.12     234.48  1
        1998112118  1072907      45.79     234.58  1
        1998112121  1155948      45.54     234.72  1
        1998112200  1203170      45.35     234.89  1
        1998112203  1212761      45.22     235.11  1
        1998112206  1222122      45.04     235.46  1
        1998112209  1238242      44.99     235.57  1
        1998112212  1207962      44.98     235.72  1
        1998112215  1171093      44.97     235.78  1
        1998112218  1163595      44.96     235.79  1
        1998112221  1176604      44.91     235.77  1
        1998112300  1209927      44.86     235.66  1
        1998112303  1220283      44.78     235.59  1
        1998112306  1239171      44.74     235.51  1
        1998112309  1280465      44.68     235.57  1
        1998112312  1296698      44.72     235.70  1
        1998112315  1274835      44.84     235.81  1
        1998112318  1251526      44.91     235.79  1
        1998112321  1216837      44.95     235.87  1
        1998112400  1111181      45.13     235.96  1
        1998112403  1032864      45.28     235.99  1
        1998112406   959859      45.40     235.75  1
        1998112409   894431      45.53     235.57  1
        1998112412   798794      45.75     235.54  1
        1998112415   649683      46.17     235.37  1
        1998112418   537212      46.63     234.86  1
        1998112421   636476      46.48     234.27  1
        1998112500   810968      46.15     234.33  1
        1998112503   909063      46.07     234.52  1
        1998112506   999717      45.97     234.69  1
        1998112509   992331      46.08     234.81  1
        1998112512  1038849      46.03     234.96  1
        1998112515  1094851      45.93     234.92  1
        1998112518  1169898      45.81     234.81  1
        1998112521  1226499      45.73     234.91  1
        1998112600  1275851      45.69     234.96  1
        1998112603  1306460      45.62     235.06  1
        1998112606  1315659      45.60     235.28  1
        1998112609  1291046      45.64     235.46  1
        1998112612  1261295      45.66     235.56  1
        1998112615  1178582      45.75     235.63  1
        1998112618  1114797      45.82     235.58  1
        1998112621  1089464      45.85     235.56  1
        1998112700  1048163      45.90     235.60  1
        1998112703  1031506      45.87     235.57  1
        1998112706   991486      45.92     235.46  1
        1998112709   987571      45.83     235.46  1
        1998112712   990632      45.78     235.44  1
        1998112715   970610      45.75     235.53  1
        1998112718   927273      45.84     235.80  1
        1998112721   899482      45.82     236.07  1
        1998112800   759320      46.17     236.44  1
        1998112803   548420      46.73     236.66  1
        1998112806   350541      47.37     236.65  1
LPT    19.0100
        1998112703   422607      -9.08     291.72  1
        1998112706   528027      -8.94     291.62  1
        1998112709   688780      -8.61     291.49  1
        1998112712   769895      -8.49     291.51  1
        1998112715   831230      -8.37     291.57  1
        1998112718  1024290      -8.10     291.83  1
        1998112721  1222203      -7.79     291.96  1
        1998112800  1253080      -7.69     291.97  1
        1998112803  1247146      -7.63     292.03  1
        1998112806  1269620      -7.53     292.19  1
        1998112809  1312845      -7.42     292.54  1
        1998112812  1276179      -7.14     292.75  1
        1998112815  1333782      -6.83     293.17  1
        1998112818  1565862      -6.37     294.22  1
        1998112821  1824665      -5.82     295.12  1
        1998112900  1923685      -5.18     296.59  1
        1998112903  1933249      -4.56     297.63  1
        1998112906  1642651      -3.83     299.08  1
        1998112909  1433356      -3.07     301.39  1
        1998112912  1046196      -2.03     305.37  1
        1998112915  1168163      -1.59     305.94  1
        1998112918  1500182      -1.44     306.43  1
        1998112921  1765776      -1.29     306.91  1
        1998113000  1931744      -0.69     307.98  1
        1998113003  2101171      -0.47     308.63  1
        1998113006  2304019      -0.49     308.91  1
        1998113009  2437736      -0.78     308.76  1
        1998113012  2314114      -1.05     308.41  1
        1998113015  2248352      -1.13     308.42  1
        1998113018  2574204      -2.35     308.12  1
        1998113021  2654818      -3.55     307.56  1
        1998120100  2937254      -3.53     309.26  1
        1998120103  2873817      -4.24     309.14  1
        1998120106  2658269      -5.07     308.91  1
        1998120109  1305140     -12.57     303.29  1
        1998120112  1127481     -13.26     302.97  1
        1998120115  1186618     -13.30     303.04  1
        1998120118  1405042     -13.32     303.39  1
        1998120121  1462027     -12.95     303.31  1
        1998120200  1283477     -12.88     303.30  1
        1998120203   940598     -12.62     302.43  1
        1998120206   798330     -12.08     301.69  1
        1998120209   806507     -11.86     301.40  1
        1998120212   496593     -11.51     300.56  1
        1998120215   464354     -11.33     300.62  1
        1998120218   672304     -11.45     301.53  1
        1998120221   603682     -11.33     302.23  1
        1998120303   476677     -11.19     302.38  1
        1998120306   906276     -11.16     301.89  1
        1998120309  1125826     -11.00     300.66  1
        1998120312   953015     -11.01     300.54  1
        1998120315   964767     -11.13     300.77  1
        1998120318  1305264     -11.53     302.35  1
        1998120321  1221642     -11.63     302.34  1
        1998120400   345368     -13.13     306.68  1
        1998120418   506558     -13.73     306.90  1
        1998120421   628314     -13.91     306.37  1
        1998120500   578550     -14.32     305.88  1
        1998120503   659050     -14.41     305.59  1
        1998120506   678699     -14.59     305.48  1
        1998120509   733945     -14.82     305.53  1
        1998120512   732719     -14.96     305.65  1
        1998120515   706217     -15.08     305.83  1
        1998120518   780962     -15.03     306.11  1
        1998120521   754936     -14.80     305.98  1
        1998120600   577476     -14.73     306.01  1
        1998120603   476038     -14.67     306.27  1
        1998120606   325220     -14.60     306.43  1
LPT    20.0100
        1998113003   333159     -10.78     128.14  1
        1998113006   554133     -10.66     128.43  1
        1998113009   666019     -10.50     128.56  1
        1998113012   767562     -10.28     129.08  1
        1998113015   874813      -9.95     129.29  1
        1998113018  1166281      -9.65     129.77  1
        1998113021  1573556      -9.40     129.97  1
        1998120100  1663318      -9.41     130.14  1
        1998120103  1675532      -9.42     130.41  1
        1998120106  1760499      -9.32     131.03  1
        1998120109  1767743      -9.38     131.12  1
        1998120112  1709840      -9.24     131.26  1
        1998120115  1922567      -9.04     131.12  1
        1998120118  2290092      -8.82     130.78  1
        1998120121  2605354      -8.60     130.60  1
        1998120200  2882873      -8.68     130.41  1
        1998120203  3161183      -8.83     130.15  1
        1998120206  3434010      -8.79     130.13  1
        1998120209  3580403      -8.83     129.94  1
        1998120212  3688784      -8.69     129.80  1
        1998120215  3876169      -8.51     129.44  1
        1998120218  4117079      -8.21     129.12  1
        1998120221  4421250      -7.91     128.82  1
        1998120300  4524173      -7.62     128.68  1
        1998120303  4662748      -7.27     128.71  1
        1998120306  4727873      -6.93     128.49  1
        1998120309  4796036      -6.67     128.37  1
        1998120312  4670131      -6.38     128.72  1
        1998120315  4766088      -6.21     129.05  1
        1998120318  4871272      -6.01     129.53  1
        1998120321  4787125      -5.73     129.92  1
        1998120400  4435307      -5.37     130.61  1
        1998120403  4331762      -5.06     131.00  1
        1998120406  4384783      -4.69     131.38  1
        1998120409  4274608      -4.40     131.66  1
        1998120412  4133726      -4.00     132.13  1
        1998120415  4143070      -3.71     132.32  1
        1998120418  4033984      -3.12     132.78  1
        1998120421  3953530      -2.89     132.95  1
        1998120500  3839472      -2.71     132.96  1
        1998120503  3779970      -2.47     132.87  1
        1998120506  3753260      -2.14     132.82  1
        1998120509  3639834      -1.83     132.82  1
        1998120512  3580072      -1.52     132.94  1
        1998120515  3624312      -1.51     132.82  1
        1998120518  3701506      -1.50     132.76  1
        1998120521  3729385      -1.47     132.58  1
        1998120600  3664344      -1.56     132.48  1
        1998120603  3685484      -1.48     132.25  1
        1998120606  3719386      -1.48     132.01  1
        1998120609  3687106      -1.62     131.85  1
        1998120612  3784352      -1.60     131.75  1
        1998120615  3797211      -1.69     131.54  1
        1998120618  3694380      -1.48     131.24  1
        1998120621  3575601      -1.29     130.93  1
        1998120700  3378305      -1.27     130.71  1
        1998120703  3238515      -1.20     130.52  1
        1998120706  2976940      -1.23     130.39  1
        1998120709  2624643      -1.47     130.16  2
        1998120712  2600707      -1.46     130.04  2
        1998120715  4343414       0.01     136.65  2
        1998120718  4758091      -0.15     136.74  2
        1998120721 10409054       1.56     114.77  2
        1998120800 10586564       1.68     114.55  2
        1998120803 10697078       1.71     114.58  2
        1998120806 10804739       1.71     114.24  2
        1998120809 10829134       1.72     114.12  2
        1998120812 11012326       1.76     114.13  2
        1998120815 10992880       1.86     113.89  2
        1998120818 11041156       2.06     113.53  2
        1998120821 11162475       2.27     113.12  2
        1998120900  7190130       1.40     129.54  2
        1998120903  7223998       1.76     129.24  2
        1998120906  7278429       1.99     128.92  2
        1998120909  7299006       2.16     128.64  2
        1998120912  7319404       2.36     128.42  2
        1998120915  7260453       2.60     127.69  2
        1998120918  5775201       6.88     125.91  2
        1998120921  6313073       7.54     125.54  1
        1998121000  6609158       7.83     125.33  1
        1998121003  6788449       8.32     124.72  1
        1998121006  6896502       8.75     124.24  1
        1998121009  7044336       9.03     124.09  1
        1998121012  7106638       9.19     123.87  1
        1998121015  7089286       9.54     123.49  1
        1998121018  7014582       9.86     123.11  1
        1998121021  6997560      10.08     122.78  1
        1998121100  6854759      10.26     122.45  1
        1998121103  6717571      10.48     122.12  1
        1998121106  6607988      10.64     121.88  1
        1998121109  6570100      10.76     121.67  1
        1998121112  6529046      10.77     121.33  1
        1998121115  6355558      10.87     120.88  1
        1998121118  6393465      10.88     120.09  1
        1998121121  6480945      10.83     119.58  1
        1998121200  6423081      10.85     119.12  1
        1998121203  6317047      10.89     118.64  1
        1998121206  6192948      10.89     118.22  1
        1998121209  6060413      10.87     117.83  1
        1998121212  5960714      10.83     117.45  1
        1998121215  5834245      10.86     117.21  1
        1998121218  5703605      10.91     117.00  1
        1998121221  5521384      10.97     116.92  1
        1998121300  5261670      11.07     117.04  1
        1998121303  4951207      11.24     117.17  1
        1998121306  4666215      11.37     117.43  1
        1998121309  4508903      11.39     117.44  1
        1998121312  4375271      11.35     117.22  1
        1998121315  4323753      11.32     116.86  1
        1998121318  4233717      11.30     116.35  1
        1998121321  4079650      11.25     115.72  1
        1998121400  3890704      11.27     115.15  1
        1998121403  3728831      11.36     114.73  1
        1998121406  3554534      11.40     114.09  1
        1998121409  3381649      11.46     113.54  1
        1998121412  3161435      11.50     112.95  1
        1998121415  2894194      11.57     112.48  1
        1998121418  2655027      11.65     112.16  1
        1998121421  2370971      11.77     111.93  1
        1998121500  2021793      11.98     111.53  1
        1998121503  1794125      12.22     111.27  1
        1998121506  1501826      12.51     110.93  1
        1998121509  1217272      12.87     110.68  1
        1998121512  1007162      13.16     110.55  1
        1998121515   778736      13.44     110.44  1
        1998121518   608118      13.54     110.36  1
        1998121521   350516      13.67     110.31  1
LPT    20.0200
        1998113003   333159     -10.78     128.14  1
        1998113006   554133     -10.66     128.43  1
        1998113009   666019     -10.50     128.56  1
        1998113012   767562     -10.28     129.08  1
        1998113015   874813      -9.95     129.29  1
        1998113018  1166281      -9.65     129.77  1
        1998113021  1573556      -9.40     129.97  1
        1998120100  1663318      -9.41     130.14  1
        1998120103  1675532      -9.42     130.41  1
        1998120106  1760499      -9.32     131.03  1
        1998120109  1767743      -9.38     131.12  1
        1998120112  1709840      -9.24     131.26  1
        1998120115  1922567      -9.04     131.12  1
        1998120118  2290092      -8.82     130.78  1
        1998120121  2605354      -8.60     130.60  1
        1998120200  2882873      -8.68     130.41  1
        1998120203  3161183      -8.83     130.15  1
        1998120206  3434010      -8.79     130.13  1
        1998120209  3580403      -8.83     129.94  1
        1998120212  3688784      -8.69     129.80  1
        1998120215  3876169      -8.51     129.44  1
        1998120218  4117079      -8.21     129.12  1
        1998120221  4421250      -7.91     128.82  1
        1998120300  4524173      -7.62     128.68  1
        1998120303  4662748      -7.27     128.71  1
        1998120306  4727873      -6.93     128.49  1
        1998120309  4796036      -6.67     128.37  1
        1998120312  4670131      -6.38     128.72  1
        1998120315  4766088      -6.21     129.05  1
        1998120318  4871272      -6.01     129.53  1
        1998120321  4787125      -5.73     129.92  1
        1998120400  4435307      -5.37     130.61  1
        1998120403  4331762      -5.06     131.00  1
        1998120406  4384783      -4.69     131.38  1
        1998120409  4274608      -4.40     131.66  1
        1998120412  4133726      -4.00     132.13  1
        1998120415  4143070      -3.71     132.32  1
        1998120418  4033984      -3.12     132.78  1
        1998120421  3953530      -2.89     132.95  1
        1998120500  3839472      -2.71     132.96  1
        1998120503  3779970      -2.47     132.87  1
        1998120506  3753260      -2.14     132.82  1
        1998120509  3639834      -1.83     132.82  1
        1998120512  3580072      -1.52     132.94  1
        1998120515  3624312      -1.51     132.82  1
        1998120518  3701506      -1.50     132.76  1
        1998120521  3729385      -1.47     132.58  1
        1998120600  3664344      -1.56     132.48  1
        1998120603  3685484      -1.48     132.25  1
        1998120606  3719386      -1.48     132.01  1
        1998120609  3687106      -1.62     131.85  1
        1998120612  3784352      -1.60     131.75  1
        1998120615  3797211      -1.69     131.54  1
        1998120618  3694380      -1.48     131.24  1
        1998120621  3575601      -1.29     130.93  1
        1998120700  3378305      -1.27     130.71  1
        1998120703  3238515      -1.20     130.52  1
        1998120706  2976940      -1.23     130.39  1
        1998120709   982752       7.88     126.34  1
        1998120712   972972       8.16     125.80  1
        1998120715   983340       8.31     125.14  1
        1998120718   993988       8.35     124.16  1
        1998120721  6479081       4.02      99.48  1
        1998120800  6577695       4.26      99.11  1
        1998120803  6602844       4.35      98.94  1
        1998120806  6674320       4.39      98.53  1
        1998120809  6637327       4.50      98.09  1
        1998120812  6724562       4.62      98.04  1
        1998120815  6663616       4.74      97.38  1
        1998120818  6680307       4.91      96.69  1
        1998120821  6752347       5.05      95.93  1
        1998120900  3852261       4.37      81.52  1
        1998120903  3742657       4.47      80.39  1
        1998120906  3673168       4.54      79.27  1
        1998120909  3728277       4.57      78.46  1
        1998120912  3755728       4.60      77.74  1
        1998120915  3773809       4.64      77.15  1
        1998120918  3750333       4.71      76.60  1
        1998120921  3701642       4.88      76.07  1
        1998121000  3643778       5.04      75.51  1
        1998121003  3587597       5.18      75.10  1
        1998121006  3579066       5.30      74.72  1
        1998121009  3525443       5.41      74.23  1
        1998121012  3445849       5.51      73.79  1
        1998121015  3361241       5.56      73.53  1
        1998121018  3310995       5.64      73.33  1
        1998121021  3194010       5.61      72.98  1
        1998121100  3040418       5.55      72.68  1
        1998121103  2893163       5.59      72.65  1
        1998121106  2938236       5.74      72.68  1
        1998121109  2965502       5.91      72.72  1
        1998121112  2998953       6.07      72.70  1
        1998121115  2965649       6.25      72.70  1
        1998121118  3047737       6.31      72.65  1
        1998121121  3109566       6.29      72.54  1
        1998121200  3095485       6.33      72.54  1
        1998121203  3088784       6.40      72.57  1
        1998121206  3122014       6.43      72.48  1
        1998121209  3138571       6.44      72.44  1
        1998121212  3129347       6.54      72.41  1
        1998121215  3119642       6.59      72.40  1
        1998121218  3128178       6.67      72.33  1
        1998121221  3143606       6.75      72.28  1
        1998121300  3131655       6.83      72.24  1
        1998121303  3111589       6.97      72.20  1
        1998121306  3091693       7.09      72.14  1
        1998121309  3051119       7.21      72.16  1
        1998121312  3000635       7.34      72.14  1
        1998121315  2942420       7.48      72.08  1
        1998121318  2922487       7.59      71.91  1
        1998121321  2874690       7.76      71.76  1
        1998121400  2842794       7.94      71.56  1
        1998121403  2833291       8.20      71.36  1
        1998121406  2761377       8.35      71.15  1
        1998121409  2596269       8.57      70.93  1
        1998121412  2421148       8.84      70.66  1
        1998121415  2232639       9.20      70.36  1
        1998121418  2102865       9.42      70.09  1
        1998121421  1854189       9.92      69.73  1
        1998121500  1565557      10.49      69.32  1
        1998121503  1378148      10.90      68.98  1
        1998121506  1191685      11.35      68.67  1
        1998121509  1007086      11.82      68.37  1
        1998121512   885378      12.34      68.10  1
        1998121515   745447      12.78      67.86  1
        1998121518   641244      13.21      67.60  1
        1998121521   516500      13.57      67.38  1
        1998121600   375630      13.92      67.18  1
LPT    21.0100
        1998121100   439805     -15.89     173.65  1
        1998121103   766849     -15.58     173.57  1
        1998121106  1076881     -15.25     173.34  1
        1998121109  1330524     -14.76     172.89  1
        1998121112  1638520     -14.20     172.22  1
        1998121115  2601369     -11.54     169.13  1
        1998121118  3217775     -10.82     167.99  1
        1998121121  3509260     -10.74     167.54  1
        1998121200  3755383     -10.90     167.26  1
        1998121203  4007159     -11.03     167.05  1
        1998121206  4132397     -11.14     166.92  1
        1998121209  4302238     -11.30     166.69  1
        1998121212  4473997     -11.43     166.39  1
        1998121215  4819007     -11.45     165.69  1
        1998121218  5160745     -11.34     164.85  1
        1998121221  5516458     -11.21     163.89  1
        1998121300  5856231     -11.22     163.15  1
        1998121303  6252137     -11.07     162.08  1
        1998121306  6459230     -10.84     161.19  1
        1998121309  6584530     -10.69     160.57  1
        1998121312  6651538     -10.50     159.77  1
        1998121315  6623361     -10.05     158.64  1
        1998121318  6512169      -9.46     157.26  1
        1998121321  6526239      -9.07     156.14  1
        1998121400  6457466      -8.79     155.29  1
        1998121403  6523023      -8.54     154.63  1
        1998121406  6618283      -8.36     154.06  1
        1998121409  6689308      -8.17     153.48  1
        1998121412  6662817      -8.03     153.11  1
        1998121415  6727804      -7.88     152.75  1
        1998121418  6746118      -7.76     152.33  1
        1998121421  6632670      -7.64     151.85  1
        1998121500  6517854      -7.54     151.56  1
        1998121503  6453422      -7.34     151.19  1
        1998121506  6451871      -7.10     150.83  1
        1998121509  6450775      -7.08     150.68  1
        1998121512  6391938      -6.96     150.42  1
        1998121515  6334455      -6.71     150.15  1
        1998121518  6116866      -6.47     149.91  1
        1998121521  5861663      -6.33     149.47  1
        1998121600  5667909      -5.79     148.70  1
        1998121603  5478865      -5.16     147.90  1
        1998121606  5060060      -4.53     146.91  1
        1998121609  4615870      -4.07     146.09  1
        1998121612  4192885      -3.47     145.18  1
        1998121615  2745416       2.27     139.23  1
        1998121618  2327927       3.95     137.37  1
        1998121621  2219353       4.40     136.42  1
        1998121700  2140310       4.66     135.68  1
        1998121703  2081570       5.01     134.88  1
        1998121706  2125123       5.73     133.50  1
        1998121709  2039104       6.26     132.44  1
        1998121712  1878986       6.78     131.47  1
        1998121715  1826613       7.50     130.47  1
        1998121718  1623058       8.74     129.04  1
        1998121721  1524825      10.20     127.37  1
        1998121800  1374132      11.62     125.79  1
        1998121803  1409798      12.88     124.34  1
        1998121806  1558882      13.19     123.92  1
        1998121809  1595265      13.37     123.56  1
        1998121812  1611927      13.46     123.27  1
        1998121815  1688364      13.67     123.01  1
        1998121818  1712561      13.74     122.73  1
        1998121821  1740875      13.85     122.39  1
        1998121900  1779444      13.99     122.00  1
        1998121903  1865297      14.18     121.70  1
        1998121906  1913477      14.39     121.35  1
        1998121909  1920584      14.60     121.00  1
        1998121912  1940490      14.79     120.78  1
        1998121915  1950698      15.14     120.56  1
        1998121918  1927408      15.57     120.37  1
        1998121921  1933218      16.12     120.18  1
        1998122000  1979894      16.54     120.01  1
        1998122003  1983783      16.94     119.89  1
        1998122006  1971408      17.27     119.76  1
        1998122009  1877648      17.59     119.67  1
        1998122012  1857060      17.93     119.69  1
        1998122015  1825248      18.18     119.76  1
        1998122018  1799340      18.55     119.91  1
        1998122021  1796301      18.84     119.98  1
        1998122100  1738074      19.25     120.11  1
        1998122103  1679708      19.56     120.13  1
        1998122106  1560352      19.97     120.17  1
        1998122109  1411182      20.37     120.25  1
        1998122112  1330023      20.66     120.38  1
        1998122115  1246828      20.87     120.53  1
        1998122118  1101597      21.13     120.66  1
        1998122121   996952      21.28     120.73  1
        1998122200   845806      21.45     120.81  1
        1998122203   633401      21.58     120.78  1
        1998122206   366194      21.64     120.56  1
LPT    22.0100
        1998121809   422383     -13.40     209.73  1
        1998121812   672354     -13.49     209.10  1
        1998121815   878046     -13.51     208.06  1
        1998121818   944707     -13.56     207.21  1
        1998121821  1055287     -13.51     205.88  1
        1998121900  1267548     -13.54     205.17  1
        1998121903  1444695     -13.53     204.46  1
        1998121906  1590226     -13.53     203.91  1
        1998121909  1686314     -13.52     203.32  1
        1998121912  1910676     -13.51     202.51  1
        1998121915  2104357     -13.49     201.87  1
        1998121918  2323984     -13.50     201.19  1
        1998121921  2477657     -13.56     200.85  1
        1998122000  2649878     -13.64     200.80  1
        1998122003  2750463     -13.74     200.86  1
        1998122006  2822769     -13.82     200.78  1
        1998122009  2967874     -13.87     200.64  1
        1998122012  3111224     -13.94     200.47  1
        1998122015  3311129     -14.05     200.41  1
        1998122018  3468441     -14.16     200.23  1
        1998122021  3513809     -14.21     199.97  1
        1998122100  3612549     -14.31     199.81  1
        1998122103  3610033     -14.34     199.53  1
        1998122106  3495736     -14.32     198.94  1
        1998122109  2239256     -12.04     191.01  1
        1998122112  2272475     -11.95     190.19  1
        1998122115  2312017     -11.90     189.25  1
        1998122118  2343008     -11.97     188.53  1
        1998122121  2446052     -12.07     188.04  1
        1998122200  2522268     -12.06     187.42  1
        1998122203  2591099     -12.03     186.87  1
        1998122206  2614910     -11.98     186.44  1
        1998122209  2692734     -11.96     185.97  1
        1998122212  2819974     -11.89     185.49  1
        1998122215  2853712     -11.83     185.14  1
        1998122218  2878434     -11.84     184.79  1
        1998122221  2853339     -11.85     184.41  1
        1998122300  2914219     -11.86     184.11  1
        1998122303  2993567     -11.84     183.73  1
        1998122306  3086796     -11.80     183.39  1
        1998122309  3290568     -11.60     182.37  1
        1998122312  3392291     -11.55     181.78  1
        1998122315  3186785     -11.87     182.75  1
        1998122318  3152716     -12.01     182.74  1
        1998122321  3117224     -12.13     182.72  1
        1998122400  3140136     -12.22     182.70  1
        1998122403  3190816     -12.31     182.59  1
        1998122406  3246547     -12.42     182.57  1
        1998122409  3303555     -12.52     182.56  1
        1998122412  3319576     -12.61     182.61  1
        1998122415  3389653     -12.81     182.73  1
        1998122418  3347740     -12.91     182.72  1
        1998122421  3265319     -13.02     182.71  1
        1998122500  3190186     -13.14     182.71  1
        1998122503  3166364     -13.35     182.86  1
        1998122506  3109594     -13.56     182.93  1
        1998122509  3127202     -13.86     183.11  1
        1998122512  3159691     -14.20     183.31  1
        1998122515  3223568     -14.57     183.50  1
        1998122518  3255828     -14.79     183.49  1
        1998122521  3305649     -15.02     183.54  1
        1998122600  3339461     -15.26     183.70  1
        1998122603  3378282     -15.54     183.86  1
        1998122606  3426210     -15.94     184.18  1
        1998122609  3492702     -16.39     184.63  1
        1998122612  3587729     -16.83     185.19  1
        1998122615  3757214     -17.35     185.92  1
        1998122618  3949984     -17.81     186.58  1
        1998122621  4024178     -18.18     187.03  1
        1998122700  4063108     -18.42     187.30  1
        1998122703  4134661     -18.63     187.47  1
        1998122706  4228771     -18.91     187.78  1
        1998122709  4295441     -19.08     187.97  1
        1998122712  4418462     -19.22     188.11  1
        1998122715  4597495     -19.40     188.25  1
        1998122718  4769773     -19.52     188.28  1
        1998122721  4859797     -19.55     188.19  1
        1998122800  4994204     -19.51     187.93  1
        1998122803  5059039     -19.33     187.41  1
        1998122806  5133739     -19.28     187.23  1
        1998122809  5184023     -19.04     186.76  1
        1998122812  5181503     -18.79     186.27  1
        1998122815  5120459     -18.63     186.01  1
        1998122818  4933173     -18.47     185.69  1
        1998122821  4721965     -18.31     185.42  1
        1998122900  4506792     -18.11     185.12  1
        1998122903  4386887     -17.82     184.61  1
        1998122906  4267993     -17.52     184.14  1
        1998122909  4117250     -17.19     183.67  1
        1998122912  4027307     -16.82     183.02  1
        1998122915  2308533     -11.54     173.45  1
        1998122918  2363100     -11.42     173.30  1
        1998122921  2294923     -11.26     173.10  1
        1998123000  2243345     -11.08     172.96  1
        1998123003  2199662     -10.95     172.84  1
        1998123006  2111877     -10.84     172.78  1
        1998123009  1996675     -10.75     172.71  1
        1998123012  1844320     -10.77     172.72  1
        1998123015  1644094     -10.69     172.58  1
        1998123018  1426953     -10.95     173.07  1
        1998123021  1170316     -11.14     173.44  1
        1998123100   999647     -11.24     173.57  1
        1998123103   850852     -11.40     173.83  1
        1998123106   666899     -11.44     173.85  1
        1998123109   523372     -11.32     173.48  1
        1998123112   344042     -11.21     173.08  1
LPT    23.0100
        1998122400   221034      48.53     313.80  1
        1998122403   295569      48.29     314.69  1
        1998122406   322077      48.25     314.85  1
        1998122409   314775      48.26     314.94  1
        1998122412   277907      48.33     314.72  1
        1998122415   343697      48.09     314.06  1
        1998122418  2078527      45.04     302.25  1
        1998122421  2605096      44.32     302.63  1
        1998122500  2828156      43.98     303.04  1
        1998122503  3203740      43.82     304.30  1
        1998122506  3470471      43.74     305.60  1
        1998122509  3565208      43.70     306.61  1
        1998122512  3569445      43.59     307.42  1
        1998122515  3582662      43.48     308.31  1
        1998122518  3536504      43.27     308.83  1
        1998122521  3525608      43.18     309.48  1
        1998122600  3509701      43.14     309.92  1
        1998122603  3552528      43.13     310.61  1
        1998122606  3585954      43.14     311.58  1
        1998122609  3442714      43.17     312.13  1
        1998122612  3397621      43.12     312.26  1
        1998122615  3395305      43.15     312.55  1
        1998122618  3329686      43.11     312.10  1
        1998122621  3362128      42.99     311.08  1
        1998122700  3615887      42.83     309.89  1
        1998122703  4083479      42.99     308.84  1
        1998122706  4218805      43.23     308.26  1
        1998122709  4084555      43.25     308.23  1
        1998122712  4157581      43.17     308.32  1
        1998122715  4180721      43.22     309.02  1
        1998122718  3881386      43.49     310.47  1
        1998122721  3575011      43.76     312.25  1
        1998122800  3144672      44.20     314.84  1
        1998122803  3926057      45.33     325.44  1
        1998122806  3661427      45.67     327.71  1
        1998122809  3363222      45.96     330.33  1
        1998122812  3238709      46.11     331.61  1
        1998122815  3065876      46.21     333.52  1
        1998122818  2984240      46.24     334.93  1
        1998122821  2967350      46.16     335.88  1
        1998122900  2798355      46.29     337.28  1
        1998122903  2700398      46.35     338.02  1
        1998122906  1833343      45.96     345.21  1
        1998122909  1674140      45.90     346.58  1
        1998122912  1628504      45.91     347.00  1
        1998122915  1526234      46.06     347.34  1
        1998122918  1296705      46.30     347.49  1
        1998122921  1137785      46.35     347.35  1
        1998123000  1060817      46.53     347.99  1
        1998123003   816681      46.77     347.86  1
        1998123006   578535      47.23     347.82  1
        1998123009   407414      47.79     347.04  1
        1998123012   295255      48.17     346.97  1
        1998123015   239565      48.40     346.71  1
        1998123018   340855      48.13     345.91  1
        1998123021   457503      47.82     345.61  1
        1998123100   556443      47.54     345.83  1
        1998123103   644967      47.20     346.49  1
        1998123106   749561      46.81     347.41  1
        1998123109   809790      46.52     348.06  1
        1998123112   841166      46.30     349.21  1
        1998123115   875779      46.14     350.16  1
        1998123118   833580      46.27     351.54  1
        1998123121   667844      46.57     352.80  1
        1999010100   581127      46.74     353.82  1
        1999010103   229254      47.83     354.60  1
LPT    24.0100
        1998122515   950944      -7.11     142.97  1
        1998122518  1727159      -5.69     144.01  1
        1998122521  2063261      -4.96     143.77  1
        1998122600  1956251      -4.56     143.56  1
        1998122603  2023751      -4.31     143.37  1
        1998122606  1996221      -3.98     143.05  1
        1998122609  1836231      -3.68     142.98  1
        1998122612  1597028      -3.24     143.45  1
        1998122615  1445058      -2.91     144.14  1
        1998122618  1281990      -2.70     144.93  1
        1998122621   985513      -2.31     146.30  1
        1998122700   850638      -2.04     147.63  1
        1998122703   902397      -1.68     149.07  1
        1998122706  1157704      -1.49     149.65  1
        1998122709  1237148      -1.35     149.84  1
        1998122712  1399940      -1.15     149.80  1
        1998122715  1687612      -0.96     149.51  1
        1998122718  1935171      -0.77     149.28  1
        1998122721  2031695      -0.60     148.76  1
        1998122800  2004169      -0.54     148.28  1
        1998122803  2079937      -0.36     147.77  1
        1998122806  2153406      -0.18     147.42  1
        1998122809  2039508      -0.01     147.39  1
        1998122812  1838377       0.15     147.26  1
        1998122815  1677990       0.35     147.45  1
        1998122818  1289777       0.79     147.89  1
        1998122821   922204       1.12     148.32  1
        1998122900   598596       1.34     148.58  1
        1998122903   803979       1.30     147.41  1
        1998122906   995417       1.23     146.60  1
        1998122909  1094205       1.17     146.37  1
        1998122912  1223060       1.18     145.78  1
        1998122915  1396618       1.20     145.29  1
        1998122918  1567107       1.17     144.97  1
        1998122921  8513098       0.20     119.20  1
        1998123000  8908355      -0.00     120.25  1
        1998123003  9145085      -0.10     121.39  1
        1998123006  9571997      -0.15     121.28  1
        1998123009  9868608      -0.19     120.40  1
        1998123012 10023736      -0.21     120.30  1
        1998123015 10569745      -0.40     120.35  1
        1998123018 11105979      -0.59     119.75  1
        1998123021 11346875      -0.70     118.48  1
        1998123100 11335844      -0.76     117.76  1
        1998123103 11392476      -0.79     117.66  1
        1998123106 11702384      -0.77     116.99  1
        1998123109 11627332      -0.73     116.02  1
        1998123112 11315328      -0.66     115.40  1
        1998123115 11137907      -0.56     114.94  1
        1998123118 10868837      -0.48     113.93  1
        1998123121 10436592      -0.28     112.63  1
        1999010100  9047557       0.94     109.06  1
        1999010103  8877430       1.01     108.67  1
        1999010106  8857112       1.08     108.54  1
        1999010109  8726342       1.15     108.27  1
        1999010112  8664317       1.21     108.30  1
        1999010115  8819515       1.21     108.72  1
        1999010118  9134959       1.21     109.41  1
        1999010121  9433827       1.13     110.37  1
        1999010200 10190827       1.06     112.95  1
        1999010203 10449074       1.09     114.02  1
        1999010206 10571931       1.15     114.45  1
        1999010209 10404834       1.13     114.74  1
        1999010212 10257156       1.13     115.35  1
        1999010215 10299818       1.16     116.01  1
        1999010218 10293892       1.21     116.44  1
        1999010221 10036144       1.26     117.29  1
        1999010300  9502658       1.18     119.08  1
        1999010303  9415427       1.35     119.68  1
        1999010306  9366149       1.48     119.99  1
        1999010309  9062199       1.56     120.17  1
        1999010312  8914052       1.63     120.40  1
        1999010315  9094567       1.86     120.71  1
        1999010318  9275964       2.14     121.07  1
        1999010321  9330170       2.41     121.69  1
        1999010400  9433295       2.81     122.51  1
        1999010403  9557193       3.21     123.35  1
        1999010406  9675568       3.58     124.00  1
        1999010409  9636666       3.98     124.56  1
        1999010412  9697944       4.42     125.10  1
        1999010415  9830092       4.92     125.42  1
        1999010418  9844660       5.49     125.66  1
        1999010421  9743713       6.05     125.67  1
        1999010500  9694790       6.63     125.76  1
        1999010503  9638850       7.09     125.80  1
        1999010506  9639499       7.45     126.03  1
        1999010509  9514198       7.86     126.26  1
        1999010512  9530052       8.18     126.49  1
        1999010515  9581915       8.44     126.66  1
        1999010518  9562646       8.79     126.88  1
        1999010521  9554330       9.25     127.14  1
        1999010600  9507766       9.75     127.49  1
        1999010603  9523826      10.25     127.94  1
        1999010606  9586239      10.79     128.33  1
        1999010609  9554779      11.30     128.64  1
        1999010612  9650788      11.81     129.10  1
        1999010615  9742546      12.16     129.45  1
        1999010618  9734592      12.55     129.85  1
        1999010621  9632681      12.92     130.20  1
        1999010700  9494412      13.27     130.54  1
        1999010703  9176520      13.74     130.96  1
        1999010706  8797696      14.34     131.39  1
        1999010709  8330532      15.06     131.93  1
        1999010712  8038169      15.74     132.71  1
        1999010715  7794453      16.11     133.34  1
        1999010718  5336408      19.80     140.45  1
        1999010721  5082235      20.17     141.09  1
        1999010800  4906768      20.36     141.60  1
        1999010803  4735245      20.69     142.33  1
        1999010806  4604230      20.92     142.98  1
        1999010809  4459150      21.11     143.59  1
        1999010812  4364691      21.31     144.21  1
        1999010815  4154725      21.34     144.62  1
        1999010818  3961850      21.34     144.87  1
        1999010821  3868225      21.39     145.28  1
        1999010900  3617412      21.46     145.72  1
        1999010903  3360567      21.65     146.41  1
        1999010906  2957975      21.74     147.12  1
        1999010909  2493805      21.82     147.95  1
        1999010912  2045818      22.07     148.96  1
        1999010915  1446603      22.10     149.83  1
        1999010918   978466      22.13     150.48  1
        1999010921   603234      22.28     151.37  1
        1999011000   319004      22.52     152.31  1
LPT    24.0200
        1998122603   339225      -3.70      97.45  1
        1998122606   471796      -3.70      97.60  1
        1998122609   600575      -3.57      97.90  1
        1998122612   675490      -3.34      98.23  1
        1998122615   832839      -3.21      98.85  1
        1998122618  1303062      -2.53     101.41  1
        1998122621  1732102      -2.12     102.08  1
        1998122700  1915757      -1.87     102.12  1
        1998122703  1970676      -1.57     102.22  1
        1998122706  2061731      -1.36     102.08  1
        1998122709  2161267      -1.23     102.04  1
        1998122712  2196047      -1.13     102.15  1
        1998122715  2223106      -1.04     102.08  1
        1998122718  2163798      -0.92     101.69  1
        1998122721  2246286      -0.91     101.43  1
        1998122800  2397547      -0.88     101.46  1
        1998122803  2280550      -0.79     101.62  1
        1998122806  2405011      -0.76     102.37  1
        1998122809  2657595      -0.68     103.66  1
        1998122812  2694087      -0.44     104.35  1
        1998122815  3027586      -0.15     106.20  1
        1998122818  3533522       0.18     108.28  1
        1998122821  4144384       0.56     109.49  1
        1998122900  4450841       0.72     110.10  1
        1998122903  4520971       0.86     110.75  1
        1998122906  4822265       0.94     110.68  1
        1998122909  5126741       0.99     110.12  1
        1998122912  5210921       1.05     110.01  1
        1998122915  5329817       1.07     109.83  1
        1998122918  5598963       1.10     109.47  1
        1998122921  8513098       0.20     119.20  1
        1998123000  8908355      -0.00     120.25  1
        1998123003  9145085      -0.10     121.39  1
        1998123006  9571997      -0.15     121.28  1
        1998123009  9868608      -0.19     120.40  1
        1998123012 10023736      -0.21     120.30  1
        1998123015 10569745      -0.40     120.35  1
        1998123018 11105979      -0.59     119.75  1
        1998123021 11346875      -0.70     118.48  1
        1998123100 11335844      -0.76     117.76  1
        1998123103 11392476      -0.79     117.66  1
        1998123106 11702384      -0.77     116.99  1
        1998123109 11627332      -0.73     116.02  1
        1998123112 11315328      -0.66     115.40  1
        1998123115 11137907      -0.56     114.94  1
        1998123118 10868837      -0.48     113.93  1
        1998123121 10436592      -0.28     112.63  1
        1999010100  9047557       0.94     109.06  1
        1999010103  8877430       1.01     108.67  1
        1999010106  8857112       1.08     108.54  1
        1999010109  8726342       1.15     108.27  1
        1999010112  8664317       1.21     108.30  1
        1999010115  8819515       1.21     108.72  1
        1999010118  9134959       1.21     109.41  1
        1999010121  9433827       1.13     110.37  1
        1999010200 10190827       1.06     112.95  1
        1999010203 10449074       1.09     114.02  1
        1999010206 10571931       1.15     114.45  1
        1999010209 10404834       1.13     114.74  1
        1999010212 10257156       1.13     115.35  1
        1999010215 10299818       1.16     116.01  1
        1999010218 10293892       1.21     116.44  1
        1999010221 10036144       1.26     117.29  1
        1999010300  9502658       1.18     119.08  1
        1999010303  9415427       1.35     119.68  1
        1999010306  9366149       1.48     119.99  1
        1999010309  9062199       1.56     120.17  1
        1999010312  8914052       1.63     120.40  1
        1999010315  9094567       1.86     120.71  1
        1999010318  9275964       2.14     121.07  1
        1999010321  9330170       2.41     121.69  1
        1999010400  9433295       2.81     122.51  1
        1999010403  9557193       3.21     123.35  1
        1999010406  9675568       3.58     124.00  1
        1999010409  9636666       3.98     124.56  1
        1999010412  9697944       4.42     125.10  1
        1999010415  9830092       4.92     125.42  1
        1999010418  9844660       5.49     125.66  1
        1999010421  9743713       6.05     125.67  1
        1999010500  9694790       6.63     125.76  1
        1999010503  9638850       7.09     125.80  1
        1999010506  9639499       7.45     126.03  1
        1999010509  9514198       7.86     126.26  1
        1999010512  9530052       8.18     126.49  1
        1999010515  9581915       8.44     126.66  1
        1999010518  9562646       8.79     126.88  1
        1999010521  9554330       9.25     127.14  1
        1999010600  9507766       9.75     127.49  1
        1999010603  9523826      10.25     127.94  1
        1999010606  9586239      10.79     128.33  1
        1999010609  9554779      11.30     128.64  1
        1999010612  9650788      11.81     129.10  1
        1999010615  9742546      12.16     129.45  1
        1999010618  9734592      12.55     129.85  1
        1999010621  9632681      12.92     130.20  1
        1999010700  9494412      13.27     130.54  1
        1999010703  9176520      13.74     130.96  1
        1999010706  8797696      14.34     131.39  1
        1999010709  8330532      15.06     131.93  1
        1999010712  8038169      15.74     132.71  1
        1999010715  7794453      16.11     133.34  1
        1999010718  5336408      19.80     140.45  1
        1999010721  5082235      20.17     141.09  1
        1999010800  4906768      20.36     141.60  1
        1999010803  4735245      20.69     142.33  1
        1999010806  4604230      20.92     142.98  1
        1999010809  4459150      21.11     143.59  1
        1999010812  4364691      21.31     144.21  1
        1999010815  4154725      21.34     144.62  1
        1999010818  3961850      21.34     144.87  1
        1999010821  3868225      21.39     145.28  1
        1999010900  3617412      21.46     145.72  1
        1999010903  3360567      21.65     146.41  1
        1999010906  2957975      21.74     147.12  1
        1999010909  2493805      21.82     147.95  1
        1999010912  2045818      22.07     148.96  1
        1999010915  1446603      22.10     149.83  1
        1999010918   978466      22.13     150.48  1
        1999010921   603234      22.28     151.37  1
        1999011000   319004      22.52     152.31  1
LPT    25.0100
        1999010321   302882     -12.75     306.96  1
        1999010400   442769     -12.86     306.98  1
        1999010403   522650     -13.17     307.12  1
        1999010406   645730     -13.24     307.05  1
        1999010409   748326     -13.10     306.73  1
        1999010412  1101033     -11.47     303.23  1
        1999010415  1366444     -10.73     301.62  1
        1999010418  1816139     -10.60     301.07  1
        1999010421  2921288     -15.55     307.95  1
        1999010500  2731329     -16.52     309.18  1
        1999010503  2965731     -16.87     309.27  1
        1999010506  3393502     -16.33     308.15  1
        1999010509  3789623     -15.64     306.95  1
        1999010512  3833620     -15.30     306.20  1
        1999010515  3699792     -14.74     305.07  1
        1999010518  4013304     -14.87     305.23  1
        1999010521  4260104     -14.96     305.27  1
        1999010600  3907378     -15.78     306.25  1
        1999010603  3917492     -16.23     306.77  1
        1999010606  3779140     -16.10     306.51  1
        1999010609  3581802     -16.69     307.13  1
        1999010612  3479727     -17.14     307.61  1
        1999010615  3346014     -17.66     308.17  1
        1999010618  3725970     -17.47     307.83  1
        1999010621  3540180     -17.45     307.60  1
        1999010700   784027      -7.54     295.84  1
        1999010703   341063      -7.24     295.25  1
        1999011000   384273      -6.87     295.13  1
        1999011003   753118      -6.77     295.23  1
        1999011006  1054157      -6.45     295.59  1
        1999011009  1287136      -6.15     295.77  1
        1999011012  1390436      -5.92     295.86  1
        1999011015  1427639      -5.76     295.91  1
        1999011018  1729056      -5.50     296.11  1
        1999011021  2106700      -5.43     295.93  1
        1999011100  2227286      -5.38     295.92  1
        1999011103  2300773      -5.42     295.87  1
        1999011106  2481251      -5.37     295.68  1
        1999011109  2600136      -5.39     295.44  1
        1999011112  2671488      -5.43     294.97  1
        1999011115  2648434      -5.48     294.60  1
        1999011118  2678067      -5.55     294.70  1
        1999011121  2780204      -5.45     293.95  1
        1999011200  2680235      -5.62     293.49  1
        1999011203  2583042      -5.69     293.02  1
        1999011206  2473891      -5.71     292.53  1
        1999011209  2464727      -5.45     292.16  1
        1999011212  2410464      -5.18     291.88  1
        1999011215  2371658      -5.08     291.77  1
        1999011218  2453428      -4.95     291.88  1
        1999011221  2453475      -4.58     291.75  1
        1999011300  2395033      -4.23     291.69  1
        1999011303  2284766      -3.92     291.50  1
        1999011306  2135388      -3.52     291.34  1
        1999011309  1933113      -3.19     291.02  1
        1999011312  1685829      -2.88     290.66  1
        1999011315  1444307      -2.62     290.11  1
        1999011318  1514930      -2.81     290.29  1
        1999011321  1466812      -3.02     289.97  1
        1999011400   874035      -2.53     288.66  1
        1999011403   674356      -2.50     288.36  1
        1999011406   577124      -2.64     288.43  1
        1999011409   321720      -2.97     288.61  1
LPT    26.0100
        1999011012   326967     -15.83     195.95  1
        1999011015   504058     -15.69     195.72  1
        1999011018   620975     -15.83     195.52  1
        1999011021   781875     -16.04     195.24  1
        1999011100   950959     -16.16     195.06  1
        1999011103  1084001     -16.19     194.84  1
        1999011106  1224674     -16.29     194.59  1
        1999011109  1317155     -16.18     194.36  1
        1999011112  1373370     -16.08     194.08  1
        1999011115  1467108     -15.91     193.73  1
        1999011118  1611377     -15.84     193.38  1
        1999011121  1749757     -15.77     193.02  1
        1999011200  1923477     -15.87     192.69  1
        1999011203  1977779     -16.05     192.44  1
        1999011206  2056041     -16.13     192.07  1
        1999011209  2715281     -15.03     188.53  1
        1999011212  3027474     -14.76     187.32  1
        1999011215  3368474     -14.55     186.34  1
        1999011218  3571515     -14.39     185.34  1
        1999011221  3690732     -14.23     184.66  1
        1999011300  3739449     -14.28     184.36  1
        1999011303  3783291     -14.10     183.73  1
        1999011306  3733382     -14.13     183.59  1
        1999011309  3708216     -14.18     183.60  1
        1999011312  3814835     -14.23     183.44  1
        1999011315  3863342     -14.34     183.45  1
        1999011318  3831428     -14.29     183.32  1
        1999011321  3803656     -14.03     182.68  1
        1999011400  3809440     -13.68     181.93  1
        1999011403  3772391     -13.34     181.18  1
        1999011406  3783387     -13.16     180.66  1
        1999011409  3761937     -12.95     180.19  1
        1999011412  3826623     -12.90     179.89  1
        1999011415  3998362     -12.86     179.45  1
        1999011418  4113549     -12.91     179.23  1
        1999011421  4192687     -13.07     179.33  1
        1999011500  4173768     -13.40     179.79  1
        1999011503  3977744     -13.27     179.83  1
        1999011506  3926115     -13.15     179.76  1
        1999011509  3873642     -13.08     179.76  1
        1999011512  3854522     -13.23     180.14  1
        1999011515  3935616     -13.31     180.33  1
        1999011518  3931141     -13.32     180.41  1
        1999011521  3843651     -13.27     180.47  1
        1999011600  3717730     -13.28     180.54  1
        1999011603  3613266     -13.26     180.44  1
        1999011606  3524323     -13.30     180.25  1
        1999011609  3579006     -13.32     179.65  1
        1999011612  3667070     -13.35     179.19  1
        1999011615  3823492     -13.37     178.67  1
        1999011618  3980596     -13.39     178.08  1
        1999011621  4146173     -13.40     177.50  1
        1999011700  4324445     -13.37     176.93  1
        1999011703  4470576     -13.33     176.48  1
        1999011706  4600726     -13.31     175.93  1
        1999011709  4723464     -13.31     175.61  1
        1999011712  4872067     -13.33     175.26  1
        1999011715  5120608     -13.29     174.85  1
        1999011718  5270260     -13.26     174.32  1
        1999011721  5264041     -13.25     173.99  1
        1999011800  5308911     -13.30     173.50  1
        1999011803  5414815     -13.28     173.01  1
        1999011806  5539289     -13.30     172.33  1
        1999011809  5658502     -13.36     171.74  1
        1999011812  5828995     -13.42     171.26  1
        1999011815  5929231     -13.40     170.61  1
        1999011818  5904647     -13.43     169.85  1
        1999011821  5854126     -13.47     169.39  1
        1999011900  5932188     -13.50     169.11  1
        1999011903  6026249     -13.55     168.77  1
        1999011906  6132741     -13.64     168.52  1
        1999011909  6211580     -13.70     168.37  1
        1999011912  6301797     -13.84     168.21  1
        1999011915  6544253     -13.98     167.58  1
        1999011918  6786027     -14.14     166.80  1
        1999011921  6977404     -14.27     166.30  1
        1999012000  7101270     -14.36     165.94  1
        1999012003  7283947     -14.45     165.58  1
        1999012006  7470036     -14.52     165.03  1
        1999012009  7624477     -14.53     164.75  1
        1999012012  7855503     -14.56     164.37  1
        1999012015  9967951     -11.84     160.62  1
        1999012018 10688323     -11.26     159.64  1
        1999012021 11003003     -11.02     159.25  1
        1999012100 11173319     -10.95     159.10  1
        1999012103 10999058     -11.20     159.33  1
        1999012106 11314901     -11.13     158.95  1
        1999012109 11458852     -11.22     158.81  1
        1999012112 11632345     -11.33     158.71  1
        1999012115 11796832     -11.41     158.42  1
        1999012118 11860501     -11.45     158.03  1
        1999012121 11984231     -11.49     157.61  1
        1999012200 12112015     -11.55     157.25  1
        1999012203 12471840     -11.54     156.19  1
        1999012206 12736100     -11.51     155.49  1
        1999012209 12836196     -11.67     155.22  1
        1999012212 12889867     -11.82     154.95  1
        1999012215 13024408     -11.75     154.46  1
        1999012218 13084079     -11.68     154.03  1
        1999012221 12966933     -11.64     153.72  1
        1999012300 12877228     -11.61     153.54  1
        1999012303 12935910     -11.48     153.21  1
        1999012306 13000913     -11.35     152.82  1
        1999012309 12980613     -11.28     152.69  1
        1999012312 12885417     -11.19     152.69  1
        1999012315 12695434     -11.04     152.49  1
        1999012318 12446061     -11.02     152.29  1
        1999012321 12139425     -11.06     152.16  1
        1999012400 11614208     -11.12     151.99  1
        1999012403 11365985     -11.03     151.71  1
        1999012406 11322802     -10.78     151.47  1
        1999012409 10814234     -10.77     151.27  1
        1999012412 10298984     -10.56     150.94  1
        1999012415  9774634     -10.01     150.10  1
        1999012418  9156009      -9.35     149.32  1
        1999012421  8419828      -8.51     148.35  1
        1999012500  7378926      -7.00     146.65  1
        1999012503  5381936      -2.45     139.59  1
        1999012506  5061760      -1.76     139.75  1
        1999012509  4467281      -1.02     139.08  1
        1999012512  4182874      -0.54     138.69  1
        1999012515  4049187      -0.17     138.46  1
        1999012518  3829590       0.33     138.20  1
        1999012521  3541736       0.70     137.77  1
        1999012600  3249155       1.01     137.25  1
        1999012603  3128773       1.16     136.82  1
        1999012606  2874401       1.36     136.21  1
        1999012609  2443906       1.72     135.51  1
        1999012612  2054587       2.14     134.27  1
        1999012615  1886679       2.22     132.77  1
        1999012618  9035025      -1.26     104.63  1
        1999012621  8799758      -1.33     104.63  1
        1999012700  8765372      -1.36     105.13  1
        1999012703  8817142      -1.39     105.82  1
        1999012706  8819774      -1.50     105.97  1
        1999012709  8888854      -1.48     106.41  1
        1999012712  8842857      -1.50     106.92  1
        1999012715  8939510      -1.48     107.58  1
        1999012718  8965351      -1.40     107.94  1
        1999012721  8923977      -1.34     108.17  1
        1999012800  8683401      -1.34     108.36  1
        1999012803  8389653      -1.39     108.72  1
        1999012806  8155684      -1.38     108.80  1
        1999012809  7867209      -1.44     109.19  1
        1999012812  7462481      -1.48     109.70  1
        1999012815  7081404      -1.59     110.07  1
        1999012818  6728701      -1.65     110.67  1
        1999012821  3357266       1.41     122.80  1
        1999012900  3308460       1.50     123.03  1
        1999012903  3350461       1.44     123.06  1
        1999012906  3365516       1.44     123.09  1
        1999012909  3457075       1.42     123.10  1
        1999012912  3512761       1.40     123.05  1
        1999012915  3585243       1.26     122.95  1
        1999012918  3626112       1.08     122.89  1
        1999012921  3647508       0.80     122.82  1
        1999013000  3636688       0.62     122.75  1
        1999013003  3509557       0.28     122.50  1
        1999013006  3346884      -0.02     122.24  1
        1999013009  3187451      -0.25     122.04  1
        1999013012  2866621      -0.83     121.55  1
        1999013015  2604418      -1.40     120.94  1
        1999013018  1932097      -2.71     119.68  1
        1999013021   980552      -6.42     117.41  1
        1999013100   804127      -6.97     116.66  1
        1999013103   690241      -7.31     116.37  1
        1999013106   717478      -7.51     116.07  1
        1999013109   686536      -7.72     115.68  1
        1999013112   780256      -7.92     115.38  1
        1999013115   796202      -7.98     115.25  1
        1999013118   879993      -8.13     115.35  1
        1999013121  3877550      -6.19     130.12  1
        1999020100  3897890      -6.40     129.99  1
        1999020103  4222394      -6.73     129.51  1
        1999020106  4399594      -6.77     129.66  1
        1999020109  4524300      -6.74     129.90  1
        1999020112  4542233      -6.81     129.87  1
        1999020115  4682924      -7.01     129.64  1
        1999020118  4780090      -7.09     129.61  1
        1999020121  4823103      -7.24     129.53  1
        1999020200  4818816      -7.42     129.16  1
        1999020203  4883296      -7.56     129.17  1
        1999020206  5096924      -7.70     129.50  1
        1999020209  5113813      -7.80     129.43  1
        1999020212  4967242      -7.81     129.32  1
        1999020215  5005701      -7.92     129.12  1
        1999020218  5049753      -8.04     128.99  1
        1999020221  4956309      -8.20     128.87  1
        1999020300  4845363      -8.36     128.80  1
        1999020303  4921229      -8.61     128.69  1
        1999020306  5200845      -8.83     128.76  1
        1999020309  5264568      -8.99     128.49  1
        1999020312  5317282      -9.19     128.30  1
        1999020315  5375146      -9.34     128.24  1
        1999020318  5589162      -9.39     128.17  1
        1999020321  5602682      -9.48     128.05  1
        1999020400  5587488      -9.60     127.96  1
        1999020403  5657017      -9.57     127.89  1
        1999020406  5805843      -9.75     128.23  1
        1999020409  6797830     -10.14     132.08  1
        1999020412  7092001     -10.35     133.08  1
        1999020415  7626023     -10.45     133.67  1
        1999020418  8635940      -9.33     132.13  1
        1999020421  8827151      -9.35     131.99  1
        1999020500  8957643      -9.34     132.01  1
        1999020503  9158466      -9.33     132.25  1
        1999020506 10526904     -11.43     136.16  1
        1999020509 10623204     -11.37     136.23  1
        1999020512 10834957     -11.36     136.60  1
        1999020515 11219884     -11.15     136.67  1
        1999020518 11605364     -10.88     136.77  1
        1999020521 11808147     -10.64     136.67  1
        1999020600 11773053     -10.53     136.61  1
        1999020603 11763901     -10.48     136.68  1
        1999020606 11767466     -10.25     136.29  1
        1999020609 11586513     -10.16     135.64  2
        1999020612 11338225     -10.23     135.46  2
        1999020615 11115690     -10.12     135.51  2
        1999020618 10849503     -10.24     136.05  2
        1999020621 10818496     -10.71     137.22  1
        1999020700 10589923     -10.70     137.51  1
        1999020703 10386561     -10.86     138.31  1
        1999020706  8726878     -13.46     142.55  1
        1999020709  8631549     -13.38     143.31  1
        1999020712  8454589     -13.30     144.57  1
        1999020715  8535461     -13.17     145.15  1
        1999020718  8489366     -13.14     146.03  1
        1999020721  8698722     -13.14     146.83  1
        1999020800  8831702     -13.17     147.56  1
        1999020803  8964219     -13.11     148.29  1
        1999020806  9090370     -13.00     148.81  1
        1999020809  9264786     -12.94     149.14  1
        1999020812  9400129     -12.86     149.28  1
        1999020815  9570723     -12.75     149.70  1
        1999020818  9732437     -12.71     149.98  1
        1999020821  9808203     -12.66     150.21  1
        1999020900  9893256     -12.60     150.45  1
        1999020903 10108015     -12.57     150.73  1
        1999020906 10397819     -12.40     151.12  1
        1999020909 10614604     -12.11     151.49  1
        1999020912 10713875     -11.79     151.92  1
        1999020915 10910564     -11.28     152.13  1
        1999020918 11074137     -10.64     152.19  1
        1999020921 11218075     -10.05     152.32  1
        1999021000 10604016      -8.60     152.22  1
        1999021003 10845309      -8.39     152.66  1
        1999021006 10946647      -8.27     153.06  1
        1999021009 11010193      -8.27     153.57  1
        1999021012 11004602      -8.37     154.41  1
        1999021015 11177992      -8.50     155.54  1
        1999021018 11291575      -8.73     156.55  1
        1999021021 11299937      -8.97     157.16  1
        1999021100 11254954      -9.16     157.95  1
        1999021103 11254775      -9.47     158.76  1
        1999021106 11194366      -9.72     159.40  1
        1999021109 11084208     -10.00     160.03  1
        1999021112 11188179     -10.29     160.43  1
        1999021115 11492169     -10.41     160.58  1
        1999021118 11753636     -10.43     160.58  1
        1999021121 11859420     -10.52     160.67  1
        1999021200 11955519     -10.69     160.84  1
        1999021203 12197939     -10.73     160.90  1
        1999021206 12293204     -10.82     160.95  1
        1999021209 12254627     -10.93     161.01  1
        1999021212 12267840     -11.00     160.94  1
        1999021215 12366280     -11.03     160.78  1
        1999021218 12431865     -11.07     160.53  1
        1999021221 12372939     -11.20     160.50  1
        1999021300 12449096     -11.24     160.39  1
        1999021303 12533469     -11.31     160.32  1
        1999021306 12570223     -11.25     160.16  1
        1999021309 12602386     -11.23     160.04  1
        1999021312 12610979     -11.18     159.86  1
        1999021315 12646251     -11.11     159.67  1
        1999021318 12531612     -11.19     159.47  1
        1999021321 12323450     -11.20     159.35  1
        1999021400 12132303     -11.19     159.30  1
        1999021403 11994420     -11.15     159.16  1
        1999021406 11730045     -11.01     159.02  1
        1999021409 11374276     -11.00     158.97  1
        1999021412  8364021     -17.12     163.48  1
        1999021415  7894622     -17.37     164.01  1
        1999021418  7317587     -17.78     164.71  1
        1999021421  6809790     -18.21     165.49  1
        1999021500  6412764     -18.65     166.48  1
        1999021503  6153761     -19.00     167.44  1
        1999021506  5920415     -19.35     168.58  1
        1999021509  5719766     -19.70     170.18  1
        1999021512  5680771     -19.90     171.37  1
        1999021515  5740372     -20.10     172.93  1
        1999021518  5751536     -20.21     174.05  1
        1999021521  5726609     -20.33     175.42  1
        1999021600  5701073     -20.40     176.78  1
        1999021603  5651752     -20.41     177.81  1
        1999021606  5494941     -20.33     178.76  1
        1999021609  5398069     -20.26     179.84  1
        1999021612  5455688     -20.10     180.66  1
        1999021615  5550658     -19.90     181.52  1
        1999021618  5514989     -19.85     182.86  1
        1999021621  5355437     -19.73     184.35  1
        1999021700  5414429     -19.63     185.09  1
        1999021703  5438253     -19.53     185.47  1
        1999021706  5470364     -19.46     185.74  1
        1999021709  5567366     -19.45     185.93  1
        1999021712  5669940     -19.38     186.04  1
        1999021715  5836246     -19.27     185.99  1
        1999021718  5930960     -19.28     186.14  1
        1999021721  6050993     -19.30     186.27  1
        1999021800  6155584     -19.24     186.24  1
        1999021803  6250351     -19.18     186.14  1
        1999021806  6288236     -19.14     186.16  1
        1999021809  6360197     -19.15     186.26  1
        1999021812  6500551     -19.13     186.27  1
        1999021815  6683275     -19.16     186.26  1
        1999021818  6777112     -19.19     186.25  1
        1999021821  6903650     -19.35     186.46  1
        1999021900  7062785     -19.51     186.66  1
        1999021903  7176981     -19.60     186.70  1
        1999021906  7246852     -19.71     186.80  1
        1999021909  7320089     -19.80     186.94  1
        1999021912  7320154     -19.91     187.12  1
        1999021915  7247348     -20.06     187.36  1
        1999021918  7152968     -20.20     187.48  1
        1999021921  7024516     -20.20     187.55  1
        1999022000  6944368     -20.23     187.58  1
        1999022003  6801359     -20.21     187.59  1
        1999022006  6617347     -20.22     187.68  1
        1999022009  6428822     -20.19     187.68  1
        1999022012  6211518     -20.19     187.81  1
        1999022015  5966606     -20.13     187.86  1
        1999022018  5609592     -20.12     188.07  1
        1999022021  5283670     -19.91     188.01  1
        1999022100  4883058     -19.64     187.89  1
        1999022103  4400926     -19.24     187.62  1
        1999022106  3937670     -18.66     187.14  1
        1999022109  2944366     -15.32     183.17  1
        1999022112  2722787     -14.83     182.76  1
        1999022115  2469241     -14.28     182.29  1
        1999022118  2162770     -13.55     181.56  1
        1999022121  1937722     -13.17     181.26  1
        1999022200  1742132     -12.84     180.95  1
        1999022203  1494800     -12.60     180.83  1
        1999022206  1371020     -12.39     180.58  1
        1999022209  1263451     -12.21     180.32  1
        1999022212  1322470     -11.57     177.76  1
        1999022215  1543947     -11.04     175.45  1
        1999022218  1576800     -10.57     173.53  1
        1999022221  1418705     -10.13     171.68  1
        1999022300  1273540      -9.74     169.97  1
        1999022303  1196424      -9.59     169.00  1
        1999022306  1165748      -9.65     169.13  1
        1999022309  1188624      -9.63     168.86  1
        1999022312  1279218      -9.62     168.57  1
        1999022315  1407825      -9.61     168.37  1
        1999022318  1484224      -9.53     168.05  1
        1999022321  1486618      -9.50     167.89  1
        1999022400  1447286      -9.43     167.77  1
        1999022403  1378712      -9.44     167.77  1
        1999022406  1348404      -9.40     167.68  1
        1999022409  1273010      -9.40     167.62  1
        1999022412  1137541      -9.37     167.58  1
        1999022415  1011862      -9.37     167.57  1
        1999022418   815177      -9.46     167.60  1
        1999022421   643735      -9.50     167.52  1
        1999022500   451679      -9.61     167.67  1
LPT    26.0200
        1999011012   326967     -15.83     195.95  1
        1999011015   504058     -15.69     195.72  1
        1999011018   620975     -15.83     195.52  1
        1999011021   781875     -16.04     195.24  1
        1999011100   950959     -16.16     195.06  1
        1999011103  1084001     -16.19     194.84  1
        1999011106  1224674     -16.29     194.59  1
        1999011109  1317155     -16.18     194.36  1
        1999011112  1373370     -16.08     194.08  1
        1999011115  1467108     -15.91     193.73  1
        1999011118  1611377     -15.84     193.38  1
        1999011121  1749757     -15.77     193.02  1
        1999011200  1923477     -15.87     192.69  1
        1999011203  1977779     -16.05     192.44  1
        1999011206  2056041     -16.13     192.07  1
        1999011209  2715281     -15.03     188.53  1
        1999011212  3027474     -14.76     187.32  1
        1999011215  3368474     -14.55     186.34  1
        1999011218  3571515     -14.39     185.34  1
        1999011221  3690732     -14.23     184.66  1
        1999011300  3739449     -14.28     184.36  1
        1999011303  3783291     -14.10     183.73  1
        1999011306  3733382     -14.13     183.59  1
        1999011309  3708216     -14.18     183.60  1
        1999011312  3814835     -14.23     183.44  1
        1999011315  3863342     -14.34     183.45  1
        1999011318  3831428     -14.29     183.32  1
        1999011321  3803656     -14.03     182.68  1
        1999011400  3809440     -13.68     181.93  1
        1999011403  3772391     -13.34     181.18  1
        1999011406  3783387     -13.16     180.66  1
        1999011409  3761937     -12.95     180.19  1
        1999011412  3826623     -12.90     179.89  1
        1999011415  3998362     -12.86     179.45  1
        1999011418  4113549     -12.91     179.23  1
        1999011421  4192687     -13.07     179.33  1
        1999011500  4173768     -13.40     179.79  1
        1999011503  3977744     -13.27     179.83  1
        1999011506  3926115     -13.15     179.76  1
        1999011509  3873642     -13.08     179.76  1
        1999011512  3854522     -13.23     180.14  1
        1999011515  3935616     -13.31     180.33  1
        1999011518  3931141     -13.32     180.41  1
        1999011521  3843651     -13.27     180.47  1
        1999011600  3717730     -13.28     180.54  1
        1999011603  3613266     -13.26     180.44  1
        1999011606  3524323     -13.30     180.25  1
        1999011609  3579006     -13.32     179.65  1
        1999011612  3667070     -13.35     179.19  1
        1999011615  3823492     -13.37     178.67  1
        1999011618  3980596     -13.39     178.08  1
        1999011621  4146173     -13.40     177.50  1
        1999011700  4324445     -13.37     176.93  1
        1999011703  4470576     -13.33     176.48  1
        1999011706  4600726     -13.31     175.93  1
        1999011709  4723464     -13.31     175.61  1
        1999011712  4872067     -13.33     175.26  1
        1999011715  5120608     -13.29     174.85  1
        1999011718  5270260     -13.26     174.32  1
        1999011721  5264041     -13.25     173.99  1
        1999011800  5308911     -13.30     173.50  1
        1999011803  5414815     -13.28     173.01  1
        1999011806  5539289     -13.30     172.33  1
        1999011809  5658502     -13.36     171.74  1
        1999011812  5828995     -13.42     171.26  1
        1999011815  5929231     -13.40     170.61  1
        1999011818  5904647     -13.43     169.85  1
        1999011821  5854126     -13.47     169.39  1
        1999011900  5932188     -13.50     169.11  1
        1999011903  6026249     -13.55     168.77  1
        1999011906  6132741     -13.64     168.52  1
        1999011909  6211580     -13.70     168.37  1
        1999011912  6301797     -13.84     168.21  1
        1999011915  6544253     -13.98     167.58  1
        1999011918  6786027     -14.14     166.80  1
        1999011921  6977404     -14.27     166.30  1
        1999012000  7101270     -14.36     165.94  1
        1999012003  7283947     -14.45     165.58  1
        1999012006  7470036     -14.52     165.03  1
        1999012009  7624477     -14.53     164.75  1
        1999012012  7855503     -14.56     164.37  1
        1999012015  9967951     -11.84     160.62  1
        1999012018 10688323     -11.26     159.64  1
        1999012021 11003003     -11.02     159.25  1
        1999012100 11173319     -10.95     159.10  1
        1999012103 10999058     -11.20     159.33  1
        1999012106 11314901     -11.13     158.95  1
        1999012109 11458852     -11.22     158.81  1
        1999012112 11632345     -11.33     158.71  1
        1999012115 11796832     -11.41     158.42  1
        1999012118 11860501     -11.45     158.03  1
        1999012121 11984231     -11.49     157.61  1
        1999012200 12112015     -11.55     157.25  1
        1999012203 12471840     -11.54     156.19  1
        1999012206 12736100     -11.51     155.49  1
        1999012209 12836196     -11.67     155.22  1
        1999012212 12889867     -11.82     154.95  1
        1999012215 13024408     -11.75     154.46  1
        1999012218 13084079     -11.68     154.03  1
        1999012221 12966933     -11.64     153.72  1
        1999012300 12877228     -11.61     153.54  1
        1999012303 12935910     -11.48     153.21  1
        1999012306 13000913     -11.35     152.82  1
        1999012309 12980613     -11.28     152.69  1
        1999012312 12885417     -11.19     152.69  1
        1999012315 12695434     -11.04     152.49  1
        1999012318 12446061     -11.02     152.29  1
        1999012321 12139425     -11.06     152.16  1
        1999012400 11614208     -11.12     151.99  1
        1999012403 11365985     -11.03     151.71  1
        1999012406 11322802     -10.78     151.47  1
        1999012409 10814234     -10.77     151.27  1
        1999012412 10298984     -10.56     150.94  1
        1999012415  9774634     -10.01     150.10  1
        1999012418  9156009      -9.35     149.32  1
        1999012421  8419828      -8.51     148.35  1
        1999012500  7378926      -7.00     146.65  1
        1999012503  5381936      -2.45     139.59  1
        1999012506  5061760      -1.76     139.75  1
        1999012509  4467281      -1.02     139.08  1
        1999012512  4182874      -0.54     138.69  1
        1999012515  4049187      -0.17     138.46  1
        1999012518  3829590       0.33     138.20  1
        1999012521  3541736       0.70     137.77  1
        1999012600  3249155       1.01     137.25  1
        1999012603  3128773       1.16     136.82  1
        1999012606  2874401       1.36     136.21  1
        1999012609  2443906       1.72     135.51  1
        1999012612  2054587       2.14     134.27  1
        1999012615  1886679       2.22     132.77  1
        1999012618  9035025      -1.26     104.63  1
        1999012621  8799758      -1.33     104.63  1
        1999012700  8765372      -1.36     105.13  1
        1999012703  8817142      -1.39     105.82  1
        1999012706  8819774      -1.50     105.97  1
        1999012709  8888854      -1.48     106.41  1
        1999012712  8842857      -1.50     106.92  1
        1999012715  8939510      -1.48     107.58  1
        1999012718  8965351      -1.40     107.94  1
        1999012721  8923977      -1.34     108.17  1
        1999012800  8683401      -1.34     108.36  1
        1999012803  8389653      -1.39     108.72  1
        1999012806  8155684      -1.38     108.80  1
        1999012809  7867209      -1.44     109.19  1
        1999012812  7462481      -1.48     109.70  1
        1999012815  7081404      -1.59     110.07  1
        1999012818  6728701      -1.65     110.67  1
        1999012821  3357266       1.41     122.80  1
        1999012900  3308460       1.50     123.03  1
        1999012903  3350461       1.44     123.06  1
        1999012906  3365516       1.44     123.09  1
        1999012909  3457075       1.42     123.10  1
        1999012912  3512761       1.40     123.05  1
        1999012915  3585243       1.26     122.95  1
        1999012918  3626112       1.08     122.89  1
        1999012921  3647508       0.80     122.82  1
        1999013000  3636688       0.62     122.75  1
        1999013003  3509557       0.28     122.50  1
        1999013006  3346884      -0.02     122.24  1
        1999013009  3187451      -0.25     122.04  1
        1999013012  2866621      -0.83     121.55  1
        1999013015  2604418      -1.40     120.94  1
        1999013018  1932097      -2.71     119.68  1
        1999013021   980552      -6.42     117.41  1
        1999013100   804127      -6.97     116.66  1
        1999013103   690241      -7.31     116.37  1
        1999013106   717478      -7.51     116.07  1
        1999013109   686536      -7.72     115.68  1
        1999013112   780256      -7.92     115.38  1
        1999013115   796202      -7.98     115.25  1
        1999013118   879993      -8.13     115.35  1
        1999013121  3877550      -6.19     130.12  1
        1999020100  3897890      -6.40     129.99  1
        1999020103  4222394      -6.73     129.51  1
        1999020106  4399594      -6.77     129.66  1
        1999020109  4524300      -6.74     129.90  1
        1999020112  4542233      -6.81     129.87  1
        1999020115  4682924      -7.01     129.64  1
        1999020118  4780090      -7.09     129.61  1
        1999020121  4823103      -7.24     129.53  1
        1999020200  4818816      -7.42     129.16  1
        1999020203  4883296      -7.56     129.17  1
        1999020206  5096924      -7.70     129.50  1
        1999020209  5113813      -7.80     129.43  1
        1999020212  4967242      -7.81     129.32  1
        1999020215  5005701      -7.92     129.12  1
        1999020218  5049753      -8.04     128.99  1
        1999020221  4956309      -8.20     128.87  1
        1999020300  4845363      -8.36     128.80  1
        1999020303  4921229      -8.61     128.69  1
        1999020306  5200845      -8.83     128.76  1
        1999020309  5264568      -8.99     128.49  1
        1999020312  5317282      -9.19     128.30  1
        1999020315  5375146      -9.34     128.24  1
        1999020318  5589162      -9.39     128.17  1
        1999020321  5602682      -9.48     128.05  1
        1999020400  5587488      -9.60     127.96  1
        1999020403  5657017      -9.57     127.89  1
        1999020406  5805843      -9.75     128.23  1
        1999020409  6797830     -10.14     132.08  1
        1999020412  7092001     -10.35     133.08  1
        1999020415  7626023     -10.45     133.67  1
        1999020418  8635940      -9.33     132.13  1
        1999020421  8827151      -9.35     131.99  1
        1999020500  8957643      -9.34     132.01  1
        1999020503  9158466      -9.33     132.25  1
        1999020506 10526904     -11.43     136.16  1
        1999020509 10623204     -11.37     136.23  1
        1999020512 10834957     -11.36     136.60  1
        1999020515 11219884     -11.15     136.67  1
        1999020518 11605364     -10.88     136.77  1
        1999020521 11808147     -10.64     136.67  1
        1999020600 11773053     -10.53     136.61  1
        1999020603 11763901     -10.48     136.68  1
        1999020606 11767466     -10.25     136.29  1
        1999020609 11586513     -10.16     135.64  2
        1999020612 11338225     -10.23     135.46  2
        1999020615 11115690     -10.12     135.51  2
        1999020618 10849503     -10.24     136.05  2
        1999020621 10818496     -10.71     137.22  1
        1999020700 10589923     -10.70     137.51  1
        1999020703 10386561     -10.86     138.31  1
        1999020706  8726878     -13.46     142.55  1
        1999020709  8631549     -13.38     143.31  1
        1999020712  8454589     -13.30     144.57  1
        1999020715  8535461     -13.17     145.15  1
        1999020718  8489366     -13.14     146.03  1
        1999020721  8698722     -13.14     146.83  1
        1999020800  8831702     -13.17     147.56  1
        1999020803  8964219     -13.11     148.29  1
        1999020806  9090370     -13.00     148.81  1
        1999020809  9264786     -12.94     149.14  1
        1999020812  9400129     -12.86     149.28  1
        1999020815  9570723     -12.75     149.70  1
        1999020818  9732437     -12.71     149.98  1
        1999020821  9808203     -12.66     150.21  1
        1999020900  9893256     -12.60     150.45  1
        1999020903 10108015     -12.57     150.73  1
        1999020906 10397819     -12.40     151.12  1
        1999020909 10614604     -12.11     151.49  1
        1999020912 10713875     -11.79     151.92  1
        1999020915 10910564     -11.28     152.13  1
        1999020918 11074137     -10.64     152.19  1
        1999020921 11218075     -10.05     152.32  1
        1999021000 10604016      -8.60     152.22  1
        1999021003 10845309      -8.39     152.66  1
        1999021006 10946647      -8.27     153.06  1
        1999021009 11010193      -8.27     153.57  1
        1999021012 11004602      -8.37     154.41  1
        1999021015 11177992      -8.50     155.54  1
        1999021018 11291575      -8.73     156.55  1
        1999021021 11299937      -8.97     157.16  1
        1999021100 11254954      -9.16     157.95  1
        1999021103 11254775      -9.47     158.76  1
        1999021106 11194366      -9.72     159.40  1
        1999021109 11084208     -10.00     160.03  1
        1999021112 11188179     -10.29     160.43  1
        1999021115 11492169     -10.41     160.58  1
        1999021118 11753636     -10.43     160.58  1
        1999021121 11859420     -10.52     160.67  1
        1999021200 11955519     -10.69     160.84  1
        1999021203 12197939     -10.73     160.90  1
        1999021206 12293204     -10.82     160.95  1
        1999021209 12254627     -10.93     161.01  1
        1999021212 12267840     -11.00     160.94  1
        1999021215 12366280     -11.03     160.78  1
        1999021218 12431865     -11.07     160.53  1
        1999021221 12372939     -11.20     160.50  1
        1999021300 12449096     -11.24     160.39  1
        1999021303 12533469     -11.31     160.32  1
        1999021306 12570223     -11.25     160.16  1
        1999021309 12602386     -11.23     160.04  1
        1999021312 12610979     -11.18     159.86  1
        1999021315 12646251     -11.11     159.67  1
        1999021318 12531612     -11.19     159.47  1
        1999021321 12323450     -11.20     159.35  1
        1999021400 12132303     -11.19     159.30  1
        1999021403 11994420     -11.15     159.16  1
        1999021406 11730045     -11.01     159.02  1
        1999021409 11374276     -11.00     158.97  1
        1999021412  2748077       9.21     144.17  1
        1999021415  2881841       9.53     143.89  1
        1999021418  2923344       9.95     143.55  1
        1999021421  3013527      10.34     143.32  1
        1999021500  2962291      10.75     143.19  1
        1999021503  3081687      10.85     143.09  1
        1999021506  3088575      11.07     142.88  1
        1999021509  3005107      11.49     142.73  1
        1999021512  2959857      11.86     142.61  1
        1999021515  2903301      12.47     142.42  1
        1999021518  2751602      13.25     142.31  1
        1999021521  2560983      14.19     142.28  1
        1999021600  2462324      14.98     142.26  1
        1999021603  2447637      15.44     142.19  1
        1999021606  2450978      15.74     142.11  1
        1999021609  2379161      16.12     142.09  1
        1999021612  2335951      16.47     142.15  1
        1999021615  2339879      16.70     142.15  1
        1999021618  2362008      16.94     142.20  1
        1999021621  2371522      17.23     142.42  1
        1999021700  2342237      17.50     142.66  1
        1999021703  2319228      17.76     142.84  1
        1999021706  2338154      17.99     143.00  1
        1999021709  2225557      18.10     143.17  1
        1999021712  2052085      18.29     143.44  1
        1999021715  1803046      18.28     143.50  1
        1999021718  1551637      18.44     143.66  1
        1999021721  1242510      18.73     144.06  1
        1999021800   840063      18.90     144.25  1
        1999021803   616760      19.07     144.50  1
LPT    26.0300
        1999011815   357440      -2.04      99.10  1
        1999011818   450715      -2.35      99.19  1
        1999011821   637167      -2.74      99.35  1
        1999011900   826500      -3.11      99.57  1
        1999011903   898833      -3.19      99.66  1
        1999011906  1070457      -3.31      99.69  1
        1999011909  1294483      -3.30      99.75  1
        1999011912  1419093      -3.35      99.77  1
        1999011915  1475923      -3.44      99.82  1
        1999011918  1568240      -3.47      99.91  1
        1999011921  1628962      -3.51     100.03  1
        1999012000  1591798      -3.62     100.13  1
        1999012003  1262399      -4.14     101.19  1
        1999012006  1355756      -3.81     100.33  1
        1999012009  1675655      -2.93      98.49  1
        1999012012  1659079      -3.00      98.49  2
        1999012015  1768417      -2.77      97.81  1
        1999012018  2225277      -2.48      97.26  1
        1999012021  2586870      -2.44      96.70  1
        1999012100  3743576      -2.12      88.81  1
        1999012103  4125228      -2.16      87.62  1
        1999012106  4387840      -2.19      86.73  2
        1999012109  4787523      -2.26      86.07  2
        1999012112  4901431      -2.26      85.07  2
        1999012115  5058763      -2.29      85.20  2
        1999012118  5200096      -2.33      85.25  2
        1999012121  5507418      -2.42      85.15  2
        1999012200  5733098      -2.40      84.58  2
        1999012203  5819084      -2.31      84.47  2
        1999012206  6383352      -2.46      85.18  1
        1999012209  6832428      -2.59      85.34  1
        1999012212  7017414      -2.65      85.37  1
        1999012215  7150823      -2.72      85.24  1
        1999012218  7352385      -2.81      85.49  1
        1999012221  7508701      -2.90      85.14  1
        1999012300  7592551      -3.04      85.00  1
        1999012303  7433587      -3.16      84.96  1
        1999012306  7424110      -3.23      84.78  1
        1999012309  7299749      -3.36      84.82  1
        1999012312  7073396      -3.43      85.22  1
        1999012315  6911769      -3.48      85.83  1
        1999012318  7049251      -3.50      86.37  1
        1999012321  7170509      -3.49      86.51  1
        1999012400  7194901      -3.50      86.94  1
        1999012403  7138677      -3.41      87.38  1
        1999012406  7170482      -3.35      87.64  1
        1999012409  7247736      -3.27      88.03  1
        1999012412  7144066      -3.11      88.50  1
        1999012415  7098817      -2.95      88.93  1
        1999012418  7080869      -2.82      89.06  1
        1999012421  7066007      -2.69      89.25  1
        1999012500  7002444      -2.52      89.40  1
        1999012503  6846395      -2.44      89.69  1
        1999012506  6848861      -2.37      89.93  1
        1999012509  6919255      -2.30      90.41  1
        1999012512  7178471      -2.30      91.81  1
        1999012515  7299442      -2.29      92.53  1
        1999012518  7454380      -2.31      93.19  1
        1999012521  7663315      -2.34      93.99  1
        1999012600  7673763      -2.30      94.61  1
        1999012603  7636509      -2.28      95.20  1
        1999012606  7609094      -2.25      95.59  1
        1999012609  7451987      -2.22      96.04  1
        1999012612  7208111      -2.17      96.55  1
        1999012615  7162516      -2.16      97.10  1
        1999012618  9035025      -1.26     104.63  1
        1999012621  8799758      -1.33     104.63  1
        1999012700  8765372      -1.36     105.13  1
        1999012703  8817142      -1.39     105.82  1
        1999012706  8819774      -1.50     105.97  1
        1999012709  8888854      -1.48     106.41  1
        1999012712  8842857      -1.50     106.92  1
        1999012715  8939510      -1.48     107.58  1
        1999012718  8965351      -1.40     107.94  1
        1999012721  8923977      -1.34     108.17  1
        1999012800  8683401      -1.34     108.36  1
        1999012803  8389653      -1.39     108.72  1
        1999012806  8155684      -1.38     108.80  1
        1999012809  7867209      -1.44     109.19  1
        1999012812  7462481      -1.48     109.70  1
        1999012815  7081404      -1.59     110.07  1
        1999012818  6728701      -1.65     110.67  1
        1999012821  3357266       1.41     122.80  1
        1999012900  3308460       1.50     123.03  1
        1999012903  3350461       1.44     123.06  1
        1999012906  3365516       1.44     123.09  1
        1999012909  3457075       1.42     123.10  1
        1999012912  3512761       1.40     123.05  1
        1999012915  3585243       1.26     122.95  1
        1999012918  3626112       1.08     122.89  1
        1999012921  3647508       0.80     122.82  1
        1999013000  3636688       0.62     122.75  1
        1999013003  3509557       0.28     122.50  1
        1999013006  3346884      -0.02     122.24  1
        1999013009  3187451      -0.25     122.04  1
        1999013012  2866621      -0.83     121.55  1
        1999013015  2604418      -1.40     120.94  1
        1999013018  1932097      -2.71     119.68  1
        1999013021   980552      -6.42     117.41  1
        1999013100   804127      -6.97     116.66  1
        1999013103   690241      -7.31     116.37  1
        1999013106   717478      -7.51     116.07  1
        1999013109   686536      -7.72     115.68  1
        1999013112   780256      -7.92     115.38  1
        1999013115   796202      -7.98     115.25  1
        1999013118   879993      -8.13     115.35  1
        1999013121  3877550      -6.19     130.12  1
        1999020100  3897890      -6.40     129.99  1
        1999020103  4222394      -6.73     129.51  1
        1999020106  4399594      -6.77     129.66  1
        1999020109  4524300      -6.74     129.90  1
        1999020112  4542233      -6.81     129.87  1
        1999020115  4682924      -7.01     129.64  1
        1999020118  4780090      -7.09     129.61  1
        1999020121  4823103      -7.24     129.53  1
        1999020200  4818816      -7.42     129.16  1
        1999020203  4883296      -7.56     129.17  1
        1999020206  5096924      -7.70     129.50  1
        1999020209  5113813      -7.80     129.43  1
        1999020212  4967242      -7.81     129.32  1
        1999020215  5005701      -7.92     129.12  1
        1999020218  5049753      -8.04     128.99  1
        1999020221  4956309      -8.20     128.87  1
        1999020300  4845363      -8.36     128.80  1
        1999020303  4921229      -8.61     128.69  1
        1999020306  5200845      -8.83     128.76  1
        1999020309  5264568      -8.99     128.49  1
        1999020312  5317282      -9.19     128.30  1
        1999020315  5375146      -9.34     128.24  1
        1999020318  5589162      -9.39     128.17  1
        1999020321  5602682      -9.48     128.05  1
        1999020400  5587488      -9.60     127.96  1
        1999020403  5657017      -9.57     127.89  1
        1999020406  5805843      -9.75     128.23  1
        1999020409  6797830     -10.14     132.08  1
        1999020412  7092001     -10.35     133.08  1
        1999020415  7626023     -10.45     133.67  1
        1999020418  8635940      -9.33     132.13  1
        1999020421  8827151      -9.35     131.99  1
        1999020500  8957643      -9.34     132.01  1
        1999020503  9158466      -9.33     132.25  1
        1999020506 10526904     -11.43     136.16  1
        1999020509 10623204     -11.37     136.23  1
        1999020512 10834957     -11.36     136.60  1
        1999020515 11219884     -11.15     136.67  1
        1999020518 11605364     -10.88     136.77  1
        1999020521 11808147     -10.64     136.67  1
        1999020600 11773053     -10.53     136.61  1
        1999020603 11763901     -10.48     136.68  1
        1999020606 11767466     -10.25     136.29  1
        1999020609 11586513     -10.16     135.64  2
        1999020612 11338225     -10.23     135.46  2
        1999020615 11115690     -10.12     135.51  2
        1999020618 10849503     -10.24     136.05  2
        1999020621 10818496     -10.71     137.22  1
        1999020700 10589923     -10.70     137.51  1
        1999020703 10386561     -10.86     138.31  1
        1999020706  8726878     -13.46     142.55  1
        1999020709  8631549     -13.38     143.31  1
        1999020712  8454589     -13.30     144.57  1
        1999020715  8535461     -13.17     145.15  1
        1999020718  8489366     -13.14     146.03  1
        1999020721  8698722     -13.14     146.83  1
        1999020800  8831702     -13.17     147.56  1
        1999020803  8964219     -13.11     148.29  1
        1999020806  9090370     -13.00     148.81  1
        1999020809  9264786     -12.94     149.14  1
        1999020812  9400129     -12.86     149.28  1
        1999020815  9570723     -12.75     149.70  1
        1999020818  9732437     -12.71     149.98  1
        1999020821  9808203     -12.66     150.21  1
        1999020900  9893256     -12.60     150.45  1
        1999020903 10108015     -12.57     150.73  1
        1999020906 10397819     -12.40     151.12  1
        1999020909 10614604     -12.11     151.49  1
        1999020912 10713875     -11.79     151.92  1
        1999020915 10910564     -11.28     152.13  1
        1999020918 11074137     -10.64     152.19  1
        1999020921 11218075     -10.05     152.32  1
        1999021000 10604016      -8.60     152.22  1
        1999021003 10845309      -8.39     152.66  1
        1999021006 10946647      -8.27     153.06  1
        1999021009 11010193      -8.27     153.57  1
        1999021012 11004602      -8.37     154.41  1
        1999021015 11177992      -8.50     155.54  1
        1999021018 11291575      -8.73     156.55  1
        1999021021 11299937      -8.97     157.16  1
        1999021100 11254954      -9.16     157.95  1
        1999021103 11254775      -9.47     158.76  1
        1999021106 11194366      -9.72     159.40  1
        1999021109 11084208     -10.00     160.03  1
        1999021112 11188179     -10.29     160.43  1
        1999021115 11492169     -10.41     160.58  1
        1999021118 11753636     -10.43     160.58  1
        1999021121 11859420     -10.52     160.67  1
        1999021200 11955519     -10.69     160.84  1
        1999021203 12197939     -10.73     160.90  1
        1999021206 12293204     -10.82     160.95  1
        1999021209 12254627     -10.93     161.01  1
        1999021212 12267840     -11.00     160.94  1
        1999021215 12366280     -11.03     160.78  1
        1999021218 12431865     -11.07     160.53  1
        1999021221 12372939     -11.20     160.50  1
        1999021300 12449096     -11.24     160.39  1
        1999021303 12533469     -11.31     160.32  1
        1999021306 12570223     -11.25     160.16  1
        1999021309 12602386     -11.23     160.04  1
        1999021312 12610979     -11.18     159.86  1
        1999021315 12646251     -11.11     159.67  1
        1999021318 12531612     -11.19     159.47  1
        1999021321 12323450     -11.20     159.35  1
        1999021400 12132303     -11.19     159.30  1
        1999021403 11994420     -11.15     159.16  1
        1999021406 11730045     -11.01     159.02  1
        1999021409 11374276     -11.00     158.97  1
        1999021412  8364021     -17.12     163.48  1
        1999021415  7894622     -17.37     164.01  1
        1999021418  7317587     -17.78     164.71  1
        1999021421  6809790     -18.21     165.49  1
        1999021500  6412764     -18.65     166.48  1
        1999021503  6153761     -19.00     167.44  1
        1999021506  5920415     -19.35     168.58  1
        1999021509  5719766     -19.70     170.18  1
        1999021512  5680771     -19.90     171.37  1
        1999021515  5740372     -20.10     172.93  1
        1999021518  5751536     -20.21     174.05  1
        1999021521  5726609     -20.33     175.42  1
        1999021600  5701073     -20.40     176.78  1
        1999021603  5651752     -20.41     177.81  1
        1999021606  5494941     -20.33     178.76  1
        1999021609  5398069     -20.26     179.84  1
        1999021612  5455688     -20.10     180.66  1
        1999021615  5550658     -19.90     181.52  1
        1999021618  5514989     -19.85     182.86  1
        1999021621  5355437     -19.73     184.35  1
        1999021700  5414429     -19.63     185.09  1
        1999021703  5438253     -19.53     185.47  1
        1999021706  5470364     -19.46     185.74  1
        1999021709  5567366     -19.45     185.93  1
        1999021712  5669940     -19.38     186.04  1
        1999021715  5836246     -19.27     185.99  1
        1999021718  5930960     -19.28     186.14  1
        1999021721  6050993     -19.30     186.27  1
        1999021800  6155584     -19.24     186.24  1
        1999021803  6250351     -19.18     186.14  1
        1999021806  6288236     -19.14     186.16  1
        1999021809  6360197     -19.15     186.26  1
        1999021812  6500551     -19.13     186.27  1
        1999021815  6683275     -19.16     186.26  1
        1999021818  6777112     -19.19     186.25  1
        1999021821  6903650     -19.35     186.46  1
        1999021900  7062785     -19.51     186.66  1
        1999021903  7176981     -19.60     186.70  1
        1999021906  7246852     -19.71     186.80  1
        1999021909  7320089     -19.80     186.94  1
        1999021912  7320154     -19.91     187.12  1
        1999021915  7247348     -20.06     187.36  1
        1999021918  7152968     -20.20     187.48  1
        1999021921  7024516     -20.20     187.55  1
        1999022000  6944368     -20.23     187.58  1
        1999022003  6801359     -20.21     187.59  1
        1999022006  6617347     -20.22     187.68  1
        1999022009  6428822     -20.19     187.68  1
        1999022012  6211518     -20.19     187.81  1
        1999022015  5966606     -20.13     187.86  1
        1999022018  5609592     -20.12     188.07  1
        1999022021  5283670     -19.91     188.01  1
        1999022100  4883058     -19.64     187.89  1
        1999022103  4400926     -19.24     187.62  1
        1999022106  3937670     -18.66     187.14  1
        1999022109  2944366     -15.32     183.17  1
        1999022112  2722787     -14.83     182.76  1
        1999022115  2469241     -14.28     182.29  1
        1999022118  2162770     -13.55     181.56  1
        1999022121  1937722     -13.17     181.26  1
        1999022200  1742132     -12.84     180.95  1
        1999022203  1494800     -12.60     180.83  1
        1999022206  1371020     -12.39     180.58  1
        1999022209  1263451     -12.21     180.32  1
        1999022212  1322470     -11.57     177.76  1
        1999022215  1543947     -11.04     175.45  1
        1999022218  1576800     -10.57     173.53  1
        1999022221  1418705     -10.13     171.68  1
        1999022300  1273540      -9.74     169.97  1
        1999022303  1196424      -9.59     169.00  1
        1999022306  1165748      -9.65     169.13  1
        1999022309  1188624      -9.63     168.86  1
        1999022312  1279218      -9.62     168.57  1
        1999022315  1407825      -9.61     168.37  1
        1999022318  1484224      -9.53     168.05  1
        1999022321  1486618      -9.50     167.89  1
        1999022400  1447286      -9.43     167.77  1
        1999022403  1378712      -9.44     167.77  1
        1999022406  1348404      -9.40     167.68  1
        1999022409  1273010      -9.40     167.62  1
        1999022412  1137541      -9.37     167.58  1
        1999022415  1011862      -9.37     167.57  1
        1999022418   815177      -9.46     167.60  1
        1999022421   643735      -9.50     167.52  1
        1999022500   451679      -9.61     167.67  1
LPT    26.0400
        1999011815   357440      -2.04      99.10  1
        1999011818   450715      -2.35      99.19  1
        1999011821   637167      -2.74      99.35  1
        1999011900   826500      -3.11      99.57  1
        1999011903   898833      -3.19      99.66  1
        1999011906  1070457      -3.31      99.69  1
        1999011909  1294483      -3.30      99.75  1
        1999011912  1419093      -3.35      99.77  1
        1999011915  1475923      -3.44      99.82  1
        1999011918  1568240      -3.47      99.91  1
        1999011921  1628962      -3.51     100.03  1
        1999012000  1591798      -3.62     100.13  1
        1999012003  1262399      -4.14     101.19  1
        1999012006  1355756      -3.81     100.33  1
        1999012009  1675655      -2.93      98.49  1
        1999012012  1659079      -3.00      98.49  2
        1999012015  1768417      -2.77      97.81  1
        1999012018  2225277      -2.48      97.26  1
        1999012021  2586870      -2.44      96.70  1
        1999012100  3743576      -2.12      88.81  1
        1999012103  4125228      -2.16      87.62  1
        1999012106  4387840      -2.19      86.73  2
        1999012109  4787523      -2.26      86.07  2
        1999012112  4901431      -2.26      85.07  2
        1999012115  5058763      -2.29      85.20  2
        1999012118  5200096      -2.33      85.25  2
        1999012121  5507418      -2.42      85.15  2
        1999012200  5733098      -2.40      84.58  2
        1999012203  5819084      -2.31      84.47  2
        1999012206  6383352      -2.46      85.18  1
        1999012209  6832428      -2.59      85.34  1
        1999012212  7017414      -2.65      85.37  1
        1999012215  7150823      -2.72      85.24  1
        1999012218  7352385      -2.81      85.49  1
        1999012221  7508701      -2.90      85.14  1
        1999012300  7592551      -3.04      85.00  1
        1999012303  7433587      -3.16      84.96  1
        1999012306  7424110      -3.23      84.78  1
        1999012309  7299749      -3.36      84.82  1
        1999012312  7073396      -3.43      85.22  1
        1999012315  6911769      -3.48      85.83  1
        1999012318  7049251      -3.50      86.37  1
        1999012321  7170509      -3.49      86.51  1
        1999012400  7194901      -3.50      86.94  1
        1999012403  7138677      -3.41      87.38  1
        1999012406  7170482      -3.35      87.64  1
        1999012409  7247736      -3.27      88.03  1
        1999012412  7144066      -3.11      88.50  1
        1999012415  7098817      -2.95      88.93  1
        1999012418  7080869      -2.82      89.06  1
        1999012421  7066007      -2.69      89.25  1
        1999012500  7002444      -2.52      89.40  1
        1999012503  6846395      -2.44      89.69  1
        1999012506  6848861      -2.37      89.93  1
        1999012509  6919255      -2.30      90.41  1
        1999012512  7178471      -2.30      91.81  1
        1999012515  7299442      -2.29      92.53  1
        1999012518  7454380      -2.31      93.19  1
        1999012521  7663315      -2.34      93.99  1
        1999012600  7673763      -2.30      94.61  1
        1999012603  7636509      -2.28      95.20  1
        1999012606  7609094      -2.25      95.59  1
        1999012609  7451987      -2.22      96.04  1
        1999012612  7208111      -2.17      96.55  1
        1999012615  7162516      -2.16      97.10  1
        1999012618  9035025      -1.26     104.63  1
        1999012621  8799758      -1.33     104.63  1
        1999012700  8765372      -1.36     105.13  1
        1999012703  8817142      -1.39     105.82  1
        1999012706  8819774      -1.50     105.97  1
        1999012709  8888854      -1.48     106.41  1
        1999012712  8842857      -1.50     106.92  1
        1999012715  8939510      -1.48     107.58  1
        1999012718  8965351      -1.40     107.94  1
        1999012721  8923977      -1.34     108.17  1
        1999012800  8683401      -1.34     108.36  1
        1999012803  8389653      -1.39     108.72  1
        1999012806  8155684      -1.38     108.80  1
        1999012809  7867209      -1.44     109.19  1
        1999012812  7462481      -1.48     109.70  1
        1999012815  7081404      -1.59     110.07  1
        1999012818  6728701      -1.65     110.67  1
        1999012821  3357266       1.41     122.80  1
        1999012900  3308460       1.50     123.03  1
        1999012903  3350461       1.44     123.06  1
        1999012906  3365516       1.44     123.09  1
        1999012909  3457075       1.42     123.10  1
        1999012912  3512761       1.40     123.05  1
        1999012915  3585243       1.26     122.95  1
        1999012918  3626112       1.08     122.89  1
        1999012921  3647508       0.80     122.82  1
        1999013000  3636688       0.62     122.75  1
        1999013003  3509557       0.28     122.50  1
        1999013006  3346884      -0.02     122.24  1
        1999013009  3187451      -0.25     122.04  1
        1999013012  2866621      -0.83     121.55  1
        1999013015  2604418      -1.40     120.94  1
        1999013018  1932097      -2.71     119.68  1
        1999013021   980552      -6.42     117.41  1
        1999013100   804127      -6.97     116.66  1
        1999013103   690241      -7.31     116.37  1
        1999013106   717478      -7.51     116.07  1
        1999013109   686536      -7.72     115.68  1
        1999013112   780256      -7.92     115.38  1
        1999013115   796202      -7.98     115.25  1
        1999013118   879993      -8.13     115.35  1
        1999013121  3877550      -6.19     130.12  1
        1999020100  3897890      -6.40     129.99  1
        1999020103  4222394      -6.73     129.51  1
        1999020106  4399594      -6.77     129.66  1
        1999020109  4524300      -6.74     129.90  1
        1999020112  4542233      -6.81     129.87  1
        1999020115  4682924      -7.01     129.64  1
        1999020118  4780090      -7.09     129.61  1
        1999020121  4823103      -7.24     129.53  1
        1999020200  4818816      -7.42     129.16  1
        1999020203  4883296      -7.56     129.17  1
        1999020206  5096924      -7.70     129.50  1
        1999020209  5113813      -7.80     129.43  1
        1999020212  4967242      -7.81     129.32  1
        1999020215  5005701      -7.92     129.12  1
        1999020218  5049753      -8.04     128.99  1
        1999020221  4956309      -8.20     128.87  1
        1999020300  4845363      -8.36     128.80  1
        1999020303  4921229      -8.61     128.69  1
        1999020306  5200845      -8.83     128.76  1
        1999020309  5264568      -8.99     128.49  1
        1999020312  5317282      -9.19     128.30  1
        1999020315  5375146      -9.34     128.24  1
        1999020318  5589162      -9.39     128.17  1
        1999020321  5602682      -9.48     128.05  1
        1999020400  5587488      -9.60     127.96  1
        1999020403  5657017      -9.57     127.89  1
        1999020406  5805843      -9.75     128.23  1
        1999020409  6797830     -10.14     132.08  1
        1999020412  7092001     -10.35     133.08  1
        1999020415  7626023     -10.45     133.67  1
        1999020418  8635940      -9.33     132.13  1
        1999020421  8827151      -9.35     131.99  1
        1999020500  8957643      -9.34     132.01  1
        1999020503  9158466      -9.33     132.25  1
        1999020506 10526904     -11.43     136.16  1
        1999020509 10623204     -11.37     136.23  1
        1999020512 10834957     -11.36     136.60  1
        1999020515 11219884     -11.15     136.67  1
        1999020518 11605364     -10.88     136.77  1
        1999020521 11808147     -10.64     136.67  1
        1999020600 11773053     -10.53     136.61  1
        1999020603 11763901     -10.48     136.68  1
        1999020606 11767466     -10.25     136.29  1
        1999020609 11586513     -10.16     135.64  2
        1999020612 11338225     -10.23     135.46  2
        1999020615 11115690     -10.12     135.51  2
        1999020618 10849503     -10.24     136.05  2
        1999020621 10818496     -10.71     137.22  1
        1999020700 10589923     -10.70     137.51  1
        1999020703 10386561     -10.86     138.31  1
        1999020706  8726878     -13.46     142.55  1
        1999020709  8631549     -13.38     143.31  1
        1999020712  8454589     -13.30     144.57  1
        1999020715  8535461     -13.17     145.15  1
        1999020718  8489366     -13.14     146.03  1
        1999020721  8698722     -13.14     146.83  1
        1999020800  8831702     -13.17     147.56  1
        1999020803  8964219     -13.11     148.29  1
        1999020806  9090370     -13.00     148.81  1
        1999020809  9264786     -12.94     149.14  1
        1999020812  9400129     -12.86     149.28  1
        1999020815  9570723     -12.75     149.70  1
        1999020818  9732437     -12.71     149.98  1
        1999020821  9808203     -12.66     150.21  1
        1999020900  9893256     -12.60     150.45  1
        1999020903 10108015     -12.57     150.73  1
        1999020906 10397819     -12.40     151.12  1
        1999020909 10614604     -12.11     151.49  1
        1999020912 10713875     -11.79     151.92  1
        1999020915 10910564     -11.28     152.13  1
        1999020918 11074137     -10.64     152.19  1
        1999020921 11218075     -10.05     152.32  1
        1999021000 10604016      -8.60     152.22  1
        1999021003 10845309      -8.39     152.66  1
        1999021006 10946647      -8.27     153.06  1
        1999021009 11010193      -8.27     153.57  1
        1999021012 11004602      -8.37     154.41  1
        1999021015 11177992      -8.50     155.54  1
        1999021018 11291575      -8.73     156.55  1
        1999021021 11299937      -8.97     157.16  1
        1999021100 11254954      -9.16     157.95  1
        1999021103 11254775      -9.47     158.76  1
        1999021106 11194366      -9.72     159.40  1
        1999021109 11084208     -10.00     160.03  1
        1999021112 11188179     -10.29     160.43  1
        1999021115 11492169     -10.41     160.58  1
        1999021118 11753636     -10.43     160.58  1
        1999021121 11859420     -10.52     160.67  1
        1999021200 11955519     -10.69     160.84  1
        1999021203 12197939     -10.73     160.90  1
        1999021206 12293204     -10.82     160.95  1
        1999021209 12254627     -10.93     161.01  1
        1999021212 12267840     -11.00     160.94  1
        1999021215 12366280     -11.03     160.78  1
        1999021218 12431865     -11.07     160.53  1
        1999021221 12372939     -11.20     160.50  1
        1999021300 12449096     -11.24     160.39  1
        1999021303 12533469     -11.31     160.32  1
        1999021306 12570223     -11.25     160.16  1
        1999021309 12602386     -11.23     160.04  1
        1999021312 12610979     -11.18     159.86  1
        1999021315 12646251     -11.11     159.67  1
        1999021318 12531612     -11.19     159.47  1
        1999021321 12323450     -11.20     159.35  1
        1999021400 12132303     -11.19     159.30  1
        1999021403 11994420     -11.15     159.16  1
        1999021406 11730045     -11.01     159.02  1
        1999021409 11374276     -11.00     158.97  1
        1999021412  2748077       9.21     144.17  1
        1999021415  2881841       9.53     143.89  1
        1999021418  2923344       9.95     143.55  1
        1999021421  3013527      10.34     143.32  1
        1999021500  2962291      10.75     143.19  1
        1999021503  3081687      10.85     143.09  1
        1999021506  3088575      11.07     142.88  1
        1999021509  3005107      11.49     142.73  1
        1999021512  2959857      11.86     142.61  1
        1999021515  2903301      12.47     142.42  1
        1999021518  2751602      13.25     142.31  1
        1999021521  2560983      14.19     142.28  1
        1999021600  2462324      14.98     142.26  1
        1999021603  2447637      15.44     142.19  1
        1999021606  2450978      15.74     142.11  1
        1999021609  2379161      16.12     142.09  1
        1999021612  2335951      16.47     142.15  1
        1999021615  2339879      16.70     142.15  1
        1999021618  2362008      16.94     142.20  1
        1999021621  2371522      17.23     142.42  1
        1999021700  2342237      17.50     142.66  1
        1999021703  2319228      17.76     142.84  1
        1999021706  2338154      17.99     143.00  1
        1999021709  2225557      18.10     143.17  1
        1999021712  2052085      18.29     143.44  1
        1999021715  1803046      18.28     143.50  1
        1999021718  1551637      18.44     143.66  1
        1999021721  1242510      18.73     144.06  1
        1999021800   840063      18.90     144.25  1
        1999021803   616760      19.07     144.50  1
LPT    27.0100
        1999022018   326642      36.64     290.57  1
        1999022021   464386      36.60     291.05  1
        1999022100   529329      36.62     291.29  1
        1999022103   560066      36.65     291.47  1
        1999022106   567487      36.65     291.61  1
        1999022109   546580      36.72     291.77  1
        1999022112   486341      36.85     292.17  1
        1999022115   367766      36.97     292.61  1
        1999022118   252794      37.05     293.01  1
        1999022212   418587      35.41     293.40  1
        1999022215   577292      35.55     293.83  1
        1999022218   629597      35.61     294.07  1
        1999022221   604331      35.71     294.35  1
        1999022300   504883      35.88     294.68  1
        1999022303   334001      35.78     294.84  1
        1999022506   271244      37.24     294.43  1
        1999022509   503864      37.29     294.88  1
        1999022512   729897      37.53     295.49  1
        1999022515   790870      37.95     295.77  1
        1999022518   914172      38.21     296.43  1
        1999022521  1063318      38.25     297.08  1
        1999022600  1142084      38.18     297.55  1
        1999022603  1304800      38.33     298.21  1
        1999022606  1522819      38.63     298.83  1
        1999022609  1679651      38.85     299.01  1
        1999022612  1777306      38.85     299.06  1
        1999022615  1826664      38.87     298.93  1
        1999022618  1927865      39.00     299.00  1
        1999022621  2116070      38.99     299.26  1
        1999022700  2367356      39.31     299.62  1
        1999022703  2664334      39.96     300.17  1
        1999022706  2849337      40.28     300.59  1
        1999022709  2956357      40.44     300.87  1
        1999022712  3122909      40.69     301.32  1
        1999022715  3274653      40.71     301.78  1
        1999022718  3429308      40.75     302.28  1
        1999022721  3465061      40.79     302.64  1
        1999022800  3466815      40.90     303.06  1
        1999022803  3501122      41.20     304.06  1
        1999022806  3473986      41.50     305.27  1
        1999022809  3335289      41.83     306.30  1
        1999022812  3180624      42.09     306.91  1
        1999022815  2974578      42.38     307.65  1
        1999022818  2822892      42.59     308.18  1
        1999022821  2431158      43.22     308.94  1
        1999030100  2155692      43.82     309.58  1
        1999030103  1900028      44.37     310.12  1
        1999030106  1418044      45.15     311.30  1
        1999030109   423932      46.04     316.52  1
        1999030112   230474      47.55     318.18  1
LPT    28.0100
        1999022403   452586      -1.52     328.42  1
        1999022406   627860      -1.49     328.23  1
        1999022409   837066      -1.47     328.04  1
        1999022412   986800      -1.45     327.92  1
        1999022415  1128018      -1.42     327.77  1
        1999022418  1154999      -1.45     327.79  1
        1999022421  1212083      -1.45     327.66  1
        1999022500  1249892      -1.44     327.43  1
        1999022503  1263015      -1.45     327.13  1
        1999022506  1210564      -1.46     326.56  1
        1999022509  1172036      -1.41     325.84  1
        1999022512  1015420      -1.36     324.99  1
        1999022515   878044      -1.33     324.29  1
        1999022518   771471      -1.44     322.89  1
        1999022521   657183      -1.51     322.07  1
        1999022600   481930      -1.48     321.46  1
        1999022603   333684      -1.36     321.10  1
        1999022618   404709      -1.32     318.97  1
        1999022621   536666      -1.51     318.35  1
        1999022700   880270      -2.31     317.53  1
        1999022703  1051797      -2.63     317.15  1
        1999022706  1135203      -2.44     317.10  1
        1999022709  1195550      -2.22     317.15  1
        1999022712  1209729      -1.93     317.34  1
        1999022715  1273837      -1.76     317.25  1
        1999022718  1676594      -1.87     316.95  1
        1999022721  1809996      -1.77     316.90  1
        1999022800  1854903      -1.59     316.57  1
        1999022803  1915153      -1.43     316.24  1
        1999022806  1982358      -1.29     316.10  1
        1999022809  2000155      -1.22     315.70  1
        1999022812  1927152      -1.09     315.30  1
        1999022815  1904114      -1.01     314.94  1
        1999022818  2124073      -1.24     314.25  1
        1999022821  4894522      -3.99     303.69  1
        1999030100  5091121      -4.07     303.51  1
        1999030103  5234163      -3.98     303.52  1
        1999030106  5519365      -4.02     303.73  1
        1999030109  5686061      -4.11     303.93  1
        1999030112  5680885      -4.11     304.09  1
        1999030115  5757966      -4.27     304.34  1
        1999030118  6256299      -4.70     304.65  1
        1999030121  6379459      -4.86     304.48  1
        1999030200  5856145      -4.85     305.48  1
        1999030203  5604488      -4.79     305.77  1
        1999030206  5450318      -4.77     305.95  1
        1999030209  5425388      -4.82     305.97  1
        1999030212  5367892      -4.90     305.92  1
        1999030215  5354472      -4.94     306.02  1
        1999030218  5659630      -5.24     306.30  1
        1999030221  5575870      -5.41     306.01  1
        1999030300  5081477      -5.33     306.71  1
        1999030303  4797427      -5.27     306.77  1
        1999030306  4678287      -5.29     306.85  1
        1999030309  4618795      -5.50     306.92  1
        1999030312  4397436      -5.61     307.24  1
        1999030315  4279088      -5.79     307.68  1
        1999030318  4504513      -6.31     308.51  1
        1999030321  4514953      -6.70     309.10  1
        1999030400  4046847      -6.94     310.50  1
        1999030403  3939555      -7.08     311.51  1
        1999030406  3801450      -7.05     312.43  1
        1999030409  3603289      -7.16     313.42  1
        1999030412  3518047      -7.31     314.09  1
        1999030415  3589956      -7.32     314.76  1
        1999030418  4022560      -7.41     315.26  1
        1999030421  4079329      -7.45     315.79  1
        1999030500  3954972      -7.32     316.64  1
        1999030503  3953669      -7.18     317.23  1
        1999030506  3755444      -7.27     317.97  1
        1999030509  3652847      -7.50     318.37  1
        1999030512  3574360      -7.82     318.67  1
        1999030515  3609399      -8.20     318.78  1
        1999030518  3549730      -8.49     318.67  1
        1999030521  3175858      -9.08     318.82  1
        1999030600  2979414      -9.76     319.12  1
        1999030603  2817580     -10.77     319.63  1
        1999030606  2495538     -11.75     320.43  2
        1999030609  2491485     -13.06     320.16  1
        1999030612  2495334     -13.93     319.99  1
        1999030615  2383244     -14.89     319.47  1
        1999030618  2594084     -14.72     318.45  1
        1999030621  1284224      -7.19     312.78  1
        1999030700  1143546      -6.66     312.21  1
        1999030703  1115992      -6.32     311.82  1
        1999030706   928217      -6.37     311.29  1
        1999030709   822061      -6.63     310.91  1
        1999030712   732469      -6.58     310.69  1
        1999030715   718321      -6.81     310.52  1
        1999030718   778723      -7.31     310.22  1
        1999030721   493009      -7.55     309.79  1
LPT    29.0100
        1999022703   532430       2.56     142.48  1
        1999022706   705902       2.57     141.81  1
        1999022709   914718       2.62     141.44  1
        1999022712  1130395       2.64     141.24  1
        1999022715  1307345       2.80     141.12  1
        1999022718  1296148       3.18     141.10  1
        1999022721  1388242       3.38     141.10  1
        1999022800  1486442       3.58     141.19  1
        1999022803  1631452       3.74     141.24  1
        1999022806  1792607       3.86     141.25  1
        1999022809  1911453       3.94     141.25  1
        1999022812  2033365       3.96     141.15  1
        1999022815  2132899       4.08     140.92  1
        1999022818  2271849       4.03     140.70  1
        1999022821  2418098       4.18     140.26  1
        1999030100  2599852       4.55     139.70  1
        1999030103  2869469       4.91     139.04  1
        1999030106  3107967       5.27     138.49  1
        1999030109  3281394       5.51     138.07  1
        1999030112  3471604       5.70     137.69  1
        1999030115  3616943       5.95     137.28  1
        1999030118  3705441       6.22     136.97  1
        1999030121  3751015       6.53     136.61  1
        1999030200  3762205       6.82     136.22  1
        1999030203  3831849       6.92     135.93  1
        1999030206  3894431       7.03     135.52  1
        1999030209  3949349       7.05     135.08  1
        1999030212  4032282       6.98     134.73  1
        1999030215  4091288       7.05     134.18  1
        1999030218  4326940       6.97     133.89  1
        1999030221  4630534       6.76     133.65  1
        1999030300  4693435       6.77     133.43  1
        1999030303  4813673       6.67     133.37  1
        1999030306  5047516       6.46     133.34  1
        1999030309  5057880       6.37     133.22  1
        1999030312  5074438       6.36     133.12  1
        1999030315  4965372       6.45     132.94  1
        1999030318  4964184       6.37     133.08  1
        1999030321  4877508       6.36     133.10  1
        1999030400  4751822       6.38     133.31  1
        1999030403  4730449       6.23     133.66  1
        1999030406  4797916       6.05     133.99  1
        1999030409  4780975       5.93     134.24  1
        1999030412  4738889       5.83     134.51  1
        1999030415  4677099       5.71     134.73  1
        1999030418  4656513       5.53     134.99  1
        1999030421  4707305       5.32     134.88  1
        1999030500  4866405       4.92     134.21  1
        1999030503  5275130       4.20     133.13  1
        1999030506  5622057       3.79     132.45  1
        1999030509  5489125       3.59     132.42  1
        1999030512  5139313       3.50     132.74  1
        1999030515  2528685       3.14     142.30  1
        1999030518  2411245       2.91     143.13  1
        1999030521  2053598       2.81     143.75  1
        1999030600  1619396       2.89     144.72  1
        1999030603  1362358       2.62     145.84  1
        1999030606  1111595       1.53     146.72  1
        1999030609   523115      -0.09     147.17  1
LPT    30.0100
        1999031303   344917      -2.79      97.19  1
        1999031306   469741      -3.10      97.26  1
        1999031309   723079      -3.48      97.29  1
        1999031312   998592      -3.70      96.97  1
        1999031315  1329184      -3.94      96.68  1
        1999031318  1580256      -4.15      96.49  1
        1999031321  2015038      -4.19      96.30  1
        1999031400  2209496      -4.41      96.29  1
        1999031403  2318032      -4.57      96.26  1
        1999031406  2412896      -4.67      96.29  1
        1999031409  2533166      -4.73      96.36  1
        1999031412  2617194      -4.84      96.50  1
        1999031415  2677977      -5.00      96.69  1
        1999031418  2804468      -5.21      96.84  1
        1999031421  2983858      -5.41      97.15  1
        1999031500  2894144      -5.66      97.57  1
        1999031503  2831266      -5.87      97.96  1
        1999031506  2777929      -6.16      98.50  1
        1999031509  2821470      -6.34      99.16  1
        1999031512  2728113      -6.60      99.44  1
        1999031515  2611692      -6.88      99.45  1
        1999031518  2478641      -7.14      99.27  1
        1999031521  2381421      -7.31      99.19  1
        1999031600  2141816      -7.55      99.49  1
        1999031603  1929499      -7.69      99.31  1
        1999031606  1986868      -7.76     100.14  1
        1999031609  2059914      -7.74     101.22  1
        1999031612  1953854      -7.73     101.71  1
        1999031615  1783068      -7.98     101.81  1
        1999031618  1703042      -8.13     102.54  1
        1999031621  1731705      -8.21     102.75  1
        1999031700  1586884      -8.52     102.88  1
        1999031703  1433496      -8.71     102.50  1
        1999031706  1430642      -8.86     102.47  1
        1999031709  1468823      -9.03     102.39  1
        1999031712  1431025      -9.14     102.05  1
        1999031715  1391413      -9.34     101.82  1
        1999031718  1456260      -9.52     102.22  1
        1999031721  1508834      -9.70     102.26  1
        1999031800  1477173      -9.96     101.14  1
        1999031803  1240742     -10.11      98.77  1
        1999031806  1314073     -10.19      97.99  1
        1999031809  1366377     -10.21      97.49  1
        1999031812  1401360     -10.19      96.82  1
        1999031815  1455875     -10.23      96.26  1
        1999031818  1536874     -10.28      95.94  1
        1999031821  1627844     -10.31      95.75  1
        1999031900  1708927     -10.33      95.60  1
        1999031903  1775006     -10.31      95.31  1
        1999031906  1930180     -10.37      95.31  1
        1999031909  2034882     -10.36      95.25  1
        1999031912  2061576     -10.33      95.12  1
        1999031915  2052245     -10.36      94.98  1
        1999031918  2009538     -10.40      94.68  1
        1999031921  1939540     -10.42      94.34  1
        1999032000  1832444     -10.45      94.03  1
        1999032003  1711069     -10.46      93.85  1
        1999032006  1609575     -10.44      93.76  1
        1999032009  1523140     -10.43      93.71  1
        1999032012  1440650     -10.40      93.86  1
        1999032015  1372166     -10.44      94.16  1
        1999032018  1452985     -10.51      94.62  1
        1999032021  1460810     -10.45      94.91  1
        1999032100  1422235     -10.43      95.24  1
        1999032103  1210675     -10.39      95.47  1
        1999032106  3595831     -12.24     109.81  1
        1999032109  3642851     -12.42     111.17  1
        1999032112  3505536     -12.78     112.75  1
        1999032115  3468290     -13.11     113.50  1
        1999032118  3580387     -13.33     113.28  1
        1999032121  3519606     -13.50     113.24  1
        1999032200  3637147     -13.73     113.06  1
        1999032203  3691717     -13.87     112.89  1
        1999032206  3869844     -13.99     112.75  1
        1999032209  4027425     -14.06     112.67  1
        1999032212  3937289     -14.43     113.03  1
        1999032215  3899667     -14.78     113.25  1
        1999032218  3942105     -14.99     113.46  1
        1999032221  3949862     -15.13     113.63  1
        1999032300  3847579     -15.34     113.64  1
        1999032303  3728004     -15.49     113.66  1
        1999032306  5414063     -10.88     118.39  1
        1999032309  1989626      -0.67     128.61  1
        1999032312  2188344      -0.51     128.76  1
        1999032315  2457755      -0.45     128.98  1
        1999032318  2855575      -0.51     129.14  1
        1999032321  3089892      -0.51     129.20  1
        1999032400  3307958      -0.50     129.18  1
        1999032403  3353794      -0.48     129.32  1
        1999032406  3654051      -0.47     129.56  1
        1999032409  3831570      -0.41     129.82  1
        1999032412  4128039      -0.16     130.95  1
        1999032415  4543011       0.06     132.08  1
        1999032418  4973088      -0.00     132.64  1
        1999032421  5340569      -0.11     133.05  1
        1999032500  5663365      -0.23     133.36  1
        1999032503  5899195      -0.40     133.52  1
        1999032506  6193466      -0.65     133.49  1
        1999032509  6311727      -0.81     133.41  1
        1999032512  6391463      -0.95     133.39  1
        1999032515  6395163      -1.05     133.27  1
        1999032518  6463901      -1.26     133.16  1
        1999032521  6517146      -1.46     133.17  1
        1999032600  6403502      -1.61     133.20  1
        1999032603  6321603      -1.66     133.34  1
        1999032606  6320440      -1.66     133.53  1
        1999032609  6215941      -1.71     133.59  1
        1999032612  6054067      -1.75     133.68  1
        1999032615  5980162      -1.85     133.94  1
        1999032618  5741200      -1.83     134.04  1
        1999032621  2448381      -0.74     146.48  1
        1999032700  2307221      -0.43     147.31  1
        1999032703  2405829      -0.06     148.23  1
        1999032706  2606965       0.12     148.46  1
        1999032709  2536829       0.29     148.95  1
        1999032712  1431729       3.88     154.51  1
        1999032715  1438992       4.17     156.26  1
        1999032718  1529331       4.44     157.91  1
        1999032721  1545912       4.60     159.10  1
        1999032800  1474160       4.69     160.27  1
        1999032803  1555373       4.83     161.18  1
        1999032806  1580714       4.85     161.66  1
        1999032809  1541485       4.85     162.14  1
        1999032812  1499915       4.85     162.68  1
        1999032815  1469236       4.78     163.31  1
        1999032818  1483226       4.68     163.76  1
        1999032821  1464101       4.59     164.06  1
        1999032900  1359476       4.55     164.60  1
        1999032903  1253234       4.54     165.24  1
        1999032906  1170070       4.56     165.64  1
        1999032909  1083796       4.61     166.00  1
        1999032912  1028297       4.67     166.20  1
        1999032915   948971       4.74     166.34  1
        1999032918   737148       5.00     166.61  1
        1999032921   384565       5.42     167.08  1
LPT    31.0100
        1999040121  1133240      -4.25     289.82  1
        1999040200  1286215      -3.84     289.90  1
        1999040203  1402281      -3.43     289.99  1
        1999040206  1425174      -3.03     289.93  1
        1999040209  1605960      -2.55     289.93  1
        1999040212  1762021      -2.09     289.94  1
        1999040215  1758453      -1.80     289.82  1
        1999040218  1937511      -1.48     290.04  1
        1999040221  2273592      -1.15     290.42  1
        1999040300  2198465      -0.74     290.44  1
        1999040303  2217999      -0.45     290.69  1
        1999040306  2325829      -0.30     290.52  1
        1999040309  2545475      -0.19     290.81  1
        1999040312  2566401      -0.14     290.92  1
        1999040315  2598092      -0.10     290.95  1
        1999040318  2941093      -0.25     291.69  1
        1999040321  3435687      -0.36     292.56  1
        1999040400  3428337      -0.27     292.79  1
        1999040403  3506380      -0.26     293.12  1
        1999040406  3595777      -0.16     293.16  1
        1999040409  3552833      -0.03     293.45  1
        1999040412  3459787       0.14     293.65  1
        1999040415  3398220       0.25     293.81  1
        1999040418  3592979       0.39     294.20  1
        1999040421  3860636       0.52     294.36  1
        1999040500  3662735       0.77     294.32  1
        1999040503  3793755       0.98     294.16  1
        1999040506  3745024       1.05     294.07  1
        1999040509  3917970       1.05     294.12  1
        1999040512  3935621       1.02     294.17  1
        1999040515  3848708       0.94     294.22  1
        1999040518  4054181       0.90     294.56  1
        1999040521  4230997       0.80     294.67  1
        1999040600  4198185       0.72     294.90  1
        1999040603  4245756       0.65     294.94  1
        1999040606  4269652       0.47     294.97  1
        1999040609  4293659       0.27     295.49  1
        1999040612  4260574       0.14     295.78  1
        1999040615  4243614       0.10     295.93  1
        1999040618  4619798      -0.09     296.92  1
        1999040621  4666270       0.08     297.10  1
        1999040700  4344441       0.39     297.13  1
        1999040703  4246313       0.52     297.16  1
        1999040706  4058191       0.79     297.21  1
        1999040709  3993237       0.94     297.70  1
        1999040712  3977963       1.18     297.84  1
        1999040715  3986104       1.30     297.97  1
        1999040718  4148082       1.34     298.35  1
        1999040721  4218695       1.37     298.47  1
        1999040800  4023428       1.46     298.59  1
        1999040803  3870456       1.52     298.68  1
        1999040806  3558397       1.51     299.10  1
        1999040809  3574480       1.54     299.07  1
        1999040812  3436041       1.55     299.25  1
        1999040815  3198865       1.63     299.72  1
        1999040818  3041039       1.66     300.07  1
        1999040821  3190027       1.47     299.55  1
        1999040900  2943934       1.47     299.61  1
        1999040903  2674544       1.58     299.49  1
        1999040906  2385641       1.79     299.56  1
        1999040909  2204886       2.21     299.29  1
        1999040912  1966721       2.86     298.88  1
        1999040915  1649261       3.46     298.72  1
        1999040918  1703778       3.88     297.82  1
        1999040921  1544779       4.45     294.58  1
        1999041000  1442353       3.91     292.88  1
        1999041003  1404191       3.15     291.71  1
        1999041006  1368023       2.53     290.89  1
        1999041009  1355425       2.08     290.35  1
        1999041012  1337289       1.71     289.94  1
        1999041015  1182779       1.28     289.61  1
        1999041018  1155193       1.02     289.47  1
        1999041021  1277793       0.74     289.41  1
        1999041100  1188486       0.45     289.25  1
        1999041103  1111457       0.13     289.13  1
        1999041106  1021251      -0.12     289.14  1
        1999041109   954941      -0.32     289.10  1
        1999041112   783680      -0.54     288.88  1
        1999041115   528248      -0.66     288.61  1
        1999041118   610805      -0.87     288.87  1
        1999041121  1014234      -1.06     289.65  1
        1999041200   640858      -1.23     289.88  1
        1999041203   575961      -1.57     290.45  1
        1999041206   511053      -1.90     290.98  1
        1999041209   530220      -2.31     291.58  1
        1999041212   409073      -2.37     291.65  1
        1999041215   329594      -2.38     291.66  1
        1999041218   646651      -2.40     292.40  1
        1999041221   881769      -2.46     292.84  1
        1999041300   600360      -2.40     292.89  1
        1999041303   339584      -2.52     293.13  1
LPT    32.0100
        1999041000   322021      -8.01     146.74  1
        1999041003   497395      -7.74     146.64  1
        1999041006   631667      -7.42     146.38  1
        1999041009   742303      -7.13     146.07  1
        1999041012   670356      -7.13     146.22  1
        1999041015   633503      -7.22     146.41  1
        1999041018   565995      -7.35     146.73  1
        1999041021   496078      -7.58     147.04  1
        1999041100   404689      -7.94     147.34  1
        1999041103   433964      -7.71     147.28  1
        1999041106   819736      -6.50     146.48  1
        1999041109   926569      -5.74     145.84  1
        1999041112   992444      -5.30     145.30  1
        1999041115  1075824      -4.99     145.12  1
        1999041118  1272789      -4.78     144.96  1
        1999041121  1567942      -4.68     144.75  1
        1999041200  1757987      -4.55     144.43  1
        1999041203  1898635      -4.27     144.17  1
        1999041206  1925757      -3.98     143.87  1
        1999041209  1847414      -3.76     143.41  1
        1999041212  1985347      -3.68     143.37  1
        1999041215  2276143      -3.42     143.62  1
        1999041218  2425471      -3.13     143.68  1
        1999041221  2512687      -3.02     143.54  1
        1999041300  2588120      -3.01     143.43  1
        1999041303  3010353      -3.13     144.16  1
        1999041306  3237956      -3.38     144.52  1
        1999041309  3689435      -3.92     145.80  1
        1999041312  4109279      -4.39     146.74  1
        1999041315  4548238      -4.67     147.27  1
        1999041318  4929583      -4.94     147.67  1
        1999041321  5241794      -5.24     147.94  1
        1999041400  5514734      -5.57     148.39  1
        1999041403  5797398      -5.87     148.82  1
        1999041406  5967534      -6.05     148.94  1
        1999041409  6073958      -6.24     149.26  1
        1999041412  6261613      -6.40     149.51  1
        1999041415  6503412      -6.58     149.82  1
        1999041418  6738759      -6.71     150.06  1
        1999041421  6953845      -6.87     150.30  1
        1999041500  7074075      -7.06     150.62  1
        1999041503  7179139      -7.33     151.06  1
        1999041506  7364831      -7.62     151.36  1
        1999041509  7491967      -7.92     151.67  1
        1999041512  7611070      -8.11     151.83  1
        1999041515  7823140      -8.27     151.89  1
        1999041518  7974284      -8.37     151.76  1
        1999041521  8027736      -8.37     151.46  1
        1999041600  7998679      -8.31     151.17  1
        1999041603  8032532      -8.17     150.78  1
        1999041606  7970974      -8.08     150.11  1
        1999041609  8960625      -7.63     145.28  1
        1999041612  8740423      -7.62     145.04  1
        1999041615  8500198      -7.52     144.81  1
        1999041618  8262789      -7.26     143.99  1
        1999041621  7945451      -6.97     142.99  1
        1999041700  5780059      -2.85     134.31  1
        1999041703  5434230      -2.53     135.42  1
        1999041706  5330445      -2.23     135.99  1
        1999041709  4804308      -2.10     138.46  1
        1999041712  4847433      -2.05     138.03  1
        1999041715  4936038      -2.01     137.46  1
        1999041718  5299213      -2.13     136.76  1
        1999041721  5699796      -2.16     135.62  1
        1999041800  5807380      -2.20     135.80  1
        1999041803  6355231      -1.97     136.48  1
        1999041806  6915262      -1.83     137.26  1
        1999041809  7266597      -1.77     137.68  1
        1999041812  7428133      -1.76     138.27  1
        1999041815  7557942      -1.71     138.74  1
        1999041818  7623915      -1.62     139.13  1
        1999041821  7632544      -1.46     139.36  1
        1999041900  7632659      -1.26     139.59  1
        1999041903  7619732      -1.19     139.96  1
        1999041906  7604841      -1.13     140.12  1
        1999041909  7448876      -0.88     140.02  1
        1999041912  7339483      -0.63     139.92  1
        1999041915  7285639      -0.32     139.77  1
        1999041918  7336586      -0.03     139.27  1
        1999041921  7313083       0.21     138.81  1
        1999042000  7237681       0.49     138.53  1
        1999042003  7206029       0.79     138.35  1
        1999042006  7173603       0.98     137.95  1
        1999042009  7063085       1.14     137.63  1
        1999042012  7006069       1.38     137.58  1
        1999042015  6875568       1.57     137.61  1
        1999042018  6769231       1.82     137.31  1
        1999042021  6278670       2.53     136.86  1
        1999042100  5791105       3.21     136.69  1
        1999042103  5312268       3.94     136.26  1
        1999042106  5073366       4.07     135.79  1
        1999042109  4823573       4.24     135.45  1
        1999042112  4664406       4.38     135.16  1
        1999042115  4605653       4.59     134.96  1
        1999042118  4415827       4.92     134.85  1
        1999042121  4144336       5.37     134.94  1
        1999042200  3579229       5.88     134.90  1
        1999042203  2010020       6.03     126.89  1
        1999042206  1882871       6.40     126.42  1
        1999042209  1793387       6.77     126.00  1
        1999042212  1768291       7.11     125.95  1
        1999042215  1704574       7.37     125.98  1
        1999042218  1697489       7.60     125.99  1
        1999042221  1627663       7.88     126.06  1
        1999042300  1555298       8.23     126.14  1
        1999042303  1526441       8.59     126.29  1
        1999042306  1558068       8.87     126.43  1
        1999042309  1522902       9.27     126.65  1
        1999042312  1497637       9.67     127.14  1
        1999042315  1444297      10.05     127.63  1
        1999042318  1512671      10.37     128.15  1
        1999042321  1420506      10.78     128.81  1
        1999042400  1352476      11.07     129.16  1
        1999042403  1366191      11.37     129.57  1
        1999042406  1405442      11.69     129.92  1
        1999042409  1418461      12.09     130.22  1
        1999042412  1448221      12.43     130.53  1
        1999042415  1449540      12.85     131.01  1
        1999042418  1458985      13.28     131.54  1
        1999042421  1472202      13.69     132.02  1
        1999042500  1576209      14.02     132.37  1
        1999042503  1781518      14.34     132.90  1
        1999042506  1937631      14.75     133.59  1
        1999042509  2052280      15.06     134.20  1
        1999042512  2226173      15.34     134.83  1
        1999042515  2490221      15.52     135.50  1
        1999042518  2816063      15.56     135.97  1
        1999042521  3048384      15.67     136.32  1
        1999042600  3209108      15.98     136.63  1
        1999042603  3566051      16.82     137.25  1
        1999042606  3903444      17.65     137.83  1
        1999042609  4008179      18.20     138.25  1
        1999042612  4021578      18.55     138.61  1
        1999042615  4138613      18.97     139.10  1
        1999042618  4251935      19.23     139.51  1
        1999042621  4440288      19.86     140.12  1
        1999042700  4585125      20.24     140.56  1
        1999042703  4688569      20.35     140.83  1
        1999042706  4789472      20.55     141.13  1
        1999042709  4880590      20.74     141.45  1
        1999042712  4874987      20.72     141.58  1
        1999042715  4906651      20.88     141.89  1
        1999042718  4936241      21.04     142.16  1
        1999042721  4865123      21.11     142.33  1
        1999042800  4828614      21.35     142.63  1
        1999042803  4702433      21.50     142.88  1
        1999042806  4526868      21.81     143.26  1
        1999042809  4259723      22.13     143.59  1
        1999042812  3994479      22.43     143.85  1
        1999042815  3692152      22.71     144.23  1
        1999042818  3228649      23.20     144.76  1
        1999042821  2771846      23.74     145.39  1
        1999042900  2406432      24.04     145.88  1
        1999042903  2007735      24.21     146.29  1
        1999042906  1394644      24.71     147.02  1
        1999042909   397268      28.99     151.76  1
LPT    33.0100
        1999050803   483503      -1.17     288.97  1
        1999050806   772267      -1.20     289.85  1
        1999050809  1250857      -1.16     291.11  1
        1999050812  1538608      -1.21     291.59  1
        1999050815  1585577      -1.23     291.43  1
        1999050818  1804609      -1.15     291.44  1
        1999050821  1867857      -0.96     290.94  1
        1999050900  1719731      -0.78     290.13  1
        1999050903  1789081      -0.58     289.81  1
        1999050906  1806823      -0.37     289.58  1
        1999050909  1781438      -0.08     289.49  1
        1999050912  1745994       0.05     289.48  1
        1999050915  1614198       0.19     289.77  1
        1999050918  1584270       0.25     290.50  1
        1999050921  1575083       0.26     291.03  1
        1999051000  1437756       0.35     291.29  1
        1999051003  1115163       0.45     291.52  1
        1999051006   983947       0.43     291.98  1
        1999051009   916764       0.46     292.11  1
        1999051012   916738       0.50     292.36  1
        1999051015   996262       0.30     293.08  1
        1999051018  1308032       0.10     293.54  1
        1999051021  1643509      -0.22     293.43  1
        1999051100  1587808      -0.34     293.04  1
        1999051103  1458103      -0.21     292.50  1
        1999051106  1220401       0.40     292.45  1
        1999051109  1182368       0.97     291.15  1
        1999051112   895825       1.94     289.37  1
        1999051115   805310       2.52     288.30  1
        1999051118   924723       2.56     287.92  1
        1999051121  1157657       2.11     287.61  1
        1999051200  1139925       2.08     287.44  1
        1999051203   965118       1.88     287.29  1
        1999051206   865098       1.35     287.23  1
        1999051209   858313       0.71     287.36  1
        1999051212   684075       0.22     287.58  1
        1999051215   623919      -0.35     287.89  1
        1999051218   796729      -0.61     288.32  1
        1999051221  1279404      -0.59     288.99  1
        1999051300  1357266      -0.73     289.35  1
        1999051303  1431202      -0.96     289.50  1
        1999051306  1700132      -0.93     289.80  1
        1999051309  1882731      -0.96     289.95  1
        1999051312  2017590      -1.00     290.14  1
        1999051315  2046131      -1.04     290.24  1
        1999051318  2189508      -0.98     290.48  1
        1999051321  2345261      -0.89     290.88  1
        1999051400  2199124      -0.64     290.76  1
        1999051403  2091444      -0.58     290.84  1
        1999051406  2136262      -0.62     291.17  1
        1999051409  2123180      -0.71     291.50  1
        1999051412  2024538      -0.79     291.81  1
        1999051415  1891971      -0.78     291.95  1
        1999051418  1817181      -0.85     292.28  1
        1999051421  1787915      -0.86     292.71  1
        1999051500  1318500      -0.63     293.18  1
        1999051503   911939      -0.59     293.01  1
        1999051506   570778      -0.50     292.86  1
LPT    34.0100
        1999051906   452118      -4.43      88.70  1
        1999051909   621823      -3.99      89.31  1
        1999051912   672874      -3.66      89.73  1
        1999051915   671457      -3.45      90.18  1
        1999051918   637687      -3.17      90.74  1
        1999051921   587091      -2.48      91.78  1
        1999052000   678342      -0.66      93.35  1
        1999052003  1306328       4.09      96.45  1
        1999052006  1752869       5.62      97.30  1
        1999052009  2111260       6.52      97.85  1
        1999052012  2261595       6.69      97.89  1
        1999052015  2303021       6.59      97.69  1
        1999052018  2454451       6.77      97.66  1
        1999052021  2628420       6.93      97.65  1
        1999052100  2784640       7.23      97.69  1
        1999052103  2821207       7.63      97.74  1
        1999052106  2889431       7.97      97.80  1
        1999052109  2917866       8.46      97.70  1
        1999052112  2637658       8.64      96.92  1
        1999052115  2486600       8.65      96.50  1
        1999052118  2367686       8.85      96.11  1
        1999052121  2332970       8.84      95.71  1
        1999052200  2336158       8.83      95.33  1
        1999052203  2267655       8.97      95.19  1
        1999052206  2249553       9.20      95.02  1
        1999052209  2222297       9.63      94.92  1
        1999052212  2001632       9.70      94.57  1
        1999052215  1812262       9.89      94.12  1
        1999052218  1741596      10.04      93.86  1
        1999052221  1674319      10.11      93.59  1
        1999052300  1597147      10.31      93.44  1
        1999052303  1535557      10.72      93.34  1
        1999052306  1644499      11.29      93.36  1
        1999052309  1794862      12.08      93.56  1
        1999052312  1920289      12.64      93.52  1
        1999052315  1930719      12.73      93.37  1
        1999052318  2028839      12.90      93.01  1
        1999052321  2278186      12.99      92.63  1
        1999052400  2515647      12.71      92.44  1
        1999052403  2706101      12.47      92.20  1
        1999052406  2985664      12.18      92.04  1
        1999052409  3220151      11.95      92.08  1
        1999052412  3400179      11.95      92.15  1
        1999052415  3537039      11.87      92.27  1
        1999052418  3790393      11.79      92.39  1
        1999052421  4047165      11.49      92.48  1
        1999052500  4174886      11.45      92.50  1
        1999052503  4356079      11.52      92.52  1
        1999052506  4640390      11.45      92.49  1
        1999052509  6902705      16.70     100.22  1
        1999052512  7220740      17.10     100.76  1
        1999052515  7736531      18.03     102.05  1
        1999052518  8088702      18.40     102.67  1
        1999052521  8286378      18.31     102.52  1
        1999052600  8290161      18.11     102.29  1
        1999052603  8278731      18.36     102.41  1
        1999052606  8340426      18.71     102.55  1
        1999052609  8425342      19.28     103.19  1
        1999052612  8117451      20.81     104.34  1
        1999052615  8203434      21.38     105.57  1
        1999052618  8374962      21.83     106.39  1
        1999052621  8208811      21.88     106.54  1
        1999052700  7921297      21.92     106.78  1
        1999052703  7692525      21.85     106.62  1
        1999052706  7429148      21.72     106.26  1
        1999052709  7239190      21.50     105.80  1
        1999052712  6951435      21.35     105.37  1
        1999052715  6608129      21.35     105.26  1
        1999052718  6351694      21.46     105.34  1
        1999052721  6192835      21.60     105.71  1
        1999052800  6066819      21.78     106.26  1
        1999052803  5838169      21.92     106.56  1
        1999052806  5606719      21.95     106.69  1
        1999052809  5330551      21.92     106.78  1
        1999052812  4815161      21.72     106.31  1
        1999052815  2989154      18.26      96.24  1
        1999052818  2678882      18.16      95.30  1
        1999052821  2518609      18.04      94.47  1
        1999052900  2283870      17.99      93.64  1
        1999052903  2142520      18.15      93.32  1
        1999052906  1999905      18.20      93.32  1
        1999052909  1893911      18.52      93.53  1
        1999052912  1765342      18.72      93.37  1
        1999052915  1609363      18.98      93.03  1
        1999052918  1598310      19.29      92.94  1
        1999052921  1703127      19.40      92.90  1
        1999053000  1671771      19.33      92.91  1
        1999053003  1719408      19.34      93.05  1
        1999053006  1734327      19.29      93.24  1
        1999053009  1835497      19.20      93.51  1
        1999053012  1767987      19.12      93.52  1
        1999053015  1740565      19.17      93.58  1
        1999053018  1746165      19.25      93.66  1
        1999053021  1785532      19.36      93.73  1
        1999053100  1785345      19.31      93.83  1
        1999053103  1736719      19.23      93.88  1
        1999053106  1711466      19.07      94.03  1
        1999053109  1624339      18.90      94.17  1
        1999053112  1489613      18.82      94.16  1
        1999053115  1490939      18.98      94.07  1
        1999053118  1499958      19.02      94.10  1
        1999053121  1477271      18.87      94.17  1
        1999060100  1500560      18.53      94.33  1
        1999060103  1557335      18.04      94.50  1
        1999060106  1645634      17.67      94.65  1
        1999060109  1864795      17.39      94.69  1
        1999060112  1939994      17.28      94.67  1
        1999060115  1978953      17.21      94.66  1
        1999060118  2082098      16.91      94.52  1
        1999060121  2090695      16.41      94.50  1
        1999060200  2043137      15.55      94.39  1
        1999060203  2090479      15.13      94.21  1
        1999060206  2143819      14.65      93.88  1
        1999060209  2288098      14.44      93.58  1
        1999060212  2335613      14.25      93.42  1
        1999060215  2398168      14.11      93.29  1
        1999060218  2479884      14.07      93.25  1
        1999060221  2570299      13.87      93.28  1
        1999060300  2652414      13.75      93.27  1
        1999060303  2772667      13.63      93.21  1
        1999060306  2921903      13.65      93.13  1
        1999060309  3159349      13.72      93.10  1
        1999060312  3367903      13.71      92.99  1
        1999060315  3482476      13.64      92.88  1
        1999060318  3614822      13.56      93.05  1
        1999060321  9475520      13.49     112.31  1
        1999060400  9412111      13.28     111.26  1
        1999060403  9227986      13.19     110.80  1
        1999060406  9139258      13.20     110.60  1
        1999060409  9295497      13.28     110.32  1
        1999060412  9264882      13.36     110.29  1
        1999060415  9209340      13.31     110.41  1
        1999060418  9192037      13.32     110.44  1
        1999060421  9190217      13.36     110.60  1
        1999060500  9140288      13.45     110.57  1
        1999060503  9016731      13.57     110.72  1
        1999060506  8960716      13.68     110.87  1
        1999060509  8892770      13.84     111.13  1
        1999060512  8725752      14.01     111.38  1
        1999060515  8556864      14.09     111.47  1
        1999060518  8386520      14.20     111.50  1
        1999060521  8295022      14.29     111.64  1
        1999060600  8128666      14.51     111.71  1
        1999060603  7976879      14.66     111.94  1
        1999060606  7821287      14.80     112.32  1
        1999060609  7612582      14.93     112.61  1
        1999060612  7208541      15.04     113.27  1
        1999060615  6851304      15.23     113.98  1
        1999060618  6684359      15.40     114.25  1
        1999060621  6484820      15.59     114.61  1
        1999060700   851320      15.13      93.78  1
        1999060703   665457      15.24      93.38  1
        1999060706   590075      15.29      93.14  1
        1999060709   553842      15.47      92.87  1
        1999060900   330788      16.24      91.08  1
        1999060903   312090      16.34      91.11  1
        1999060906   357118      16.44      91.00  1
        1999060909   636339      16.86      91.10  1
        1999060912   909416      17.33      91.33  1
        1999060915  1002579      17.39      91.37  1
        1999060918  1149278      17.58      91.51  1
        1999060921  1271500      17.64      91.53  1
        1999061000  1415111      17.59      91.42  1
        1999061003  1531467      17.64      91.37  1
        1999061006  1675767      17.60      91.30  1
        1999061009  1973870      17.72      91.57  1
        1999061012  2162322      17.77      91.71  1
        1999061015  2287072      17.80      91.66  1
        1999061018  2370169      17.88      91.55  1
        1999061021  2563083      18.05      91.19  1
        1999061100  2710004      18.00      91.21  1
        1999061103  2722893      18.06      91.18  1
        1999061106  2746626      18.08      91.16  1
        1999061109  2923447      18.07      91.27  1
        1999061112  3001724      18.20      91.05  1
        1999061115  2949844      18.17      90.87  1
        1999061118  2884003      18.37      90.64  1
        1999061121  3928768      16.82      86.13  1
        1999061200  4029079      16.78      85.29  1
        1999061203  3959297      16.84      84.56  1
        1999061206  4022259      16.75      83.96  1
        1999061209  4166888      16.68      83.47  1
        1999061212  3929376      16.70      82.77  1
        1999061215  3513848      16.54      81.60  1
        1999061218  3300650      16.47      80.62  1
        1999061221  3056739      16.48      79.92  1
        1999061300  2848302      16.51      79.29  1
        1999061303  2518825      16.30      78.26  1
        1999061306  2156247      15.96      77.31  1
        1999061309  1504738      14.18      74.01  1
        1999061312  1448208      14.50      74.04  1
        1999061315  1334407      14.47      73.96  1
        1999061318  1210568      14.36      73.80  1
        1999061321  1069268      14.26      73.74  1
        1999061400   922661      14.14      73.58  1
        1999061403   808925      14.18      73.56  1
        1999061406   682549      14.45      73.61  1
        1999061409   527067      14.81      73.71  1
        1999061412   374160      15.21      73.88  1
LPT    34.0200
        1999052709   366798       4.08     135.91  1
        1999052712   772157       4.55     136.37  1
        1999052715  1268188       4.98     137.10  1
        1999052718  1576194       5.33     137.44  1
        1999052721  1778766       5.65     137.69  1
        1999052800  2027818       5.77     138.11  1
        1999052803  2203263       5.83     138.22  1
        1999052806  2388158       5.84     138.18  1
        1999052809  2625298       5.83     137.93  1
        1999052812  2881625       5.80     137.44  1
        1999052815  3248525       5.79     136.47  1
        1999052818  3677597       5.78     135.08  1
        1999052821  4106083       5.84     133.63  1
        1999052900  4386399       5.90     132.48  1
        1999052903  4573620       5.96     131.78  1
        1999052906  4765118       6.03     131.22  1
        1999052909  4949345       6.15     130.65  1
        1999052912  5082909       6.26     130.39  1
        1999052915  5175550       6.34     130.21  1
        1999052918  5252994       6.40     130.13  1
        1999052921  5240642       6.42     130.19  1
        1999053000  5209471       6.47     130.31  1
        1999053003  5168418       6.58     130.68  1
        1999053006  5155449       6.72     130.64  1
        1999053009  5130078       6.79     130.73  1
        1999053012  5011990       6.83     130.72  1
        1999053015  4850400       6.86     130.52  1
        1999053018  4639723       6.90     130.07  1
        1999053021  4399320       6.99     129.55  1
        1999053100  4013827       6.97     129.33  1
        1999053103  3688837       7.01     129.10  1
        1999053106  3591251       7.14     128.92  1
        1999053109  3450393       7.34     129.11  1
        1999053112  3328824       7.53     129.69  1
        1999053115  3292926       7.80     130.05  1
        1999053118  3154619       7.99     130.77  1
        1999053121  3025835       8.13     131.59  1
        1999060100  2871400       8.13     132.59  1
        1999060103  2922524       8.30     132.85  1
        1999060106  4668382      14.87     136.28  1
        1999060109  4855641      15.37     136.65  1
        1999060112  5033520      15.81     136.94  1
        1999060115  5233965      16.26     137.11  1
        1999060118  5720466      16.36     136.28  1
        1999060121  5907639      16.63     135.79  1
        1999060200  5947522      16.80     135.26  1
        1999060203  5972013      16.78     134.85  1
        1999060206  5884101      16.67     134.35  1
        1999060209  5885175      16.47     133.80  1
        1999060212  5894505      16.27     133.14  1
        1999060215  5998762      16.11     132.51  1
        1999060218  6039892      16.00     132.00  1
        1999060221  6132504      15.83     131.30  1
        1999060300  6142552      15.66     130.73  1
        1999060303  6211234      15.49     130.19  1
        1999060306  6243287      15.34     129.70  1
        1999060309  6226937      15.08     129.02  1
        1999060312  6098555      14.75     128.31  1
        1999060315  5895508      14.28     127.37  1
        1999060318  5685148      13.82     126.18  1
        1999060321  9475520      13.49     112.31  1
        1999060400  9412111      13.28     111.26  1
        1999060403  9227986      13.19     110.80  1
        1999060406  9139258      13.20     110.60  1
        1999060409  9295497      13.28     110.32  1
        1999060412  9264882      13.36     110.29  1
        1999060415  9209340      13.31     110.41  1
        1999060418  9192037      13.32     110.44  1
        1999060421  9190217      13.36     110.60  1
        1999060500  9140288      13.45     110.57  1
        1999060503  9016731      13.57     110.72  1
        1999060506  8960716      13.68     110.87  1
        1999060509  8892770      13.84     111.13  1
        1999060512  8725752      14.01     111.38  1
        1999060515  8556864      14.09     111.47  1
        1999060518  8386520      14.20     111.50  1
        1999060521  8295022      14.29     111.64  1
        1999060600  8128666      14.51     111.71  1
        1999060603  7976879      14.66     111.94  1
        1999060606  7821287      14.80     112.32  1
        1999060609  7612582      14.93     112.61  1
        1999060612  7208541      15.04     113.27  1
        1999060615  6851304      15.23     113.98  1
        1999060618  6684359      15.40     114.25  1
        1999060621  6484820      15.59     114.61  1
        1999060700   851320      15.13      93.78  1
        1999060703   665457      15.24      93.38  1
        1999060706   590075      15.29      93.14  1
        1999060709   553842      15.47      92.87  1
        1999060900   330788      16.24      91.08  1
        1999060903   312090      16.34      91.11  1
        1999060906   357118      16.44      91.00  1
        1999060909   636339      16.86      91.10  1
        1999060912   909416      17.33      91.33  1
        1999060915  1002579      17.39      91.37  1
        1999060918  1149278      17.58      91.51  1
        1999060921  1271500      17.64      91.53  1
        1999061000  1415111      17.59      91.42  1
        1999061003  1531467      17.64      91.37  1
        1999061006  1675767      17.60      91.30  1
        1999061009  1973870      17.72      91.57  1
        1999061012  2162322      17.77      91.71  1
        1999061015  2287072      17.80      91.66  1
        1999061018  2370169      17.88      91.55  1
        1999061021  2563083      18.05      91.19  1
        1999061100  2710004      18.00      91.21  1
        1999061103  2722893      18.06      91.18  1
        1999061106  2746626      18.08      91.16  1
        1999061109  2923447      18.07      91.27  1
        1999061112  3001724      18.20      91.05  1
        1999061115  2949844      18.17      90.87  1
        1999061118  2884003      18.37      90.64  1
        1999061121  3928768      16.82      86.13  1
        1999061200  4029079      16.78      85.29  1
        1999061203  3959297      16.84      84.56  1
        1999061206  4022259      16.75      83.96  1
        1999061209  4166888      16.68      83.47  1
        1999061212  3929376      16.70      82.77  1
        1999061215  3513848      16.54      81.60  1
        1999061218  3300650      16.47      80.62  1
        1999061221  3056739      16.48      79.92  1
        1999061300  2848302      16.51      79.29  1
        1999061303  2518825      16.30      78.26  1
        1999061306  2156247      15.96      77.31  1
        1999061309  1504738      14.18      74.01  1
        1999061312  1448208      14.50      74.04  1
        1999061315  1334407      14.47      73.96  1
        1999061318  1210568      14.36      73.80  1
        1999061321  1069268      14.26      73.74  1
        1999061400   922661      14.14      73.58  1
        1999061403   808925      14.18      73.56  1
        1999061406   682549      14.45      73.61  1
        1999061409   527067      14.81      73.71  1
        1999061412   374160      15.21      73.88  1
LPT    35.0100
        1999052618   436668     -17.90     203.06  1
        1999052621   550531     -17.68     202.26  1
        1999052700   714283     -17.57     201.74  1
        1999052703  1049882     -17.69     201.58  1
        1999052706  1228148     -17.74     201.43  1
        1999052709  1299872     -17.37     200.25  1
        1999052712  1323539     -17.04     199.29  1
        1999052715  1398642     -16.85     198.38  1
        1999052718  1474286     -16.79     197.79  1
        1999052721  1631048     -16.91     197.64  1
        1999052800  1826504     -17.20     197.91  1
        1999052803  2001389     -17.41     198.02  1
        1999052806  2086538     -17.60     198.06  1
        1999052809  2055265     -17.69     197.90  1
        1999052812  2002455     -17.88     197.83  1
        1999052815  2007446     -17.88     197.65  1
        1999052818  2024662     -17.97     197.50  1
        1999052821  2066810     -18.12     197.50  1
        1999052900  2102794     -18.46     197.70  1
        1999052903  2196049     -18.79     197.85  1
        1999052906  2282084     -19.04     197.93  1
        1999052909  2367057     -19.34     198.05  1
        1999052912  2426555     -19.41     198.07  1
        1999052915  2535412     -19.56     198.11  1
        1999052918  2675408     -19.59     198.17  1
        1999052921  2776551     -19.52     198.19  1
        1999053000  2856908     -19.32     198.18  1
        1999053003  3030248     -18.85     197.87  1
        1999053006  3133639     -18.39     197.48  1
        1999053009  3246810     -17.99     197.10  1
        1999053012  3300853     -17.80     197.02  1
        1999053015  3401375     -17.58     196.80  1
        1999053018  3439187     -17.24     196.46  1
        1999053021  3473139     -16.78     196.06  1
        1999053100  3525903     -16.52     195.83  1
        1999053103  3498819     -16.14     195.46  1
        1999053106  3454173     -15.75     195.14  1
        1999053109  3445073     -15.45     194.88  1
        1999053112  3481398     -15.41     194.87  1
        1999053115  3515757     -15.29     194.79  1
        1999053118  3539467     -15.12     194.67  1
        1999053121  3519365     -14.81     194.47  1
        1999060100  3580175     -14.42     194.28  1
        1999060103  3550508     -13.64     193.88  1
        1999060106  3334666     -12.80     193.38  1
        1999060109  3045634     -11.76     192.76  1
        1999060112  2890584     -10.96     192.31  1
        1999060115  2994717     -11.25     192.44  1
        1999060118  2928751     -11.19     192.43  1
        1999060121  2821587     -11.21     192.50  1
        1999060200  2666685     -11.17     192.50  1
        1999060203  2437969     -11.04     192.44  1
        1999060206  2019675     -10.67     192.28  1
        1999060209  1506996      -9.94     191.88  1
        1999060212  1034747      -9.01     191.35  1
        1999060215   741461      -8.60     191.14  1
        1999060218   501410      -8.30     190.95  1
LPT    36.0100
        1999060712   495402       4.15     142.25  1
        1999060715   945845       4.10     142.12  1
        1999060718  1306129       3.97     142.00  1
        1999060721  1643026       3.93     141.92  1
        1999060800  1880705       3.89     141.83  1
        1999060803  2024485       3.88     141.69  1
        1999060806  2188239       3.89     141.67  1
        1999060809  2355978       3.84     141.62  1
        1999060812  2531443       3.77     141.73  1
        1999060815  2648469       3.75     141.71  1
        1999060818  2704231       3.68     141.68  1
        1999060821  2823728       3.60     141.80  1
        1999060900  2857034       3.57     141.94  1
        1999060903  2850556       3.43     142.02  1
        1999060906  2830144       3.31     142.25  1
        1999060909  2847279       3.22     142.47  1
        1999060912  2817955       3.23     142.74  1
        1999060915  2749551       3.20     142.92  1
        1999060918  2723528       3.15     142.99  1
        1999060921  2679677       3.14     142.98  1
        1999061000  2572114       3.10     143.05  1
        1999061003  2486948       3.06     142.99  1
        1999061006  2383242       3.03     142.74  1
        1999061009  2207327       2.92     142.43  1
        1999061012  2015954       2.77     142.17  1
        1999061015  1874533       2.61     141.95  1
        1999061018  1669811       2.49     141.74  1
        1999061021  1546501       2.49     141.40  1
        1999061100  1464815       2.47     141.14  1
        1999061103  1308458       2.37     141.14  1
        1999061106  1266078       2.32     141.09  1
        1999061109  1175150       2.24     140.95  1
        1999061112  1081929       2.12     140.94  1
        1999061115  1025577       2.21     140.66  1
        1999061118  1019316       2.34     140.57  1
        1999061121   983731       2.48     140.45  1
        1999061200   903368       2.68     140.15  1
        1999061203   856992       2.83     139.88  1
        1999061206   842210       2.98     139.61  1
        1999061209   855278       3.01     139.27  1
        1999061212   905331       3.03     138.95  1
        1999061215  1079542       2.96     138.79  1
        1999061218  1273647       3.00     138.87  1
        1999061221  1302973       2.98     138.85  1
        1999061300  1306078       3.02     139.21  1
        1999061303  1472220       3.32     140.30  1
        1999061306  1723689       3.57     141.27  1
        1999061309  1883458       3.75     142.00  1
        1999061312  2064702       3.89     142.47  1
        1999061315  2348342       3.94     142.60  1
        1999061318  2631884       3.97     142.61  1
        1999061321  2786779       4.08     142.64  1
        1999061400  2951924       4.13     142.36  1
        1999061403  3138726       4.12     142.07  1
        1999061406  3341865       4.05     141.71  1
        1999061409  3427990       4.03     141.55  1
        1999061412  3579556       3.94     141.36  1
        1999061415  3748846       3.86     141.14  1
        1999061418  3877409       3.78     140.99  1
        1999061421  3967714       3.70     140.94  1
        1999061500  4068507       3.50     140.69  1
        1999061503  4211897       3.19     140.39  1
        1999061506  4329885       2.82     140.04  1
        1999061509  4497377       2.29     140.26  1
        1999061512  4676082       1.75     140.31  1
        1999061515  4770573       1.22     140.01  1
        1999061518  3398538       1.27     135.27  1
        1999061521  3313844       0.81     134.52  1
        1999061600  3296113       0.59     134.18  1
        1999061603  3291571       0.39     133.84  1
        1999061606  3323870       0.14     133.49  1
        1999061609  3290209      -0.08     133.20  1
        1999061612  3264226      -0.21     132.91  1
        1999061615  3332787      -0.48     132.77  1
        1999061618  3355078      -0.82     132.68  1
        1999061621  3276733      -1.09     132.52  1
        1999061700  3268970      -1.34     132.54  1
        1999061703  3113673      -1.81     132.58  1
        1999061706  2946553      -2.29     132.66  1
        1999061709  2765963      -2.76     132.92  1
        1999061712  2711679      -3.03     133.11  1
        1999061715  2732018      -3.22     133.39  1
        1999061718  2747645      -3.49     133.80  1
        1999061721  2697325      -3.64     133.88  1
        1999061800  2668599      -3.76     133.99  1
        1999061803  2570537      -3.94     134.32  1
        1999061806  2473402      -4.04     134.67  1
        1999061809  2362537      -4.07     134.87  1
        1999061812  2317027      -4.11     134.97  1
        1999061815  2366154      -4.13     135.72  1
        1999061818  2317703      -4.13     136.21  1
        1999061821  2304051      -4.08     136.76  1
        1999061900  2288051      -4.03     137.23  1
        1999061903  2376814      -3.88     137.88  1
        1999061906  2359874      -3.84     138.22  1
        1999061909  2299775      -3.82     138.49  1
        1999061912  2229570      -3.85     138.67  1
        1999061915  2257178      -3.85     138.94  1
        1999061918  2183501      -3.85     139.17  1
        1999061921  2149935      -3.89     139.81  1
        1999062000  2378432      -4.11     141.45  1
        1999062003  2503413      -4.36     142.83  1
        1999062006  2579776      -4.55     143.49  1
        1999062009  2650042      -4.70     144.03  1
        1999062012  2694089      -4.85     144.67  1
        1999062015  2759423      -5.03     145.39  1
        1999062018  2666447      -5.22     146.03  1
        1999062021  2608824      -5.41     146.63  1
        1999062100  2484949      -5.63     147.32  1
        1999062103  2252340      -5.81     147.85  1
        1999062106  2000621      -6.00     148.21  1
        1999062109  1778922      -6.19     148.83  1
        1999062112  1637232      -6.34     149.34  1
        1999062115  1557725      -6.49     149.83  1
        1999062118  1128602      -6.92     152.29  1
        1999062121   950178      -7.20     153.41  1
        1999062200   825733      -7.38     154.02  1
        1999062203   732233      -7.43     154.11  1
        1999062206   624955      -7.49     154.08  1
        1999062209   577461      -7.51     153.95  1
        1999062212   524602      -7.54     153.74  1
        1999062215   526929      -7.51     153.53  1
        1999062218   433525      -7.50     153.30  1
LPT    37.0100
        1999061421   529926       8.20     258.56  1
        1999061500   708502       8.36     258.66  1
        1999061503   793103       8.46     258.56  1
        1999061506   810517       8.53     258.02  1
        1999061509   743982       8.58     257.32  1
        1999061512   705578       8.69     256.63  1
        1999061515   755420       8.96     256.77  1
        1999061518   886722       9.23     257.37  1
        1999061521  1007312       9.70     258.43  1
        1999061600  1051722      10.10     259.23  1
        1999061603  1244946      10.24     259.20  1
        1999061606  1391180      10.32     258.93  1
        1999061609  1471524      10.50     258.96  1
        1999061612  1472919      10.67     258.99  1
        1999061615  1447786      10.85     259.12  1
        1999061618  1391800      10.99     259.23  1
        1999061621  1337161      11.18     259.48  1
        1999061700  1208307      11.39     259.86  1
        1999061703  1111658      11.52     260.15  1
        1999061706  1139960      11.63     260.53  1
        1999061709  1161793      11.82     261.14  1
        1999061712  1188433      11.93     261.48  1
        1999061715  1188882      12.00     261.45  1
        1999061718  1159674      12.11     261.35  1
        1999061721  1167492      12.22     261.32  1
        1999061800  1162615      12.30     261.29  1
        1999061803  1196803      12.40     261.27  1
        1999061806  1346706      12.56     261.33  1
        1999061809  1507913      12.66     261.35  1
        1999061812  1691050      12.72     261.18  1
        1999061815  1818489      12.77     260.93  1
        1999061818  1956742      12.87     260.63  1
        1999061821  2135155      12.99     260.36  1
        1999061900  2217531      13.09     260.15  1
        1999061903  2317384      13.23     259.87  1
        1999061906  2418746      13.50     259.60  1
        1999061909  2556027      13.75     259.51  1
        1999061912  2702054      13.86     259.45  1
        1999061915  2805667      13.88     259.42  1
        1999061918  2856875      13.91     259.41  1
        1999061921  2919023      13.96     259.43  1
        1999062000  2943474      14.04     259.43  1
        1999062003  2940103      14.12     259.36  1
        1999062006  2947819      14.21     259.31  1
        1999062009  2902657      14.29     259.15  1
        1999062012  2921786      14.36     259.05  1
        1999062015  2884059      14.45     258.88  1
        1999062018  2863870      14.52     258.78  1
        1999062021  2917737      14.56     258.88  1
        1999062100  2984821      14.56     259.09  1
        1999062103  3002017      14.55     259.20  1
        1999062106  3056365      14.32     259.63  1
        1999062109  3117364      13.99     260.21  1
        1999062112  3174772      13.67     260.75  1
        1999062115  3227883      13.36     261.46  1
        1999062118  3245326      13.15     262.11  1
        1999062121  3277985      12.99     262.96  1
        1999062200  3187637      12.92     263.61  1
        1999062203  3079472      12.89     264.06  1
        1999062206  2807334      12.73     264.51  1
        1999062209  2496474      12.15     266.03  1
        1999062212  1996350      11.34     268.25  1
        1999062215  1597617      10.81     270.76  1
        1999062218  1430645      10.84     271.66  1
        1999062221  1505843      10.94     271.98  1
        1999062300  1517616      11.16     271.57  1
        1999062303  1517559      11.46     271.07  1
        1999062306  1554483      11.62     270.73  1
        1999062309  1584665      11.90     270.12  1
        1999062312  1603334      12.06     269.74  1
        1999062315  1541597      12.18     269.01  1
        1999062318  1580449      12.24     268.43  1
        1999062321  1612328      12.33     267.61  1
        1999062400  1545475      12.53     266.42  1
        1999062403  1220095      12.63     264.54  1
        1999062406  1104265      12.75     263.77  1
        1999062409  1082411      13.09     263.76  1
        1999062412  1079246      13.46     263.65  1
        1999062415  1068866      13.75     263.74  1
        1999062418   994127      14.05     263.91  1
        1999062421   995348      14.28     264.06  1
        1999062500   984748      14.47     264.11  1
        1999062503   956086      14.53     263.98  1
        1999062506   901547      14.53     263.74  1
        1999062509   926465      14.47     263.70  1
        1999062512   965459      14.44     263.45  1
        1999062515  1017806      14.43     263.14  1
        1999062518  1096295      14.41     262.89  1
        1999062521  1217310      14.41     262.70  1
        1999062600  1231917      14.33     262.35  1
        1999062603  1150910      14.24     262.06  1
        1999062606  1033201      14.14     261.80  1
        1999062609  1065583      13.93     261.57  1
        1999062612  1034490      13.85     261.43  1
        1999062615   977029      13.79     261.30  1
        1999062618   926820      13.80     261.30  1
        1999062621   926789      13.80     261.33  1
        1999062700   885153      13.92     261.37  1
        1999062703   783885      13.96     261.35  1
        1999062706   720437      13.90     261.33  1
        1999062709   583069      13.69     261.23  1
        1999062712   353055      13.49     260.77  1
LPT    38.0100
        1999062309   304695      33.14     133.42  1
        1999062312   544329      33.79     133.08  1
        1999062315   649763      34.10     133.17  1
        1999062318   825438      34.43     133.22  1
        1999062321  1025370      35.03     133.53  1
        1999062400  1101723      35.36     133.61  1
        1999062403  1027301      35.53     133.73  1
        1999062406  1066856      35.62     133.73  1
        1999062409  1011279      35.80     133.87  1
        1999062412  1040142      35.89     133.91  1
        1999062415  1105384      35.88     133.83  1
        1999062418  1059665      36.03     133.86  1
        1999062421  1022114      36.09     133.74  1
        1999062500   995447      36.12     133.57  1
        1999062503   916762      36.30     133.67  1
        1999062506   695458      36.42     133.64  1
        1999062509   391617      36.54     133.15  1
        1999062512   328567      36.49     132.64  1
        1999062515   315764      36.43     132.34  1
        1999062518   308257      36.28     131.76  1
        1999062521   405062      35.73     130.52  1
        1999062600   677019      35.14     129.24  1
        1999062603   925424      35.04     129.32  1
        1999062606   669624      34.49     128.80  1
        1999062609   404796      33.99     128.54  1
        1999062612   357698      33.77     128.56  1
        1999062615   265234      33.36     127.94  1
        1999062618   428088      33.03     127.05  1
        1999062621   739876      32.67     125.82  1
        1999062700   947695      32.44     125.19  1
        1999062703  1146292      32.34     124.86  1
        1999062706  1444116      32.34     124.73  1
        1999062709  1400233      32.32     124.62  1
        1999062712  1379022      32.30     124.55  1
        1999062715  1457817      32.27     124.56  1
        1999062718  1550186      32.28     124.58  1
        1999062721  1699196      32.29     124.57  1
        1999062800  1802884      32.29     124.50  1
        1999062803  1949784      32.25     124.31  1
        1999062806  2002711      32.24     124.18  1
        1999062809  2011301      32.23     124.13  1
        1999062812  2012122      32.34     124.53  1
        1999062815  2141933      32.55     125.06  1
        1999062818  2335104      32.76     125.59  1
        1999062821  2558593      32.91     126.03  1
        1999062900  2658791      32.91     126.14  1
        1999062903  2677024      32.99     126.52  1
        1999062906  2573410      33.09     126.81  1
        1999062909  2544199      33.12     126.95  1
        1999062912  2547925      33.19     127.22  1
        1999062915  2703049      33.32     127.79  1
        1999062918  2832630      33.41     128.50  1
        1999062921  2877743      33.54     129.17  1
        1999063000  2703635      33.75     130.02  1
        1999063003  2575947      33.94     130.63  1
        1999063006  2367861      34.25     131.44  1
        1999063009  2160858      34.57     132.28  1
        1999063012  2173387      34.53     132.07  1
        1999063015  2268522      34.44     131.69  1
        1999063018  2333097      34.36     131.25  1
        1999063021  2337119      34.30     130.98  1
