LPT nnnnn.nnnn
        YYYYMMDDHH _A_[km2] cen_lat.__ cen_lon.__ Nobj
LPT     0.0100
        2017060100  2765314      -4.82      91.97  1
        2017060103  2778104      -4.85      92.22  1
        2017060106  2819259      -4.91      92.70  1
        2017060109  2903816      -4.91      93.46  1
        2017060112  2914274      -5.00      93.96  1
        2017060115  2983149      -5.08      94.71  1
        2017060118  2964674      -5.28      95.43  1
        2017060121  2921033      -5.56      96.01  1
        2017060200  2768461      -5.87      96.97  1
        2017060203  2660754      -6.10      97.85  1
        2017060206  2459383      -6.19      99.36  1
        2017060209  2320164      -6.04     101.09  1
        2017060212  2192048      -6.00     101.95  1
        2017060215  2096183      -5.93     102.85  1
        2017060218  2046137      -5.45     104.51  1
        2017060221  3326819      -3.99     115.29  1
        2017060300  3244016      -3.31     116.59  1
        2017060303  3032912      -2.45     118.15  1
        2017060306  3068830      -1.68     119.77  1
        2017060309  3049205      -1.26     120.29  1
        2017060312  3114575      -1.13     120.66  1
        2017060315  3197535      -1.07     120.93  1
        2017060318  3369726      -1.06     121.28  1
        2017060321  3384144      -1.13     121.42  1
        2017060400  3368449      -1.17     121.89  1
        2017060403  3328787      -1.24     122.40  1
        2017060406  3414773      -1.24     122.98  1
        2017060409  3479032      -1.25     123.56  1
        2017060412  3616460      -1.22     124.25  1
        2017060415  3768320      -1.18     124.84  1
        2017060418  4021006      -1.07     125.40  1
        2017060421  4117595      -0.91     125.67  1
        2017060500  4244121      -0.71     125.96  1
        2017060503  4361511      -0.53     126.30  1
        2017060506  4514205      -0.19     126.55  1
        2017060509  4561893      -0.05     126.94  1
        2017060512  4724026       0.04     127.38  1
        2017060515  4884681       0.11     127.88  1
        2017060518  5037663       0.23     128.37  1
        2017060521  4996434       0.20     129.06  1
        2017060600  4985876       0.22     129.90  1
        2017060603  5003511       0.27     130.69  1
        2017060606  5012443       0.34     131.24  1
        2017060609  4965470       0.39     131.70  1
        2017060612  5035956       0.46     132.21  1
        2017060615  5118981       0.56     132.69  1
        2017060618  5171725       0.72     133.12  1
        2017060621  5046813       0.84     133.59  1
        2017060700  5040506       0.94     134.02  1
        2017060703  5086568       1.03     134.48  1
        2017060706  5126885       1.14     134.87  1
        2017060709  5096615       1.20     135.26  1
        2017060712  5085535       1.29     135.74  1
        2017060715  5112757       1.41     136.38  1
        2017060718  5102652       1.58     136.88  1
        2017060721  4934909       1.77     137.33  1
        2017060800  4865599       1.92     137.57  1
        2017060803  4779243       2.12     137.84  1
        2017060806  4673749       2.34     137.82  1
        2017060809  4598514       2.41     137.95  1
        2017060812  4577021       2.49     138.01  1
        2017060815  4494703       2.59     138.13  1
        2017060818  4466301       2.63     138.29  1
        2017060821  4366585       2.62     138.55  1
        2017060900  4322280       2.57     138.59  1
        2017060903  4119585       2.60     138.73  1
        2017060906  3844654       2.75     138.52  1
        2017060909  3645454       2.79     138.37  1
        2017060912  3503103       2.86     138.24  1
        2017060915  3064487       3.21     137.88  1
        2017060918  1018886       8.07     125.07  1
        2017060921   918012       8.76     124.34  1
        2017061000   941397       9.15     123.92  1
        2017061003   939616       9.54     123.60  1
        2017061006   914205       9.93     123.17  1
        2017061009   876356      10.16     122.93  1
        2017061012   929105      10.30     122.61  1
        2017061015   977516      10.34     122.38  1
        2017061018  1041757      10.42     122.03  1
        2017061021  1012270      10.62     121.62  1
        2017061100   994826      10.85     121.16  1
        2017061103  1009234      11.07     120.65  1
        2017061106  1028616      11.37     120.02  1
        2017061109   973083      11.69     119.35  1
        2017061112   987182      11.77     118.93  1
        2017061115  1034552      11.82     118.51  1
        2017061118  1030676      11.85     118.28  1
        2017061121  1078058      11.89     118.05  1
        2017061200  1099273      11.86     117.95  1
        2017061203  1105186      11.88     117.80  1
        2017061206  1044664      11.90     117.48  1
        2017061209   926665      11.95     117.09  1
        2017061212   835132      12.02     116.83  1
        2017061215   670406      12.10     116.50  1
        2017061218   447528      12.25     116.14  1
LPT     1.0100
        2017060515   405682      12.06      97.11  1
        2017060518   544913      11.91      96.98  1
        2017060521   798967      11.82      97.03  1
        2017060600  1014475      11.75      97.05  1
        2017060603  1253543      11.66      96.99  1
        2017060606  1450399      11.56      96.88  1
        2017060609  1681279      11.60      96.70  1
        2017060612  1798003      11.65      96.57  1
        2017060615  1905403      11.74      96.41  1
        2017060618  1914592      11.72      96.28  1
        2017060621  1989336      11.83      96.07  1
        2017060700  2009970      11.89      95.85  1
        2017060703  2055013      11.93      95.65  1
        2017060706  2005814      11.86      95.58  1
        2017060709  2026715      11.99      95.33  1
        2017060712  1976812      12.01      95.17  1
        2017060715  1957138      12.02      94.99  1
        2017060718  1914003      12.04      94.90  1
        2017060721  2008062      12.17      94.79  1
        2017060800  2022420      12.26      94.54  1
        2017060803  1970260      12.30      94.23  1
        2017060806  1842755      12.33      93.95  1
        2017060809  1657230      12.60      93.53  1
        2017060812  1529259      12.61      93.34  1
        2017060815  1406492      12.63      93.30  1
        2017060818  1322109      12.79      93.16  1
        2017060821  1305041      13.04      93.03  1
        2017060900  1201638      13.29      92.53  1
        2017060903  1122001      13.63      91.77  1
        2017060906  1003529      13.98      91.19  1
        2017060909   854541      14.36      91.04  1
        2017060912   497092      14.64      90.87  1
        2017060921   617440      15.64      92.57  1
        2017061000   803346      15.82      92.42  1
        2017061003  1047987      15.90      92.08  1
        2017061006  1376034      16.00      92.04  1
        2017061009  1598546      16.17      92.07  1
        2017061012  1647136      16.29      92.09  1
        2017061015  1732596      16.42      92.09  1
        2017061018  1860557      16.57      92.01  1
        2017061021  2024249      16.67      91.90  1
        2017061100  2075289      16.86      91.80  1
        2017061103  2198456      17.04      91.57  1
        2017061106  2326696      17.21      91.35  1
        2017061109  3302941      16.77      86.52  1
        2017061112  3444441      16.81      86.19  1
        2017061115  3571701      16.83      85.90  1
        2017061118  3697046      16.83      85.51  1
        2017061121  3825195      16.83      85.21  1
        2017061200  3903502      16.88      85.01  1
        2017061203  3985490      16.96      84.90  1
        2017061206  4037773      17.08      84.95  1
        2017061209  4101747      17.23      84.90  1
        2017061212  4026768      17.36      85.07  1
        2017061215  3999381      17.49      85.18  1
        2017061218  3896570      17.61      85.34  1
        2017061221  2512582      19.29      91.75  1
        2017061300  2417486      19.52      91.84  1
        2017061303  2397412      19.74      92.00  1
        2017061306  2344609      19.97      92.19  1
        2017061309  2231998      20.36      92.40  1
        2017061312  2177592      20.48      92.49  1
        2017061315  2130231      20.56      92.57  1
        2017061318  2066001      20.56      92.62  1
        2017061321  1990174      20.63      92.70  1
        2017061400  1939954      20.66      92.72  1
        2017061403  1909297      20.70      92.75  1
        2017061406  1830065      20.75      92.81  1
        2017061409  1783005      20.90      93.00  1
        2017061412  1737950      20.82      93.04  1
        2017061415  1678676      20.71      93.09  1
        2017061418  1604250      20.59      93.14  1
        2017061421  1597601      20.48      93.13  1
        2017061500  1588653      20.37      93.01  1
        2017061503  1575259      20.27      92.84  1
        2017061506  1499498      20.11      92.65  1
        2017061509  1428784      20.08      92.51  1
        2017061512  1407752      20.01      92.29  1
        2017061515  1390087      19.88      92.04  1
        2017061518  1284632      19.74      91.85  1
        2017061521  1275589      19.70      91.75  1
        2017061600  1261759      19.61      91.57  1
        2017061603  1217775      19.47      91.22  1
        2017061606  1003567      19.30      90.84  1
        2017061609   889179      19.31      90.58  1
        2017061612   809518      19.36      90.45  1
        2017061615   717515      19.41      90.30  1
        2017061618   611194      19.42      90.10  1
        2017061621   507301      19.57      90.06  1
        2017061700   390156      19.57      89.94  1
LPT     2.0100
        2017060615   349115       7.74     262.56  1
        2017060618   639098       7.80     262.45  1
        2017060621   812552       7.92     262.25  1
        2017060700   888840       8.01     261.86  1
        2017060703   993411       8.09     261.63  1
        2017060706  1221026       8.17     261.87  1
        2017060709  1328605       8.24     262.03  1
        2017060712  1424799       8.27     262.18  1
        2017060715  1442273       8.31     262.37  1
        2017060718  1436665       8.39     262.78  1
        2017060721  1423658       8.59     262.92  1
        2017060800  1431499       8.74     263.33  1
        2017060803  1455475       8.85     263.93  1
        2017060806  1506629       9.02     264.76  1
        2017060809  1515239       9.14     265.74  1
        2017060812  1367078       9.20     267.09  1
        2017060815  1337813       9.26     267.69  1
        2017060818  1172371       9.27     268.27  1
        2017060821  1006169       9.29     269.30  1
        2017060900   929442       9.20     270.15  1
        2017060903   941431       8.98     271.40  1
        2017060906   827496       8.76     272.70  1
        2017060909   904006       8.65     273.55  1
        2017060912   837611       8.63     274.11  1
        2017060915   903799       9.02     273.45  1
        2017060918   797901       9.32     273.16  1
        2017060921   861445       9.79     272.56  1
        2017061000   851428      10.14     271.89  1
        2017061003   935992      10.34     271.00  1
        2017061006   861830      10.54     269.98  1
        2017061009   829828      10.86     269.08  1
        2017061012   963670      10.96     268.66  1
        2017061015  1149778      11.01     268.37  1
        2017061018  1226036      11.06     268.07  1
        2017061021  1337431      11.19     267.81  1
        2017061100  1328706      11.11     267.59  1
        2017061103  1354798      11.04     267.37  1
        2017061106  1357155      10.86     267.08  1
        2017061109  1383594      10.73     266.88  1
        2017061112  1456387      10.73     266.73  1
        2017061115  1532738      10.78     266.72  1
        2017061118  1513781      10.78     266.74  1
        2017061121  1588399      10.85     266.80  1
        2017061200  1604105      10.88     266.56  1
        2017061203  1588896      10.89     266.23  1
        2017061206  1566976      10.88     265.83  1
        2017061209  1615376      10.89     265.58  1
        2017061212  1526385      10.96     265.24  1
        2017061215  1459130      11.09     265.03  1
        2017061218  1319939      11.23     264.89  1
        2017061221  1268662      11.52     265.17  1
        2017061300  1166441      11.91     265.50  1
        2017061303  1143814      12.25     265.67  1
        2017061306  1064702      12.61     265.77  1
        2017061309  1107960      12.87     265.91  1
        2017061312  1049528      12.99     265.74  1
        2017061315  1025254      13.04     265.39  1
        2017061318   962932      13.21     265.08  1
        2017061321   923647      13.26     265.05  1
        2017061400   826330      13.39     265.02  1
        2017061403   767789      13.39     265.08  1
        2017061406   716755      13.38     265.30  1
        2017061409   747938      13.25     265.43  1
        2017061412   688793      13.18     265.44  1
        2017061415   628218      13.06     265.31  1
        2017061418   561766      12.85     265.06  1
        2017061421   647137      12.72     264.95  1
        2017061500   663215      12.62     264.79  1
        2017061503   687004      12.46     264.60  1
        2017061506   674763      12.24     264.56  1
        2017061509   860967      12.05     264.85  1
        2017061512   969420      11.92     265.20  1
        2017061515  1186534      11.65     265.71  1
        2017061518  1318604      11.37     266.07  1
        2017061521  1512216      11.23     266.38  1
        2017061600  1620775      11.04     266.47  1
        2017061603  1719726      10.83     266.41  1
        2017061606  1757173      10.67     266.27  1
        2017061609  1925258      10.61     266.47  1
        2017061612  1982167      10.62     266.64  1
        2017061615  2155650      10.76     267.08  1
        2017061618  2158168      10.94     267.71  1
        2017061621  2287768      11.12     268.31  1
        2017061700  2338267      11.32     268.62  1
        2017061703  2437478      11.47     268.91  1
        2017061706  2431917      11.59     269.37  1
        2017061709  2449731      11.62     269.56  1
        2017061712  2426241      11.79     270.14  1
        2017061715  2514783      11.99     270.73  1
        2017061718  2544836      12.22     271.25  1
        2017061721  2645776      12.50     271.83  1
        2017061800  2608089      12.84     272.78  1
        2017061803  2569759      13.18     273.59  1
        2017061806  2592803      13.45     274.15  1
        2017061809  2695481      13.63     274.27  1
        2017061812  2700283      13.85     274.57  1
        2017061815  2721478      14.00     274.68  1
        2017061818  2658185      14.22     274.94  1
        2017061821  2651412      14.41     275.04  1
        2017061900  2563766      14.57     275.15  1
        2017061903  2521226      14.77     275.29  1
        2017061906  2539608      14.97     275.43  1
        2017061909  2570057      15.09     275.30  1
        2017061912  2551227      15.28     275.16  1
        2017061915  2585230      15.52     274.92  1
        2017061918  2561824      15.87     274.78  1
        2017061921  2500410      16.02     274.46  1
        2017062000  2371240      16.23     274.33  1
        2017062003  2288067      16.55     274.25  1
        2017062006  2243704      16.91     274.19  1
        2017062009  2259415      17.28     274.05  1
        2017062012  2328140      17.77     274.00  1
        2017062015  2407717      18.51     273.94  1
        2017062018  2563379      19.56     273.89  1
        2017062021  2653952      20.14     273.79  1
        2017062100  2651334      20.73     273.66  1
        2017062103  2647821      21.28     273.50  1
        2017062106  2633211      21.73     273.43  1
        2017062109  2582146      21.76     273.39  1
        2017062112  2485685      22.22     273.39  1
        2017062115  2418104      22.68     273.41  1
        2017062118  2328826      23.07     273.44  1
        2017062121  2263485      23.31     273.42  1
        2017062200  2067454      23.75     273.39  1
        2017062203  1892287      24.34     273.33  1
        2017062206  1651100      25.46     273.34  1
        2017062209  1456970      26.39     273.30  1
        2017062212  1352150      26.88     273.29  1
        2017062215  1231988      27.39     273.26  1
        2017062218  1068871      27.99     273.20  1
        2017062221   922261      28.59     273.14  1
        2017062300   812652      28.85     273.11  1
        2017062303   702056      29.12     273.07  1
        2017062306   537580      29.39     273.02  1
        2017062309   403707      29.74     272.93  1
        2017062312   289738      30.20     272.91  1
LPT     3.0100
        2017061015   567816       6.68     340.61  1
        2017061018   745724       6.69     340.92  1
        2017061021   906819       6.65     341.15  1
        2017061100  1151423       6.63     341.14  1
        2017061103  1318645       6.58     341.16  1
        2017061106  1447539       6.55     341.08  1
        2017061109  1564984       6.50     341.10  1
        2017061112  1655642       6.45     341.23  1
        2017061115  1719373       6.42     341.46  1
        2017061118  1765273       6.45     341.71  1
        2017061121  1795876       6.46     341.94  1
        2017061200  1793627       6.44     342.14  1
        2017061203  1786826       6.41     342.36  1
        2017061206  1790168       6.34     342.47  1
        2017061209  1786501       6.29     342.72  1
        2017061212  1766001       6.24     343.06  1
        2017061215  1772408       6.18     343.50  1
        2017061218  1750194       6.19     344.07  1
        2017061221  1918502       6.17     345.59  1
        2017061300  1960881       6.14     346.18  1
        2017061303  1983953       6.14     346.82  1
        2017061306  1963379       6.10     347.01  1
        2017061309  1893611       6.08     346.77  1
        2017061312  1850122       6.00     346.41  1
        2017061315  1718394       5.90     345.94  1
        2017061318  1408345       5.82     345.28  1
        2017061321  1204147       5.75     344.50  1
        2017061400  1077560       5.67     344.17  1
        2017061403   940935       5.60     343.85  1
        2017061406   836464       5.58     343.69  1
        2017061409   767315       5.56     343.51  1
        2017061412   659724       5.54     343.15  1
        2017061415   555206       5.51     342.76  1
        2017061418   467617       5.44     342.19  1
        2017061421   431540       5.35     341.89  1
        2017061500   406993       5.26     341.55  1
        2017061503   470126       5.18     341.70  1
        2017061506   565526       5.17     341.88  1
        2017061509   704713       5.19     342.22  1
        2017061512   816943       5.22     342.44  1
        2017061515   896835       5.26     342.41  1
        2017061518   920640       5.27     342.25  1
        2017061521   925330       5.22     341.97  1
        2017061600   903141       5.15     341.57  1
        2017061603   857881       5.08     341.09  1
        2017061606   752656       4.97     340.46  1
        2017061609   625078       4.83     339.72  1
        2017061612   513576       4.70     338.85  1
        2017061615   309620       4.56     337.51  1
        2017061703   404292       4.61     334.75  1
        2017061706   349679       4.50     334.21  1
        2017061709   403582       4.51     334.00  1
        2017061712   543742       4.48     333.91  1
        2017061715   603790       4.50     333.98  1
        2017061718   719216       4.57     334.35  1
        2017061721   856804       4.74     334.88  1
        2017061800   955893       4.86     335.16  1
        2017061803  1037269       4.96     335.23  1
        2017061806  1057129       5.03     335.11  1
        2017061809  1013214       5.07     334.98  1
        2017061812   961600       5.12     334.80  1
        2017061815   858614       5.07     334.55  1
        2017061818   771786       5.00     334.16  1
        2017061821   697163       5.01     334.05  1
        2017061900   590216       5.04     334.02  1
        2017061903   470961       5.06     334.17  1
        2017061906   361689       5.09     334.33  1
LPT     4.0100
        2017061200   384489      -1.89     124.44  1
        2017061203   468661      -1.66     124.18  1
        2017061206   631517      -1.49     123.88  1
        2017061209   828289      -1.33     123.52  1
        2017061212  1024218      -1.24     123.21  1
        2017061215  1247847      -1.17     122.80  1
        2017061218  1469898      -1.10     122.46  1
        2017061221  1668761      -1.11     122.19  1
        2017061300  1849090      -1.04     121.88  1
        2017061303  1979297      -1.10     121.56  1
        2017061306  2092589      -1.12     121.40  1
        2017061309  2155775      -1.17     121.35  1
        2017061312  2280662      -1.16     121.45  1
        2017061315  2391684      -1.16     121.68  1
        2017061318  2411794      -1.21     122.06  1
        2017061321  2389419      -1.29     122.36  1
        2017061400  2451006      -1.31     122.68  1
        2017061403  2507220      -1.34     123.04  1
        2017061406  2466477      -1.31     123.26  1
        2017061409  2382651      -1.21     123.60  1
        2017061412  2378090      -1.07     123.84  1
        2017061415  2359672      -0.93     124.01  1
        2017061418  2307431      -0.73     124.16  1
        2017061421  2248971      -0.53     124.31  1
        2017061500  2200455      -0.29     124.53  1
        2017061503  2114224      -0.12     124.71  1
        2017061506  2068051       0.02     124.89  1
        2017061509  2004096       0.17     125.22  1
        2017061512  1977118       0.29     125.74  1
        2017061515  1937057       0.40     126.17  1
        2017061518  1992513       0.44     126.89  1
        2017061521  2023288       0.47     127.45  1
        2017061600  2087900       0.55     127.95  1
        2017061603  2101678       0.59     128.42  1
        2017061606  2166284       0.55     128.71  1
        2017061609  2224771       0.50     128.96  1
        2017061612  2305669       0.48     129.18  1
        2017061615  2353410       0.42     129.39  1
        2017061618  2369609       0.38     129.57  1
        2017061621  2373480       0.39     129.78  1
        2017061700  2404226       0.37     129.99  1
        2017061703  2371883       0.45     130.32  1
        2017061706  2324939       0.53     130.65  1
        2017061709  2319568       0.55     130.96  1
        2017061712  2363559       0.51     131.36  1
        2017061715  2372165       0.42     131.77  1
        2017061718  2403752       0.31     132.18  1
        2017061721  2401498       0.22     132.59  1
        2017061800  2394560       0.17     132.97  1
        2017061803  2339939       0.09     133.32  1
        2017061806  2401551       0.12     133.63  1
        2017061809  2396920       0.11     133.87  1
        2017061812  2407688       0.13     134.11  1
        2017061815  2312207       0.09     134.22  1
        2017061818  2282148       0.16     134.29  1
        2017061821  2162714       0.24     134.45  1
        2017061900  2027041       0.37     134.67  1
        2017061903  1801189       0.47     134.95  1
        2017061906  1660010       0.63     135.09  1
        2017061909  1481837       0.80     135.55  1
        2017061912  1355984       1.04     135.95  1
        2017061915  1184618       1.36     136.47  1
        2017061918  1052565       1.66     136.89  1
        2017061921   927493       1.91     137.26  1
        2017062000   823890       2.37     137.67  1
        2017062003   787192       3.01     138.16  1
        2017062006   710500       3.55     138.37  1
        2017062009   600885       3.92     138.48  1
        2017062012   513677       4.24     138.44  1
        2017062015   364077       4.76     138.46  1
        2017062018   308426       5.29     138.34  1
LPT     5.0100
        2017061912   359165      21.86      93.70  1
        2017061915   428128      21.80      93.53  1
        2017061918   458619      21.68      93.40  1
        2017061921   623662      21.50      93.42  1
        2017062000   712354      21.28      93.42  1
        2017062003   788701      21.12      93.40  1
        2017062006   884353      20.89      93.32  1
        2017062009  1007234      20.73      93.24  1
        2017062012  1064022      20.66      93.02  1
        2017062015  1121946      20.64      92.79  1
        2017062018  1138410      20.56      92.58  1
        2017062021  1169973      20.49      92.57  1
        2017062100  1185893      20.49      92.47  1
        2017062103  1202451      20.50      92.33  1
        2017062106  1185007      20.51      92.17  1
        2017062109  1259693      20.57      92.07  1
        2017062112  1233657      20.66      91.86  1
        2017062115  1197447      20.68      91.74  1
        2017062118  1129502      20.60      91.71  1
        2017062121  1138577      20.44      91.79  1
        2017062200  1143217      20.30      91.76  1
        2017062203  1122790      20.12      91.76  1
        2017062206  1017039      19.90      91.75  1
        2017062209  1066967      19.59      91.97  1
        2017062212  1020797      19.31      91.99  1
        2017062215   934339      19.02      92.07  1
        2017062218   808583      18.63      92.22  1
        2017062221   840951      18.29      92.58  1
        2017062300   845514      17.95      92.67  1
        2017062303   919807      17.48      92.77  1
        2017062306   979157      17.11      92.79  1
        2017062309  1697627      13.70      98.08  1
        2017062312  1815912      13.25      98.47  1
        2017062315  1928222      13.00      98.56  1
        2017062318  1967945      12.65      98.90  1
        2017062321  2245881      12.74      98.62  1
        2017062400  2450797      12.73      98.35  1
        2017062403  2658308      12.62      98.15  1
        2017062406  2790859      12.45      98.05  1
        2017062409  2813304      12.69      97.53  1
        2017062412  2790743      12.79      97.29  1
        2017062415  2868709      12.90      97.10  1
        2017062418  3059445      12.82      97.16  1
        2017062421  3155693      12.93      96.78  1
        2017062500  3124749      12.91      96.43  1
        2017062503  3067861      12.87      96.12  1
        2017062506  3005666      12.76      95.87  1
        2017062509  3005218      12.87      95.63  1
        2017062512  2901204      12.93      95.46  1
        2017062515  2808888      12.94      95.37  1
        2017062518  2739661      12.89      95.19  1
        2017062521  2753641      13.04      94.96  1
        2017062600  2696889      13.17      94.63  1
        2017062603  2597754      13.34      94.23  1
        2017062606  2293693      13.51      93.88  1
        2017062609  2218525      13.63      93.94  1
        2017062612  2115918      13.73      93.97  1
        2017062615  2033135      13.78      94.03  1
        2017062618  1850419      13.79      94.06  1
        2017062621  1869249      13.86      93.91  1
        2017062700  1744609      13.92      93.95  1
        2017062703  1641192      13.94      93.92  1
        2017062706  1435283      13.84      94.28  1
        2017062709  1423899      13.85      94.71  1
        2017062712  1333678      13.78      94.95  1
        2017062715  1241614      13.76      94.87  1
        2017062718  1081313      13.76      94.71  1
        2017062721   991783      13.85      94.18  1
        2017062800   903825      13.93      93.97  1
        2017062803   831715      13.98      93.68  1
        2017062806   664295      14.13      93.54  1
        2017062809   573530      14.50      93.52  1
        2017062812   441885      14.54      93.54  1
        2017062815   300621      14.54      93.47  1
LPT     6.0100
        2017062515   447576      -6.38     155.98  1
        2017062518   730523      -5.92     155.93  1
        2017062521   935264      -5.54     155.86  1
        2017062600  1120046      -5.23     155.83  1
        2017062603  1372504      -4.92     155.96  1
        2017062606  1392070      -4.71     156.04  1
        2017062609  1550028      -4.46     156.05  1
        2017062612  1687912      -4.30     156.06  1
        2017062615  1946488      -4.10     156.09  1
        2017062618  2011030      -3.81     155.98  1
        2017062621  2083012      -3.63     155.80  1
        2017062700  2178875      -3.43     155.51  1
        2017062703  2334861      -3.14     155.16  1
        2017062706  2436819      -2.96     154.92  1
        2017062709  2598718      -2.78     154.60  1
        2017062712  2867762      -2.54     154.05  1
        2017062715  3195844      -2.38     153.44  1
        2017062718  3447682      -2.30     152.86  1
        2017062721  3635797      -2.20     152.32  1
        2017062800  3769270      -2.14     151.93  1
        2017062803  3870191      -2.11     151.49  1
        2017062806  3975680      -2.11     151.08  1
        2017062809  4026394      -2.15     150.87  1
        2017062812  4123272      -2.15     150.61  1
        2017062815  4275674      -2.04     150.27  1
        2017062818  4392575      -1.90     149.76  1
        2017062821  4426389      -1.74     149.55  1
        2017062900  4407166      -1.49     149.19  1
        2017062903  4380281      -1.19     148.77  1
        2017062906  4235841      -0.79     148.06  1
        2017062909  4206474      -0.43     147.54  1
        2017062912  4124844      -0.02     146.82  1
        2017062915  4165942       0.24     146.38  1
        2017062918  4183414       0.77     145.39  1
        2017062921  4198476       0.83     145.04  1
        2017063000  4233176       0.98     144.75  1
        2017063003  4213003       1.12     144.26  1
        2017063006  3975474       1.43     143.43  1
        2017063009  3813401       1.67     142.68  1
        2017063012  3760420       1.82     141.92  1
        2017063015  3841007       1.77     141.26  1
        2017063018  3274655       3.37     137.17  1
        2017063021  3291834       3.45     136.47  1
        2017070100  3164411       3.63     135.73  1
        2017070103  3092751       3.85     135.14  1
        2017070106  3028441       3.99     134.49  1
        2017070109  3010139       4.13     133.90  1
        2017070112  3127125       4.17     133.49  1
        2017070115  3285169       4.26     132.92  1
        2017070118  3338129       4.23     132.32  1
        2017070121  3268798       4.16     131.76  1
        2017070200  3277206       4.05     131.12  1
        2017070203  3250896       3.93     130.49  1
        2017070206  3245601       3.61     130.12  1
        2017070209  3179355       3.31     129.91  1
        2017070212  3153768       3.00     129.66  1
        2017070215  3181447       2.77     129.46  1
        2017070218  3330548       2.71     129.31  1
        2017070221  3250361       2.77     129.09  1
        2017070300  3300702       2.98     128.99  1
        2017070303  3367732       3.29     128.74  1
        2017070306  3415269       3.48     128.40  1
        2017070309  3468663       3.58     128.28  1
        2017070312  3499333       3.64     128.10  1
        2017070315  3385062       3.78     127.64  1
        2017070318  3167320       3.93     127.05  1
        2017070321  2904456       4.13     126.53  1
        2017070400  2723527       4.18     126.07  1
        2017070403  2639939       4.41     125.77  1
        2017070406  2541171       4.77     125.32  1
        2017070409  2489363       5.30     124.83  1
        2017070412  2364716       5.69     124.45  1
        2017070415  2151546       6.24     123.91  1
        2017070418  1832184       6.82     123.26  1
        2017070421  1265458       8.27     121.84  1
        2017070500   684615      10.99     119.08  1
        2017070503   559622      11.74     117.96  1
        2017070506   520877      12.23     117.25  1
        2017070509   446480      12.49     116.83  1
        2017070512   478551      12.68     116.46  1
        2017070515   492010      12.73     116.27  1
        2017070518   505270      12.87     116.18  1
        2017070521   532107      12.99     115.84  1
        2017070600   577901      13.03     115.66  1
        2017070603   651507      13.06     115.46  1
        2017070606   614779      13.01     115.46  1
        2017070609   589897      13.03     115.28  1
        2017070612   541696      13.07     115.14  1
        2017070615   469314      13.17     115.00  1
        2017070618   348898      13.25     114.81  1
LPT     7.0100
        2017063009   319450      23.82      97.79  1
        2017063012   338583      24.07      97.55  1
        2017063015   476216      24.22      97.28  1
        2017063018   838592      24.35      96.54  1
        2017063021  1271874      23.95      95.69  1
        2017070100  1437456      23.82      95.31  1
        2017070103  2111551      24.18      97.77  1
        2017070106  2460401      24.14      97.79  1
        2017070109  2804806      24.05      97.88  1
        2017070112  2874276      24.19      97.93  1
        2017070115  3033236      24.22      97.77  1
        2017070118  3097313      24.28      97.76  1
        2017070121  3196577      24.03      97.60  1
        2017070200  3270253      23.95      97.66  1
        2017070203  3417133      23.93      97.87  1
        2017070206  3524893      23.91      97.96  1
        2017070209  3604283      23.72      97.40  1
        2017070212  3547330      23.70      97.20  1
        2017070215  3576152      23.61      96.88  1
        2017070218  3567249      23.47      96.97  1
        2017070221  3472088      23.20      97.11  1
        2017070300  3445364      23.03      97.17  1
        2017070303  3538449      22.90      97.11  1
        2017070306  3476143      22.82      97.10  1
        2017070309  3299484      22.79      96.99  1
        2017070312  3100928      22.88      96.88  1
        2017070315  3056068      22.86      96.46  1
        2017070318  2945975      22.86      96.11  1
        2017070321  2800313      22.55      95.85  1
        2017070400  2718643      22.36      95.95  1
        2017070403  2705787      22.24      95.71  1
        2017070406  2513753      22.20      95.41  1
        2017070409  2475890      22.11      95.77  1
        2017070412  2324749      22.08      95.61  1
        2017070415  2286017      21.99      95.18  1
        2017070418  1995379      21.88      94.27  1
        2017070421  1963894      21.66      94.12  1
        2017070500  1912708      21.40      94.31  1
        2017070503  1906815      21.29      94.17  1
        2017070506  1852573      21.25      93.77  1
        2017070509  1881826      21.13      93.77  1
        2017070512  1744745      20.92      93.99  1
        2017070515  1777693      20.80      93.91  1
        2017070518  1659702      20.65      93.87  1
        2017070521  1694580      20.48      93.66  1
        2017070600  1651915      20.28      93.46  1
        2017070603  1600631      20.05      93.34  1
        2017070606  1452522      19.86      93.16  1
        2017070609  1444569      19.53      93.23  1
        2017070612  1388086      19.25      93.19  1
        2017070615  1345570      18.84      93.26  1
        2017070618  1279646      18.20      93.53  1
        2017070621  1318813      17.56      93.75  1
        2017070700  1308412      17.06      93.81  1
        2017070703  1273433      16.45      93.91  1
        2017070706  1135217      15.94      93.93  1
        2017070709  3200401       5.00      94.40  1
        2017070712  3441460       4.76      94.37  1
        2017070715  3681236       4.56      94.22  1
        2017070718  3852553       4.03      93.93  1
        2017070721  4139281       4.04      93.68  1
        2017070800  4247372       3.76      93.51  1
        2017070803  4333280       3.34      93.21  1
        2017070806  4350174       2.80      93.00  1
        2017070809  4303323       2.64      92.89  1
        2017070812  4222051       2.43      92.76  1
        2017070815  4189585       2.30      92.62  1
        2017070818  4080068       1.93      92.51  1
        2017070821  4179549       2.03      92.45  1
        2017070900  4037234       1.84      92.44  1
        2017070903  3848991       1.57      92.38  1
        2017070906  3619528       1.15      92.32  1
        2017070909  3411364       0.95      92.36  1
        2017070912  3089451       0.36      92.13  1
        2017070915  2988633      -0.24      91.81  1
        2017070918  2937105      -1.00      91.20  1
        2017070921  2863605      -1.63      90.73  1
        2017071000  2599556      -2.73      90.18  1
        2017071003  2142553      -4.52      89.45  1
        2017071006  1993141      -5.11      88.80  1
        2017071009  1851213      -5.42      88.28  1
        2017071012  1738607      -5.65      87.94  1
        2017071015  1606184      -5.85      87.61  1
        2017071018  1482950      -6.05      87.33  1
        2017071021  1312169      -6.29      87.12  1
        2017071100  1125245      -6.58      86.99  1
        2017071103   991456      -6.79      86.83  1
        2017071106   820214      -6.99      86.71  1
        2017071109   660631      -7.14      86.48  1
        2017071112   581578      -7.26      86.46  1
        2017071115   534734      -7.37      86.19  1
        2017071118   474167      -7.43      85.93  1
        2017071121   405202      -7.48      85.65  1
        2017071200   330879      -7.53      85.34  1
        2017071203   314760      -7.59      85.12  1
LPT     8.0100
        2017070306   316519      10.76     260.48  1
        2017070309   400042      10.72     260.46  1
        2017070312   431100      10.77     260.30  1
        2017070315   503072      10.84     260.31  1
        2017070318   556187      10.83     260.28  1
        2017070321   626672      10.86     260.30  1
        2017070400   621506      10.79     259.99  1
        2017070403   650557      10.69     259.72  1
        2017070406   688751      10.58     259.46  1
        2017070409   670701      10.52     258.46  1
        2017070412   581818      10.55     257.78  1
        2017070415   683605      10.56     256.18  1
        2017070418   748158      10.57     254.82  1
        2017070421   837835      10.55     252.00  1
        2017070500   643494      10.47     245.39  1
        2017070503   793145      10.46     244.24  1
        2017070506   980755      10.45     243.12  1
        2017070509  1234037      10.34     241.87  1
        2017070512  1435172      10.20     240.54  1
        2017070515  1551967      10.25     240.49  1
        2017070518  1553880      10.32     240.71  1
        2017070521  1733776      10.52     244.30  1
        2017070600  1640488      10.65     245.95  1
        2017070603  1657822      10.69     246.88  1
        2017070606  1665304      10.70     247.24  1
        2017070609  1847011      10.65     248.75  1
        2017070612  1948832      10.62     249.63  1
        2017070615  2086686      10.54     250.62  1
        2017070618  2078863      10.46     251.06  1
        2017070621  2127771      10.40     251.46  1
        2017070700  2017146      10.36     251.69  1
        2017070703  1989997      10.32     251.98  1
        2017070706  1970979      10.30     251.88  1
        2017070709  2037273      10.36     252.10  1
        2017070712  2072377      10.42     252.65  1
        2017070715  2087462      10.42     252.91  1
        2017070718  2103007      10.47     253.04  1
        2017070721  2124527      10.52     252.99  1
        2017070800  2063607      10.55     253.03  1
        2017070803  2043179      10.53     252.93  1
        2017070806  2067824      10.58     252.77  1
        2017070809  2135587      10.64     253.00  1
        2017070812  2157720      10.72     253.05  1
        2017070815  2160586      10.75     252.99  1
        2017070818  2125608      10.76     252.84  1
        2017070821  2103067      10.84     252.76  1
        2017070900  1990629      10.88     252.35  1
        2017070903  1940903      10.96     252.15  1
        2017070906  1953916      11.06     252.24  1
        2017070909  1923627      11.19     252.41  1
        2017070912  1779249      11.29     252.08  1
        2017070915  1663931      11.34     251.87  1
        2017070918  1497067      11.42     251.42  1
        2017070921  1439773      11.53     251.37  1
        2017071000  1275251      11.62     251.08  1
        2017071003  1172800      11.72     251.04  1
        2017071006  1074930      11.82     250.98  1
        2017071009   893993      11.93     250.85  1
        2017071012   574233      12.02     250.27  1
LPT     9.0100
        2017070421   544524       4.45     142.06  1
        2017070500   864884       3.49     143.21  1
        2017070503  2016821      -0.01     149.88  1
        2017070506  2491853      -0.51     150.96  1
        2017070509  2901154      -0.88     152.06  1
        2017070512  3364933      -0.88     152.24  1
        2017070515  3729435      -1.06     152.86  1
        2017070518  4079034      -1.03     152.89  1
        2017070521  4195259      -1.11     153.14  1
        2017070600  4289913      -1.18     153.52  1
        2017070603  4368444      -1.15     153.51  1
        2017070606  4447654      -1.18     153.74  1
        2017070609  4539041      -1.18     153.90  1
        2017070612  4706402      -1.06     153.87  1
        2017070615  4903048      -0.99     153.93  1
        2017070618  4986234      -0.94     153.90  1
        2017070621  4978831      -0.99     153.98  1
        2017070700  5055518      -0.98     154.00  1
        2017070703  5117010      -0.93     153.84  1
        2017070706  5062335      -0.94     153.87  1
        2017070709  5070640      -0.91     153.90  1
        2017070712  5035030      -0.82     153.87  1
        2017070715  4937135      -0.74     153.84  1
        2017070718  4757594      -0.53     153.31  1
        2017070721  4536935      -0.33     152.93  1
        2017070800  4384588      -0.11     152.35  1
        2017070803  4161892       0.20     151.38  1
        2017070806  3800973       0.50     150.04  1
        2017070809  3571676       0.69     149.01  1
        2017070812  3340105       0.85     148.06  1
        2017070815  3173441       0.89     147.64  1
        2017070818  3044509       0.99     147.32  1
        2017070821  2904854       0.99     147.29  1
        2017070900  2866060       1.07     147.26  1
        2017070903  2794825       1.17     146.99  1
        2017070906  2799270       1.16     147.19  1
        2017070909  2820645       1.13     147.30  1
        2017070912  2927569       1.02     147.56  1
        2017070915  2944532       0.79     147.75  1
        2017070918  3068455       0.50     148.25  1
        2017070921  3195209       0.25     148.77  1
        2017071000  3363412      -0.01     149.25  1
        2017071003  3395232      -0.20     149.53  1
        2017071006  3313800      -0.52     150.07  1
        2017071009  3311664      -0.74     150.33  1
        2017071012  3258781      -0.89     150.49  1
        2017071015  3309214      -1.34     150.88  1
        2017071018  3306078      -1.58     151.07  1
        2017071021  3133163      -2.09     151.88  1
        2017071100  2983138      -2.59     152.53  1
        2017071103  2606576      -3.74     154.33  1
        2017071106  2212584      -4.72     156.14  1
        2017071109  2249444      -4.72     156.60  1
        2017071112  2348807      -4.59     156.88  1
        2017071115  2528409      -4.37     157.24  1
        2017071118  2661431      -4.11     157.27  1
        2017071121  2747267      -4.01     157.49  1
        2017071200  2817148      -3.89     157.71  1
        2017071203  2963549      -3.84     157.81  1
        2017071206  2991711      -3.73     157.89  1
        2017071209  3022565      -3.75     157.92  1
        2017071212  3058949      -3.70     157.88  1
        2017071215  3155386      -3.61     157.61  1
        2017071218  3234166      -3.48     157.37  1
        2017071221  3138374      -3.41     157.17  1
        2017071300  3020995      -3.33     156.97  1
        2017071303  2974384      -3.19     157.00  1
        2017071306  2879130      -3.16     157.07  1
        2017071309  2841284      -3.22     157.14  1
        2017071312  2869559      -3.26     157.28  1
        2017071315  3041119      -3.44     157.45  1
        2017071318  3060941      -3.44     157.56  1
        2017071321 12978206       5.80     122.36  1
        2017071400 13104936       5.77     122.35  1
        2017071403 13249396       5.71     122.31  1
        2017071406 13318067       5.65     122.18  1
        2017071409 13398921       5.78     121.96  1
        2017071412 13637554       5.74     122.14  1
        2017071415 13877840       5.68     122.31  1
        2017071418 13971319       5.55     122.42  1
        2017071421 14181989       5.73     122.09  1
        2017071500 14130467       5.87     121.77  1
        2017071503 14143525       6.04     121.28  1
        2017071506 13523338       6.09     121.12  2
        2017071509 13465476       6.27     120.74  2
        2017071512 13378086       6.27     120.71  2
        2017071515 13337689       6.30     120.65  2
        2017071518 13293693       6.37     120.62  2
        2017071521 13296104       6.62     119.85  2
        2017071600 13265421       6.65     119.71  2
        2017071603 13217443       6.91     119.02  2
        2017071606 13110918       7.14     118.46  2
        2017071609 12993688       7.42     118.16  2
        2017071612 12873103       7.53     118.12  2
        2017071615 12926654       7.81     117.56  1
        2017071618 12735881       8.21     116.71  1
        2017071621 12574318       8.97     114.73  1
        2017071700 12069628       9.77     112.50  1
        2017071703 11199153      10.70     109.49  1
        2017071706 11190735      10.94     109.51  1
        2017071709 11145106      11.33     109.40  1
        2017071712 11155505      11.48     109.55  1
        2017071715 11231125      11.73     109.34  1
        2017071718 11327335      11.90     109.29  1
        2017071721 11324532      12.29     108.84  1
        2017071800 11319173      12.46     108.52  1
        2017071803 11372274      12.61     108.07  1
        2017071806 11531765      12.75     107.65  1
        2017071809 11773504      12.76     107.71  1
        2017071812 11858824      12.72     107.66  1
        2017071815 12090905      12.68     107.55  1
        2017071818 12529915      12.72     107.46  1
        2017071821 12985758      12.71     107.43  1
        2017071900 13225624      12.61     107.85  1
        2017071903 13419751      12.59     108.05  1
        2017071906 13611367      12.53     108.37  1
        2017071909 13751774      12.60     108.41  1
        2017071912 13790662      12.47     108.73  1
        2017071915 13877914      12.35     108.97  1
        2017071918 13917939      12.07     109.55  1
        2017071921 14043265      11.87     109.93  1
        2017072000 14036582      11.66     110.46  1
        2017072003 14200258      11.45     110.93  1
        2017072006 14074082      11.28     111.33  1
        2017072009 13877627      11.05     112.08  2
        2017072012 13934554      10.84     112.74  2
        2017072015 14118028      10.57     113.49  2
        2017072018 14212744      10.27     114.39  2
        2017072021 14187372      10.18     114.84  2
        2017072100 14268298      10.05     115.40  2
        2017072103 14534070       9.94     116.11  2
        2017072106 14610458       9.88     116.54  2
        2017072109 14793131       9.93     116.73  2
        2017072112 14956154       9.81     117.22  2
        2017072115 15066800       9.68     117.91  2
        2017072118 15021581       9.59     118.53  2
        2017072121 14613170       9.49     119.00  2
        2017072200 14265680       9.29     119.77  2
        2017072203 14275320       9.26     120.03  2
        2017072206 14093592       9.31     119.95  2
        2017072209 13954816       9.30     120.12  2
        2017072212 13775528       9.03     121.07  2
        2017072215 13512482       9.00     121.39  2
        2017072218 13365942       8.91     121.74  2
        2017072221 13185808       9.00     121.66  2
        2017072300 12959106       8.99     121.74  2
        2017072303 12679005       9.10     121.58  2
        2017072306 12239670       9.15     121.44  2
        2017072309 12147096       9.26     121.33  2
        2017072312 11446012       8.59     123.76  2
        2017072315 11169495       8.77     123.29  2
        2017072318 10963198       8.81     123.39  2
        2017072321 10838876       8.97     123.16  2
        2017072400 10739934       8.97     123.19  2
        2017072403 10300516       9.26     122.46  2
        2017072406  9871500       9.55     121.62  2
        2017072409  9734330       9.76     121.13  2
        2017072412  9485588       9.94     120.71  2
        2017072415  9378446      10.20     120.02  2
        2017072418  9518624      10.39     119.61  2
        2017072421  9564053      10.92     118.31  1
        2017072500  9709811      11.03     118.19  1
        2017072503  9673773      11.25     117.68  1
        2017072506  9489321      11.40     117.47  1
        2017072509  9473252      11.55     117.21  1
        2017072512  9387954      11.71     117.00  1
        2017072515  9185852      11.99     116.44  1
        2017072518  9618611      11.68     117.29  1
        2017072521  9478267      11.75     117.28  1
        2017072600  9386708      11.68     117.65  1
        2017072603  9159181      11.73     117.55  1
        2017072606  9267200      11.36     118.42  1
        2017072609  9091465      11.34     118.55  1
        2017072612  2596989       0.24     145.64  1
        2017072615  2543609       0.01     146.20  1
        2017072618  2781250      -0.09     146.39  1
        2017072621  2680295      -0.37     146.80  1
        2017072700  2585524      -0.56     147.04  1
        2017072703  2470023      -0.71     147.25  1
        2017072706  2603858      -0.78     147.42  1
        2017072709  2602423      -0.93     147.82  1
        2017072712  2595648      -1.07     148.41  1
        2017072715  2580235      -1.28     149.25  1
        2017072718  2702524      -1.38     150.32  1
        2017072721  2666926      -1.62     151.33  1
        2017072800  2745168      -1.81     152.10  1
        2017072803  2781732      -2.04     152.79  1
        2017072806  2830725      -2.18     153.22  1
        2017072809  2881225      -2.34     153.61  1
        2017072812  2969529      -2.50     154.02  1
        2017072815  3124867      -2.61     154.69  1
        2017072818  3219457      -2.67     155.10  1
        2017072821  3188634      -2.83     155.52  1
        2017072900  3197800      -2.92     156.12  1
        2017072903  3123851      -2.94     156.90  1
        2017072906  3170522      -2.90     157.39  1
        2017072909  3178218      -2.83     157.62  1
        2017072912  3215957      -2.73     157.82  1
        2017072915  3227219      -2.78     158.13  1
        2017072918  3280213      -2.80     158.23  1
        2017072921  3095481      -2.97     158.26  1
        2017073000  2970096      -3.14     158.00  1
        2017073003  2739855      -3.35     158.05  1
        2017073006  2692677      -3.54     157.93  1
        2017073009  2593569      -3.66     157.32  1
        2017073012  2580469      -3.42     155.73  1
        2017073015  2429694      -3.27     154.71  1
        2017073018  2505152      -2.29     152.11  1
        2017073021  2177451      -1.27     149.32  1
        2017073100  2088658       0.04     146.72  1
        2017073103  1959955       1.09     145.21  1
        2017073106  2030965       2.08     144.25  1
        2017073109  5737705      16.84     153.39  1
        2017073112  5800315      16.93     153.16  1
        2017073115  5530940      17.48     153.47  1
        2017073118  5529012      17.17     153.15  1
        2017073121  2682625       6.98     142.04  1
        2017080100  2614678       6.87     141.59  1
        2017080103  2493434       6.78     141.09  1
        2017080106  2566332       6.28     140.92  1
        2017080109  2567230       6.13     140.80  1
        2017080112  2822545       5.53     141.45  1
        2017080115  2884350       5.40     141.70  1
        2017080118  3015290       5.11     142.03  1
        2017080121  2949449       4.74     142.68  1
        2017080200  1180792      -2.67     153.44  1
        2017080203  1339380      -2.78     154.22  1
        2017080206  1538130      -2.70     154.34  1
        2017080209  1612185      -2.53     154.32  1
        2017080212  1744687      -2.39     154.37  1
        2017080215  1899964      -2.50     154.67  1
        2017080218  2080091      -2.44     154.59  1
        2017080221  2142901      -2.66     154.85  1
        2017080300  2229639      -2.85     154.99  1
        2017080303  2254338      -3.25     155.53  1
        2017080306  2339277      -3.49     155.88  1
        2017080309  2352626      -3.74     156.29  1
        2017080312  2439100      -3.93     156.58  1
        2017080315  2467947      -4.07     156.86  1
        2017080318  2621138      -4.00     156.62  1
        2017080321  2687277      -4.03     156.77  1
        2017080400  2722967      -3.97     156.69  1
        2017080403  2727843      -3.92     156.82  1
        2017080406  2689925      -3.78     156.59  1
        2017080409  2533297      -3.73     156.47  1
        2017080412  2303488      -3.69     156.45  1
        2017080415  1955595      -3.75     156.64  1
        2017080418  1534091      -3.58     156.36  1
        2017080421   911546      -3.85     157.05  1
LPT     9.0200
        2017070421   544524       4.45     142.06  1
        2017070500   864884       3.49     143.21  1
        2017070503  2016821      -0.01     149.88  1
        2017070506  2491853      -0.51     150.96  1
        2017070509  2901154      -0.88     152.06  1
        2017070512  3364933      -0.88     152.24  1
        2017070515  3729435      -1.06     152.86  1
        2017070518  4079034      -1.03     152.89  1
        2017070521  4195259      -1.11     153.14  1
        2017070600  4289913      -1.18     153.52  1
        2017070603  4368444      -1.15     153.51  1
        2017070606  4447654      -1.18     153.74  1
        2017070609  4539041      -1.18     153.90  1
        2017070612  4706402      -1.06     153.87  1
        2017070615  4903048      -0.99     153.93  1
        2017070618  4986234      -0.94     153.90  1
        2017070621  4978831      -0.99     153.98  1
        2017070700  5055518      -0.98     154.00  1
        2017070703  5117010      -0.93     153.84  1
        2017070706  5062335      -0.94     153.87  1
        2017070709  5070640      -0.91     153.90  1
        2017070712  5035030      -0.82     153.87  1
        2017070715  4937135      -0.74     153.84  1
        2017070718  4757594      -0.53     153.31  1
        2017070721  4536935      -0.33     152.93  1
        2017070800  4384588      -0.11     152.35  1
        2017070803  4161892       0.20     151.38  1
        2017070806  3800973       0.50     150.04  1
        2017070809  3571676       0.69     149.01  1
        2017070812  3340105       0.85     148.06  1
        2017070815  3173441       0.89     147.64  1
        2017070818  3044509       0.99     147.32  1
        2017070821  2904854       0.99     147.29  1
        2017070900  2866060       1.07     147.26  1
        2017070903  2794825       1.17     146.99  1
        2017070906  2799270       1.16     147.19  1
        2017070909  2820645       1.13     147.30  1
        2017070912  2927569       1.02     147.56  1
        2017070915  2944532       0.79     147.75  1
        2017070918  3068455       0.50     148.25  1
        2017070921  3195209       0.25     148.77  1
        2017071000  3363412      -0.01     149.25  1
        2017071003  3395232      -0.20     149.53  1
        2017071006  3313800      -0.52     150.07  1
        2017071009  3311664      -0.74     150.33  1
        2017071012  3258781      -0.89     150.49  1
        2017071015  3309214      -1.34     150.88  1
        2017071018  3306078      -1.58     151.07  1
        2017071021  3133163      -2.09     151.88  1
        2017071100  2983138      -2.59     152.53  1
        2017071103  2606576      -3.74     154.33  1
        2017071106  2212584      -4.72     156.14  1
        2017071109  2249444      -4.72     156.60  1
        2017071112  2348807      -4.59     156.88  1
        2017071115  2528409      -4.37     157.24  1
        2017071118  2661431      -4.11     157.27  1
        2017071121  2747267      -4.01     157.49  1
        2017071200  2817148      -3.89     157.71  1
        2017071203  2963549      -3.84     157.81  1
        2017071206  2991711      -3.73     157.89  1
        2017071209  3022565      -3.75     157.92  1
        2017071212  3058949      -3.70     157.88  1
        2017071215  3155386      -3.61     157.61  1
        2017071218  3234166      -3.48     157.37  1
        2017071221  3138374      -3.41     157.17  1
        2017071300  3020995      -3.33     156.97  1
        2017071303  2974384      -3.19     157.00  1
        2017071306  2879130      -3.16     157.07  1
        2017071309  2841284      -3.22     157.14  1
        2017071312  2869559      -3.26     157.28  1
        2017071315  3041119      -3.44     157.45  1
        2017071318  3060941      -3.44     157.56  1
        2017071321 12978206       5.80     122.36  1
        2017071400 13104936       5.77     122.35  1
        2017071403 13249396       5.71     122.31  1
        2017071406 13318067       5.65     122.18  1
        2017071409 13398921       5.78     121.96  1
        2017071412 13637554       5.74     122.14  1
        2017071415 13877840       5.68     122.31  1
        2017071418 13971319       5.55     122.42  1
        2017071421 14181989       5.73     122.09  1
        2017071500 14130467       5.87     121.77  1
        2017071503 14143525       6.04     121.28  1
        2017071506 13523338       6.09     121.12  2
        2017071509 13465476       6.27     120.74  2
        2017071512 13378086       6.27     120.71  2
        2017071515 13337689       6.30     120.65  2
        2017071518 13293693       6.37     120.62  2
        2017071521 13296104       6.62     119.85  2
        2017071600 13265421       6.65     119.71  2
        2017071603 13217443       6.91     119.02  2
        2017071606 13110918       7.14     118.46  2
        2017071609 12993688       7.42     118.16  2
        2017071612 12873103       7.53     118.12  2
        2017071615 12926654       7.81     117.56  1
        2017071618 12735881       8.21     116.71  1
        2017071621 12574318       8.97     114.73  1
        2017071700 12069628       9.77     112.50  1
        2017071703 11199153      10.70     109.49  1
        2017071706 11190735      10.94     109.51  1
        2017071709 11145106      11.33     109.40  1
        2017071712 11155505      11.48     109.55  1
        2017071715 11231125      11.73     109.34  1
        2017071718 11327335      11.90     109.29  1
        2017071721 11324532      12.29     108.84  1
        2017071800 11319173      12.46     108.52  1
        2017071803 11372274      12.61     108.07  1
        2017071806 11531765      12.75     107.65  1
        2017071809 11773504      12.76     107.71  1
        2017071812 11858824      12.72     107.66  1
        2017071815 12090905      12.68     107.55  1
        2017071818 12529915      12.72     107.46  1
        2017071821 12985758      12.71     107.43  1
        2017071900 13225624      12.61     107.85  1
        2017071903 13419751      12.59     108.05  1
        2017071906 13611367      12.53     108.37  1
        2017071909 13751774      12.60     108.41  1
        2017071912 13790662      12.47     108.73  1
        2017071915 13877914      12.35     108.97  1
        2017071918 13917939      12.07     109.55  1
        2017071921 14043265      11.87     109.93  1
        2017072000 14036582      11.66     110.46  1
        2017072003 14200258      11.45     110.93  1
        2017072006 14074082      11.28     111.33  1
        2017072009 13877627      11.05     112.08  2
        2017072012 13934554      10.84     112.74  2
        2017072015 14118028      10.57     113.49  2
        2017072018 14212744      10.27     114.39  2
        2017072021 14187372      10.18     114.84  2
        2017072100 14268298      10.05     115.40  2
        2017072103 14534070       9.94     116.11  2
        2017072106 14610458       9.88     116.54  2
        2017072109 14793131       9.93     116.73  2
        2017072112 14956154       9.81     117.22  2
        2017072115 15066800       9.68     117.91  2
        2017072118 15021581       9.59     118.53  2
        2017072121 14613170       9.49     119.00  2
        2017072200 14265680       9.29     119.77  2
        2017072203 14275320       9.26     120.03  2
        2017072206 14093592       9.31     119.95  2
        2017072209 13954816       9.30     120.12  2
        2017072212 13775528       9.03     121.07  2
        2017072215 13512482       9.00     121.39  2
        2017072218 13365942       8.91     121.74  2
        2017072221 13185808       9.00     121.66  2
        2017072300 12959106       8.99     121.74  2
        2017072303 12679005       9.10     121.58  2
        2017072306 12239670       9.15     121.44  2
        2017072309 12147096       9.26     121.33  2
        2017072312 11446012       8.59     123.76  2
        2017072315 11169495       8.77     123.29  2
        2017072318 10963198       8.81     123.39  2
        2017072321 10838876       8.97     123.16  2
        2017072400 10739934       8.97     123.19  2
        2017072403 10300516       9.26     122.46  2
        2017072406  9871500       9.55     121.62  2
        2017072409  9734330       9.76     121.13  2
        2017072412  9485588       9.94     120.71  2
        2017072415  9378446      10.20     120.02  2
        2017072418  9518624      10.39     119.61  2
        2017072421  9564053      10.92     118.31  1
        2017072500  9709811      11.03     118.19  1
        2017072503  9673773      11.25     117.68  1
        2017072506  9489321      11.40     117.47  1
        2017072509  9473252      11.55     117.21  1
        2017072512  9387954      11.71     117.00  1
        2017072515  9185852      11.99     116.44  1
        2017072518  9618611      11.68     117.29  1
        2017072521  9478267      11.75     117.28  1
        2017072600  9386708      11.68     117.65  1
        2017072603  9159181      11.73     117.55  1
        2017072606  9267200      11.36     118.42  1
        2017072609  9091465      11.34     118.55  1
        2017072612  2596989       0.24     145.64  1
        2017072615  2543609       0.01     146.20  1
        2017072618  2781250      -0.09     146.39  1
        2017072621  2680295      -0.37     146.80  1
        2017072700  2585524      -0.56     147.04  1
        2017072703  2470023      -0.71     147.25  1
        2017072706  2603858      -0.78     147.42  1
        2017072709  2602423      -0.93     147.82  1
        2017072712  2595648      -1.07     148.41  1
        2017072715  2580235      -1.28     149.25  1
        2017072718  2702524      -1.38     150.32  1
        2017072721  2666926      -1.62     151.33  1
        2017072800  2745168      -1.81     152.10  1
        2017072803  2781732      -2.04     152.79  1
        2017072806  2830725      -2.18     153.22  1
        2017072809  2881225      -2.34     153.61  1
        2017072812  2969529      -2.50     154.02  1
        2017072815  3124867      -2.61     154.69  1
        2017072818  3219457      -2.67     155.10  1
        2017072821  3188634      -2.83     155.52  1
        2017072900  3197800      -2.92     156.12  1
        2017072903  3123851      -2.94     156.90  1
        2017072906  3170522      -2.90     157.39  1
        2017072909  3178218      -2.83     157.62  1
        2017072912  3215957      -2.73     157.82  1
        2017072915  3227219      -2.78     158.13  1
        2017072918  3280213      -2.80     158.23  1
        2017072921  3095481      -2.97     158.26  1
        2017073000  2970096      -3.14     158.00  1
        2017073003  2739855      -3.35     158.05  1
        2017073006  2692677      -3.54     157.93  1
        2017073009  2593569      -3.66     157.32  1
        2017073012  2580469      -3.42     155.73  1
        2017073015  2429694      -3.27     154.71  1
        2017073018  2505152      -2.29     152.11  1
        2017073021  2177451      -1.27     149.32  1
        2017073100  2088658       0.04     146.72  1
        2017073103  1959955       1.09     145.21  1
        2017073106  2030965       2.08     144.25  1
        2017073109  5737705      16.84     153.39  1
        2017073112  5800315      16.93     153.16  1
        2017073115  5530940      17.48     153.47  1
        2017073118  5529012      17.17     153.15  1
        2017073121  2698715      26.30     163.31  1
        2017080100  2616911      26.36     163.78  1
        2017080103  2585410      26.26     163.99  1
        2017080106  2512341      26.23     164.25  1
        2017080109  2473267      26.19     164.59  1
        2017080112  2410189      26.11     164.85  1
        2017080115  2376312      25.98     165.32  1
        2017080118  2370707      25.75     165.50  1
        2017080121  2378735      25.55     165.97  1
        2017080200  2358576      25.34     166.39  1
        2017080203  2387241      25.05     166.71  1
        2017080206  2357741      24.84     166.98  1
        2017080209  2421562      24.65     167.15  1
        2017080212  2475767      24.40     167.34  1
        2017080215  2580708      24.22     167.57  1
        2017080218  2570146      24.02     167.83  1
        2017080221  2624845      23.89     168.33  1
        2017080300  2653617      23.73     168.89  1
        2017080303  2673518      23.62     169.47  1
        2017080306  2649219      23.49     169.88  1
        2017080309  2666235      23.42     170.19  1
        2017080312  2641839      23.34     170.42  1
        2017080315  2612979      23.29     170.71  1
        2017080318  2568768      23.31     170.80  1
        2017080321  2530444      23.36     170.98  1
        2017080400  2409159      23.41     171.24  1
        2017080403  2302856      23.50     171.51  1
        2017080406  2185956      23.60     171.79  1
        2017080409  2144639      23.66     171.93  1
        2017080412  2064964      23.75     172.10  1
        2017080415  2015629      23.79     172.25  1
        2017080418  1948323      23.90     172.30  1
        2017080421  1867976      24.00     172.43  1
        2017080500  1772925      24.14     172.68  1
        2017080503  1659385      24.27     172.91  1
        2017080506  1495988      24.35     173.29  1
        2017080509  1432130      24.40     173.51  1
        2017080512  1325203      24.41     173.66  1
        2017080515  1201417      24.43     173.68  1
        2017080518  1053812      24.44     173.70  1
        2017080521   910234      24.47     173.61  1
        2017080600   704673      24.54     173.42  1
        2017080603   539947      24.63     173.38  1
        2017080606   325460      24.78     173.16  1
LPT     9.0300
        2017070421   544524       4.45     142.06  1
        2017070500   864884       3.49     143.21  1
        2017070503  2016821      -0.01     149.88  1
        2017070506  2491853      -0.51     150.96  1
        2017070509  2901154      -0.88     152.06  1
        2017070512  3364933      -0.88     152.24  1
        2017070515  3729435      -1.06     152.86  1
        2017070518  4079034      -1.03     152.89  1
        2017070521  4195259      -1.11     153.14  1
        2017070600  4289913      -1.18     153.52  1
        2017070603  4368444      -1.15     153.51  1
        2017070606  4447654      -1.18     153.74  1
        2017070609  4539041      -1.18     153.90  1
        2017070612  4706402      -1.06     153.87  1
        2017070615  4903048      -0.99     153.93  1
        2017070618  4986234      -0.94     153.90  1
        2017070621  4978831      -0.99     153.98  1
        2017070700  5055518      -0.98     154.00  1
        2017070703  5117010      -0.93     153.84  1
        2017070706  5062335      -0.94     153.87  1
        2017070709  5070640      -0.91     153.90  1
        2017070712  5035030      -0.82     153.87  1
        2017070715  4937135      -0.74     153.84  1
        2017070718  4757594      -0.53     153.31  1
        2017070721  4536935      -0.33     152.93  1
        2017070800  4384588      -0.11     152.35  1
        2017070803  4161892       0.20     151.38  1
        2017070806  3800973       0.50     150.04  1
        2017070809  3571676       0.69     149.01  1
        2017070812  3340105       0.85     148.06  1
        2017070815  3173441       0.89     147.64  1
        2017070818  3044509       0.99     147.32  1
        2017070821  2904854       0.99     147.29  1
        2017070900  2866060       1.07     147.26  1
        2017070903  2794825       1.17     146.99  1
        2017070906  2799270       1.16     147.19  1
        2017070909  2820645       1.13     147.30  1
        2017070912  2927569       1.02     147.56  1
        2017070915  2944532       0.79     147.75  1
        2017070918  3068455       0.50     148.25  1
        2017070921  3195209       0.25     148.77  1
        2017071000  3363412      -0.01     149.25  1
        2017071003  3395232      -0.20     149.53  1
        2017071006  3313800      -0.52     150.07  1
        2017071009  3311664      -0.74     150.33  1
        2017071012  3258781      -0.89     150.49  1
        2017071015  3309214      -1.34     150.88  1
        2017071018  3306078      -1.58     151.07  1
        2017071021  3133163      -2.09     151.88  1
        2017071100  2983138      -2.59     152.53  1
        2017071103  2606576      -3.74     154.33  1
        2017071106  2212584      -4.72     156.14  1
        2017071109  2249444      -4.72     156.60  1
        2017071112  2348807      -4.59     156.88  1
        2017071115  2528409      -4.37     157.24  1
        2017071118  2661431      -4.11     157.27  1
        2017071121  2747267      -4.01     157.49  1
        2017071200  2817148      -3.89     157.71  1
        2017071203  2963549      -3.84     157.81  1
        2017071206  2991711      -3.73     157.89  1
        2017071209  3022565      -3.75     157.92  1
        2017071212  3058949      -3.70     157.88  1
        2017071215  3155386      -3.61     157.61  1
        2017071218  3234166      -3.48     157.37  1
        2017071221  3138374      -3.41     157.17  1
        2017071300  3020995      -3.33     156.97  1
        2017071303  2974384      -3.19     157.00  1
        2017071306  2879130      -3.16     157.07  1
        2017071309  2841284      -3.22     157.14  1
        2017071312  2869559      -3.26     157.28  1
        2017071315  3041119      -3.44     157.45  1
        2017071318  3060941      -3.44     157.56  1
        2017071321 12978206       5.80     122.36  1
        2017071400 13104936       5.77     122.35  1
        2017071403 13249396       5.71     122.31  1
        2017071406 13318067       5.65     122.18  1
        2017071409 13398921       5.78     121.96  1
        2017071412 13637554       5.74     122.14  1
        2017071415 13877840       5.68     122.31  1
        2017071418 13971319       5.55     122.42  1
        2017071421 14181989       5.73     122.09  1
        2017071500 14130467       5.87     121.77  1
        2017071503 14143525       6.04     121.28  1
        2017071506 13523338       6.09     121.12  2
        2017071509 13465476       6.27     120.74  2
        2017071512 13378086       6.27     120.71  2
        2017071515 13337689       6.30     120.65  2
        2017071518 13293693       6.37     120.62  2
        2017071521 13296104       6.62     119.85  2
        2017071600 13265421       6.65     119.71  2
        2017071603 13217443       6.91     119.02  2
        2017071606 13110918       7.14     118.46  2
        2017071609 12993688       7.42     118.16  2
        2017071612 12873103       7.53     118.12  2
        2017071615 12926654       7.81     117.56  1
        2017071618 12735881       8.21     116.71  1
        2017071621 12574318       8.97     114.73  1
        2017071700 12069628       9.77     112.50  1
        2017071703 11199153      10.70     109.49  1
        2017071706 11190735      10.94     109.51  1
        2017071709 11145106      11.33     109.40  1
        2017071712 11155505      11.48     109.55  1
        2017071715 11231125      11.73     109.34  1
        2017071718 11327335      11.90     109.29  1
        2017071721 11324532      12.29     108.84  1
        2017071800 11319173      12.46     108.52  1
        2017071803 11372274      12.61     108.07  1
        2017071806 11531765      12.75     107.65  1
        2017071809 11773504      12.76     107.71  1
        2017071812 11858824      12.72     107.66  1
        2017071815 12090905      12.68     107.55  1
        2017071818 12529915      12.72     107.46  1
        2017071821 12985758      12.71     107.43  1
        2017071900 13225624      12.61     107.85  1
        2017071903 13419751      12.59     108.05  1
        2017071906 13611367      12.53     108.37  1
        2017071909 13751774      12.60     108.41  1
        2017071912 13790662      12.47     108.73  1
        2017071915 13877914      12.35     108.97  1
        2017071918 13917939      12.07     109.55  1
        2017071921 14043265      11.87     109.93  1
        2017072000 14036582      11.66     110.46  1
        2017072003 14200258      11.45     110.93  1
        2017072006 14074082      11.28     111.33  1
        2017072009 13877627      11.05     112.08  2
        2017072012 13934554      10.84     112.74  2
        2017072015 14118028      10.57     113.49  2
        2017072018 14212744      10.27     114.39  2
        2017072021 14187372      10.18     114.84  2
        2017072100 14268298      10.05     115.40  2
        2017072103 14534070       9.94     116.11  2
        2017072106 14610458       9.88     116.54  2
        2017072109 14793131       9.93     116.73  2
        2017072112 14956154       9.81     117.22  2
        2017072115 15066800       9.68     117.91  2
        2017072118 15021581       9.59     118.53  2
        2017072121 14613170       9.49     119.00  2
        2017072200 14265680       9.29     119.77  2
        2017072203 14275320       9.26     120.03  2
        2017072206 14093592       9.31     119.95  2
        2017072209 13954816       9.30     120.12  2
        2017072212 13775528       9.03     121.07  2
        2017072215 13512482       9.00     121.39  2
        2017072218 13365942       8.91     121.74  2
        2017072221 13185808       9.00     121.66  2
        2017072300 12959106       8.99     121.74  2
        2017072303 12679005       9.10     121.58  2
        2017072306 12239670       9.15     121.44  2
        2017072309 12147096       9.26     121.33  2
        2017072312 11446012       8.59     123.76  2
        2017072315 11169495       8.77     123.29  2
        2017072318 10963198       8.81     123.39  2
        2017072321 10838876       8.97     123.16  2
        2017072400 10739934       8.97     123.19  2
        2017072403 10300516       9.26     122.46  2
        2017072406  9871500       9.55     121.62  2
        2017072409  9734330       9.76     121.13  2
        2017072412  9485588       9.94     120.71  2
        2017072415  9378446      10.20     120.02  2
        2017072418  9518624      10.39     119.61  2
        2017072421  9564053      10.92     118.31  1
        2017072500  9709811      11.03     118.19  1
        2017072503  9673773      11.25     117.68  1
        2017072506  9489321      11.40     117.47  1
        2017072509  9473252      11.55     117.21  1
        2017072512  9387954      11.71     117.00  1
        2017072515  9185852      11.99     116.44  1
        2017072518  9618611      11.68     117.29  1
        2017072521  9478267      11.75     117.28  1
        2017072600  9386708      11.68     117.65  1
        2017072603  9159181      11.73     117.55  1
        2017072606  9267200      11.36     118.42  1
        2017072609  9091465      11.34     118.55  1
        2017072612  6203842      15.70     107.75  1
        2017072615  6119861      15.65     107.68  1
        2017072618  6223547      15.40     108.48  1
        2017072621  6109266      15.37     108.32  1
        2017072700  5967803      15.15     108.79  1
        2017072703  5968445      15.07     108.94  1
        2017072706  5923190      14.85     109.53  1
        2017072709  5791630      14.74     109.66  1
        2017072712  5637357      14.67     109.78  1
        2017072715  5490453      14.68     109.66  1
        2017072718  5373961      14.68     109.67  1
        2017072721  5225215      14.76     109.66  1
        2017072800  5107532      14.85     109.78  1
        2017072803  2096844      15.74     123.33  1
        2017072806  2079568      15.97     123.37  1
        2017072809  2061431      16.15     123.24  1
        2017072812  2030892      16.30     123.20  1
        2017072815  2009218      16.47     123.03  1
        2017072818  1975034      16.63     122.92  1
        2017072821  1937061      16.81     122.67  1
        2017072900  1926403      16.99     122.51  1
        2017072903  1911402      17.22     122.28  1
        2017072906  1950292      17.44     121.98  1
        2017072909  1939365      17.64     121.78  1
        2017072912  1928326      17.77     121.63  1
        2017072915  1924441      17.99     121.37  1
        2017072918  1859627      18.15     121.17  1
        2017072921  1744785      18.35     120.87  1
        2017073000  1723062      18.47     120.67  1
        2017073003  1657017      18.64     120.45  1
        2017073006  1596347      18.88     120.13  1
        2017073009  1534531      19.09     119.98  1
        2017073012  1530881      19.32     119.93  1
        2017073015  1552805      19.60     119.84  1
        2017073018  1518211      19.88     119.72  1
        2017073021  1485627      20.17     119.49  1
        2017073100  1444655      20.37     119.39  1
        2017073103  1387930      20.65     119.31  1
        2017073106  1322568      20.94     119.22  1
        2017073109  1278426      21.21     119.13  1
        2017073112  1219457      21.48     119.14  1
        2017073115  1139138      21.65     119.09  1
        2017073118  1046115      21.93     119.07  1
        2017073121   980520      22.20     119.01  1
        2017080100   920357      22.45     118.99  1
        2017080103   830583      22.68     118.93  1
        2017080106   717421      22.95     118.83  1
        2017080109   589209      23.18     118.72  1
        2017080112   486635      23.29     118.66  1
        2017080115   368672      23.39     118.63  1
LPT     9.0400
        2017071003   381555      25.69      93.54  1
        2017071006   494610      25.79      92.65  1
        2017071009   655488      25.62      92.54  1
        2017071012   763131      25.55      92.24  1
        2017071015   975693      25.28      91.93  1
        2017071018  1096450      25.13      91.17  1
        2017071021  1146778      24.83      91.02  1
        2017071100  1237374      24.73      90.63  1
        2017071103  1382377      24.61      90.43  1
        2017071106  1464926      24.56      90.26  1
        2017071109  1622740      24.23      90.51  1
        2017071112  1714905      23.96      90.87  1
        2017071115  1893366      23.50      91.40  1
        2017071118  1780104      23.35      91.32  1
        2017071121  1916246      22.65      92.06  1
        2017071200  1920210      21.97      92.57  1
        2017071203  4777069      13.41     103.09  1
        2017071206  5130773      12.88     103.80  1
        2017071209  5569513      12.73     104.08  1
        2017071212  5765379      12.35     104.80  1
        2017071215  6144016      12.12     105.31  1
        2017071218  6845880      10.74     108.54  1
        2017071221  7370922      10.18     109.88  1
        2017071300  7684599       9.76     110.67  1
        2017071303  8090053       9.59     110.77  1
        2017071306  8390661       9.37     110.71  1
        2017071309  8874587       9.49     110.24  1
        2017071312  9278424       9.30     110.60  1
        2017071315  9601728       9.17     110.79  1
        2017071318  9797365       8.75     111.47  1
        2017071321 12978206       5.80     122.36  1
        2017071400 13104936       5.77     122.35  1
        2017071403 13249396       5.71     122.31  1
        2017071406 13318067       5.65     122.18  1
        2017071409 13398921       5.78     121.96  1
        2017071412 13637554       5.74     122.14  1
        2017071415 13877840       5.68     122.31  1
        2017071418 13971319       5.55     122.42  1
        2017071421 14181989       5.73     122.09  1
        2017071500 14130467       5.87     121.77  1
        2017071503 14143525       6.04     121.28  1
        2017071506 13523338       6.09     121.12  2
        2017071509 13465476       6.27     120.74  2
        2017071512 13378086       6.27     120.71  2
        2017071515 13337689       6.30     120.65  2
        2017071518 13293693       6.37     120.62  2
        2017071521 13296104       6.62     119.85  2
        2017071600 13265421       6.65     119.71  2
        2017071603 13217443       6.91     119.02  2
        2017071606 13110918       7.14     118.46  2
        2017071609 12993688       7.42     118.16  2
        2017071612 12873103       7.53     118.12  2
        2017071615 12926654       7.81     117.56  1
        2017071618 12735881       8.21     116.71  1
        2017071621 12574318       8.97     114.73  1
        2017071700 12069628       9.77     112.50  1
        2017071703 11199153      10.70     109.49  1
        2017071706 11190735      10.94     109.51  1
        2017071709 11145106      11.33     109.40  1
        2017071712 11155505      11.48     109.55  1
        2017071715 11231125      11.73     109.34  1
        2017071718 11327335      11.90     109.29  1
        2017071721 11324532      12.29     108.84  1
        2017071800 11319173      12.46     108.52  1
        2017071803 11372274      12.61     108.07  1
        2017071806 11531765      12.75     107.65  1
        2017071809 11773504      12.76     107.71  1
        2017071812 11858824      12.72     107.66  1
        2017071815 12090905      12.68     107.55  1
        2017071818 12529915      12.72     107.46  1
        2017071821 12985758      12.71     107.43  1
        2017071900 13225624      12.61     107.85  1
        2017071903 13419751      12.59     108.05  1
        2017071906 13611367      12.53     108.37  1
        2017071909 13751774      12.60     108.41  1
        2017071912 13790662      12.47     108.73  1
        2017071915 13877914      12.35     108.97  1
        2017071918 13917939      12.07     109.55  1
        2017071921 14043265      11.87     109.93  1
        2017072000 14036582      11.66     110.46  1
        2017072003 14200258      11.45     110.93  1
        2017072006 14074082      11.28     111.33  1
        2017072009 13877627      11.05     112.08  2
        2017072012 13934554      10.84     112.74  2
        2017072015 14118028      10.57     113.49  2
        2017072018 14212744      10.27     114.39  2
        2017072021 14187372      10.18     114.84  2
        2017072100 14268298      10.05     115.40  2
        2017072103 14534070       9.94     116.11  2
        2017072106 14610458       9.88     116.54  2
        2017072109 14793131       9.93     116.73  2
        2017072112 14956154       9.81     117.22  2
        2017072115 15066800       9.68     117.91  2
        2017072118 15021581       9.59     118.53  2
        2017072121 14613170       9.49     119.00  2
        2017072200 14265680       9.29     119.77  2
        2017072203 14275320       9.26     120.03  2
        2017072206 14093592       9.31     119.95  2
        2017072209 13954816       9.30     120.12  2
        2017072212 13775528       9.03     121.07  2
        2017072215 13512482       9.00     121.39  2
        2017072218 13365942       8.91     121.74  2
        2017072221 13185808       9.00     121.66  2
        2017072300 12959106       8.99     121.74  2
        2017072303 12679005       9.10     121.58  2
        2017072306 12239670       9.15     121.44  2
        2017072309 12147096       9.26     121.33  2
        2017072312 11446012       8.59     123.76  2
        2017072315 11169495       8.77     123.29  2
        2017072318 10963198       8.81     123.39  2
        2017072321 10838876       8.97     123.16  2
        2017072400 10739934       8.97     123.19  2
        2017072403 10300516       9.26     122.46  2
        2017072406  9871500       9.55     121.62  2
        2017072409  9734330       9.76     121.13  2
        2017072412  9485588       9.94     120.71  2
        2017072415  9378446      10.20     120.02  2
        2017072418  9518624      10.39     119.61  2
        2017072421  9564053      10.92     118.31  1
        2017072500  9709811      11.03     118.19  1
        2017072503  9673773      11.25     117.68  1
        2017072506  9489321      11.40     117.47  1
        2017072509  9473252      11.55     117.21  1
        2017072512  9387954      11.71     117.00  1
        2017072515  9185852      11.99     116.44  1
        2017072518  9618611      11.68     117.29  1
        2017072521  9478267      11.75     117.28  1
        2017072600  9386708      11.68     117.65  1
        2017072603  9159181      11.73     117.55  1
        2017072606  9267200      11.36     118.42  1
        2017072609  9091465      11.34     118.55  1
        2017072612  2596989       0.24     145.64  1
        2017072615  2543609       0.01     146.20  1
        2017072618  2781250      -0.09     146.39  1
        2017072621  2680295      -0.37     146.80  1
        2017072700  2585524      -0.56     147.04  1
        2017072703  2470023      -0.71     147.25  1
        2017072706  2603858      -0.78     147.42  1
        2017072709  2602423      -0.93     147.82  1
        2017072712  2595648      -1.07     148.41  1
        2017072715  2580235      -1.28     149.25  1
        2017072718  2702524      -1.38     150.32  1
        2017072721  2666926      -1.62     151.33  1
        2017072800  2745168      -1.81     152.10  1
        2017072803  2781732      -2.04     152.79  1
        2017072806  2830725      -2.18     153.22  1
        2017072809  2881225      -2.34     153.61  1
        2017072812  2969529      -2.50     154.02  1
        2017072815  3124867      -2.61     154.69  1
        2017072818  3219457      -2.67     155.10  1
        2017072821  3188634      -2.83     155.52  1
        2017072900  3197800      -2.92     156.12  1
        2017072903  3123851      -2.94     156.90  1
        2017072906  3170522      -2.90     157.39  1
        2017072909  3178218      -2.83     157.62  1
        2017072912  3215957      -2.73     157.82  1
        2017072915  3227219      -2.78     158.13  1
        2017072918  3280213      -2.80     158.23  1
        2017072921  3095481      -2.97     158.26  1
        2017073000  2970096      -3.14     158.00  1
        2017073003  2739855      -3.35     158.05  1
        2017073006  2692677      -3.54     157.93  1
        2017073009  2593569      -3.66     157.32  1
        2017073012  2580469      -3.42     155.73  1
        2017073015  2429694      -3.27     154.71  1
        2017073018  2505152      -2.29     152.11  1
        2017073021  2177451      -1.27     149.32  1
        2017073100  2088658       0.04     146.72  1
        2017073103  1959955       1.09     145.21  1
        2017073106  2030965       2.08     144.25  1
        2017073109  5737705      16.84     153.39  1
        2017073112  5800315      16.93     153.16  1
        2017073115  5530940      17.48     153.47  1
        2017073118  5529012      17.17     153.15  1
        2017073121  2682625       6.98     142.04  1
        2017080100  2614678       6.87     141.59  1
        2017080103  2493434       6.78     141.09  1
        2017080106  2566332       6.28     140.92  1
        2017080109  2567230       6.13     140.80  1
        2017080112  2822545       5.53     141.45  1
        2017080115  2884350       5.40     141.70  1
        2017080118  3015290       5.11     142.03  1
        2017080121  2949449       4.74     142.68  1
        2017080200  1180792      -2.67     153.44  1
        2017080203  1339380      -2.78     154.22  1
        2017080206  1538130      -2.70     154.34  1
        2017080209  1612185      -2.53     154.32  1
        2017080212  1744687      -2.39     154.37  1
        2017080215  1899964      -2.50     154.67  1
        2017080218  2080091      -2.44     154.59  1
        2017080221  2142901      -2.66     154.85  1
        2017080300  2229639      -2.85     154.99  1
        2017080303  2254338      -3.25     155.53  1
        2017080306  2339277      -3.49     155.88  1
        2017080309  2352626      -3.74     156.29  1
        2017080312  2439100      -3.93     156.58  1
        2017080315  2467947      -4.07     156.86  1
        2017080318  2621138      -4.00     156.62  1
        2017080321  2687277      -4.03     156.77  1
        2017080400  2722967      -3.97     156.69  1
        2017080403  2727843      -3.92     156.82  1
        2017080406  2689925      -3.78     156.59  1
        2017080409  2533297      -3.73     156.47  1
        2017080412  2303488      -3.69     156.45  1
        2017080415  1955595      -3.75     156.64  1
        2017080418  1534091      -3.58     156.36  1
        2017080421   911546      -3.85     157.05  1
LPT     9.0500
        2017071003   381555      25.69      93.54  1
        2017071006   494610      25.79      92.65  1
        2017071009   655488      25.62      92.54  1
        2017071012   763131      25.55      92.24  1
        2017071015   975693      25.28      91.93  1
        2017071018  1096450      25.13      91.17  1
        2017071021  1146778      24.83      91.02  1
        2017071100  1237374      24.73      90.63  1
        2017071103  1382377      24.61      90.43  1
        2017071106  1464926      24.56      90.26  1
        2017071109  1622740      24.23      90.51  1
        2017071112  1714905      23.96      90.87  1
        2017071115  1893366      23.50      91.40  1
        2017071118  1780104      23.35      91.32  1
        2017071121  1916246      22.65      92.06  1
        2017071200  1920210      21.97      92.57  1
        2017071203  4777069      13.41     103.09  1
        2017071206  5130773      12.88     103.80  1
        2017071209  5569513      12.73     104.08  1
        2017071212  5765379      12.35     104.80  1
        2017071215  6144016      12.12     105.31  1
        2017071218  6845880      10.74     108.54  1
        2017071221  7370922      10.18     109.88  1
        2017071300  7684599       9.76     110.67  1
        2017071303  8090053       9.59     110.77  1
        2017071306  8390661       9.37     110.71  1
        2017071309  8874587       9.49     110.24  1
        2017071312  9278424       9.30     110.60  1
        2017071315  9601728       9.17     110.79  1
        2017071318  9797365       8.75     111.47  1
        2017071321 12978206       5.80     122.36  1
        2017071400 13104936       5.77     122.35  1
        2017071403 13249396       5.71     122.31  1
        2017071406 13318067       5.65     122.18  1
        2017071409 13398921       5.78     121.96  1
        2017071412 13637554       5.74     122.14  1
        2017071415 13877840       5.68     122.31  1
        2017071418 13971319       5.55     122.42  1
        2017071421 14181989       5.73     122.09  1
        2017071500 14130467       5.87     121.77  1
        2017071503 14143525       6.04     121.28  1
        2017071506 13523338       6.09     121.12  2
        2017071509 13465476       6.27     120.74  2
        2017071512 13378086       6.27     120.71  2
        2017071515 13337689       6.30     120.65  2
        2017071518 13293693       6.37     120.62  2
        2017071521 13296104       6.62     119.85  2
        2017071600 13265421       6.65     119.71  2
        2017071603 13217443       6.91     119.02  2
        2017071606 13110918       7.14     118.46  2
        2017071609 12993688       7.42     118.16  2
        2017071612 12873103       7.53     118.12  2
        2017071615 12926654       7.81     117.56  1
        2017071618 12735881       8.21     116.71  1
        2017071621 12574318       8.97     114.73  1
        2017071700 12069628       9.77     112.50  1
        2017071703 11199153      10.70     109.49  1
        2017071706 11190735      10.94     109.51  1
        2017071709 11145106      11.33     109.40  1
        2017071712 11155505      11.48     109.55  1
        2017071715 11231125      11.73     109.34  1
        2017071718 11327335      11.90     109.29  1
        2017071721 11324532      12.29     108.84  1
        2017071800 11319173      12.46     108.52  1
        2017071803 11372274      12.61     108.07  1
        2017071806 11531765      12.75     107.65  1
        2017071809 11773504      12.76     107.71  1
        2017071812 11858824      12.72     107.66  1
        2017071815 12090905      12.68     107.55  1
        2017071818 12529915      12.72     107.46  1
        2017071821 12985758      12.71     107.43  1
        2017071900 13225624      12.61     107.85  1
        2017071903 13419751      12.59     108.05  1
        2017071906 13611367      12.53     108.37  1
        2017071909 13751774      12.60     108.41  1
        2017071912 13790662      12.47     108.73  1
        2017071915 13877914      12.35     108.97  1
        2017071918 13917939      12.07     109.55  1
        2017071921 14043265      11.87     109.93  1
        2017072000 14036582      11.66     110.46  1
        2017072003 14200258      11.45     110.93  1
        2017072006 14074082      11.28     111.33  1
        2017072009 13877627      11.05     112.08  2
        2017072012 13934554      10.84     112.74  2
        2017072015 14118028      10.57     113.49  2
        2017072018 14212744      10.27     114.39  2
        2017072021 14187372      10.18     114.84  2
        2017072100 14268298      10.05     115.40  2
        2017072103 14534070       9.94     116.11  2
        2017072106 14610458       9.88     116.54  2
        2017072109 14793131       9.93     116.73  2
        2017072112 14956154       9.81     117.22  2
        2017072115 15066800       9.68     117.91  2
        2017072118 15021581       9.59     118.53  2
        2017072121 14613170       9.49     119.00  2
        2017072200 14265680       9.29     119.77  2
        2017072203 14275320       9.26     120.03  2
        2017072206 14093592       9.31     119.95  2
        2017072209 13954816       9.30     120.12  2
        2017072212 13775528       9.03     121.07  2
        2017072215 13512482       9.00     121.39  2
        2017072218 13365942       8.91     121.74  2
        2017072221 13185808       9.00     121.66  2
        2017072300 12959106       8.99     121.74  2
        2017072303 12679005       9.10     121.58  2
        2017072306 12239670       9.15     121.44  2
        2017072309 12147096       9.26     121.33  2
        2017072312 11446012       8.59     123.76  2
        2017072315 11169495       8.77     123.29  2
        2017072318 10963198       8.81     123.39  2
        2017072321 10838876       8.97     123.16  2
        2017072400 10739934       8.97     123.19  2
        2017072403 10300516       9.26     122.46  2
        2017072406  9871500       9.55     121.62  2
        2017072409  9734330       9.76     121.13  2
        2017072412  9485588       9.94     120.71  2
        2017072415  9378446      10.20     120.02  2
        2017072418  9518624      10.39     119.61  2
        2017072421  9564053      10.92     118.31  1
        2017072500  9709811      11.03     118.19  1
        2017072503  9673773      11.25     117.68  1
        2017072506  9489321      11.40     117.47  1
        2017072509  9473252      11.55     117.21  1
        2017072512  9387954      11.71     117.00  1
        2017072515  9185852      11.99     116.44  1
        2017072518  9618611      11.68     117.29  1
        2017072521  9478267      11.75     117.28  1
        2017072600  9386708      11.68     117.65  1
        2017072603  9159181      11.73     117.55  1
        2017072606  9267200      11.36     118.42  1
        2017072609  9091465      11.34     118.55  1
        2017072612  2596989       0.24     145.64  1
        2017072615  2543609       0.01     146.20  1
        2017072618  2781250      -0.09     146.39  1
        2017072621  2680295      -0.37     146.80  1
        2017072700  2585524      -0.56     147.04  1
        2017072703  2470023      -0.71     147.25  1
        2017072706  2603858      -0.78     147.42  1
        2017072709  2602423      -0.93     147.82  1
        2017072712  2595648      -1.07     148.41  1
        2017072715  2580235      -1.28     149.25  1
        2017072718  2702524      -1.38     150.32  1
        2017072721  2666926      -1.62     151.33  1
        2017072800  2745168      -1.81     152.10  1
        2017072803  2781732      -2.04     152.79  1
        2017072806  2830725      -2.18     153.22  1
        2017072809  2881225      -2.34     153.61  1
        2017072812  2969529      -2.50     154.02  1
        2017072815  3124867      -2.61     154.69  1
        2017072818  3219457      -2.67     155.10  1
        2017072821  3188634      -2.83     155.52  1
        2017072900  3197800      -2.92     156.12  1
        2017072903  3123851      -2.94     156.90  1
        2017072906  3170522      -2.90     157.39  1
        2017072909  3178218      -2.83     157.62  1
        2017072912  3215957      -2.73     157.82  1
        2017072915  3227219      -2.78     158.13  1
        2017072918  3280213      -2.80     158.23  1
        2017072921  3095481      -2.97     158.26  1
        2017073000  2970096      -3.14     158.00  1
        2017073003  2739855      -3.35     158.05  1
        2017073006  2692677      -3.54     157.93  1
        2017073009  2593569      -3.66     157.32  1
        2017073012  2580469      -3.42     155.73  1
        2017073015  2429694      -3.27     154.71  1
        2017073018  2505152      -2.29     152.11  1
        2017073021  2177451      -1.27     149.32  1
        2017073100  2088658       0.04     146.72  1
        2017073103  1959955       1.09     145.21  1
        2017073106  2030965       2.08     144.25  1
        2017073109  5737705      16.84     153.39  1
        2017073112  5800315      16.93     153.16  1
        2017073115  5530940      17.48     153.47  1
        2017073118  5529012      17.17     153.15  1
        2017073121  2698715      26.30     163.31  1
        2017080100  2616911      26.36     163.78  1
        2017080103  2585410      26.26     163.99  1
        2017080106  2512341      26.23     164.25  1
        2017080109  2473267      26.19     164.59  1
        2017080112  2410189      26.11     164.85  1
        2017080115  2376312      25.98     165.32  1
        2017080118  2370707      25.75     165.50  1
        2017080121  2378735      25.55     165.97  1
        2017080200  2358576      25.34     166.39  1
        2017080203  2387241      25.05     166.71  1
        2017080206  2357741      24.84     166.98  1
        2017080209  2421562      24.65     167.15  1
        2017080212  2475767      24.40     167.34  1
        2017080215  2580708      24.22     167.57  1
        2017080218  2570146      24.02     167.83  1
        2017080221  2624845      23.89     168.33  1
        2017080300  2653617      23.73     168.89  1
        2017080303  2673518      23.62     169.47  1
        2017080306  2649219      23.49     169.88  1
        2017080309  2666235      23.42     170.19  1
        2017080312  2641839      23.34     170.42  1
        2017080315  2612979      23.29     170.71  1
        2017080318  2568768      23.31     170.80  1
        2017080321  2530444      23.36     170.98  1
        2017080400  2409159      23.41     171.24  1
        2017080403  2302856      23.50     171.51  1
        2017080406  2185956      23.60     171.79  1
        2017080409  2144639      23.66     171.93  1
        2017080412  2064964      23.75     172.10  1
        2017080415  2015629      23.79     172.25  1
        2017080418  1948323      23.90     172.30  1
        2017080421  1867976      24.00     172.43  1
        2017080500  1772925      24.14     172.68  1
        2017080503  1659385      24.27     172.91  1
        2017080506  1495988      24.35     173.29  1
        2017080509  1432130      24.40     173.51  1
        2017080512  1325203      24.41     173.66  1
        2017080515  1201417      24.43     173.68  1
        2017080518  1053812      24.44     173.70  1
        2017080521   910234      24.47     173.61  1
        2017080600   704673      24.54     173.42  1
        2017080603   539947      24.63     173.38  1
        2017080606   325460      24.78     173.16  1
LPT     9.0600
        2017071003   381555      25.69      93.54  1
        2017071006   494610      25.79      92.65  1
        2017071009   655488      25.62      92.54  1
        2017071012   763131      25.55      92.24  1
        2017071015   975693      25.28      91.93  1
        2017071018  1096450      25.13      91.17  1
        2017071021  1146778      24.83      91.02  1
        2017071100  1237374      24.73      90.63  1
        2017071103  1382377      24.61      90.43  1
        2017071106  1464926      24.56      90.26  1
        2017071109  1622740      24.23      90.51  1
        2017071112  1714905      23.96      90.87  1
        2017071115  1893366      23.50      91.40  1
        2017071118  1780104      23.35      91.32  1
        2017071121  1916246      22.65      92.06  1
        2017071200  1920210      21.97      92.57  1
        2017071203  4777069      13.41     103.09  1
        2017071206  5130773      12.88     103.80  1
        2017071209  5569513      12.73     104.08  1
        2017071212  5765379      12.35     104.80  1
        2017071215  6144016      12.12     105.31  1
        2017071218  6845880      10.74     108.54  1
        2017071221  7370922      10.18     109.88  1
        2017071300  7684599       9.76     110.67  1
        2017071303  8090053       9.59     110.77  1
        2017071306  8390661       9.37     110.71  1
        2017071309  8874587       9.49     110.24  1
        2017071312  9278424       9.30     110.60  1
        2017071315  9601728       9.17     110.79  1
        2017071318  9797365       8.75     111.47  1
        2017071321 12978206       5.80     122.36  1
        2017071400 13104936       5.77     122.35  1
        2017071403 13249396       5.71     122.31  1
        2017071406 13318067       5.65     122.18  1
        2017071409 13398921       5.78     121.96  1
        2017071412 13637554       5.74     122.14  1
        2017071415 13877840       5.68     122.31  1
        2017071418 13971319       5.55     122.42  1
        2017071421 14181989       5.73     122.09  1
        2017071500 14130467       5.87     121.77  1
        2017071503 14143525       6.04     121.28  1
        2017071506 13523338       6.09     121.12  2
        2017071509 13465476       6.27     120.74  2
        2017071512 13378086       6.27     120.71  2
        2017071515 13337689       6.30     120.65  2
        2017071518 13293693       6.37     120.62  2
        2017071521 13296104       6.62     119.85  2
        2017071600 13265421       6.65     119.71  2
        2017071603 13217443       6.91     119.02  2
        2017071606 13110918       7.14     118.46  2
        2017071609 12993688       7.42     118.16  2
        2017071612 12873103       7.53     118.12  2
        2017071615 12926654       7.81     117.56  1
        2017071618 12735881       8.21     116.71  1
        2017071621 12574318       8.97     114.73  1
        2017071700 12069628       9.77     112.50  1
        2017071703 11199153      10.70     109.49  1
        2017071706 11190735      10.94     109.51  1
        2017071709 11145106      11.33     109.40  1
        2017071712 11155505      11.48     109.55  1
        2017071715 11231125      11.73     109.34  1
        2017071718 11327335      11.90     109.29  1
        2017071721 11324532      12.29     108.84  1
        2017071800 11319173      12.46     108.52  1
        2017071803 11372274      12.61     108.07  1
        2017071806 11531765      12.75     107.65  1
        2017071809 11773504      12.76     107.71  1
        2017071812 11858824      12.72     107.66  1
        2017071815 12090905      12.68     107.55  1
        2017071818 12529915      12.72     107.46  1
        2017071821 12985758      12.71     107.43  1
        2017071900 13225624      12.61     107.85  1
        2017071903 13419751      12.59     108.05  1
        2017071906 13611367      12.53     108.37  1
        2017071909 13751774      12.60     108.41  1
        2017071912 13790662      12.47     108.73  1
        2017071915 13877914      12.35     108.97  1
        2017071918 13917939      12.07     109.55  1
        2017071921 14043265      11.87     109.93  1
        2017072000 14036582      11.66     110.46  1
        2017072003 14200258      11.45     110.93  1
        2017072006 14074082      11.28     111.33  1
        2017072009 13877627      11.05     112.08  2
        2017072012 13934554      10.84     112.74  2
        2017072015 14118028      10.57     113.49  2
        2017072018 14212744      10.27     114.39  2
        2017072021 14187372      10.18     114.84  2
        2017072100 14268298      10.05     115.40  2
        2017072103 14534070       9.94     116.11  2
        2017072106 14610458       9.88     116.54  2
        2017072109 14793131       9.93     116.73  2
        2017072112 14956154       9.81     117.22  2
        2017072115 15066800       9.68     117.91  2
        2017072118 15021581       9.59     118.53  2
        2017072121 14613170       9.49     119.00  2
        2017072200 14265680       9.29     119.77  2
        2017072203 14275320       9.26     120.03  2
        2017072206 14093592       9.31     119.95  2
        2017072209 13954816       9.30     120.12  2
        2017072212 13775528       9.03     121.07  2
        2017072215 13512482       9.00     121.39  2
        2017072218 13365942       8.91     121.74  2
        2017072221 13185808       9.00     121.66  2
        2017072300 12959106       8.99     121.74  2
        2017072303 12679005       9.10     121.58  2
        2017072306 12239670       9.15     121.44  2
        2017072309 12147096       9.26     121.33  2
        2017072312 11446012       8.59     123.76  2
        2017072315 11169495       8.77     123.29  2
        2017072318 10963198       8.81     123.39  2
        2017072321 10838876       8.97     123.16  2
        2017072400 10739934       8.97     123.19  2
        2017072403 10300516       9.26     122.46  2
        2017072406  9871500       9.55     121.62  2
        2017072409  9734330       9.76     121.13  2
        2017072412  9485588       9.94     120.71  2
        2017072415  9378446      10.20     120.02  2
        2017072418  9518624      10.39     119.61  2
        2017072421  9564053      10.92     118.31  1
        2017072500  9709811      11.03     118.19  1
        2017072503  9673773      11.25     117.68  1
        2017072506  9489321      11.40     117.47  1
        2017072509  9473252      11.55     117.21  1
        2017072512  9387954      11.71     117.00  1
        2017072515  9185852      11.99     116.44  1
        2017072518  9618611      11.68     117.29  1
        2017072521  9478267      11.75     117.28  1
        2017072600  9386708      11.68     117.65  1
        2017072603  9159181      11.73     117.55  1
        2017072606  9267200      11.36     118.42  1
        2017072609  9091465      11.34     118.55  1
        2017072612  6203842      15.70     107.75  1
        2017072615  6119861      15.65     107.68  1
        2017072618  6223547      15.40     108.48  1
        2017072621  6109266      15.37     108.32  1
        2017072700  5967803      15.15     108.79  1
        2017072703  5968445      15.07     108.94  1
        2017072706  5923190      14.85     109.53  1
        2017072709  5791630      14.74     109.66  1
        2017072712  5637357      14.67     109.78  1
        2017072715  5490453      14.68     109.66  1
        2017072718  5373961      14.68     109.67  1
        2017072721  5225215      14.76     109.66  1
        2017072800  5107532      14.85     109.78  1
        2017072803  2096844      15.74     123.33  1
        2017072806  2079568      15.97     123.37  1
        2017072809  2061431      16.15     123.24  1
        2017072812  2030892      16.30     123.20  1
        2017072815  2009218      16.47     123.03  1
        2017072818  1975034      16.63     122.92  1
        2017072821  1937061      16.81     122.67  1
        2017072900  1926403      16.99     122.51  1
        2017072903  1911402      17.22     122.28  1
        2017072906  1950292      17.44     121.98  1
        2017072909  1939365      17.64     121.78  1
        2017072912  1928326      17.77     121.63  1
        2017072915  1924441      17.99     121.37  1
        2017072918  1859627      18.15     121.17  1
        2017072921  1744785      18.35     120.87  1
        2017073000  1723062      18.47     120.67  1
        2017073003  1657017      18.64     120.45  1
        2017073006  1596347      18.88     120.13  1
        2017073009  1534531      19.09     119.98  1
        2017073012  1530881      19.32     119.93  1
        2017073015  1552805      19.60     119.84  1
        2017073018  1518211      19.88     119.72  1
        2017073021  1485627      20.17     119.49  1
        2017073100  1444655      20.37     119.39  1
        2017073103  1387930      20.65     119.31  1
        2017073106  1322568      20.94     119.22  1
        2017073109  1278426      21.21     119.13  1
        2017073112  1219457      21.48     119.14  1
        2017073115  1139138      21.65     119.09  1
        2017073118  1046115      21.93     119.07  1
        2017073121   980520      22.20     119.01  1
        2017080100   920357      22.45     118.99  1
        2017080103   830583      22.68     118.93  1
        2017080106   717421      22.95     118.83  1
        2017080109   589209      23.18     118.72  1
        2017080112   486635      23.29     118.66  1
        2017080115   368672      23.39     118.63  1
LPT     9.0700
        2017072615   313486      23.65     156.38  1
        2017072618   514323      23.48     156.31  1
        2017072621   603790      23.27     156.20  1
        2017072700   722464      23.09     156.11  1
        2017072703   850648      22.91     156.03  1
        2017072706   977175      22.70     155.85  1
        2017072709  1123701      22.53     155.79  1
        2017072712  1246032      22.40     155.69  1
        2017072715  1361231      22.20     155.56  1
        2017072718  1365856      21.88     155.31  1
        2017072721  1432819      21.69     155.13  1
        2017072800  1517288      21.56     155.08  1
        2017072803  1635865      21.47     155.09  1
        2017072806  1701750      21.42     155.09  1
        2017072809  1810127      21.42     155.22  1
        2017072812  1924472      21.45     155.37  1
        2017072815  2103618      21.51     155.57  1
        2017072818  2282352      21.63     155.76  1
        2017072821  2360105      21.78     155.90  1
        2017072900  2501845      21.93     156.08  1
        2017072903  2649046      22.04     156.16  1
        2017072906  2752597      22.03     156.14  1
        2017072909  2815865      22.11     156.40  1
        2017072912  2888825      22.20     156.67  1
        2017072915  2890290      22.32     156.95  1
        2017072918  2921569      22.45     157.12  1
        2017072921  2987053      22.61     157.26  1
        2017073000  3105561      22.80     157.43  1
        2017073003  3215975      22.92     157.53  1
        2017073006  3275203      23.01     157.60  1
        2017073009  3312261      23.28     158.01  1
        2017073012  3285290      23.44     158.18  1
        2017073015  3348498      23.74     158.52  1
        2017073018  3356704      23.82     158.38  1
        2017073021  3414770      24.03     158.52  1
        2017073100  3511087      24.14     158.48  1
        2017073103  3567235      24.23     158.50  1
        2017073106  3527705      24.41     158.72  1
        2017073109  5737705      16.84     153.39  1
        2017073112  5800315      16.93     153.16  1
        2017073115  5530940      17.48     153.47  1
        2017073118  5529012      17.17     153.15  1
        2017073121  2682625       6.98     142.04  1
        2017080100  2614678       6.87     141.59  1
        2017080103  2493434       6.78     141.09  1
        2017080106  2566332       6.28     140.92  1
        2017080109  2567230       6.13     140.80  1
        2017080112  2822545       5.53     141.45  1
        2017080115  2884350       5.40     141.70  1
        2017080118  3015290       5.11     142.03  1
        2017080121  2949449       4.74     142.68  1
        2017080200  1180792      -2.67     153.44  1
        2017080203  1339380      -2.78     154.22  1
        2017080206  1538130      -2.70     154.34  1
        2017080209  1612185      -2.53     154.32  1
        2017080212  1744687      -2.39     154.37  1
        2017080215  1899964      -2.50     154.67  1
        2017080218  2080091      -2.44     154.59  1
        2017080221  2142901      -2.66     154.85  1
        2017080300  2229639      -2.85     154.99  1
        2017080303  2254338      -3.25     155.53  1
        2017080306  2339277      -3.49     155.88  1
        2017080309  2352626      -3.74     156.29  1
        2017080312  2439100      -3.93     156.58  1
        2017080315  2467947      -4.07     156.86  1
        2017080318  2621138      -4.00     156.62  1
        2017080321  2687277      -4.03     156.77  1
        2017080400  2722967      -3.97     156.69  1
        2017080403  2727843      -3.92     156.82  1
        2017080406  2689925      -3.78     156.59  1
        2017080409  2533297      -3.73     156.47  1
        2017080412  2303488      -3.69     156.45  1
        2017080415  1955595      -3.75     156.64  1
        2017080418  1534091      -3.58     156.36  1
        2017080421   911546      -3.85     157.05  1
LPT     9.0800
        2017072615   313486      23.65     156.38  1
        2017072618   514323      23.48     156.31  1
        2017072621   603790      23.27     156.20  1
        2017072700   722464      23.09     156.11  1
        2017072703   850648      22.91     156.03  1
        2017072706   977175      22.70     155.85  1
        2017072709  1123701      22.53     155.79  1
        2017072712  1246032      22.40     155.69  1
        2017072715  1361231      22.20     155.56  1
        2017072718  1365856      21.88     155.31  1
        2017072721  1432819      21.69     155.13  1
        2017072800  1517288      21.56     155.08  1
        2017072803  1635865      21.47     155.09  1
        2017072806  1701750      21.42     155.09  1
        2017072809  1810127      21.42     155.22  1
        2017072812  1924472      21.45     155.37  1
        2017072815  2103618      21.51     155.57  1
        2017072818  2282352      21.63     155.76  1
        2017072821  2360105      21.78     155.90  1
        2017072900  2501845      21.93     156.08  1
        2017072903  2649046      22.04     156.16  1
        2017072906  2752597      22.03     156.14  1
        2017072909  2815865      22.11     156.40  1
        2017072912  2888825      22.20     156.67  1
        2017072915  2890290      22.32     156.95  1
        2017072918  2921569      22.45     157.12  1
        2017072921  2987053      22.61     157.26  1
        2017073000  3105561      22.80     157.43  1
        2017073003  3215975      22.92     157.53  1
        2017073006  3275203      23.01     157.60  1
        2017073009  3312261      23.28     158.01  1
        2017073012  3285290      23.44     158.18  1
        2017073015  3348498      23.74     158.52  1
        2017073018  3356704      23.82     158.38  1
        2017073021  3414770      24.03     158.52  1
        2017073100  3511087      24.14     158.48  1
        2017073103  3567235      24.23     158.50  1
        2017073106  3527705      24.41     158.72  1
        2017073109  5737705      16.84     153.39  1
        2017073112  5800315      16.93     153.16  1
        2017073115  5530940      17.48     153.47  1
        2017073118  5529012      17.17     153.15  1
        2017073121  2698715      26.30     163.31  1
        2017080100  2616911      26.36     163.78  1
        2017080103  2585410      26.26     163.99  1
        2017080106  2512341      26.23     164.25  1
        2017080109  2473267      26.19     164.59  1
        2017080112  2410189      26.11     164.85  1
        2017080115  2376312      25.98     165.32  1
        2017080118  2370707      25.75     165.50  1
        2017080121  2378735      25.55     165.97  1
        2017080200  2358576      25.34     166.39  1
        2017080203  2387241      25.05     166.71  1
        2017080206  2357741      24.84     166.98  1
        2017080209  2421562      24.65     167.15  1
        2017080212  2475767      24.40     167.34  1
        2017080215  2580708      24.22     167.57  1
        2017080218  2570146      24.02     167.83  1
        2017080221  2624845      23.89     168.33  1
        2017080300  2653617      23.73     168.89  1
        2017080303  2673518      23.62     169.47  1
        2017080306  2649219      23.49     169.88  1
        2017080309  2666235      23.42     170.19  1
        2017080312  2641839      23.34     170.42  1
        2017080315  2612979      23.29     170.71  1
        2017080318  2568768      23.31     170.80  1
        2017080321  2530444      23.36     170.98  1
        2017080400  2409159      23.41     171.24  1
        2017080403  2302856      23.50     171.51  1
        2017080406  2185956      23.60     171.79  1
        2017080409  2144639      23.66     171.93  1
        2017080412  2064964      23.75     172.10  1
        2017080415  2015629      23.79     172.25  1
        2017080418  1948323      23.90     172.30  1
        2017080421  1867976      24.00     172.43  1
        2017080500  1772925      24.14     172.68  1
        2017080503  1659385      24.27     172.91  1
        2017080506  1495988      24.35     173.29  1
        2017080509  1432130      24.40     173.51  1
        2017080512  1325203      24.41     173.66  1
        2017080515  1201417      24.43     173.68  1
        2017080518  1053812      24.44     173.70  1
        2017080521   910234      24.47     173.61  1
        2017080600   704673      24.54     173.42  1
        2017080603   539947      24.63     173.38  1
        2017080606   325460      24.78     173.16  1
LPT    10.0100
        2017072821   312829      -1.26      72.73  1
        2017072900   517464      -1.24      73.49  1
        2017072903   964463      -1.22      74.80  1
        2017072906  1538788      -1.13      76.69  1
        2017072909  2086669      -1.02      77.85  1
        2017072912  2365041      -1.05      77.91  1
        2017072915  2567863      -1.05      78.09  1
        2017072918  2741378      -1.11      78.02  1
        2017072921  2840879      -1.17      78.49  1
        2017073000  2783050      -1.26      78.79  1
        2017073003  2728926      -1.43      79.17  1
        2017073006  2550652      -1.60      79.79  1
        2017073009  2404713      -1.76      80.40  1
        2017073012  2198529      -1.99      80.97  1
        2017073015  2151951      -2.16      81.76  1
        2017073018  2134700      -2.27      82.38  1
        2017073021  2118179      -2.38      82.99  1
        2017073100  2102561      -2.42      83.62  1
        2017073103  2136208      -2.50      84.06  1
        2017073106  2126582      -2.63      84.70  1
        2017073109  2051651      -2.68      85.30  1
        2017073112  2033039      -2.73      85.87  1
        2017073115  2045272      -2.75      86.36  1
        2017073118  2009613      -2.85      86.87  1
        2017073121  2018591      -2.92      87.57  1
        2017080100  1936695      -3.00      88.26  1
        2017080103  1973475      -3.01      88.59  1
        2017080106  1913139      -3.11      89.06  1
        2017080109  1897409      -3.23      89.31  1
        2017080112  1870121      -3.40      89.55  1
        2017080115  1938399      -3.49      89.61  1
        2017080118  2014285      -3.61      89.57  1
        2017080121  2083455      -3.61      89.57  1
        2017080200  2026483      -3.67      89.61  1
        2017080203  2064020      -3.75      89.41  1
        2017080206  2017022      -3.84      89.24  1
        2017080209  2008604      -3.85      89.02  1
        2017080212  2004112      -3.81      88.94  1
        2017080215  2005709      -3.80      88.87  1
        2017080218  1964275      -3.77      88.84  1
        2017080221  1924469      -3.67      88.89  1
        2017080300  1860796      -3.58      88.98  1
        2017080303  1858632      -3.49      89.01  1
        2017080306  1821099      -3.41      89.02  1
        2017080309  1834378      -3.31      89.05  1
        2017080312  1886769      -3.28      89.08  1
        2017080315  1942198      -3.29      89.07  1
        2017080318  1932855      -3.39      88.98  1
        2017080321  2047703      -3.28      89.00  1
        2017080400  2111703      -3.22      88.92  1
        2017080403  2240386      -3.14      88.77  1
        2017080406  2303681      -3.05      88.63  1
        2017080409  2410724      -3.01      88.43  1
        2017080412  2445538      -2.95      88.31  1
        2017080415  2482585      -2.90      88.20  1
        2017080418  2466627      -2.79      88.25  1
        2017080421  2396886      -2.61      88.60  1
        2017080500  2289335      -2.41      88.98  1
        2017080503  2274019      -2.22      89.34  1
        2017080506  2314959      -1.71      90.00  1
        2017080509  2378006      -1.33      90.53  1
        2017080512  2322494      -1.00      91.06  1
        2017080515  2373629      -0.61      91.46  1
        2017080518  4097072       7.10      93.66  1
        2017080521  4315955       7.48      94.03  1
        2017080600  4386365       7.68      94.23  1
        2017080603  4467238       7.79      94.37  1
        2017080606  4736010       7.77      94.27  1
        2017080609  4915289       7.83      94.35  1
        2017080612  4846263       7.61      94.26  1
        2017080615  4843502       7.43      94.20  1
        2017080618  4806331       7.01      93.96  1
        2017080621  4864880       7.02      93.89  1
        2017080700  4650591       6.95      93.81  1
        2017080703  4435607       6.98      93.78  1
        2017080706  4119967       6.78      93.76  1
        2017080709  3919878       6.85      93.89  1
        2017080712  3678157       6.77      93.93  1
        2017080715  3486787       6.59      93.88  1
        2017080718  3292289       6.28      93.75  1
        2017080721  3181774       5.71      93.37  1
        2017080800  3008244       5.34      93.02  1
        2017080803  2818829       5.08      92.70  1
        2017080806  1526756      11.64      92.90  1
        2017080809  1219626      12.71      92.74  1
        2017080812  1074279      12.99      92.68  1
        2017080815   891173      12.97      92.45  1
        2017080818   646414      12.63      92.08  1
        2017080821   423493      12.67      91.81  1
LPT    11.0100
        2017081306   585171       2.40     104.91  1
        2017081309  1079013       2.44     104.18  1
        2017081312  1268061       2.39     103.36  1
        2017081315  1539724       2.25     102.06  1
        2017081318  1918540       2.09     101.41  1
        2017081321  2230015       2.05     100.76  1
        2017081400  2424249       1.99     100.04  1
        2017081403  2570519       1.99      99.17  1
        2017081406  2843185       1.99      98.77  1
        2017081409  3292691       2.13      98.87  1
        2017081412  3531260       2.24      99.06  1
        2017081415  3844976       2.40      99.29  1
        2017081418  4199583       2.49      99.70  1
        2017081421  4482786       2.62      99.79  1
        2017081500  5389961       2.69     103.89  1
        2017081503  5904419       2.82     105.23  1
        2017081506  6279071       2.94     105.90  1
        2017081509  6563620       3.11     106.27  1
        2017081512  6756366       3.26     107.03  1
        2017081515  7034533       3.43     107.64  1
        2017081518  7478950       3.83     108.04  1
        2017081521  7856901       4.24     107.95  1
        2017081600  8563108       5.60     107.59  1
        2017081603  8952632       6.10     107.47  1
        2017081606  9178578       6.48     107.30  1
        2017081609  9379619       6.95     107.09  1
        2017081612  9433546       7.13     107.19  1
        2017081615  9635623       7.25     107.15  1
        2017081618  9722039       7.28     107.19  1
        2017081621  9815290       7.58     106.78  1
        2017081700  9811009       7.72     106.75  1
        2017081703  9745613       7.92     106.64  1
        2017081706  9603362       8.04     106.70  1
        2017081709  9441632       8.40     106.69  1
        2017081712  9136314       8.66     106.77  1
        2017081715  8935421       8.93     106.50  1
        2017081718  8627749       9.32     105.89  1
        2017081721  8214483       9.75     105.09  1
        2017081800  7916778      10.06     104.81  1
        2017081803  7680078      10.28     104.35  1
        2017081806  7380669      10.40     104.07  1
        2017081809  7265804      10.55     103.87  1
        2017081812  7131140      10.55     103.90  1
        2017081815  7073567      10.60     103.77  1
        2017081818  6989093      10.52     103.74  1
        2017081821  6792343      10.60     103.40  1
        2017081900  6710327      10.49     103.43  1
        2017081903  6585731      10.53     103.16  1
        2017081906  6384654      10.47     103.17  1
        2017081909  6111784      10.63     102.91  1
        2017081912  5698715      10.61     102.95  1
        2017081915  1988843       4.58     119.80  1
        2017081918  1766187       4.49     120.68  1
        2017081921  1542650       4.46     121.32  1
        2017082000  1386333       4.64     121.82  1
        2017082003  3310888       9.49     134.40  1
        2017082006  3461349      10.09     134.44  1
        2017082009  3507326      10.65     134.61  1
        2017082012  3595223      11.13     134.73  1
        2017082015  3685076      11.43     134.07  1
        2017082018  3754231      11.82     133.72  1
        2017082021  3648093      12.16     133.48  1
        2017082100  3606746      12.35     133.08  1
        2017082103  3573313      12.56     132.28  1
        2017082106  3538736      12.81     131.56  1
        2017082109  3519555      13.03     130.96  1
        2017082112  3515492      13.29     130.45  1
        2017082115  3477694      13.49     129.82  1
        2017082118  3597039      13.78     129.14  1
        2017082121  3572198      14.06     128.85  1
        2017082200  3653841      14.27     128.55  1
        2017082203  3667404      14.53     128.11  1
        2017082206  3852986      14.60     128.06  1
        2017082209  3860253      14.82     127.90  1
        2017082212  3917310      14.95     127.67  1
        2017082215  3916263      15.09     127.21  1
        2017082218  3971554      15.14     126.95  1
        2017082221  3955364      15.29     126.40  1
        2017082300  3965923      15.36     125.93  1
        2017082303  3948354      15.46     125.32  1
        2017082306  3931405      15.50     124.72  1
        2017082309  3968769      15.44     124.19  1
        2017082312  4019782      15.37     123.80  1
        2017082315  4005497      15.33     123.38  1
        2017082318  3982229      15.46     122.88  1
        2017082321  3970637      15.43     122.52  1
        2017082400  4121626      15.39     122.13  1
        2017082403  4210299      15.37     121.71  1
        2017082406  4278452      15.46     121.11  1
        2017082409  4351067      15.53     120.61  1
        2017082412  4383905      15.51     120.19  1
        2017082415  4325506      15.55     119.73  1
        2017082418  4230931      15.57     119.47  1
        2017082421  4151314      15.65     118.77  1
        2017082500  4181348      15.71     118.21  1
        2017082503  4189891      15.82     117.55  1
        2017082506  4204729      15.93     116.91  1
        2017082509  4294792      16.18     116.00  1
        2017082512  4322942      16.27     115.46  1
        2017082515  4419980      16.44     114.82  1
        2017082518  4636564      16.56     113.62  1
        2017082521  4822883      16.55     112.32  1
        2017082600  4966598      16.51     111.34  1
        2017082603  5214374      16.50     110.36  1
        2017082606  5423358      16.43     109.30  1
        2017082609  5630626      16.49     108.53  1
        2017082612  5608309      16.41     108.35  1
        2017082615  5555520      16.26     108.08  1
        2017082618  5793040      15.88     107.59  1
        2017082621  5809816      15.49     107.06  1
        2017082700  5848189      15.31     106.78  1
        2017082703  5876946      15.18     106.24  1
        2017082706  6046671      15.00     105.52  1
        2017082709  6205043      15.00     104.90  1
        2017082712  6177690      14.91     104.75  1
        2017082715  6134271      14.83     104.37  1
        2017082718  6060807      14.77     104.21  1
        2017082721  6361352      14.77     103.33  1
        2017082800  8240352      11.05      98.87  1
        2017082803  8653731      10.75      97.91  1
        2017082806  8797063      10.55      97.26  1
        2017082809  9040140      10.71      96.42  1
        2017082812  8854455      10.72      96.07  1
        2017082815  8764952      10.85      95.50  1
        2017082818  8666889      11.02      94.82  1
        2017082821  8487923      11.11      94.04  1
        2017082900  8150400      11.22      93.48  1
        2017082903  7773469      11.29      92.85  1
        2017082906  7232379      11.25      92.12  1
        2017082909  6970730      11.26      91.51  1
        2017082912  6478293      11.20      90.57  1
        2017082915  6149583      10.97      89.49  1
        2017082918  5668081      10.76      88.26  1
        2017082921  1499053      -3.53      90.65  1
        2017083000  1332524      -3.86      90.16  1
        2017083003  1288415      -4.18      89.09  1
        2017083006  1076413      -4.55      87.89  1
        2017083009   772766      -4.97      86.08  1
        2017083012   467080      -5.18      83.10  1
        2017083015   448525      -5.25      81.49  1
        2017083018   476885      -5.36      81.22  1
        2017083021   465214      -5.53      81.23  1
        2017083100   375908      -5.73      81.42  1
        2017083103   360417      -5.92      81.71  1
        2017090100   454763      -6.10      82.16  1
        2017090103   621714      -5.80      81.83  1
        2017090106   848852      -5.40      81.42  1
        2017090109  1102371      -4.95      80.75  1
        2017090112  1313634      -4.56      80.22  1
        2017090115  1689506      -3.83      78.90  1
        2017090118  1903573      -3.32      78.05  1
        2017090121  2140551      -2.89      77.54  1
        2017090200  2156983      -2.66      77.50  1
        2017090203  2205716      -2.42      77.55  1
        2017090206  2170158      -1.94      77.34  1
        2017090209  2184221      -1.70      77.46  1
        2017090212  2158289      -1.44      77.71  1
        2017090215  2158494      -1.20      77.97  1
        2017090218  2116441      -0.85      78.02  1
        2017090221  2134366      -0.59      78.30  1
        2017090300  2207642      -0.43      78.59  1
        2017090303  2343922      -0.45      79.28  1
        2017090306  2532749      -0.42      79.81  1
        2017090309  2782328      -0.44      80.62  1
        2017090312  3041262      -0.43      81.34  1
        2017090315  3248480      -0.46      81.89  1
        2017090318  3428549      -0.50      82.28  1
        2017090321  3572614      -0.49      82.55  1
        2017090400  3612096      -0.50      82.75  1
        2017090403  3649809      -0.57      83.04  1
        2017090406  3689091      -0.65      83.16  1
        2017090409  3753046      -0.72      83.40  1
        2017090412  3740921      -0.78      83.88  1
        2017090415  3763360      -0.85      84.34  1
        2017090418  3717327      -0.92      84.98  1
        2017090421  3827359      -0.92      85.46  1
        2017090500  3855191      -0.86      86.13  1
        2017090503  3950716      -0.83      86.57  1
        2017090506  4031643      -0.80      86.88  1
        2017090509  4135504      -0.75      87.27  1
        2017090512  4278118      -0.62      87.37  1
        2017090515  4446167      -0.52      87.21  1
        2017090518  4632599      -0.48      86.87  1
        2017090521  4922960      -0.36      86.36  1
        2017090600  5060864      -0.25      86.14  1
        2017090603  5186488      -0.15      85.83  1
        2017090606  5305851      -0.03      85.36  1
        2017090609  5375103       0.10      85.12  1
        2017090612  5438981       0.22      84.85  1
        2017090615  5534189       0.32      84.57  1
        2017090618  5758310       0.41      84.36  1
        2017090621  5957696       0.56      84.15  1
        2017090700  6081428       0.67      84.16  1
        2017090703  6227329       0.75      84.05  1
        2017090706  6376031       0.84      84.03  1
        2017090709  6481604       1.06      83.98  1
        2017090712  6459711       1.24      83.98  1
        2017090715  6508760       1.33      83.86  1
        2017090718  6563190       1.42      83.70  1
        2017090721  6712920       1.46      83.63  1
        2017090800  6709553       1.47      83.67  1
        2017090803  6710711       1.46      83.59  1
        2017090806  6658405       1.45      83.51  1
        2017090809  6737069       1.40      83.66  1
        2017090812  6680900       1.34      83.76  1
        2017090815  6655128       1.25      83.90  1
        2017090818  6626880       1.13      84.18  1
        2017090821  6551436       1.03      84.62  1
        2017090900  6313017       0.87      85.12  1
        2017090903  6141437       0.66      85.31  1
        2017090906  5930736       0.36      85.59  1
        2017090909  4500150      -1.76      89.20  1
        2017090912  4378287      -2.08      89.30  1
        2017090915  4290864      -2.40      89.33  1
        2017090918  4162271      -2.66      89.42  1
        2017090921  4020447      -2.96      89.56  1
        2017091000  3875699      -3.21      89.74  1
        2017091003  3682489      -3.49      89.86  1
        2017091006  3496287      -3.71      89.97  1
        2017091009  3319714      -3.78      90.30  1
        2017091012  3216043      -3.81      90.67  1
        2017091015  3162125      -3.81      91.07  1
        2017091018  3143660      -3.71      91.61  1
        2017091021  3278640      -3.25      92.71  1
        2017091100  3352499      -2.75      93.84  1
        2017091103  3329152      -2.39      94.52  1
        2017091106  3197876      -2.18      94.91  1
        2017091109  3141224      -2.03      95.24  1
        2017091112  2788406      -1.98      95.58  1
        2017091115  1130315       3.86     104.13  1
        2017091118   819037       4.78     106.54  1
        2017091121   605564       5.11     107.46  1
        2017091200   502343       5.29     108.72  1
        2017091203   433772       5.46     110.27  1
        2017091206  4218744      11.84     128.59  1
        2017091209  4571512      11.73     128.15  1
        2017091212  5220069      11.81     129.97  1
        2017091215  5506292      11.80     129.87  1
        2017091218  5833551      11.79     129.08  1
        2017091221  5486501      11.72     126.52  1
        2017091300  5583698      11.78     126.09  1
        2017091303  5710468      12.05     125.83  1
        2017091306  5662344      12.22     125.20  1
        2017091309  5738583      12.44     124.99  1
        2017091312  5791145      12.76     125.11  1
        2017091315  5780901      13.14     125.07  1
        2017091318  5907946      13.33     124.89  1
        2017091321  5974531      13.43     124.64  1
        2017091400  5930615      13.69     124.39  1
        2017091403  5923704      13.97     124.06  1
        2017091406  5875119      14.15     123.75  1
        2017091409  5877477      14.36     123.41  1
        2017091412  5858234      14.59     123.32  1
        2017091415  5759045      14.75     123.08  1
        2017091418  5872712      15.00     122.99  1
        2017091421  5684682      15.43     122.63  1
        2017091500  5614606      15.79     122.45  1
        2017091503  5260320      16.32     122.07  1
        2017091506  3970803      18.60     120.20  1
        2017091509  1900946      14.40     112.85  1
        2017091512  1708821      14.73     111.79  1
        2017091515  1551167      14.98     110.76  1
        2017091518  1467024      15.08     109.62  1
        2017091521  2346587      11.96     103.83  1
        2017091600  2701886      11.53     102.42  1
        2017091603  3052759      11.34     101.08  1
        2017091606  3609118      11.18      99.34  1
        2017091609  3904426      11.23      98.48  1
        2017091612  4009425      11.23      97.80  1
        2017091615  4152332      11.37      97.29  1
        2017091618  4332148      11.53      96.62  1
        2017091621  4538641      11.80      95.86  1
        2017091700  4551303      11.93      95.34  1
        2017091703  4585467      12.14      94.77  1
        2017091706  4634958      12.30      94.23  1
        2017091709  4777862      12.55      93.86  1
        2017091712  4774150      12.70      93.48  1
        2017091715  4782690      12.92      93.13  1
        2017091718  4786959      13.22      92.72  1
        2017091721  4745738      13.47      92.34  1
        2017091800  4723256      13.66      92.09  1
        2017091803  4620945      13.97      91.72  1
        2017091806  4501870      14.27      91.42  1
        2017091809  4364832      14.62      91.23  1
        2017091812  4286975      14.76      91.05  1
        2017091815  4221251      14.93      90.90  1
        2017091818  4148749      15.18      90.82  1
        2017091821  4014860      15.47      90.78  1
        2017091900  3891917      15.78      90.81  1
        2017091903  3761726      16.06      90.80  1
        2017091906  3571102      16.40      90.78  1
        2017091909  3267387      17.06      90.83  1
        2017091912  3045074      17.41      90.73  1
        2017091915  2835107      17.79      90.75  1
        2017091918  2596536      18.08      90.72  1
        2017091921  2335799      18.39      90.76  1
        2017092000  2024341      18.73      90.82  1
        2017092003  1789938      19.03      90.84  1
        2017092006  1444088      19.26      90.92  1
        2017092009  1233884      19.63      91.01  1
        2017092012   952693      19.76      91.04  1
        2017092015   682708      19.88      91.16  1
        2017092018   387883      19.90      91.22  1
LPT    11.0200
        2017081306   585171       2.40     104.91  1
        2017081309  1079013       2.44     104.18  1
        2017081312  1268061       2.39     103.36  1
        2017081315  1539724       2.25     102.06  1
        2017081318  1918540       2.09     101.41  1
        2017081321  2230015       2.05     100.76  1
        2017081400  2424249       1.99     100.04  1
        2017081403  2570519       1.99      99.17  1
        2017081406  2843185       1.99      98.77  1
        2017081409  3292691       2.13      98.87  1
        2017081412  3531260       2.24      99.06  1
        2017081415  3844976       2.40      99.29  1
        2017081418  4199583       2.49      99.70  1
        2017081421  4482786       2.62      99.79  1
        2017081500  5389961       2.69     103.89  1
        2017081503  5904419       2.82     105.23  1
        2017081506  6279071       2.94     105.90  1
        2017081509  6563620       3.11     106.27  1
        2017081512  6756366       3.26     107.03  1
        2017081515  7034533       3.43     107.64  1
        2017081518  7478950       3.83     108.04  1
        2017081521  7856901       4.24     107.95  1
        2017081600  8563108       5.60     107.59  1
        2017081603  8952632       6.10     107.47  1
        2017081606  9178578       6.48     107.30  1
        2017081609  9379619       6.95     107.09  1
        2017081612  9433546       7.13     107.19  1
        2017081615  9635623       7.25     107.15  1
        2017081618  9722039       7.28     107.19  1
        2017081621  9815290       7.58     106.78  1
        2017081700  9811009       7.72     106.75  1
        2017081703  9745613       7.92     106.64  1
        2017081706  9603362       8.04     106.70  1
        2017081709  9441632       8.40     106.69  1
        2017081712  9136314       8.66     106.77  1
        2017081715  8935421       8.93     106.50  1
        2017081718  8627749       9.32     105.89  1
        2017081721  8214483       9.75     105.09  1
        2017081800  7916778      10.06     104.81  1
        2017081803  7680078      10.28     104.35  1
        2017081806  7380669      10.40     104.07  1
        2017081809  7265804      10.55     103.87  1
        2017081812  7131140      10.55     103.90  1
        2017081815  7073567      10.60     103.77  1
        2017081818  6989093      10.52     103.74  1
        2017081821  6792343      10.60     103.40  1
        2017081900  6710327      10.49     103.43  1
        2017081903  6585731      10.53     103.16  1
        2017081906  6384654      10.47     103.17  1
        2017081909  6111784      10.63     102.91  1
        2017081912  5698715      10.61     102.95  1
        2017081915  1988843       4.58     119.80  1
        2017081918  1766187       4.49     120.68  1
        2017081921  1542650       4.46     121.32  1
        2017082000  1386333       4.64     121.82  1
        2017082003  3310888       9.49     134.40  1
        2017082006  3461349      10.09     134.44  1
        2017082009  3507326      10.65     134.61  1
        2017082012  3595223      11.13     134.73  1
        2017082015  3685076      11.43     134.07  1
        2017082018  3754231      11.82     133.72  1
        2017082021  3648093      12.16     133.48  1
        2017082100  3606746      12.35     133.08  1
        2017082103  3573313      12.56     132.28  1
        2017082106  3538736      12.81     131.56  1
        2017082109  3519555      13.03     130.96  1
        2017082112  3515492      13.29     130.45  1
        2017082115  3477694      13.49     129.82  1
        2017082118  3597039      13.78     129.14  1
        2017082121  3572198      14.06     128.85  1
        2017082200  3653841      14.27     128.55  1
        2017082203  3667404      14.53     128.11  1
        2017082206  3852986      14.60     128.06  1
        2017082209  3860253      14.82     127.90  1
        2017082212  3917310      14.95     127.67  1
        2017082215  3916263      15.09     127.21  1
        2017082218  3971554      15.14     126.95  1
        2017082221  3955364      15.29     126.40  1
        2017082300  3965923      15.36     125.93  1
        2017082303  3948354      15.46     125.32  1
        2017082306  3931405      15.50     124.72  1
        2017082309  3968769      15.44     124.19  1
        2017082312  4019782      15.37     123.80  1
        2017082315  4005497      15.33     123.38  1
        2017082318  3982229      15.46     122.88  1
        2017082321  3970637      15.43     122.52  1
        2017082400  4121626      15.39     122.13  1
        2017082403  4210299      15.37     121.71  1
        2017082406  4278452      15.46     121.11  1
        2017082409  4351067      15.53     120.61  1
        2017082412  4383905      15.51     120.19  1
        2017082415  4325506      15.55     119.73  1
        2017082418  4230931      15.57     119.47  1
        2017082421  4151314      15.65     118.77  1
        2017082500  4181348      15.71     118.21  1
        2017082503  4189891      15.82     117.55  1
        2017082506  4204729      15.93     116.91  1
        2017082509  4294792      16.18     116.00  1
        2017082512  4322942      16.27     115.46  1
        2017082515  4419980      16.44     114.82  1
        2017082518  4636564      16.56     113.62  1
        2017082521  4822883      16.55     112.32  1
        2017082600  4966598      16.51     111.34  1
        2017082603  5214374      16.50     110.36  1
        2017082606  5423358      16.43     109.30  1
        2017082609  5630626      16.49     108.53  1
        2017082612  5608309      16.41     108.35  1
        2017082615  5555520      16.26     108.08  1
        2017082618  5793040      15.88     107.59  1
        2017082621  5809816      15.49     107.06  1
        2017082700  5848189      15.31     106.78  1
        2017082703  5876946      15.18     106.24  1
        2017082706  6046671      15.00     105.52  1
        2017082709  6205043      15.00     104.90  1
        2017082712  6177690      14.91     104.75  1
        2017082715  6134271      14.83     104.37  1
        2017082718  6060807      14.77     104.21  1
        2017082721  6361352      14.77     103.33  1
        2017082800  8240352      11.05      98.87  1
        2017082803  8653731      10.75      97.91  1
        2017082806  8797063      10.55      97.26  1
        2017082809  9040140      10.71      96.42  1
        2017082812  8854455      10.72      96.07  1
        2017082815  8764952      10.85      95.50  1
        2017082818  8666889      11.02      94.82  1
        2017082821  8487923      11.11      94.04  1
        2017082900  8150400      11.22      93.48  1
        2017082903  7773469      11.29      92.85  1
        2017082906  7232379      11.25      92.12  1
        2017082909  6970730      11.26      91.51  1
        2017082912  6478293      11.20      90.57  1
        2017082915  6149583      10.97      89.49  1
        2017082918  5668081      10.76      88.26  1
        2017082921  1499053      -3.53      90.65  1
        2017083000  1332524      -3.86      90.16  1
        2017083003  1288415      -4.18      89.09  1
        2017083006  1076413      -4.55      87.89  1
        2017083009   772766      -4.97      86.08  1
        2017083012   467080      -5.18      83.10  1
        2017083015   448525      -5.25      81.49  1
        2017083018   476885      -5.36      81.22  1
        2017083021   465214      -5.53      81.23  1
        2017083100   375908      -5.73      81.42  1
        2017083103   360417      -5.92      81.71  1
        2017090100   454763      -6.10      82.16  1
        2017090103   621714      -5.80      81.83  1
        2017090106   848852      -5.40      81.42  1
        2017090109  1102371      -4.95      80.75  1
        2017090112  1313634      -4.56      80.22  1
        2017090115  1689506      -3.83      78.90  1
        2017090118  1903573      -3.32      78.05  1
        2017090121  2140551      -2.89      77.54  1
        2017090200  2156983      -2.66      77.50  1
        2017090203  2205716      -2.42      77.55  1
        2017090206  2170158      -1.94      77.34  1
        2017090209  2184221      -1.70      77.46  1
        2017090212  2158289      -1.44      77.71  1
        2017090215  2158494      -1.20      77.97  1
        2017090218  2116441      -0.85      78.02  1
        2017090221  2134366      -0.59      78.30  1
        2017090300  2207642      -0.43      78.59  1
        2017090303  2343922      -0.45      79.28  1
        2017090306  2532749      -0.42      79.81  1
        2017090309  2782328      -0.44      80.62  1
        2017090312  3041262      -0.43      81.34  1
        2017090315  3248480      -0.46      81.89  1
        2017090318  3428549      -0.50      82.28  1
        2017090321  3572614      -0.49      82.55  1
        2017090400  3612096      -0.50      82.75  1
        2017090403  3649809      -0.57      83.04  1
        2017090406  3689091      -0.65      83.16  1
        2017090409  3753046      -0.72      83.40  1
        2017090412  3740921      -0.78      83.88  1
        2017090415  3763360      -0.85      84.34  1
        2017090418  3717327      -0.92      84.98  1
        2017090421  3827359      -0.92      85.46  1
        2017090500  3855191      -0.86      86.13  1
        2017090503  3950716      -0.83      86.57  1
        2017090506  4031643      -0.80      86.88  1
        2017090509  4135504      -0.75      87.27  1
        2017090512  4278118      -0.62      87.37  1
        2017090515  4446167      -0.52      87.21  1
        2017090518  4632599      -0.48      86.87  1
        2017090521  4922960      -0.36      86.36  1
        2017090600  5060864      -0.25      86.14  1
        2017090603  5186488      -0.15      85.83  1
        2017090606  5305851      -0.03      85.36  1
        2017090609  5375103       0.10      85.12  1
        2017090612  5438981       0.22      84.85  1
        2017090615  5534189       0.32      84.57  1
        2017090618  5758310       0.41      84.36  1
        2017090621  5957696       0.56      84.15  1
        2017090700  6081428       0.67      84.16  1
        2017090703  6227329       0.75      84.05  1
        2017090706  6376031       0.84      84.03  1
        2017090709  6481604       1.06      83.98  1
        2017090712  6459711       1.24      83.98  1
        2017090715  6508760       1.33      83.86  1
        2017090718  6563190       1.42      83.70  1
        2017090721  6712920       1.46      83.63  1
        2017090800  6709553       1.47      83.67  1
        2017090803  6710711       1.46      83.59  1
        2017090806  6658405       1.45      83.51  1
        2017090809  6737069       1.40      83.66  1
        2017090812  6680900       1.34      83.76  1
        2017090815  6655128       1.25      83.90  1
        2017090818  6626880       1.13      84.18  1
        2017090821  6551436       1.03      84.62  1
        2017090900  6313017       0.87      85.12  1
        2017090903  6141437       0.66      85.31  1
        2017090906  5930736       0.36      85.59  1
        2017090909  4500150      -1.76      89.20  1
        2017090912  4378287      -2.08      89.30  1
        2017090915  4290864      -2.40      89.33  1
        2017090918  4162271      -2.66      89.42  1
        2017090921  4020447      -2.96      89.56  1
        2017091000  3875699      -3.21      89.74  1
        2017091003  3682489      -3.49      89.86  1
        2017091006  3496287      -3.71      89.97  1
        2017091009  3319714      -3.78      90.30  1
        2017091012  3216043      -3.81      90.67  1
        2017091015  3162125      -3.81      91.07  1
        2017091018  3143660      -3.71      91.61  1
        2017091021  3278640      -3.25      92.71  1
        2017091100  3352499      -2.75      93.84  1
        2017091103  3329152      -2.39      94.52  1
        2017091106  3197876      -2.18      94.91  1
        2017091109  3141224      -2.03      95.24  1
        2017091112  2788406      -1.98      95.58  1
        2017091115  1130315       3.86     104.13  1
        2017091118   819037       4.78     106.54  1
        2017091121   605564       5.11     107.46  1
        2017091200   502343       5.29     108.72  1
        2017091203   433772       5.46     110.27  1
        2017091206  4218744      11.84     128.59  1
        2017091209  4571512      11.73     128.15  1
        2017091212  5220069      11.81     129.97  1
        2017091215  5506292      11.80     129.87  1
        2017091218  5833551      11.79     129.08  1
        2017091221  5486501      11.72     126.52  1
        2017091300  5583698      11.78     126.09  1
        2017091303  5710468      12.05     125.83  1
        2017091306  5662344      12.22     125.20  1
        2017091309  5738583      12.44     124.99  1
        2017091312  5791145      12.76     125.11  1
        2017091315  5780901      13.14     125.07  1
        2017091318  5907946      13.33     124.89  1
        2017091321  5974531      13.43     124.64  1
        2017091400  5930615      13.69     124.39  1
        2017091403  5923704      13.97     124.06  1
        2017091406  5875119      14.15     123.75  1
        2017091409  5877477      14.36     123.41  1
        2017091412  5858234      14.59     123.32  1
        2017091415  5759045      14.75     123.08  1
        2017091418  5872712      15.00     122.99  1
        2017091421  5684682      15.43     122.63  1
        2017091500  5614606      15.79     122.45  1
        2017091503  5260320      16.32     122.07  1
        2017091506  3970803      18.60     120.20  1
        2017091509  1624164      25.00     127.00  1
        2017091512  1541851      25.62     127.06  1
        2017091515  1456055      26.11     127.07  1
        2017091518  1397760      26.59     127.15  1
        2017091521  1319957      27.12     127.30  1
        2017091600  1293222      27.54     127.46  1
        2017091603  1245946      27.97     127.68  1
        2017091606  1188799      28.47     128.01  1
        2017091609  1262652      28.81     128.40  1
        2017091612  1339729      29.23     128.94  1
        2017091615  1465852      29.63     129.42  1
        2017091618  1499212      29.92     129.82  1
        2017091621  1579772      30.31     130.39  1
        2017091700  1653823      30.66     130.92  1
        2017091703  1759019      31.03     131.54  1
        2017091706  1848701      31.44     132.24  1
        2017091709  1975576      31.84     132.90  1
        2017091712  2056625      32.28     133.55  1
        2017091715  2180836      32.87     134.42  1
        2017091718  2272814      33.19     134.89  1
        2017091721  2322794      33.74     135.61  1
        2017091800  2349499      34.29     136.13  1
        2017091803  2351300      34.88     136.73  1
        2017091806  2407774      35.56     137.27  1
        2017091809  2578030      36.89     138.01  1
        2017091812  2670981      37.94     138.60  1
        2017091815  2587009      38.15     138.75  1
        2017091818  2586631      38.42     139.01  1
        2017091821  2550518      38.71     139.33  1
        2017091900  2456582      39.02     139.63  1
        2017091903  2335790      39.34     139.86  1
        2017091906  2224390      39.69     140.08  1
        2017091909  2062541      40.18     140.32  1
        2017091912  1859683      40.81     140.55  1
        2017091915  1655840      41.48     140.72  1
        2017091918  1444018      42.22     140.87  1
        2017091921  1332254      42.68     140.97  1
        2017092000  1219955      43.22     141.05  1
        2017092003  1140332      43.61     141.20  1
        2017092006  1037758      44.06     141.42  1
        2017092009   944033      44.52     141.61  1
        2017092012   826085      45.05     141.84  1
        2017092015   712346      45.56     142.15  1
        2017092018   449454      46.66     142.48  1
        2017092021   274946      47.52     142.62  1
LPT    11.0300
        2017081306   585171       2.40     104.91  1
        2017081309  1079013       2.44     104.18  1
        2017081312  1268061       2.39     103.36  1
        2017081315  1539724       2.25     102.06  1
        2017081318  1918540       2.09     101.41  1
        2017081321  2230015       2.05     100.76  1
        2017081400  2424249       1.99     100.04  1
        2017081403  2570519       1.99      99.17  1
        2017081406  2843185       1.99      98.77  1
        2017081409  3292691       2.13      98.87  1
        2017081412  3531260       2.24      99.06  1
        2017081415  3844976       2.40      99.29  1
        2017081418  4199583       2.49      99.70  1
        2017081421  4482786       2.62      99.79  1
        2017081500  5389961       2.69     103.89  1
        2017081503  5904419       2.82     105.23  1
        2017081506  6279071       2.94     105.90  1
        2017081509  6563620       3.11     106.27  1
        2017081512  6756366       3.26     107.03  1
        2017081515  7034533       3.43     107.64  1
        2017081518  7478950       3.83     108.04  1
        2017081521  7856901       4.24     107.95  1
        2017081600  8563108       5.60     107.59  1
        2017081603  8952632       6.10     107.47  1
        2017081606  9178578       6.48     107.30  1
        2017081609  9379619       6.95     107.09  1
        2017081612  9433546       7.13     107.19  1
        2017081615  9635623       7.25     107.15  1
        2017081618  9722039       7.28     107.19  1
        2017081621  9815290       7.58     106.78  1
        2017081700  9811009       7.72     106.75  1
        2017081703  9745613       7.92     106.64  1
        2017081706  9603362       8.04     106.70  1
        2017081709  9441632       8.40     106.69  1
        2017081712  9136314       8.66     106.77  1
        2017081715  8935421       8.93     106.50  1
        2017081718  8627749       9.32     105.89  1
        2017081721  8214483       9.75     105.09  1
        2017081800  7916778      10.06     104.81  1
        2017081803  7680078      10.28     104.35  1
        2017081806  7380669      10.40     104.07  1
        2017081809  7265804      10.55     103.87  1
        2017081812  7131140      10.55     103.90  1
        2017081815  7073567      10.60     103.77  1
        2017081818  6989093      10.52     103.74  1
        2017081821  6792343      10.60     103.40  1
        2017081900  6710327      10.49     103.43  1
        2017081903  6585731      10.53     103.16  1
        2017081906  6384654      10.47     103.17  1
        2017081909  6111784      10.63     102.91  1
        2017081912  5698715      10.61     102.95  1
        2017081915  1988843       4.58     119.80  1
        2017081918  1766187       4.49     120.68  1
        2017081921  1542650       4.46     121.32  1
        2017082000  1386333       4.64     121.82  1
        2017082003  3310888       9.49     134.40  1
        2017082006  3461349      10.09     134.44  1
        2017082009  3507326      10.65     134.61  1
        2017082012  3595223      11.13     134.73  1
        2017082015  3685076      11.43     134.07  1
        2017082018  3754231      11.82     133.72  1
        2017082021  3648093      12.16     133.48  1
        2017082100  3606746      12.35     133.08  1
        2017082103  3573313      12.56     132.28  1
        2017082106  3538736      12.81     131.56  1
        2017082109  3519555      13.03     130.96  1
        2017082112  3515492      13.29     130.45  1
        2017082115  3477694      13.49     129.82  1
        2017082118  3597039      13.78     129.14  1
        2017082121  3572198      14.06     128.85  1
        2017082200  3653841      14.27     128.55  1
        2017082203  3667404      14.53     128.11  1
        2017082206  3852986      14.60     128.06  1
        2017082209  3860253      14.82     127.90  1
        2017082212  3917310      14.95     127.67  1
        2017082215  3916263      15.09     127.21  1
        2017082218  3971554      15.14     126.95  1
        2017082221  3955364      15.29     126.40  1
        2017082300  3965923      15.36     125.93  1
        2017082303  3948354      15.46     125.32  1
        2017082306  3931405      15.50     124.72  1
        2017082309  3968769      15.44     124.19  1
        2017082312  4019782      15.37     123.80  1
        2017082315  4005497      15.33     123.38  1
        2017082318  3982229      15.46     122.88  1
        2017082321  3970637      15.43     122.52  1
        2017082400  4121626      15.39     122.13  1
        2017082403  4210299      15.37     121.71  1
        2017082406  4278452      15.46     121.11  1
        2017082409  4351067      15.53     120.61  1
        2017082412  4383905      15.51     120.19  1
        2017082415  4325506      15.55     119.73  1
        2017082418  4230931      15.57     119.47  1
        2017082421  4151314      15.65     118.77  1
        2017082500  4181348      15.71     118.21  1
        2017082503  4189891      15.82     117.55  1
        2017082506  4204729      15.93     116.91  1
        2017082509  4294792      16.18     116.00  1
        2017082512  4322942      16.27     115.46  1
        2017082515  4419980      16.44     114.82  1
        2017082518  4636564      16.56     113.62  1
        2017082521  4822883      16.55     112.32  1
        2017082600  4966598      16.51     111.34  1
        2017082603  5214374      16.50     110.36  1
        2017082606  5423358      16.43     109.30  1
        2017082609  5630626      16.49     108.53  1
        2017082612  5608309      16.41     108.35  1
        2017082615  5555520      16.26     108.08  1
        2017082618  5793040      15.88     107.59  1
        2017082621  5809816      15.49     107.06  1
        2017082700  5848189      15.31     106.78  1
        2017082703  5876946      15.18     106.24  1
        2017082706  6046671      15.00     105.52  1
        2017082709  6205043      15.00     104.90  1
        2017082712  6177690      14.91     104.75  1
        2017082715  6134271      14.83     104.37  1
        2017082718  6060807      14.77     104.21  1
        2017082721  6361352      14.77     103.33  1
        2017082800  8240352      11.05      98.87  1
        2017082803  8653731      10.75      97.91  1
        2017082806  8797063      10.55      97.26  1
        2017082809  9040140      10.71      96.42  1
        2017082812  8854455      10.72      96.07  1
        2017082815  8764952      10.85      95.50  1
        2017082818  8666889      11.02      94.82  1
        2017082821  8487923      11.11      94.04  1
        2017082900  8150400      11.22      93.48  1
        2017082903  7773469      11.29      92.85  1
        2017082906  7232379      11.25      92.12  1
        2017082909  6970730      11.26      91.51  1
        2017082912  6478293      11.20      90.57  1
        2017082915  6149583      10.97      89.49  1
        2017082918  5668081      10.76      88.26  1
        2017082921  1499053      -3.53      90.65  1
        2017083000  1332524      -3.86      90.16  1
        2017083003  1288415      -4.18      89.09  1
        2017083006  1076413      -4.55      87.89  1
        2017083009   772766      -4.97      86.08  1
        2017083012   467080      -5.18      83.10  1
        2017083015   448525      -5.25      81.49  1
        2017083018   476885      -5.36      81.22  1
        2017083021   465214      -5.53      81.23  1
        2017083100   375908      -5.73      81.42  1
        2017083103   360417      -5.92      81.71  1
        2017090100   454763      -6.10      82.16  1
        2017090103   621714      -5.80      81.83  1
        2017090106   848852      -5.40      81.42  1
        2017090109  1102371      -4.95      80.75  1
        2017090112  1313634      -4.56      80.22  1
        2017090115  1689506      -3.83      78.90  1
        2017090118  1903573      -3.32      78.05  1
        2017090121  2140551      -2.89      77.54  1
        2017090200  2156983      -2.66      77.50  1
        2017090203  2205716      -2.42      77.55  1
        2017090206  2170158      -1.94      77.34  1
        2017090209  2184221      -1.70      77.46  1
        2017090212  2158289      -1.44      77.71  1
        2017090215  2158494      -1.20      77.97  1
        2017090218  2116441      -0.85      78.02  1
        2017090221  2134366      -0.59      78.30  1
        2017090300  2207642      -0.43      78.59  1
        2017090303  2343922      -0.45      79.28  1
        2017090306  2532749      -0.42      79.81  1
        2017090309  2782328      -0.44      80.62  1
        2017090312  3041262      -0.43      81.34  1
        2017090315  3248480      -0.46      81.89  1
        2017090318  3428549      -0.50      82.28  1
        2017090321  3572614      -0.49      82.55  1
        2017090400  3612096      -0.50      82.75  1
        2017090403  3649809      -0.57      83.04  1
        2017090406  3689091      -0.65      83.16  1
        2017090409  3753046      -0.72      83.40  1
        2017090412  3740921      -0.78      83.88  1
        2017090415  3763360      -0.85      84.34  1
        2017090418  3717327      -0.92      84.98  1
        2017090421  3827359      -0.92      85.46  1
        2017090500  3855191      -0.86      86.13  1
        2017090503  3950716      -0.83      86.57  1
        2017090506  4031643      -0.80      86.88  1
        2017090509  4135504      -0.75      87.27  1
        2017090512  4278118      -0.62      87.37  1
        2017090515  4446167      -0.52      87.21  1
        2017090518  4632599      -0.48      86.87  1
        2017090521  4922960      -0.36      86.36  1
        2017090600  5060864      -0.25      86.14  1
        2017090603  5186488      -0.15      85.83  1
        2017090606  5305851      -0.03      85.36  1
        2017090609  5375103       0.10      85.12  1
        2017090612  5438981       0.22      84.85  1
        2017090615  5534189       0.32      84.57  1
        2017090618  5758310       0.41      84.36  1
        2017090621  5957696       0.56      84.15  1
        2017090700  6081428       0.67      84.16  1
        2017090703  6227329       0.75      84.05  1
        2017090706  6376031       0.84      84.03  1
        2017090709  6481604       1.06      83.98  1
        2017090712  6459711       1.24      83.98  1
        2017090715  6508760       1.33      83.86  1
        2017090718  6563190       1.42      83.70  1
        2017090721  6712920       1.46      83.63  1
        2017090800  6709553       1.47      83.67  1
        2017090803  6710711       1.46      83.59  1
        2017090806  6658405       1.45      83.51  1
        2017090809  6737069       1.40      83.66  1
        2017090812  6680900       1.34      83.76  1
        2017090815  6655128       1.25      83.90  1
        2017090818  6626880       1.13      84.18  1
        2017090821  6551436       1.03      84.62  1
        2017090900  6313017       0.87      85.12  1
        2017090903  6141437       0.66      85.31  1
        2017090906  5930736       0.36      85.59  1
        2017090909  4500150      -1.76      89.20  1
        2017090912  4378287      -2.08      89.30  1
        2017090915  4290864      -2.40      89.33  1
        2017090918  4162271      -2.66      89.42  1
        2017090921  4020447      -2.96      89.56  1
        2017091000  3875699      -3.21      89.74  1
        2017091003  3682489      -3.49      89.86  1
        2017091006  3496287      -3.71      89.97  1
        2017091009  3319714      -3.78      90.30  1
        2017091012  3216043      -3.81      90.67  1
        2017091015  3162125      -3.81      91.07  1
        2017091018  3143660      -3.71      91.61  1
        2017091021  3278640      -3.25      92.71  1
        2017091100  3352499      -2.75      93.84  1
        2017091103  3329152      -2.39      94.52  1
        2017091106  3197876      -2.18      94.91  1
        2017091109  3141224      -2.03      95.24  1
        2017091112  2788406      -1.98      95.58  1
        2017091115  1130315       3.86     104.13  1
        2017091118   819037       4.78     106.54  1
        2017091121   605564       5.11     107.46  1
        2017091200   502343       5.29     108.72  1
        2017091203   433772       5.46     110.27  1
        2017091206  4218744      11.84     128.59  1
        2017091209  4571512      11.73     128.15  1
        2017091212  5220069      11.81     129.97  1
        2017091215  5506292      11.80     129.87  1
        2017091218  5833551      11.79     129.08  1
        2017091221   434985      12.16     151.35  1
        2017091300   382053      12.20     151.63  1
        2017091303   634700      10.16     150.73  1
        2017091306   772544       8.61     150.43  1
        2017091309   844174       8.49     150.36  1
        2017091312  1048201       8.81     150.34  1
        2017091315  1490939       8.33     150.24  1
        2017091318  1630295       8.31     150.17  1
        2017091321  1665714       8.43     150.10  1
        2017091400  1742150       8.21     149.88  1
        2017091403  1949753       7.80     149.75  1
        2017091406  1950482       7.14     149.39  1
        2017091409  2051424       6.76     149.22  1
        2017091412  2286767       6.59     149.14  1
        2017091415  2416307       6.19     149.23  1
        2017091418  2563253       5.70     149.18  1
        2017091421  2491644       5.24     149.54  1
        2017091500  2481074       5.04     149.78  1
        2017091503  2466684       4.41     150.22  1
        2017091506  2324869       3.51     150.53  1
        2017091509  2560655       3.08     151.13  1
        2017091512  2946589       2.77     151.54  1
        2017091515  3133588       2.42     152.01  1
        2017091518  3415392       2.42     151.97  1
        2017091521  3623497       2.35     151.69  1
        2017091600  3774465       2.26     151.24  1
        2017091603  3908014       2.13     151.16  1
        2017091606  3982161       2.23     150.85  1
        2017091609  4112333       2.25     150.49  1
        2017091612  4229560       2.16     150.10  1
        2017091615  4227571       1.81     149.72  1
        2017091618  4016251       1.32     148.83  1
        2017091621  3690595       0.57     148.06  1
        2017091700  3224130      -0.27     147.40  1
        2017091703  2907852      -0.73     147.11  1
        2017091706  2502737      -1.14     146.64  1
        2017091709  2143008      -1.33     146.46  1
        2017091712  1935786      -1.39     146.27  1
        2017091715  1588068      -1.71     146.84  1
        2017091718  1557914      -1.77     147.26  1
        2017091721  1368917      -1.93     147.97  1
        2017091800  1322682      -1.86     148.45  1
        2017091803  1343486      -1.78     148.78  1
        2017091806  1468490      -1.21     148.64  1
        2017091809  1550914      -0.76     148.46  1
        2017091812  1703977      -0.09     148.10  1
        2017091815  1759817       0.34     147.62  1
        2017091818  2038752       1.20     146.89  1
        2017091821  1947861       1.47     146.12  1
        2017091900  1958595       1.97     144.85  1
        2017091903  2337106       2.62     142.43  1
        2017091906  2784122       3.16     140.28  1
        2017091909  2979903       3.35     138.95  1
        2017091912  3238546       3.50     137.86  1
        2017091915  3489383       3.60     136.85  1
        2017091918  3746021       3.85     136.02  1
        2017091921  3753759       4.08     135.28  1
        2017092000  3734506       4.30     134.49  1
        2017092003  3708676       4.44     134.02  1
        2017092006  3707917       4.59     133.71  1
        2017092009  3648297       4.70     133.35  1
        2017092012  3632369       4.78     133.08  1
        2017092015  3581708       4.89     132.94  1
        2017092018  5507300       4.14     122.52  1
        2017092021  5905057       4.36     121.12  1
        2017092100  5969790       4.58     120.86  1
        2017092103  5998687       4.77     120.45  1
        2017092106  6231310       4.96     119.53  1
        2017092109  6363759       5.15     118.84  1
        2017092112  6348645       5.36     118.59  1
        2017092115  6409528       5.60     118.20  1
        2017092118  6460952       5.88     117.71  1
        2017092121  6408364       6.12     116.99  1
        2017092200  6272682       6.48     116.62  1
        2017092203  6106239       6.85     116.07  1
        2017092206  5873172       7.17     115.67  1
        2017092209  5848827       7.44     115.08  1
        2017092212  5862290       7.67     114.69  1
        2017092215  5824307       7.92     114.30  1
        2017092218  5824924       8.02     113.99  1
        2017092221  5855194       8.14     113.54  1
        2017092300  5900245       8.23     113.30  1
        2017092303  5865000       8.35     113.12  1
        2017092306  5903919       8.41     113.14  1
        2017092309  6065095       8.46     113.04  1
        2017092312  6229962       8.33     113.71  1
        2017092315  6450373       8.20     114.54  1
        2017092318  6452238       8.13     114.68  1
        2017092321  6382044       8.13     114.58  1
        2017092400  6284297       8.15     114.59  1
        2017092403  6178127       8.16     114.65  1
        2017092406  6138781       8.01     115.29  1
        2017092409  5939496       7.96     116.17  1
        2017092412  5918751       7.82     117.20  1
        2017092415  5946209       7.71     117.95  1
        2017092418  5893513       7.58     119.04  1
        2017092421  5845596       7.46     119.92  1
        2017092500  5782554       7.43     120.27  1
        2017092503  5724179       7.29     120.86  1
        2017092506  5603196       7.12     121.76  1
        2017092509  5685176       7.13     121.73  1
        2017092512  5250465       6.86     122.80  1
        2017092515  4041565       5.57     129.77  1
        2017092518  3640135       5.07     131.28  1
        2017092521  3147861       4.44     133.25  1
        2017092600  3106355       4.56     133.54  1
        2017092603  3087006       4.70     133.75  1
        2017092606  3118069       4.74     133.57  1
        2017092609  3135899       4.88     133.65  1
        2017092612  3185861       5.04     133.89  1
        2017092615  3198591       5.18     134.25  1
        2017092618  3115113       5.27     134.65  1
        2017092621  3068804       5.37     135.00  1
        2017092700  3007020       5.47     135.45  1
        2017092703  2980545       5.52     135.91  1
        2017092706  2912692       5.57     136.11  1
        2017092709  2770718       5.60     136.38  1
        2017092712  2700806       5.64     136.60  1
        2017092715  2642984       5.61     136.86  1
        2017092718  2646407       5.59     137.25  1
        2017092721  2610346       5.50     137.77  1
        2017092800  2603845       5.26     138.51  1
        2017092803  2678184       4.86     139.21  1
        2017092806  2691357       4.55     139.76  1
        2017092809  2775231       4.16     140.23  1
        2017092812  2917399       3.77     140.44  1
        2017092815  3045157       3.33     140.54  1
        2017092818  2997407       3.07     140.38  1
        2017092821  2954315       2.82     140.13  1
        2017092900  2847494       2.56     139.84  1
        2017092903  2659214       2.27     139.41  1
        2017092906  2330006       1.91     139.16  1
        2017092909  1919593       1.34     139.57  1
        2017092912  1616357       0.81     140.09  1
        2017092915  1048332      -0.52     141.87  1
        2017092918   682312      -2.13     144.48  1
        2017092921   519326      -2.70     145.79  1
        2017093000   397392      -2.85     146.31  1
        2017093003   370350      -2.98     146.95  1
LPT    11.0400
        2017081306   585171       2.40     104.91  1
        2017081309  1079013       2.44     104.18  1
        2017081312  1268061       2.39     103.36  1
        2017081315  1539724       2.25     102.06  1
        2017081318  1918540       2.09     101.41  1
        2017081321  2230015       2.05     100.76  1
        2017081400  2424249       1.99     100.04  1
        2017081403  2570519       1.99      99.17  1
        2017081406  2843185       1.99      98.77  1
        2017081409  3292691       2.13      98.87  1
        2017081412  3531260       2.24      99.06  1
        2017081415  3844976       2.40      99.29  1
        2017081418  4199583       2.49      99.70  1
        2017081421  4482786       2.62      99.79  1
        2017081500  5389961       2.69     103.89  1
        2017081503  5904419       2.82     105.23  1
        2017081506  6279071       2.94     105.90  1
        2017081509  6563620       3.11     106.27  1
        2017081512  6756366       3.26     107.03  1
        2017081515  7034533       3.43     107.64  1
        2017081518  7478950       3.83     108.04  1
        2017081521  7856901       4.24     107.95  1
        2017081600  8563108       5.60     107.59  1
        2017081603  8952632       6.10     107.47  1
        2017081606  9178578       6.48     107.30  1
        2017081609  9379619       6.95     107.09  1
        2017081612  9433546       7.13     107.19  1
        2017081615  9635623       7.25     107.15  1
        2017081618  9722039       7.28     107.19  1
        2017081621  9815290       7.58     106.78  1
        2017081700  9811009       7.72     106.75  1
        2017081703  9745613       7.92     106.64  1
        2017081706  9603362       8.04     106.70  1
        2017081709  9441632       8.40     106.69  1
        2017081712  9136314       8.66     106.77  1
        2017081715  8935421       8.93     106.50  1
        2017081718  8627749       9.32     105.89  1
        2017081721  8214483       9.75     105.09  1
        2017081800  7916778      10.06     104.81  1
        2017081803  7680078      10.28     104.35  1
        2017081806  7380669      10.40     104.07  1
        2017081809  7265804      10.55     103.87  1
        2017081812  7131140      10.55     103.90  1
        2017081815  7073567      10.60     103.77  1
        2017081818  6989093      10.52     103.74  1
        2017081821  6792343      10.60     103.40  1
        2017081900  6710327      10.49     103.43  1
        2017081903  6585731      10.53     103.16  1
        2017081906  6384654      10.47     103.17  1
        2017081909  6111784      10.63     102.91  1
        2017081912  5698715      10.61     102.95  1
        2017081915  1988843       4.58     119.80  1
        2017081918  1766187       4.49     120.68  1
        2017081921  1542650       4.46     121.32  1
        2017082000  1386333       4.64     121.82  1
        2017082003  3310888       9.49     134.40  1
        2017082006  3461349      10.09     134.44  1
        2017082009  3507326      10.65     134.61  1
        2017082012  3595223      11.13     134.73  1
        2017082015  3685076      11.43     134.07  1
        2017082018  3754231      11.82     133.72  1
        2017082021  3648093      12.16     133.48  1
        2017082100  3606746      12.35     133.08  1
        2017082103  3573313      12.56     132.28  1
        2017082106  3538736      12.81     131.56  1
        2017082109  3519555      13.03     130.96  1
        2017082112  3515492      13.29     130.45  1
        2017082115  3477694      13.49     129.82  1
        2017082118  3597039      13.78     129.14  1
        2017082121  3572198      14.06     128.85  1
        2017082200  3653841      14.27     128.55  1
        2017082203  3667404      14.53     128.11  1
        2017082206  3852986      14.60     128.06  1
        2017082209  3860253      14.82     127.90  1
        2017082212  3917310      14.95     127.67  1
        2017082215  3916263      15.09     127.21  1
        2017082218  3971554      15.14     126.95  1
        2017082221  3955364      15.29     126.40  1
        2017082300  3965923      15.36     125.93  1
        2017082303  3948354      15.46     125.32  1
        2017082306  3931405      15.50     124.72  1
        2017082309  3968769      15.44     124.19  1
        2017082312  4019782      15.37     123.80  1
        2017082315  4005497      15.33     123.38  1
        2017082318  3982229      15.46     122.88  1
        2017082321  3970637      15.43     122.52  1
        2017082400  4121626      15.39     122.13  1
        2017082403  4210299      15.37     121.71  1
        2017082406  4278452      15.46     121.11  1
        2017082409  4351067      15.53     120.61  1
        2017082412  4383905      15.51     120.19  1
        2017082415  4325506      15.55     119.73  1
        2017082418  4230931      15.57     119.47  1
        2017082421  4151314      15.65     118.77  1
        2017082500  4181348      15.71     118.21  1
        2017082503  4189891      15.82     117.55  1
        2017082506  4204729      15.93     116.91  1
        2017082509  4294792      16.18     116.00  1
        2017082512  4322942      16.27     115.46  1
        2017082515  4419980      16.44     114.82  1
        2017082518  4636564      16.56     113.62  1
        2017082521  4822883      16.55     112.32  1
        2017082600  4966598      16.51     111.34  1
        2017082603  5214374      16.50     110.36  1
        2017082606  5423358      16.43     109.30  1
        2017082609  5630626      16.49     108.53  1
        2017082612  5608309      16.41     108.35  1
        2017082615  5555520      16.26     108.08  1
        2017082618  5793040      15.88     107.59  1
        2017082621  5809816      15.49     107.06  1
        2017082700  5848189      15.31     106.78  1
        2017082703  5876946      15.18     106.24  1
        2017082706  6046671      15.00     105.52  1
        2017082709  6205043      15.00     104.90  1
        2017082712  6177690      14.91     104.75  1
        2017082715  6134271      14.83     104.37  1
        2017082718  6060807      14.77     104.21  1
        2017082721  6361352      14.77     103.33  1
        2017082800  8240352      11.05      98.87  1
        2017082803  8653731      10.75      97.91  1
        2017082806  8797063      10.55      97.26  1
        2017082809  9040140      10.71      96.42  1
        2017082812  8854455      10.72      96.07  1
        2017082815  8764952      10.85      95.50  1
        2017082818  8666889      11.02      94.82  1
        2017082821  8487923      11.11      94.04  1
        2017082900  8150400      11.22      93.48  1
        2017082903  7773469      11.29      92.85  1
        2017082906  7232379      11.25      92.12  1
        2017082909  6970730      11.26      91.51  1
        2017082912  6478293      11.20      90.57  1
        2017082915  6149583      10.97      89.49  1
        2017082918  5668081      10.76      88.26  1
        2017082921  1499053      -3.53      90.65  1
        2017083000  1332524      -3.86      90.16  1
        2017083003  1288415      -4.18      89.09  1
        2017083006  1076413      -4.55      87.89  1
        2017083009   772766      -4.97      86.08  1
        2017083012   467080      -5.18      83.10  1
        2017083015   448525      -5.25      81.49  1
        2017083018   476885      -5.36      81.22  1
        2017083021   465214      -5.53      81.23  1
        2017083100   375908      -5.73      81.42  1
        2017083103   360417      -5.92      81.71  1
        2017090100   454763      -6.10      82.16  1
        2017090103   621714      -5.80      81.83  1
        2017090106   848852      -5.40      81.42  1
        2017090109  1102371      -4.95      80.75  1
        2017090112  1313634      -4.56      80.22  1
        2017090115  1689506      -3.83      78.90  1
        2017090118  1903573      -3.32      78.05  1
        2017090121  2140551      -2.89      77.54  1
        2017090200  2156983      -2.66      77.50  1
        2017090203  2205716      -2.42      77.55  1
        2017090206  2170158      -1.94      77.34  1
        2017090209  2184221      -1.70      77.46  1
        2017090212  2158289      -1.44      77.71  1
        2017090215  2158494      -1.20      77.97  1
        2017090218  2116441      -0.85      78.02  1
        2017090221  2134366      -0.59      78.30  1
        2017090300  2207642      -0.43      78.59  1
        2017090303  2343922      -0.45      79.28  1
        2017090306  2532749      -0.42      79.81  1
        2017090309  2782328      -0.44      80.62  1
        2017090312  3041262      -0.43      81.34  1
        2017090315  3248480      -0.46      81.89  1
        2017090318  3428549      -0.50      82.28  1
        2017090321  3572614      -0.49      82.55  1
        2017090400  3612096      -0.50      82.75  1
        2017090403  3649809      -0.57      83.04  1
        2017090406  3689091      -0.65      83.16  1
        2017090409  3753046      -0.72      83.40  1
        2017090412  3740921      -0.78      83.88  1
        2017090415  3763360      -0.85      84.34  1
        2017090418  3717327      -0.92      84.98  1
        2017090421  3827359      -0.92      85.46  1
        2017090500  3855191      -0.86      86.13  1
        2017090503  3950716      -0.83      86.57  1
        2017090506  4031643      -0.80      86.88  1
        2017090509  4135504      -0.75      87.27  1
        2017090512  4278118      -0.62      87.37  1
        2017090515  4446167      -0.52      87.21  1
        2017090518  4632599      -0.48      86.87  1
        2017090521  4922960      -0.36      86.36  1
        2017090600  5060864      -0.25      86.14  1
        2017090603  5186488      -0.15      85.83  1
        2017090606  5305851      -0.03      85.36  1
        2017090609  5375103       0.10      85.12  1
        2017090612  5438981       0.22      84.85  1
        2017090615  5534189       0.32      84.57  1
        2017090618  5758310       0.41      84.36  1
        2017090621  5957696       0.56      84.15  1
        2017090700  6081428       0.67      84.16  1
        2017090703  6227329       0.75      84.05  1
        2017090706  6376031       0.84      84.03  1
        2017090709  6481604       1.06      83.98  1
        2017090712  6459711       1.24      83.98  1
        2017090715  6508760       1.33      83.86  1
        2017090718  6563190       1.42      83.70  1
        2017090721  6712920       1.46      83.63  1
        2017090800  6709553       1.47      83.67  1
        2017090803  6710711       1.46      83.59  1
        2017090806  6658405       1.45      83.51  1
        2017090809  6737069       1.40      83.66  1
        2017090812  6680900       1.34      83.76  1
        2017090815  6655128       1.25      83.90  1
        2017090818  6626880       1.13      84.18  1
        2017090821  6551436       1.03      84.62  1
        2017090900  6313017       0.87      85.12  1
        2017090903  6141437       0.66      85.31  1
        2017090906  5930736       0.36      85.59  1
        2017090909  4500150      -1.76      89.20  1
        2017090912  4378287      -2.08      89.30  1
        2017090915  4290864      -2.40      89.33  1
        2017090918  4162271      -2.66      89.42  1
        2017090921  4020447      -2.96      89.56  1
        2017091000  3875699      -3.21      89.74  1
        2017091003  3682489      -3.49      89.86  1
        2017091006  3496287      -3.71      89.97  1
        2017091009  3319714      -3.78      90.30  1
        2017091012  3216043      -3.81      90.67  1
        2017091015  3162125      -3.81      91.07  1
        2017091018  3143660      -3.71      91.61  1
        2017091021  3278640      -3.25      92.71  1
        2017091100  3352499      -2.75      93.84  1
        2017091103  3329152      -2.39      94.52  1
        2017091106  3197876      -2.18      94.91  1
        2017091109  3141224      -2.03      95.24  1
        2017091112  2788406      -1.98      95.58  1
        2017091115  1130315       3.86     104.13  1
        2017091118   819037       4.78     106.54  1
        2017091121   605564       5.11     107.46  1
        2017091200   502343       5.29     108.72  1
        2017091203   433772       5.46     110.27  1
        2017091206  4218744      11.84     128.59  1
        2017091209  4571512      11.73     128.15  1
        2017091212  5220069      11.81     129.97  1
        2017091215  5506292      11.80     129.87  1
        2017091218  5833551      11.79     129.08  1
        2017091221   434985      12.16     151.35  1
        2017091300   382053      12.20     151.63  1
        2017091303   634700      10.16     150.73  1
        2017091306   772544       8.61     150.43  1
        2017091309   844174       8.49     150.36  1
        2017091312  1048201       8.81     150.34  1
        2017091315  1490939       8.33     150.24  1
        2017091318  1630295       8.31     150.17  1
        2017091321  1665714       8.43     150.10  1
        2017091400  1742150       8.21     149.88  1
        2017091403  1949753       7.80     149.75  1
        2017091406  1950482       7.14     149.39  1
        2017091409  2051424       6.76     149.22  1
        2017091412  2286767       6.59     149.14  1
        2017091415  2416307       6.19     149.23  1
        2017091418  2563253       5.70     149.18  1
        2017091421  2491644       5.24     149.54  1
        2017091500  2481074       5.04     149.78  1
        2017091503  2466684       4.41     150.22  1
        2017091506  2324869       3.51     150.53  1
        2017091509  2560655       3.08     151.13  1
        2017091512  2946589       2.77     151.54  1
        2017091515  3133588       2.42     152.01  1
        2017091518  3415392       2.42     151.97  1
        2017091521  3623497       2.35     151.69  1
        2017091600  3774465       2.26     151.24  1
        2017091603  3908014       2.13     151.16  1
        2017091606  3982161       2.23     150.85  1
        2017091609  4112333       2.25     150.49  1
        2017091612  4229560       2.16     150.10  1
        2017091615  4227571       1.81     149.72  1
        2017091618  4016251       1.32     148.83  1
        2017091621  3690595       0.57     148.06  1
        2017091700  3224130      -0.27     147.40  1
        2017091703  2907852      -0.73     147.11  1
        2017091706  2502737      -1.14     146.64  1
        2017091709  2143008      -1.33     146.46  1
        2017091712  1935786      -1.39     146.27  1
        2017091715  1588068      -1.71     146.84  1
        2017091718  1557914      -1.77     147.26  1
        2017091721  1368917      -1.93     147.97  1
        2017091800  1322682      -1.86     148.45  1
        2017091803  1343486      -1.78     148.78  1
        2017091806  1468490      -1.21     148.64  1
        2017091809  1550914      -0.76     148.46  1
        2017091812  1703977      -0.09     148.10  1
        2017091815  1759817       0.34     147.62  1
        2017091818  2038752       1.20     146.89  1
        2017091821  1947861       1.47     146.12  1
        2017091900  1958595       1.97     144.85  1
        2017091903  2337106       2.62     142.43  1
        2017091906  2784122       3.16     140.28  1
        2017091909  2979903       3.35     138.95  1
        2017091912  3238546       3.50     137.86  1
        2017091915  3489383       3.60     136.85  1
        2017091918  3746021       3.85     136.02  1
        2017091921  3753759       4.08     135.28  1
        2017092000  3734506       4.30     134.49  1
        2017092003  3708676       4.44     134.02  1
        2017092006  3707917       4.59     133.71  1
        2017092009  3648297       4.70     133.35  1
        2017092012  3632369       4.78     133.08  1
        2017092015  3581708       4.89     132.94  1
        2017092018  5507300       4.14     122.52  1
        2017092021  5905057       4.36     121.12  1
        2017092100  5969790       4.58     120.86  1
        2017092103  5998687       4.77     120.45  1
        2017092106  6231310       4.96     119.53  1
        2017092109  6363759       5.15     118.84  1
        2017092112  6348645       5.36     118.59  1
        2017092115  6409528       5.60     118.20  1
        2017092118  6460952       5.88     117.71  1
        2017092121  6408364       6.12     116.99  1
        2017092200  6272682       6.48     116.62  1
        2017092203  6106239       6.85     116.07  1
        2017092206  5873172       7.17     115.67  1
        2017092209  5848827       7.44     115.08  1
        2017092212  5862290       7.67     114.69  1
        2017092215  5824307       7.92     114.30  1
        2017092218  5824924       8.02     113.99  1
        2017092221  5855194       8.14     113.54  1
        2017092300  5900245       8.23     113.30  1
        2017092303  5865000       8.35     113.12  1
        2017092306  5903919       8.41     113.14  1
        2017092309  6065095       8.46     113.04  1
        2017092312  6229962       8.33     113.71  1
        2017092315  6450373       8.20     114.54  1
        2017092318  6452238       8.13     114.68  1
        2017092321  6382044       8.13     114.58  1
        2017092400  6284297       8.15     114.59  1
        2017092403  6178127       8.16     114.65  1
        2017092406  6138781       8.01     115.29  1
        2017092409  5939496       7.96     116.17  1
        2017092412  5918751       7.82     117.20  1
        2017092415  5946209       7.71     117.95  1
        2017092418  5893513       7.58     119.04  1
        2017092421  5845596       7.46     119.92  1
        2017092500  5782554       7.43     120.27  1
        2017092503  5724179       7.29     120.86  1
        2017092506  5603196       7.12     121.76  1
        2017092509  5685176       7.13     121.73  1
        2017092512  5250465       6.86     122.80  1
        2017092515   789381      10.39      95.43  1
        2017092518   811753      10.25      94.96  1
        2017092521  1076737      10.27      95.04  1
        2017092600  1195972      10.25      94.72  1
        2017092603  1201388      10.21      94.46  1
        2017092606  1271907      10.21      94.18  1
        2017092609  1442826      10.50      94.26  1
        2017092612  1473338      10.61      94.13  1
        2017092615  1537560      10.77      94.00  1
        2017092618  1612802      10.85      93.66  1
        2017092621  1653937      11.06      93.59  1
        2017092700  1614684      11.18      93.45  1
        2017092703  1576527      11.37      93.25  1
        2017092706  1565338      11.60      93.01  1
        2017092709  1533930      11.94      93.15  1
        2017092712  1415615      12.21      93.11  1
        2017092715  1308624      12.49      93.03  1
        2017092718  1167090      12.82      92.98  1
        2017092721  1096563      13.30      92.91  1
        2017092800   961354      13.71      92.79  1
        2017092803   829963      14.21      92.64  1
        2017092806   692170      14.75      92.54  1
        2017092809   695223      15.41      92.57  1
        2017092812   543178      16.07      92.63  1
        2017092815   472563      16.75      92.69  1
        2017092818   490495      17.24      92.90  1
        2017092821   588827      17.60      92.97  1
        2017092900   526536      18.02      92.84  1
        2017092903   426471      18.42      92.72  1
        2017092906   352144      18.59      92.58  1
        2017092909   317517      19.10      92.43  1
LPT    11.0500
        2017081306   585171       2.40     104.91  1
        2017081309  1079013       2.44     104.18  1
        2017081312  1268061       2.39     103.36  1
        2017081315  1539724       2.25     102.06  1
        2017081318  1918540       2.09     101.41  1
        2017081321  2230015       2.05     100.76  1
        2017081400  2424249       1.99     100.04  1
        2017081403  2570519       1.99      99.17  1
        2017081406  2843185       1.99      98.77  1
        2017081409  3292691       2.13      98.87  1
        2017081412  3531260       2.24      99.06  1
        2017081415  3844976       2.40      99.29  1
        2017081418  4199583       2.49      99.70  1
        2017081421  4482786       2.62      99.79  1
        2017081500  5389961       2.69     103.89  1
        2017081503  5904419       2.82     105.23  1
        2017081506  6279071       2.94     105.90  1
        2017081509  6563620       3.11     106.27  1
        2017081512  6756366       3.26     107.03  1
        2017081515  7034533       3.43     107.64  1
        2017081518  7478950       3.83     108.04  1
        2017081521  7856901       4.24     107.95  1
        2017081600  8563108       5.60     107.59  1
        2017081603  8952632       6.10     107.47  1
        2017081606  9178578       6.48     107.30  1
        2017081609  9379619       6.95     107.09  1
        2017081612  9433546       7.13     107.19  1
        2017081615  9635623       7.25     107.15  1
        2017081618  9722039       7.28     107.19  1
        2017081621  9815290       7.58     106.78  1
        2017081700  9811009       7.72     106.75  1
        2017081703  9745613       7.92     106.64  1
        2017081706  9603362       8.04     106.70  1
        2017081709  9441632       8.40     106.69  1
        2017081712  9136314       8.66     106.77  1
        2017081715  8935421       8.93     106.50  1
        2017081718  8627749       9.32     105.89  1
        2017081721  8214483       9.75     105.09  1
        2017081800  7916778      10.06     104.81  1
        2017081803  7680078      10.28     104.35  1
        2017081806  7380669      10.40     104.07  1
        2017081809  7265804      10.55     103.87  1
        2017081812  7131140      10.55     103.90  1
        2017081815  7073567      10.60     103.77  1
        2017081818  6989093      10.52     103.74  1
        2017081821  6792343      10.60     103.40  1
        2017081900  6710327      10.49     103.43  1
        2017081903  6585731      10.53     103.16  1
        2017081906  6384654      10.47     103.17  1
        2017081909  6111784      10.63     102.91  1
        2017081912  5698715      10.61     102.95  1
        2017081915  3158358      14.61      91.88  1
        2017081918  2876243      14.64      91.23  1
        2017081921  2846397      14.60      91.17  1
        2017082000  2658906      14.40      91.17  1
        2017082003  2576540      14.30      91.01  1
        2017082006  2513498      14.20      90.82  1
        2017082009  2470972      14.27      91.04  1
        2017082012  2375292      14.27      91.01  1
        2017082015  2283913      14.29      90.89  1
        2017082018  2166385      14.29      90.95  1
        2017082021  2071037      14.32      91.05  1
        2017082100  1700297      13.99      92.87  1
        2017082103  1591154      13.96      93.12  1
        2017082106  1455229      14.01      93.49  1
        2017082109  1478830      14.16      93.84  1
        2017082112  1430362      14.25      93.99  1
        2017082115  1392270      14.35      94.07  1
        2017082118  1282399      14.48      94.05  1
        2017082121  1237328      14.65      94.09  1
        2017082200  1184873      14.83      94.05  1
        2017082203  1131387      15.07      94.02  1
        2017082206  1055423      15.23      93.96  1
        2017082209  1068871      15.50      94.02  1
        2017082212  1014520      15.52      93.96  1
        2017082215   948615      15.47      93.86  1
        2017082218   838656      15.46      93.79  1
        2017082221   874004      15.36      93.68  1
        2017082300   837334      15.22      93.55  1
        2017082303   829711      15.07      93.36  1
        2017082306   747867      15.04      93.20  1
        2017082309   737793      15.16      93.12  1
        2017082312   666945      15.19      92.88  1
        2017082315   567643      15.29      92.63  1
        2017082318   466050      15.44      92.71  1
        2017082321   368360      15.55      92.60  1
LPT    11.0600
        2017090900   382118      11.65     148.39  1
        2017090903   546185      11.69     147.71  1
        2017090906   618122      11.65     147.16  1
        2017090909   744373      11.66     146.61  1
        2017090912   918693      11.76     146.01  1
        2017090915  1104289      11.83     145.38  1
        2017090918  1220218      11.92     144.66  1
        2017090921  1252099      12.04     144.08  1
        2017091000  1301401      12.14     143.41  1
        2017091003  1426592      12.27     142.68  1
        2017091006  1454790      12.34     142.01  1
        2017091009  1480682      12.42     141.44  1
        2017091012  1566653      12.53     140.92  1
        2017091015  1702612      12.57     140.38  1
        2017091018  1843873      12.60     139.91  1
        2017091021  1918433      12.60     139.34  1
        2017091100  2008194      12.67     138.67  1
        2017091103  2065983      12.78     137.96  1
        2017091106  2139166      12.85     137.15  1
        2017091109  2183943      12.97     136.45  1
        2017091112  2303645      13.03     135.74  1
        2017091115  2462139      13.03     134.96  1
        2017091118  2759211      12.97     134.19  1
        2017091121  2936266      12.93     133.38  1
        2017091200  3215996      12.85     132.58  1
        2017091203  3443078      12.78     131.94  1
        2017091206  4218744      11.84     128.59  1
        2017091209  4571512      11.73     128.15  1
        2017091212  5220069      11.81     129.97  1
        2017091215  5506292      11.80     129.87  1
        2017091218  5833551      11.79     129.08  1
        2017091221  5486501      11.72     126.52  1
        2017091300  5583698      11.78     126.09  1
        2017091303  5710468      12.05     125.83  1
        2017091306  5662344      12.22     125.20  1
        2017091309  5738583      12.44     124.99  1
        2017091312  5791145      12.76     125.11  1
        2017091315  5780901      13.14     125.07  1
        2017091318  5907946      13.33     124.89  1
        2017091321  5974531      13.43     124.64  1
        2017091400  5930615      13.69     124.39  1
        2017091403  5923704      13.97     124.06  1
        2017091406  5875119      14.15     123.75  1
        2017091409  5877477      14.36     123.41  1
        2017091412  5858234      14.59     123.32  1
        2017091415  5759045      14.75     123.08  1
        2017091418  5872712      15.00     122.99  1
        2017091421  5684682      15.43     122.63  1
        2017091500  5614606      15.79     122.45  1
        2017091503  5260320      16.32     122.07  1
        2017091506  3970803      18.60     120.20  1
        2017091509  1900946      14.40     112.85  1
        2017091512  1708821      14.73     111.79  1
        2017091515  1551167      14.98     110.76  1
        2017091518  1467024      15.08     109.62  1
        2017091521  2346587      11.96     103.83  1
        2017091600  2701886      11.53     102.42  1
        2017091603  3052759      11.34     101.08  1
        2017091606  3609118      11.18      99.34  1
        2017091609  3904426      11.23      98.48  1
        2017091612  4009425      11.23      97.80  1
        2017091615  4152332      11.37      97.29  1
        2017091618  4332148      11.53      96.62  1
        2017091621  4538641      11.80      95.86  1
        2017091700  4551303      11.93      95.34  1
        2017091703  4585467      12.14      94.77  1
        2017091706  4634958      12.30      94.23  1
        2017091709  4777862      12.55      93.86  1
        2017091712  4774150      12.70      93.48  1
        2017091715  4782690      12.92      93.13  1
        2017091718  4786959      13.22      92.72  1
        2017091721  4745738      13.47      92.34  1
        2017091800  4723256      13.66      92.09  1
        2017091803  4620945      13.97      91.72  1
        2017091806  4501870      14.27      91.42  1
        2017091809  4364832      14.62      91.23  1
        2017091812  4286975      14.76      91.05  1
        2017091815  4221251      14.93      90.90  1
        2017091818  4148749      15.18      90.82  1
        2017091821  4014860      15.47      90.78  1
        2017091900  3891917      15.78      90.81  1
        2017091903  3761726      16.06      90.80  1
        2017091906  3571102      16.40      90.78  1
        2017091909  3267387      17.06      90.83  1
        2017091912  3045074      17.41      90.73  1
        2017091915  2835107      17.79      90.75  1
        2017091918  2596536      18.08      90.72  1
        2017091921  2335799      18.39      90.76  1
        2017092000  2024341      18.73      90.82  1
        2017092003  1789938      19.03      90.84  1
        2017092006  1444088      19.26      90.92  1
        2017092009  1233884      19.63      91.01  1
        2017092012   952693      19.76      91.04  1
        2017092015   682708      19.88      91.16  1
        2017092018   387883      19.90      91.22  1
LPT    11.0700
        2017090900   382118      11.65     148.39  1
        2017090903   546185      11.69     147.71  1
        2017090906   618122      11.65     147.16  1
        2017090909   744373      11.66     146.61  1
        2017090912   918693      11.76     146.01  1
        2017090915  1104289      11.83     145.38  1
        2017090918  1220218      11.92     144.66  1
        2017090921  1252099      12.04     144.08  1
        2017091000  1301401      12.14     143.41  1
        2017091003  1426592      12.27     142.68  1
        2017091006  1454790      12.34     142.01  1
        2017091009  1480682      12.42     141.44  1
        2017091012  1566653      12.53     140.92  1
        2017091015  1702612      12.57     140.38  1
        2017091018  1843873      12.60     139.91  1
        2017091021  1918433      12.60     139.34  1
        2017091100  2008194      12.67     138.67  1
        2017091103  2065983      12.78     137.96  1
        2017091106  2139166      12.85     137.15  1
        2017091109  2183943      12.97     136.45  1
        2017091112  2303645      13.03     135.74  1
        2017091115  2462139      13.03     134.96  1
        2017091118  2759211      12.97     134.19  1
        2017091121  2936266      12.93     133.38  1
        2017091200  3215996      12.85     132.58  1
        2017091203  3443078      12.78     131.94  1
        2017091206  4218744      11.84     128.59  1
        2017091209  4571512      11.73     128.15  1
        2017091212  5220069      11.81     129.97  1
        2017091215  5506292      11.80     129.87  1
        2017091218  5833551      11.79     129.08  1
        2017091221  5486501      11.72     126.52  1
        2017091300  5583698      11.78     126.09  1
        2017091303  5710468      12.05     125.83  1
        2017091306  5662344      12.22     125.20  1
        2017091309  5738583      12.44     124.99  1
        2017091312  5791145      12.76     125.11  1
        2017091315  5780901      13.14     125.07  1
        2017091318  5907946      13.33     124.89  1
        2017091321  5974531      13.43     124.64  1
        2017091400  5930615      13.69     124.39  1
        2017091403  5923704      13.97     124.06  1
        2017091406  5875119      14.15     123.75  1
        2017091409  5877477      14.36     123.41  1
        2017091412  5858234      14.59     123.32  1
        2017091415  5759045      14.75     123.08  1
        2017091418  5872712      15.00     122.99  1
        2017091421  5684682      15.43     122.63  1
        2017091500  5614606      15.79     122.45  1
        2017091503  5260320      16.32     122.07  1
        2017091506  3970803      18.60     120.20  1
        2017091509  1624164      25.00     127.00  1
        2017091512  1541851      25.62     127.06  1
        2017091515  1456055      26.11     127.07  1
        2017091518  1397760      26.59     127.15  1
        2017091521  1319957      27.12     127.30  1
        2017091600  1293222      27.54     127.46  1
        2017091603  1245946      27.97     127.68  1
        2017091606  1188799      28.47     128.01  1
        2017091609  1262652      28.81     128.40  1
        2017091612  1339729      29.23     128.94  1
        2017091615  1465852      29.63     129.42  1
        2017091618  1499212      29.92     129.82  1
        2017091621  1579772      30.31     130.39  1
        2017091700  1653823      30.66     130.92  1
        2017091703  1759019      31.03     131.54  1
        2017091706  1848701      31.44     132.24  1
        2017091709  1975576      31.84     132.90  1
        2017091712  2056625      32.28     133.55  1
        2017091715  2180836      32.87     134.42  1
        2017091718  2272814      33.19     134.89  1
        2017091721  2322794      33.74     135.61  1
        2017091800  2349499      34.29     136.13  1
        2017091803  2351300      34.88     136.73  1
        2017091806  2407774      35.56     137.27  1
        2017091809  2578030      36.89     138.01  1
        2017091812  2670981      37.94     138.60  1
        2017091815  2587009      38.15     138.75  1
        2017091818  2586631      38.42     139.01  1
        2017091821  2550518      38.71     139.33  1
        2017091900  2456582      39.02     139.63  1
        2017091903  2335790      39.34     139.86  1
        2017091906  2224390      39.69     140.08  1
        2017091909  2062541      40.18     140.32  1
        2017091912  1859683      40.81     140.55  1
        2017091915  1655840      41.48     140.72  1
        2017091918  1444018      42.22     140.87  1
        2017091921  1332254      42.68     140.97  1
        2017092000  1219955      43.22     141.05  1
        2017092003  1140332      43.61     141.20  1
        2017092006  1037758      44.06     141.42  1
        2017092009   944033      44.52     141.61  1
        2017092012   826085      45.05     141.84  1
        2017092015   712346      45.56     142.15  1
        2017092018   449454      46.66     142.48  1
        2017092021   274946      47.52     142.62  1
LPT    11.0800
        2017090900   382118      11.65     148.39  1
        2017090903   546185      11.69     147.71  1
        2017090906   618122      11.65     147.16  1
        2017090909   744373      11.66     146.61  1
        2017090912   918693      11.76     146.01  1
        2017090915  1104289      11.83     145.38  1
        2017090918  1220218      11.92     144.66  1
        2017090921  1252099      12.04     144.08  1
        2017091000  1301401      12.14     143.41  1
        2017091003  1426592      12.27     142.68  1
        2017091006  1454790      12.34     142.01  1
        2017091009  1480682      12.42     141.44  1
        2017091012  1566653      12.53     140.92  1
        2017091015  1702612      12.57     140.38  1
        2017091018  1843873      12.60     139.91  1
        2017091021  1918433      12.60     139.34  1
        2017091100  2008194      12.67     138.67  1
        2017091103  2065983      12.78     137.96  1
        2017091106  2139166      12.85     137.15  1
        2017091109  2183943      12.97     136.45  1
        2017091112  2303645      13.03     135.74  1
        2017091115  2462139      13.03     134.96  1
        2017091118  2759211      12.97     134.19  1
        2017091121  2936266      12.93     133.38  1
        2017091200  3215996      12.85     132.58  1
        2017091203  3443078      12.78     131.94  1
        2017091206  4218744      11.84     128.59  1
        2017091209  4571512      11.73     128.15  1
        2017091212  5220069      11.81     129.97  1
        2017091215  5506292      11.80     129.87  1
        2017091218  5833551      11.79     129.08  1
        2017091221   434985      12.16     151.35  1
        2017091300   382053      12.20     151.63  1
        2017091303   634700      10.16     150.73  1
        2017091306   772544       8.61     150.43  1
        2017091309   844174       8.49     150.36  1
        2017091312  1048201       8.81     150.34  1
        2017091315  1490939       8.33     150.24  1
        2017091318  1630295       8.31     150.17  1
        2017091321  1665714       8.43     150.10  1
        2017091400  1742150       8.21     149.88  1
        2017091403  1949753       7.80     149.75  1
        2017091406  1950482       7.14     149.39  1
        2017091409  2051424       6.76     149.22  1
        2017091412  2286767       6.59     149.14  1
        2017091415  2416307       6.19     149.23  1
        2017091418  2563253       5.70     149.18  1
        2017091421  2491644       5.24     149.54  1
        2017091500  2481074       5.04     149.78  1
        2017091503  2466684       4.41     150.22  1
        2017091506  2324869       3.51     150.53  1
        2017091509  2560655       3.08     151.13  1
        2017091512  2946589       2.77     151.54  1
        2017091515  3133588       2.42     152.01  1
        2017091518  3415392       2.42     151.97  1
        2017091521  3623497       2.35     151.69  1
        2017091600  3774465       2.26     151.24  1
        2017091603  3908014       2.13     151.16  1
        2017091606  3982161       2.23     150.85  1
        2017091609  4112333       2.25     150.49  1
        2017091612  4229560       2.16     150.10  1
        2017091615  4227571       1.81     149.72  1
        2017091618  4016251       1.32     148.83  1
        2017091621  3690595       0.57     148.06  1
        2017091700  3224130      -0.27     147.40  1
        2017091703  2907852      -0.73     147.11  1
        2017091706  2502737      -1.14     146.64  1
        2017091709  2143008      -1.33     146.46  1
        2017091712  1935786      -1.39     146.27  1
        2017091715  1588068      -1.71     146.84  1
        2017091718  1557914      -1.77     147.26  1
        2017091721  1368917      -1.93     147.97  1
        2017091800  1322682      -1.86     148.45  1
        2017091803  1343486      -1.78     148.78  1
        2017091806  1468490      -1.21     148.64  1
        2017091809  1550914      -0.76     148.46  1
        2017091812  1703977      -0.09     148.10  1
        2017091815  1759817       0.34     147.62  1
        2017091818  2038752       1.20     146.89  1
        2017091821  1947861       1.47     146.12  1
        2017091900  1958595       1.97     144.85  1
        2017091903  2337106       2.62     142.43  1
        2017091906  2784122       3.16     140.28  1
        2017091909  2979903       3.35     138.95  1
        2017091912  3238546       3.50     137.86  1
        2017091915  3489383       3.60     136.85  1
        2017091918  3746021       3.85     136.02  1
        2017091921  3753759       4.08     135.28  1
        2017092000  3734506       4.30     134.49  1
        2017092003  3708676       4.44     134.02  1
        2017092006  3707917       4.59     133.71  1
        2017092009  3648297       4.70     133.35  1
        2017092012  3632369       4.78     133.08  1
        2017092015  3581708       4.89     132.94  1
        2017092018  5507300       4.14     122.52  1
        2017092021  5905057       4.36     121.12  1
        2017092100  5969790       4.58     120.86  1
        2017092103  5998687       4.77     120.45  1
        2017092106  6231310       4.96     119.53  1
        2017092109  6363759       5.15     118.84  1
        2017092112  6348645       5.36     118.59  1
        2017092115  6409528       5.60     118.20  1
        2017092118  6460952       5.88     117.71  1
        2017092121  6408364       6.12     116.99  1
        2017092200  6272682       6.48     116.62  1
        2017092203  6106239       6.85     116.07  1
        2017092206  5873172       7.17     115.67  1
        2017092209  5848827       7.44     115.08  1
        2017092212  5862290       7.67     114.69  1
        2017092215  5824307       7.92     114.30  1
        2017092218  5824924       8.02     113.99  1
        2017092221  5855194       8.14     113.54  1
        2017092300  5900245       8.23     113.30  1
        2017092303  5865000       8.35     113.12  1
        2017092306  5903919       8.41     113.14  1
        2017092309  6065095       8.46     113.04  1
        2017092312  6229962       8.33     113.71  1
        2017092315  6450373       8.20     114.54  1
        2017092318  6452238       8.13     114.68  1
        2017092321  6382044       8.13     114.58  1
        2017092400  6284297       8.15     114.59  1
        2017092403  6178127       8.16     114.65  1
        2017092406  6138781       8.01     115.29  1
        2017092409  5939496       7.96     116.17  1
        2017092412  5918751       7.82     117.20  1
        2017092415  5946209       7.71     117.95  1
        2017092418  5893513       7.58     119.04  1
        2017092421  5845596       7.46     119.92  1
        2017092500  5782554       7.43     120.27  1
        2017092503  5724179       7.29     120.86  1
        2017092506  5603196       7.12     121.76  1
        2017092509  5685176       7.13     121.73  1
        2017092512  5250465       6.86     122.80  1
        2017092515  4041565       5.57     129.77  1
        2017092518  3640135       5.07     131.28  1
        2017092521  3147861       4.44     133.25  1
        2017092600  3106355       4.56     133.54  1
        2017092603  3087006       4.70     133.75  1
        2017092606  3118069       4.74     133.57  1
        2017092609  3135899       4.88     133.65  1
        2017092612  3185861       5.04     133.89  1
        2017092615  3198591       5.18     134.25  1
        2017092618  3115113       5.27     134.65  1
        2017092621  3068804       5.37     135.00  1
        2017092700  3007020       5.47     135.45  1
        2017092703  2980545       5.52     135.91  1
        2017092706  2912692       5.57     136.11  1
        2017092709  2770718       5.60     136.38  1
        2017092712  2700806       5.64     136.60  1
        2017092715  2642984       5.61     136.86  1
        2017092718  2646407       5.59     137.25  1
        2017092721  2610346       5.50     137.77  1
        2017092800  2603845       5.26     138.51  1
        2017092803  2678184       4.86     139.21  1
        2017092806  2691357       4.55     139.76  1
        2017092809  2775231       4.16     140.23  1
        2017092812  2917399       3.77     140.44  1
        2017092815  3045157       3.33     140.54  1
        2017092818  2997407       3.07     140.38  1
        2017092821  2954315       2.82     140.13  1
        2017092900  2847494       2.56     139.84  1
        2017092903  2659214       2.27     139.41  1
        2017092906  2330006       1.91     139.16  1
        2017092909  1919593       1.34     139.57  1
        2017092912  1616357       0.81     140.09  1
        2017092915  1048332      -0.52     141.87  1
        2017092918   682312      -2.13     144.48  1
        2017092921   519326      -2.70     145.79  1
        2017093000   397392      -2.85     146.31  1
        2017093003   370350      -2.98     146.95  1
LPT    11.0900
        2017090900   382118      11.65     148.39  1
        2017090903   546185      11.69     147.71  1
        2017090906   618122      11.65     147.16  1
        2017090909   744373      11.66     146.61  1
        2017090912   918693      11.76     146.01  1
        2017090915  1104289      11.83     145.38  1
        2017090918  1220218      11.92     144.66  1
        2017090921  1252099      12.04     144.08  1
        2017091000  1301401      12.14     143.41  1
        2017091003  1426592      12.27     142.68  1
        2017091006  1454790      12.34     142.01  1
        2017091009  1480682      12.42     141.44  1
        2017091012  1566653      12.53     140.92  1
        2017091015  1702612      12.57     140.38  1
        2017091018  1843873      12.60     139.91  1
        2017091021  1918433      12.60     139.34  1
        2017091100  2008194      12.67     138.67  1
        2017091103  2065983      12.78     137.96  1
        2017091106  2139166      12.85     137.15  1
        2017091109  2183943      12.97     136.45  1
        2017091112  2303645      13.03     135.74  1
        2017091115  2462139      13.03     134.96  1
        2017091118  2759211      12.97     134.19  1
        2017091121  2936266      12.93     133.38  1
        2017091200  3215996      12.85     132.58  1
        2017091203  3443078      12.78     131.94  1
        2017091206  4218744      11.84     128.59  1
        2017091209  4571512      11.73     128.15  1
        2017091212  5220069      11.81     129.97  1
        2017091215  5506292      11.80     129.87  1
        2017091218  5833551      11.79     129.08  1
        2017091221   434985      12.16     151.35  1
        2017091300   382053      12.20     151.63  1
        2017091303   634700      10.16     150.73  1
        2017091306   772544       8.61     150.43  1
        2017091309   844174       8.49     150.36  1
        2017091312  1048201       8.81     150.34  1
        2017091315  1490939       8.33     150.24  1
        2017091318  1630295       8.31     150.17  1
        2017091321  1665714       8.43     150.10  1
        2017091400  1742150       8.21     149.88  1
        2017091403  1949753       7.80     149.75  1
        2017091406  1950482       7.14     149.39  1
        2017091409  2051424       6.76     149.22  1
        2017091412  2286767       6.59     149.14  1
        2017091415  2416307       6.19     149.23  1
        2017091418  2563253       5.70     149.18  1
        2017091421  2491644       5.24     149.54  1
        2017091500  2481074       5.04     149.78  1
        2017091503  2466684       4.41     150.22  1
        2017091506  2324869       3.51     150.53  1
        2017091509  2560655       3.08     151.13  1
        2017091512  2946589       2.77     151.54  1
        2017091515  3133588       2.42     152.01  1
        2017091518  3415392       2.42     151.97  1
        2017091521  3623497       2.35     151.69  1
        2017091600  3774465       2.26     151.24  1
        2017091603  3908014       2.13     151.16  1
        2017091606  3982161       2.23     150.85  1
        2017091609  4112333       2.25     150.49  1
        2017091612  4229560       2.16     150.10  1
        2017091615  4227571       1.81     149.72  1
        2017091618  4016251       1.32     148.83  1
        2017091621  3690595       0.57     148.06  1
        2017091700  3224130      -0.27     147.40  1
        2017091703  2907852      -0.73     147.11  1
        2017091706  2502737      -1.14     146.64  1
        2017091709  2143008      -1.33     146.46  1
        2017091712  1935786      -1.39     146.27  1
        2017091715  1588068      -1.71     146.84  1
        2017091718  1557914      -1.77     147.26  1
        2017091721  1368917      -1.93     147.97  1
        2017091800  1322682      -1.86     148.45  1
        2017091803  1343486      -1.78     148.78  1
        2017091806  1468490      -1.21     148.64  1
        2017091809  1550914      -0.76     148.46  1
        2017091812  1703977      -0.09     148.10  1
        2017091815  1759817       0.34     147.62  1
        2017091818  2038752       1.20     146.89  1
        2017091821  1947861       1.47     146.12  1
        2017091900  1958595       1.97     144.85  1
        2017091903  2337106       2.62     142.43  1
        2017091906  2784122       3.16     140.28  1
        2017091909  2979903       3.35     138.95  1
        2017091912  3238546       3.50     137.86  1
        2017091915  3489383       3.60     136.85  1
        2017091918  3746021       3.85     136.02  1
        2017091921  3753759       4.08     135.28  1
        2017092000  3734506       4.30     134.49  1
        2017092003  3708676       4.44     134.02  1
        2017092006  3707917       4.59     133.71  1
        2017092009  3648297       4.70     133.35  1
        2017092012  3632369       4.78     133.08  1
        2017092015  3581708       4.89     132.94  1
        2017092018  5507300       4.14     122.52  1
        2017092021  5905057       4.36     121.12  1
        2017092100  5969790       4.58     120.86  1
        2017092103  5998687       4.77     120.45  1
        2017092106  6231310       4.96     119.53  1
        2017092109  6363759       5.15     118.84  1
        2017092112  6348645       5.36     118.59  1
        2017092115  6409528       5.60     118.20  1
        2017092118  6460952       5.88     117.71  1
        2017092121  6408364       6.12     116.99  1
        2017092200  6272682       6.48     116.62  1
        2017092203  6106239       6.85     116.07  1
        2017092206  5873172       7.17     115.67  1
        2017092209  5848827       7.44     115.08  1
        2017092212  5862290       7.67     114.69  1
        2017092215  5824307       7.92     114.30  1
        2017092218  5824924       8.02     113.99  1
        2017092221  5855194       8.14     113.54  1
        2017092300  5900245       8.23     113.30  1
        2017092303  5865000       8.35     113.12  1
        2017092306  5903919       8.41     113.14  1
        2017092309  6065095       8.46     113.04  1
        2017092312  6229962       8.33     113.71  1
        2017092315  6450373       8.20     114.54  1
        2017092318  6452238       8.13     114.68  1
        2017092321  6382044       8.13     114.58  1
        2017092400  6284297       8.15     114.59  1
        2017092403  6178127       8.16     114.65  1
        2017092406  6138781       8.01     115.29  1
        2017092409  5939496       7.96     116.17  1
        2017092412  5918751       7.82     117.20  1
        2017092415  5946209       7.71     117.95  1
        2017092418  5893513       7.58     119.04  1
        2017092421  5845596       7.46     119.92  1
        2017092500  5782554       7.43     120.27  1
        2017092503  5724179       7.29     120.86  1
        2017092506  5603196       7.12     121.76  1
        2017092509  5685176       7.13     121.73  1
        2017092512  5250465       6.86     122.80  1
        2017092515   789381      10.39      95.43  1
        2017092518   811753      10.25      94.96  1
        2017092521  1076737      10.27      95.04  1
        2017092600  1195972      10.25      94.72  1
        2017092603  1201388      10.21      94.46  1
        2017092606  1271907      10.21      94.18  1
        2017092609  1442826      10.50      94.26  1
        2017092612  1473338      10.61      94.13  1
        2017092615  1537560      10.77      94.00  1
        2017092618  1612802      10.85      93.66  1
        2017092621  1653937      11.06      93.59  1
        2017092700  1614684      11.18      93.45  1
        2017092703  1576527      11.37      93.25  1
        2017092706  1565338      11.60      93.01  1
        2017092709  1533930      11.94      93.15  1
        2017092712  1415615      12.21      93.11  1
        2017092715  1308624      12.49      93.03  1
        2017092718  1167090      12.82      92.98  1
        2017092721  1096563      13.30      92.91  1
        2017092800   961354      13.71      92.79  1
        2017092803   829963      14.21      92.64  1
        2017092806   692170      14.75      92.54  1
        2017092809   695223      15.41      92.57  1
        2017092812   543178      16.07      92.63  1
        2017092815   472563      16.75      92.69  1
        2017092818   490495      17.24      92.90  1
        2017092821   588827      17.60      92.97  1
        2017092900   526536      18.02      92.84  1
        2017092903   426471      18.42      92.72  1
        2017092906   352144      18.59      92.58  1
        2017092909   317517      19.10      92.43  1
LPT    12.0100
        2017082606   466840      16.11     158.43  1
        2017082609   670057      16.13     158.24  1
        2017082612   891835      16.12     158.01  1
        2017082615  1035025      16.11     157.70  1
        2017082618  1144055      16.10     157.20  1
        2017082621  1212871      16.13     156.83  1
        2017082700  1296227      16.19     156.33  1
        2017082703  1442299      16.28     155.86  1
        2017082706  1571874      16.37     155.69  1
        2017082709  1714695      16.45     155.54  1
        2017082712  1896306      16.55     155.33  1
        2017082715  2121723      16.62     154.96  1
        2017082718  2269160      16.64     154.67  1
        2017082721  2357099      16.75     154.38  1
        2017082800  2464954      16.86     154.16  1
        2017082803  2600436      17.03     153.86  1
        2017082806  2662736      17.15     153.62  1
        2017082809  2728439      17.29     153.46  1
        2017082812  2851342      17.38     153.20  1
        2017082815  3065713      17.39     152.70  1
        2017082818  3130157      17.49     152.34  1
        2017082821  3201830      17.58     151.98  1
        2017082900  3290568      17.66     151.52  1
        2017082903  3320438      17.82     151.08  1
        2017082906  3268365      17.94     150.52  1
        2017082909  3280361      18.07     150.18  1
        2017082912  3355576      18.26     149.88  1
        2017082915  3423587      18.43     149.52  1
        2017082918  3478105      18.54     149.23  1
        2017082921  3585890      18.66     148.94  1
        2017083000  3755595      18.76     148.59  1
        2017083003  3926122      18.85     148.39  1
        2017083006  3980521      18.93     148.03  1
        2017083009  3976222      19.04     147.81  1
        2017083012  3972805      19.18     147.62  1
        2017083015  3972716      19.35     147.37  1
        2017083018  3986347      19.48     146.86  1
        2017083021  3976984      19.62     146.59  1
        2017083100  4055445      19.72     146.37  1
        2017083103  4118919      19.79     146.29  1
        2017083106  4094924      19.88     146.11  1
        2017083109  4087159      20.00     146.07  1
        2017083112  4099216      20.13     146.01  1
        2017083115  4061453      20.35     145.93  1
        2017083118  3941923      20.72     145.89  1
        2017083121  3953074      20.92     145.63  1
        2017090100  4001237      21.22     145.33  1
        2017090103  4049111      21.56     145.19  1
        2017090106  3983473      21.90     145.02  1
        2017090109  3961396      22.33     145.10  1
        2017090112  4082403      23.59     145.33  1
        2017090115  3949878      24.08     145.38  1
        2017090118  3925237      25.20     145.34  1
        2017090121  3876554      25.93     145.46  1
        2017090200  3758011      26.74     145.44  1
        2017090203  3483167      27.49     145.53  1
        2017090206  3237775      28.70     145.56  1
        2017090209  3116161      29.88     145.77  1
        2017090212  3033828      30.80     145.84  1
        2017090215  3078716      31.12     145.64  1
        2017090218  2682487      33.76     146.42  1
        2017090221  2613834      35.12     146.85  1
        2017090300  2653446      36.85     147.46  1
        2017090303  2604361      38.00     147.93  1
        2017090306  2553719      38.93     148.44  1
        2017090309  2468307      39.75     148.99  1
        2017090312  2336729      40.49     149.41  1
        2017090315  2083824      41.21     149.88  1
        2017090318  1909544      42.08     150.45  1
        2017090321  1706189      42.81     150.84  1
        2017090400  1517844      43.40     151.15  1
        2017090403  1345111      43.91     151.33  1
        2017090406  1247039      44.18     151.32  1
        2017090409  1106622      44.60     151.37  1
        2017090412   960730      45.07     151.50  1
        2017090415   898190      45.27     151.50  1
        2017090418   878787      45.37     151.56  1
        2017090421   784000      45.77     151.77  1
        2017090500   705645      46.14     151.88  1
        2017090503   655330      46.37     151.98  1
        2017090506   598835      46.57     152.03  1
        2017090509   523236      46.87     152.07  1
        2017090512   446751      47.18     152.08  1
        2017090515   401730      47.38     152.20  1
        2017090518   342216      47.60     152.39  1
        2017090521   251798      47.99     152.45  1
LPT    13.0100
        2017082921   302080     -30.96     179.10  1
        2017083000   436511     -30.96     179.78  1
        2017083003   526589     -30.94     180.28  1
        2017083006   526859     -31.25     180.75  1
        2017083009   526543     -31.54     181.14  1
        2017083012   579173     -31.43     181.61  1
        2017083015   611781     -31.27     181.67  1
        2017083018   647340     -31.37     181.82  1
        2017083021   715588     -31.32     181.92  1
        2017083100   817775     -31.00     182.01  1
        2017083103   980677     -30.84     182.04  1
        2017083106  1022214     -30.66     182.15  1
        2017083109  1107393     -30.57     182.34  1
        2017083112  1164792     -30.49     182.69  1
        2017083115  1292624     -30.46     182.84  1
        2017083118  1392952     -30.45     183.03  1
        2017083121  1485167     -30.41     183.25  1
        2017090100  1532963     -30.49     183.67  1
        2017090103  1493256     -30.61     184.12  1
        2017090106  1479672     -30.63     184.34  1
        2017090109  1503879     -30.78     184.61  1
        2017090112  1470089     -30.96     184.91  1
        2017090115  1345461     -31.09     185.24  1
        2017090118  1349331     -31.32     185.62  1
        2017090121  1341928     -31.56     186.00  1
        2017090200  1224078     -31.74     186.38  1
        2017090203  1107754     -32.04     186.78  1
        2017090206  1033995     -32.09     187.14  1
        2017090209  1024172     -32.04     187.48  1
        2017090212   924155     -31.98     187.71  1
        2017090215   801377     -32.34     187.95  1
        2017090218   793502     -32.20     188.19  1
        2017090221   805184     -31.99     188.37  1
        2017090300   805717     -31.78     188.55  1
        2017090303   794928     -31.81     188.70  1
        2017090306   765489     -31.65     188.90  1
        2017090309   865125     -31.23     189.05  1
        2017090312  1147445     -31.16     189.66  1
        2017090315  1187737     -30.94     189.94  1
        2017090318  1233272     -30.74     190.29  1
        2017090321  1301190     -30.61     190.72  1
        2017090400  1265463     -30.55     191.13  1
        2017090403  1209752     -30.39     191.57  1
        2017090406  1189659     -30.29     191.95  1
        2017090409  1233457     -30.35     192.30  1
        2017090412  1186389     -30.29     192.64  1
        2017090415  1173197     -30.17     192.89  1
        2017090418  1157199     -30.17     193.33  1
        2017090421  1106719     -30.16     193.78  1
        2017090500  1028579     -29.99     194.11  1
        2017090503  1037024     -29.83     194.27  1
        2017090506   965517     -29.62     194.53  1
        2017090509   904840     -29.52     194.87  1
        2017090512   764721     -29.41     195.18  1
        2017090515   745756     -29.25     195.26  1
        2017090518   639802     -29.19     195.67  1
        2017090521   555649     -29.05     196.04  1
        2017090600   430289     -29.02     196.46  1
        2017090603   278940     -28.80     196.72  1
LPT    14.0100
        2017091821   321852      12.06     304.91  1
        2017091900   414581      12.16     304.57  1
        2017091903   477035      12.27     304.21  1
        2017091906   542305      12.45     303.80  1
        2017091909   605404      12.54     303.38  1
        2017091912   680407      12.67     302.92  1
        2017091915   706353      12.81     302.49  1
        2017091918   788490      13.01     302.10  1
        2017091921   770393      13.26     301.71  1
        2017092000   791435      13.49     301.38  1
        2017092003   787045      13.68     301.12  1
        2017092006   787850      13.88     300.80  1
        2017092009   784867      14.10     300.55  1
        2017092012   768169      14.39     300.15  1
        2017092015   723499      14.57     299.83  1
        2017092018   713931      14.75     299.51  1
        2017092021   658755      14.98     299.07  1
        2017092100   620830      15.20     298.74  1
        2017092103   592682      15.40     298.37  1
        2017092106   557931      15.60     298.01  1
        2017092109   559577      15.81     297.62  1
        2017092112   474226      16.09     297.18  1
        2017092115   424473      16.46     296.63  1
        2017092118   372655      16.83     295.98  1
        2017092121   363810      17.20     295.31  1
        2017092200   339740      17.45     294.88  1
        2017092203   325982      17.72     294.49  1
        2017092206   327759      17.96     294.11  1
        2017092209   345487      18.28     293.71  1
        2017092212   333940      18.56     293.40  1
        2017092215   320879      18.88     293.00  1
        2017092218   311552      19.18     292.66  1
        2017092300   321128      19.86     291.88  1
        2017092303   358622      20.30     291.50  1
        2017092306   386845      20.59     291.27  1
        2017092309   393343      20.87     291.03  1
        2017092312   455767      21.21     290.82  1
        2017092315   476107      21.60     290.57  1
        2017092318   489451      21.89     290.33  1
        2017092321   527599      22.22     290.14  1
        2017092400   542018      22.56     289.94  1
        2017092403   566973      22.90     289.74  1
        2017092406   566211      23.25     289.52  1
        2017092409   610836      23.56     289.36  1
        2017092412   637535      24.03     289.11  1
        2017092415   698012      24.44     288.92  1
        2017092418   726860      24.91     288.75  1
        2017092421   753826      25.30     288.57  1
        2017092500   729995      25.67     288.43  1
        2017092503   715108      25.95     288.37  1
        2017092506   711921      26.24     288.29  1
        2017092509   736557      26.50     288.19  1
        2017092512   750268      26.83     288.10  1
        2017092515   761335      27.13     288.06  1
        2017092518   768065      27.45     288.08  1
        2017092521   799685      27.71     288.06  1
        2017092600   784308      27.95     288.08  1
        2017092603   733485      28.21     288.08  1
        2017092606   663405      28.54     288.08  1
        2017092609   665297      28.77     288.05  1
        2017092612   681726      29.05     288.00  1
        2017092615   649229      29.29     287.94  1
        2017092618   616123      29.64     287.96  1
        2017092621   628062      29.87     287.96  1
        2017092700   619166      30.12     287.93  1
        2017092703   613567      30.37     287.96  1
        2017092706   621913      30.73     288.10  1
        2017092709   635218      31.02     288.20  1
        2017092712   638493      31.32     288.29  1
        2017092715   600319      31.72     288.41  1
        2017092718   539064      32.09     288.56  1
        2017092721   489586      32.42     288.69  1
        2017092800   448683      32.78     288.79  1
        2017092803   407664      33.09     288.89  1
        2017092806   409517      33.38     288.98  1
        2017092809   400689      33.62     289.03  1
        2017092812   388606      33.87     289.20  1
        2017092815   340518      34.20     289.36  1
        2017092818   286993      34.53     289.52  1
LPT    15.0100
        2017093003   308849      19.08     276.17  1
        2017093006   599932      18.53     273.66  1
        2017093009   881812      18.25     272.25  1
        2017093012   923774      18.22     272.00  1
        2017093015  1031324      18.14     271.37  1
        2017093018  1164429      18.08     270.68  1
        2017093021  1302487      18.06     270.42  1
        2017100100  1302694      17.93     270.43  1
        2017100103  1409910      17.73     270.60  1
        2017100106  1595519      17.41     270.69  1
        2017100109  1752209      17.16     271.19  1
        2017100112  1879877      16.82     271.34  1
        2017100115  2056466      16.42     271.36  1
        2017100118  2131654      16.09     271.32  1
        2017100121  2254171      15.78     271.31  1
        2017100200  2191745      15.45     270.89  1
        2017100203  2282125      15.13     270.66  1
        2017100206  2377426      14.92     270.54  1
        2017100209  2567683      14.81     270.42  1
        2017100212  2697706      14.71     270.32  1
        2017100215  2802698      14.61     270.18  1
        2017100218  2905559      14.44     270.11  1
        2017100221  3050936      14.29     270.20  1
        2017100300  3114015      14.16     270.20  1
        2017100303  3218265      14.04     270.28  1
        2017100306  3325931      13.94     270.43  1
        2017100309  3422227      13.77     270.55  1
        2017100312  3476412      13.62     270.56  1
        2017100315  3515477      13.49     270.63  1
        2017100318  3547004      13.46     270.75  1
        2017100321  3731389      13.42     271.26  1
        2017100400  3788878      13.48     271.37  1
        2017100403  3923720      13.52     271.50  1
        2017100406  4119850      13.47     271.56  1
        2017100409  4399582      13.26     272.09  1
        2017100412  4611116      13.10     272.43  1
        2017100415  4885035      13.12     272.90  1
        2017100418  5074702      13.22     273.39  1
        2017100421  5488962      13.37     273.91  1
        2017100500  5617897      13.47     274.10  1
        2017100503  5868998      13.55     274.32  1
        2017100506  6061893      13.74     274.54  1
        2017100509  6342421      13.90     274.84  1
        2017100512  6457686      14.05     275.02  1
        2017100515  6524519      14.16     275.06  1
        2017100518  6618630      14.40     275.29  1
        2017100521  6691906      14.51     275.54  1
        2017100600  6660473      14.61     275.61  1
        2017100603  6613504      14.67     275.70  1
        2017100606  6597244      14.80     275.89  1
        2017100609  6451719      14.96     275.98  1
        2017100612  6274131      15.07     276.17  1
        2017100615  6019479      15.14     276.34  1
        2017100618  5841833      15.23     276.59  1
        2017100621  5691705      15.19     276.79  1
        2017100700  5246675      15.60     276.51  1
        2017100703  4969912      15.77     276.43  1
        2017100706  4763477      16.06     276.36  1
        2017100709  4420955      16.32     276.45  1
        2017100712  4135977      16.58     276.36  1
        2017100715  3832375      16.85     276.30  1
        2017100718  3639772      17.26     276.20  1
        2017100721  3433295      17.39     276.04  1
        2017100800  3098277      17.51     275.85  1
        2017100803  2811738      17.77     275.78  1
        2017100806  2512194      18.44     275.84  1
        2017100809  2088811      19.42     275.94  1
        2017100812  1656767      20.57     275.83  1
        2017100815  1334603      21.78     275.67  1
        2017100818  1171788      23.02     275.38  1
        2017100821   975075      23.83     274.99  1
        2017100900   834461      24.64     274.79  1
        2017100903   697511      25.32     274.61  1
        2017100906   590617      26.08     274.42  1
        2017100909   381102      27.01     274.06  1
        2017100912   302269      27.68     273.96  1
LPT    16.0100
        2017100306   358172      -5.79      77.10  1
        2017100309   580195      -5.79      77.18  1
        2017100312   710867      -5.70      77.23  1
        2017100315   812324      -5.65      77.35  1
        2017100318   966061      -5.56      77.47  1
        2017100321  1119855      -5.46      77.67  1
        2017100400  1257572      -5.34      77.87  1
        2017100403  1349196      -5.24      78.14  1
        2017100406  1510105      -5.07      78.56  1
        2017100409  1747201      -4.88      78.90  1
        2017100412  1851415      -4.70      79.23  1
        2017100415  1964142      -4.51      79.59  1
        2017100418  2100704      -4.32      79.93  1
        2017100421  2284208      -4.13      80.14  1
        2017100500  2354602      -3.97      80.38  1
        2017100503  2422743      -3.80      80.68  1
        2017100506  2538664      -3.58      81.14  1
        2017100509  2719116      -3.36      81.44  1
        2017100512  2734844      -3.23      81.80  1
        2017100515  2777332      -3.16      82.24  1
        2017100518  3016284      -3.22      82.70  1
        2017100521  3186256      -3.23      83.11  1
        2017100600  3294047      -3.20      83.66  1
        2017100603  3391797      -3.18      84.07  1
        2017100606  3569520      -3.16      84.70  1
        2017100609  3686638      -3.08      85.01  1
        2017100612  3674139      -2.93      85.33  1
        2017100615  3781393      -2.80      85.50  1
        2017100618  3931455      -2.76      85.50  1
        2017100621  4068786      -2.62      85.46  1
        2017100700  4082683      -2.58      85.21  1
        2017100703  4082748      -2.57      84.95  1
        2017100706  4073410      -2.63      84.78  1
        2017100709  4033441      -2.70      84.70  1
        2017100712  3931368      -2.76      84.98  1
        2017100715  3988017      -2.88      85.16  1
        2017100718  4006791      -3.03      85.18  1
        2017100721  4046245      -3.16      85.29  1
        2017100800  4041073      -3.30      85.65  1
        2017100803  4062899      -3.41      86.00  1
        2017100806  4152303      -3.50      86.39  1
        2017100809  4168876      -3.58      86.73  1
        2017100812  4043331      -3.65      87.20  1
        2017100815  4055886      -3.60      87.58  1
        2017100818  4012997      -3.57      87.80  1
        2017100821  3877977      -3.33      88.36  1
        2017100900  3781120      -3.13      88.85  1
        2017100903  3709655      -2.92      89.31  1
        2017100906  3617994      -2.73      89.71  1
        2017100909  3483587      -2.41      90.33  1
        2017100912  3316232      -2.25      91.04  1
        2017100915  3250148      -2.11      91.59  1
        2017100918  3180876      -1.99      92.23  1
        2017100921  3085488      -1.76      92.98  1
        2017101000  2992965      -1.65      93.45  1
        2017101003  2940522      -1.51      93.66  1
        2017101006  2971201      -1.35      93.77  1
        2017101009  3007365      -1.13      94.01  1
        2017101012  2961130      -0.95      94.08  1
        2017101015  2968784      -0.70      94.09  1
        2017101018  3067214      -0.37      94.15  1
        2017101021  3199308      -0.05      94.17  1
        2017101100  3209903       0.16      94.23  1
        2017101103  3173666       0.38      94.22  1
        2017101106  3307933       0.58      94.23  1
        2017101109  3396258       0.71      94.37  1
        2017101112  3348474       0.73      94.45  1
        2017101115  3394472       0.70      94.41  1
        2017101118  3382683       0.69      94.36  1
        2017101121  3468729       0.66      94.33  1
        2017101200  3497177       0.64      94.28  1
        2017101203  3464262       0.55      94.27  1
        2017101206  3463744       0.36      94.40  1
        2017101209  3488667       0.25      94.51  1
        2017101212  3431312       0.09      94.66  1
        2017101215  3404035       0.00      94.87  1
        2017101218  3304380      -0.12      95.09  1
        2017101221  3184665      -0.02      95.52  1
        2017101300  3021035      -0.05      96.16  1
        2017101303  2767965      -0.12      96.80  1
        2017101306  2556896      -0.21      97.62  1
        2017101309  2276075      -0.31      98.27  1
        2017101312  1951547      -0.48      98.23  1
        2017101315  1710182      -0.45      98.38  1
        2017101318  1645173       0.43      99.33  1
        2017101321   787717       5.39     103.35  1
        2017101400   712381       6.74     104.44  1
        2017101403  8281005      12.14     127.14  1
        2017101406  8965212      11.88     125.92  1
        2017101409  9357692      11.83     125.50  1
        2017101412  9535188      11.86     125.47  1
        2017101415  9910626      11.88     125.02  1
        2017101418 10196729      11.97     124.51  1
        2017101421 10502742      12.03     124.13  1
        2017101500 10800323      12.10     123.87  1
        2017101503 11000241      12.17     123.71  1
        2017101506 11832204      12.13     121.63  1
        2017101509 12143184      12.14     121.06  1
        2017101512 12309276      12.15     120.70  1
        2017101515 12384543      12.23     120.19  1
        2017101518 12569728      12.25     119.71  1
        2017101521 12657163      12.26     119.13  1
        2017101600 12697942      12.30     118.72  1
        2017101603 12631061      12.41     118.30  1
        2017101606 12742914      12.45     117.90  1
        2017101609 12488018      12.59     117.97  1
        2017101612 10451601      12.84     123.34  1
        2017101615 10231192      12.89     123.35  1
        2017101618 10142042      12.83     123.45  1
        2017101621  9931192      12.71     123.78  1
        2017101700  9774462      12.53     123.94  1
        2017101703  9506961      12.24     124.00  1
        2017101706  9189822      11.79     124.14  1
        2017101709  8765918      11.25     124.41  1
        2017101712  7552791       8.48     124.88  1
        2017101715  7307459       8.24     125.25  1
        2017101718  7120896       8.14     125.89  1
        2017101721  6980254       8.10     126.55  1
        2017101800  6935570       8.14     126.91  1
        2017101803  6881353       8.22     127.08  1
        2017101806  6905286       8.35     127.31  1
        2017101809  6826254       8.55     127.56  1
        2017101812  6838124       8.79     127.88  1
        2017101815  6894485       9.03     128.04  1
        2017101818  6981819       9.27     128.29  1
        2017101821  6955371       9.54     128.65  1
        2017101900  6820814       9.84     128.94  1
        2017101903  6660136      10.16     129.08  1
        2017101906  6659864      10.36     128.99  1
        2017101909  6548044      10.57     129.05  1
        2017101912  6541654      10.76     128.89  1
        2017101915  6475941      10.97     128.76  1
        2017101918  6548644      11.15     128.70  1
        2017101921  6486734      11.37     128.69  1
        2017102000  6442069      11.68     128.58  1
        2017102003  6357705      11.98     128.43  1
        2017102006  6362830      12.30     128.29  1
        2017102009  6252914      12.57     127.89  1
        2017102012  6199861      12.91     127.68  1
        2017102015  6096197      13.29     127.44  1
        2017102018  6044363      13.82     127.49  1
        2017102021  5959643      14.25     127.33  1
        2017102100  5968532      14.76     127.28  1
        2017102103  5964949      15.35     127.44  1
        2017102106  6041421      16.13     127.78  1
        2017102109  6102939      16.89     128.08  1
        2017102112  6130035      17.63     128.44  1
        2017102115  6132001      18.43     128.81  1
        2017102118  6087685      19.48     129.40  1
        2017102121  6123795      20.37     129.91  1
        2017102200  6097809      21.11     130.30  1
        2017102203  6006472      22.12     130.90  1
        2017102206  5898052      23.20     131.68  1
        2017102209  5580879      24.66     132.85  1
        2017102212  5550746      25.38     133.26  1
        2017102215  5653793      26.58     133.90  1
        2017102218  5643384      27.37     134.32  1
        2017102221  5562064      28.05     134.72  1
        2017102300  5468423      28.46     134.95  1
        2017102303  8070879      22.40     142.41  1
        2017102306  8358245      21.95     142.74  1
        2017102309  8444114      21.67     143.08  1
        2017102312  8528122      21.40     143.27  1
        2017102315  8456162      21.04     143.47  1
        2017102318  8272742      20.89     143.60  1
        2017102321  4522925       9.02     150.65  1
        2017102400  4499176       8.96     149.89  1
        2017102403  4517374       8.93     148.92  1
        2017102406  4447645       8.87     148.00  1
        2017102409  4352822       8.81     147.12  1
        2017102412  4305091       8.76     146.34  1
        2017102415  4315483       8.74     145.38  1
        2017102418  4232633       8.66     144.52  1
        2017102421  4168925       8.64     143.78  1
        2017102500  4068837       8.55     143.12  1
        2017102503  4059430       8.51     142.56  1
        2017102506  4050192       8.38     142.10  1
        2017102509  4045052       8.31     141.79  1
        2017102512  4070766       8.27     141.47  1
        2017102515  4106153       8.32     141.06  1
        2017102518  4112151       8.25     140.75  1
        2017102521  4113540       8.19     140.52  1
        2017102600  4117882       8.19     140.28  1
        2017102603  4018968       8.23     139.92  1
        2017102606  3943767       8.18     139.57  1
        2017102609  3852052       8.18     139.26  1
        2017102612  3779425       8.06     139.05  1
        2017102615  3701870       7.98     138.90  1
        2017102618  3670731       7.58     139.00  1
        2017102621  3719453       7.10     139.37  1
        2017102700  3616557       6.66     139.74  1
        2017102703  3576123       6.33     140.11  1
        2017102706  3399510       5.94     140.54  1
        2017102709  3192768       5.51     140.93  1
        2017102712  3022700       4.88     141.42  1
        2017102715  2147025       0.35     144.47  1
        2017102718  2054940       0.10     144.70  1
        2017102721  1958104       0.07     144.73  1
        2017102800  1892790       0.12     144.65  1
        2017102803  1840552       0.18     144.54  1
        2017102806  1786006       0.26     144.43  1
        2017102809  1679785       0.31     144.37  1
        2017102812  1551169       0.41     144.38  1
        2017102815  1431755       0.48     144.38  1
        2017102818  1385488       0.61     144.34  1
        2017102821  1272121       0.80     144.26  1
        2017102900  1154853       1.02     144.14  1
        2017102903  1028295       1.29     143.97  1
        2017102906   971911       1.54     143.72  1
        2017102909   880081       1.61     143.51  1
        2017102912   786684       1.72     143.41  1
        2017102915   698681       1.82     143.31  1
        2017102918   690192       1.83     143.21  1
        2017102921   551271       1.83     142.81  1
        2017103000   333589       1.81     142.19  1
LPT    16.0200
        2017100306   358172      -5.79      77.10  1
        2017100309   580195      -5.79      77.18  1
        2017100312   710867      -5.70      77.23  1
        2017100315   812324      -5.65      77.35  1
        2017100318   966061      -5.56      77.47  1
        2017100321  1119855      -5.46      77.67  1
        2017100400  1257572      -5.34      77.87  1
        2017100403  1349196      -5.24      78.14  1
        2017100406  1510105      -5.07      78.56  1
        2017100409  1747201      -4.88      78.90  1
        2017100412  1851415      -4.70      79.23  1
        2017100415  1964142      -4.51      79.59  1
        2017100418  2100704      -4.32      79.93  1
        2017100421  2284208      -4.13      80.14  1
        2017100500  2354602      -3.97      80.38  1
        2017100503  2422743      -3.80      80.68  1
        2017100506  2538664      -3.58      81.14  1
        2017100509  2719116      -3.36      81.44  1
        2017100512  2734844      -3.23      81.80  1
        2017100515  2777332      -3.16      82.24  1
        2017100518  3016284      -3.22      82.70  1
        2017100521  3186256      -3.23      83.11  1
        2017100600  3294047      -3.20      83.66  1
        2017100603  3391797      -3.18      84.07  1
        2017100606  3569520      -3.16      84.70  1
        2017100609  3686638      -3.08      85.01  1
        2017100612  3674139      -2.93      85.33  1
        2017100615  3781393      -2.80      85.50  1
        2017100618  3931455      -2.76      85.50  1
        2017100621  4068786      -2.62      85.46  1
        2017100700  4082683      -2.58      85.21  1
        2017100703  4082748      -2.57      84.95  1
        2017100706  4073410      -2.63      84.78  1
        2017100709  4033441      -2.70      84.70  1
        2017100712  3931368      -2.76      84.98  1
        2017100715  3988017      -2.88      85.16  1
        2017100718  4006791      -3.03      85.18  1
        2017100721  4046245      -3.16      85.29  1
        2017100800  4041073      -3.30      85.65  1
        2017100803  4062899      -3.41      86.00  1
        2017100806  4152303      -3.50      86.39  1
        2017100809  4168876      -3.58      86.73  1
        2017100812  4043331      -3.65      87.20  1
        2017100815  4055886      -3.60      87.58  1
        2017100818  4012997      -3.57      87.80  1
        2017100821  3877977      -3.33      88.36  1
        2017100900  3781120      -3.13      88.85  1
        2017100903  3709655      -2.92      89.31  1
        2017100906  3617994      -2.73      89.71  1
        2017100909  3483587      -2.41      90.33  1
        2017100912  3316232      -2.25      91.04  1
        2017100915  3250148      -2.11      91.59  1
        2017100918  3180876      -1.99      92.23  1
        2017100921  3085488      -1.76      92.98  1
        2017101000  2992965      -1.65      93.45  1
        2017101003  2940522      -1.51      93.66  1
        2017101006  2971201      -1.35      93.77  1
        2017101009  3007365      -1.13      94.01  1
        2017101012  2961130      -0.95      94.08  1
        2017101015  2968784      -0.70      94.09  1
        2017101018  3067214      -0.37      94.15  1
        2017101021  3199308      -0.05      94.17  1
        2017101100  3209903       0.16      94.23  1
        2017101103  3173666       0.38      94.22  1
        2017101106  3307933       0.58      94.23  1
        2017101109  3396258       0.71      94.37  1
        2017101112  3348474       0.73      94.45  1
        2017101115  3394472       0.70      94.41  1
        2017101118  3382683       0.69      94.36  1
        2017101121  3468729       0.66      94.33  1
        2017101200  3497177       0.64      94.28  1
        2017101203  3464262       0.55      94.27  1
        2017101206  3463744       0.36      94.40  1
        2017101209  3488667       0.25      94.51  1
        2017101212  3431312       0.09      94.66  1
        2017101215  3404035       0.00      94.87  1
        2017101218  3304380      -0.12      95.09  1
        2017101221  3184665      -0.02      95.52  1
        2017101300  3021035      -0.05      96.16  1
        2017101303  2767965      -0.12      96.80  1
        2017101306  2556896      -0.21      97.62  1
        2017101309  2276075      -0.31      98.27  1
        2017101312  1951547      -0.48      98.23  1
        2017101315  1710182      -0.45      98.38  1
        2017101318  1645173       0.43      99.33  1
        2017101321   787717       5.39     103.35  1
        2017101400   712381       6.74     104.44  1
        2017101403  8281005      12.14     127.14  1
        2017101406  8965212      11.88     125.92  1
        2017101409  9357692      11.83     125.50  1
        2017101412  9535188      11.86     125.47  1
        2017101415  9910626      11.88     125.02  1
        2017101418 10196729      11.97     124.51  1
        2017101421 10502742      12.03     124.13  1
        2017101500 10800323      12.10     123.87  1
        2017101503 11000241      12.17     123.71  1
        2017101506 11832204      12.13     121.63  1
        2017101509 12143184      12.14     121.06  1
        2017101512 12309276      12.15     120.70  1
        2017101515 12384543      12.23     120.19  1
        2017101518 12569728      12.25     119.71  1
        2017101521 12657163      12.26     119.13  1
        2017101600 12697942      12.30     118.72  1
        2017101603 12631061      12.41     118.30  1
        2017101606 12742914      12.45     117.90  1
        2017101609 12488018      12.59     117.97  1
        2017101612  1855148      11.49      88.02  1
        2017101615  1834262      11.55      87.79  1
        2017101618  1849394      11.54      87.66  1
        2017101621  1879100      11.60      87.42  1
        2017101700  1889507      11.61      87.28  1
        2017101703  1879285      11.66      87.23  1
        2017101706  1886300      11.73      87.12  1
        2017101709  1825875      11.85      87.05  1
        2017101712  1710450      11.96      86.89  1
        2017101715  1622572      12.02      86.90  1
        2017101718  1529324      12.10      86.88  1
        2017101721  1508773      12.27      87.17  1
        2017101800  1447672      12.42      87.24  1
        2017101803  1350621      12.68      87.39  1
        2017101806  1298163      12.93      87.43  1
        2017101809  1209067      13.16      87.65  1
        2017101812  1137157      13.27      87.75  1
        2017101815  1081796      13.39      87.91  1
        2017101818  1077984      13.56      88.10  1
        2017101821  1088991      13.78      88.33  1
        2017101900  1145550      14.15      88.60  1
        2017101903  1149949      14.60      88.78  1
        2017101906  1186250      15.05      88.90  1
        2017101909  1127082      15.53      89.22  1
        2017101912  1144579      15.85      89.37  1
        2017101915  1161502      16.12      89.41  1
        2017101918  1201312      16.39      89.41  1
        2017101921  1246218      16.65      89.37  1
        2017102000  1218583      17.03      89.30  1
        2017102003  1230272      17.48      89.26  1
        2017102006  1232550      17.89      89.28  1
        2017102009  1244500      18.37      89.36  1
        2017102012  1257890      18.74      89.36  1
        2017102015  1302599      19.08      89.38  1
        2017102018  1343950      19.36      89.33  1
        2017102021  1391602      19.56      89.37  1
        2017102100  1379169      19.82      89.33  1
        2017102103  1418143      20.08      89.37  1
        2017102106  1430357      20.40      89.45  1
        2017102109  1402104      20.72      89.63  1
        2017102112  1378297      20.96      89.75  1
        2017102115  1375768      21.16      89.88  1
        2017102118  1401039      21.37      90.08  1
        2017102121  1380085      21.61      90.29  1
        2017102200  1330094      21.75      90.43  1
        2017102203  1224867      21.92      90.53  1
        2017102206  1094240      22.17      90.68  1
        2017102209   965549      22.51      90.96  1
        2017102212   849625      22.71      91.11  1
        2017102215   732458      22.93      91.24  1
        2017102218   612261      23.11      91.38  1
        2017102221   483804      23.30      91.53  1
        2017102300   345175      23.43      91.63  1
LPT    16.0300
        2017100812   364318      17.33     123.09  1
        2017100815   599910      17.20     123.21  1
        2017100818   836042      16.83     123.71  1
        2017100821  1024921      16.74     123.59  1
        2017100900  1155657      16.62     123.52  1
        2017100903  1202435      16.59     123.33  1
        2017100906  1404810      16.74     122.33  1
        2017100909  1543777      16.73     122.08  1
        2017100912  1681648      16.60     122.51  1
        2017100915  1869757      16.58     122.48  1
        2017100918  2637935      16.18     125.20  1
        2017100921  2960529      16.11     125.59  1
        2017101000  3110173      16.12     125.75  1
        2017101003  3262671      16.14     125.97  1
        2017101006  3245551      16.19     125.57  1
        2017101009  3317498      16.32     124.71  1
        2017101012  3328325      16.33     124.50  1
        2017101015  3374773      16.33     124.34  1
        2017101018  3427530      16.35     123.99  1
        2017101021  3450001      16.45     123.39  1
        2017101100  3562058      16.46     123.37  1
        2017101103  1817239      14.55     136.47  1
        2017101106  1826184      14.63     136.50  1
        2017101109  1824664      14.62     136.52  1
        2017101112  1885283      14.59     136.42  1
        2017101115  2069066      14.47     136.41  1
        2017101118  2228335      14.36     136.24  1
        2017101121  2367102      14.29     136.03  1
        2017101200  2499519      14.19     135.83  1
        2017101203  2724228      14.12     135.43  1
        2017101206  2917775      14.16     134.75  1
        2017101209  2923824      14.20     134.36  1
        2017101212  3064159      14.13     134.16  1
        2017101215  3319337      14.06     133.85  1
        2017101218  3840889      13.66     134.03  1
        2017101221  4198318      13.31     134.26  1
        2017101300  4478500      13.06     134.47  1
        2017101303  4752347      12.89     134.48  1
        2017101306  5028173      12.83     134.07  1
        2017101309  5298898      12.80     133.76  1
        2017101312  5570923      12.84     133.23  1
        2017101315  5875639      12.86     132.85  1
        2017101318  6242275      13.00     131.85  1
        2017101321  6543866      12.97     131.24  1
        2017101400  6946764      12.87     130.48  1
        2017101403  8281005      12.14     127.14  1
        2017101406  8965212      11.88     125.92  1
        2017101409  9357692      11.83     125.50  1
        2017101412  9535188      11.86     125.47  1
        2017101415  9910626      11.88     125.02  1
        2017101418 10196729      11.97     124.51  1
        2017101421 10502742      12.03     124.13  1
        2017101500 10800323      12.10     123.87  1
        2017101503 11000241      12.17     123.71  1
        2017101506 11832204      12.13     121.63  1
        2017101509 12143184      12.14     121.06  1
        2017101512 12309276      12.15     120.70  1
        2017101515 12384543      12.23     120.19  1
        2017101518 12569728      12.25     119.71  1
        2017101521 12657163      12.26     119.13  1
        2017101600 12697942      12.30     118.72  1
        2017101603 12631061      12.41     118.30  1
        2017101606 12742914      12.45     117.90  1
        2017101609 12488018      12.59     117.97  1
        2017101612 10451601      12.84     123.34  1
        2017101615 10231192      12.89     123.35  1
        2017101618 10142042      12.83     123.45  1
        2017101621  9931192      12.71     123.78  1
        2017101700  9774462      12.53     123.94  1
        2017101703  9506961      12.24     124.00  1
        2017101706  9189822      11.79     124.14  1
        2017101709  8765918      11.25     124.41  1
        2017101712  7552791       8.48     124.88  1
        2017101715  7307459       8.24     125.25  1
        2017101718  7120896       8.14     125.89  1
        2017101721  6980254       8.10     126.55  1
        2017101800  6935570       8.14     126.91  1
        2017101803  6881353       8.22     127.08  1
        2017101806  6905286       8.35     127.31  1
        2017101809  6826254       8.55     127.56  1
        2017101812  6838124       8.79     127.88  1
        2017101815  6894485       9.03     128.04  1
        2017101818  6981819       9.27     128.29  1
        2017101821  6955371       9.54     128.65  1
        2017101900  6820814       9.84     128.94  1
        2017101903  6660136      10.16     129.08  1
        2017101906  6659864      10.36     128.99  1
        2017101909  6548044      10.57     129.05  1
        2017101912  6541654      10.76     128.89  1
        2017101915  6475941      10.97     128.76  1
        2017101918  6548644      11.15     128.70  1
        2017101921  6486734      11.37     128.69  1
        2017102000  6442069      11.68     128.58  1
        2017102003  6357705      11.98     128.43  1
        2017102006  6362830      12.30     128.29  1
        2017102009  6252914      12.57     127.89  1
        2017102012  6199861      12.91     127.68  1
        2017102015  6096197      13.29     127.44  1
        2017102018  6044363      13.82     127.49  1
        2017102021  5959643      14.25     127.33  1
        2017102100  5968532      14.76     127.28  1
        2017102103  5964949      15.35     127.44  1
        2017102106  6041421      16.13     127.78  1
        2017102109  6102939      16.89     128.08  1
        2017102112  6130035      17.63     128.44  1
        2017102115  6132001      18.43     128.81  1
        2017102118  6087685      19.48     129.40  1
        2017102121  6123795      20.37     129.91  1
        2017102200  6097809      21.11     130.30  1
        2017102203  6006472      22.12     130.90  1
        2017102206  5898052      23.20     131.68  1
        2017102209  5580879      24.66     132.85  1
        2017102212  5550746      25.38     133.26  1
        2017102215  5653793      26.58     133.90  1
        2017102218  5643384      27.37     134.32  1
        2017102221  5562064      28.05     134.72  1
        2017102300  5468423      28.46     134.95  1
        2017102303  8070879      22.40     142.41  1
        2017102306  8358245      21.95     142.74  1
        2017102309  8444114      21.67     143.08  1
        2017102312  8528122      21.40     143.27  1
        2017102315  8456162      21.04     143.47  1
        2017102318  8272742      20.89     143.60  1
        2017102321  4522925       9.02     150.65  1
        2017102400  4499176       8.96     149.89  1
        2017102403  4517374       8.93     148.92  1
        2017102406  4447645       8.87     148.00  1
        2017102409  4352822       8.81     147.12  1
        2017102412  4305091       8.76     146.34  1
        2017102415  4315483       8.74     145.38  1
        2017102418  4232633       8.66     144.52  1
        2017102421  4168925       8.64     143.78  1
        2017102500  4068837       8.55     143.12  1
        2017102503  4059430       8.51     142.56  1
        2017102506  4050192       8.38     142.10  1
        2017102509  4045052       8.31     141.79  1
        2017102512  4070766       8.27     141.47  1
        2017102515  4106153       8.32     141.06  1
        2017102518  4112151       8.25     140.75  1
        2017102521  4113540       8.19     140.52  1
        2017102600  4117882       8.19     140.28  1
        2017102603  4018968       8.23     139.92  1
        2017102606  3943767       8.18     139.57  1
        2017102609  3852052       8.18     139.26  1
        2017102612  3779425       8.06     139.05  1
        2017102615  3701870       7.98     138.90  1
        2017102618  3670731       7.58     139.00  1
        2017102621  3719453       7.10     139.37  1
        2017102700  3616557       6.66     139.74  1
        2017102703  3576123       6.33     140.11  1
        2017102706  3399510       5.94     140.54  1
        2017102709  3192768       5.51     140.93  1
        2017102712  3022700       4.88     141.42  1
        2017102715  2147025       0.35     144.47  1
        2017102718  2054940       0.10     144.70  1
        2017102721  1958104       0.07     144.73  1
        2017102800  1892790       0.12     144.65  1
        2017102803  1840552       0.18     144.54  1
        2017102806  1786006       0.26     144.43  1
        2017102809  1679785       0.31     144.37  1
        2017102812  1551169       0.41     144.38  1
        2017102815  1431755       0.48     144.38  1
        2017102818  1385488       0.61     144.34  1
        2017102821  1272121       0.80     144.26  1
        2017102900  1154853       1.02     144.14  1
        2017102903  1028295       1.29     143.97  1
        2017102906   971911       1.54     143.72  1
        2017102909   880081       1.61     143.51  1
        2017102912   786684       1.72     143.41  1
        2017102915   698681       1.82     143.31  1
        2017102918   690192       1.83     143.21  1
        2017102921   551271       1.83     142.81  1
        2017103000   333589       1.81     142.19  1
LPT    16.0400
        2017100812   364318      17.33     123.09  1
        2017100815   599910      17.20     123.21  1
        2017100818   836042      16.83     123.71  1
        2017100821  1024921      16.74     123.59  1
        2017100900  1155657      16.62     123.52  1
        2017100903  1202435      16.59     123.33  1
        2017100906  1404810      16.74     122.33  1
        2017100909  1543777      16.73     122.08  1
        2017100912  1681648      16.60     122.51  1
        2017100915  1869757      16.58     122.48  1
        2017100918  2637935      16.18     125.20  1
        2017100921  2960529      16.11     125.59  1
        2017101000  3110173      16.12     125.75  1
        2017101003  3262671      16.14     125.97  1
        2017101006  3245551      16.19     125.57  1
        2017101009  3317498      16.32     124.71  1
        2017101012  3328325      16.33     124.50  1
        2017101015  3374773      16.33     124.34  1
        2017101018  3427530      16.35     123.99  1
        2017101021  3450001      16.45     123.39  1
        2017101100  3562058      16.46     123.37  1
        2017101103  1817239      14.55     136.47  1
        2017101106  1826184      14.63     136.50  1
        2017101109  1824664      14.62     136.52  1
        2017101112  1885283      14.59     136.42  1
        2017101115  2069066      14.47     136.41  1
        2017101118  2228335      14.36     136.24  1
        2017101121  2367102      14.29     136.03  1
        2017101200  2499519      14.19     135.83  1
        2017101203  2724228      14.12     135.43  1
        2017101206  2917775      14.16     134.75  1
        2017101209  2923824      14.20     134.36  1
        2017101212  3064159      14.13     134.16  1
        2017101215  3319337      14.06     133.85  1
        2017101218  3840889      13.66     134.03  1
        2017101221  4198318      13.31     134.26  1
        2017101300  4478500      13.06     134.47  1
        2017101303  4752347      12.89     134.48  1
        2017101306  5028173      12.83     134.07  1
        2017101309  5298898      12.80     133.76  1
        2017101312  5570923      12.84     133.23  1
        2017101315  5875639      12.86     132.85  1
        2017101318  6242275      13.00     131.85  1
        2017101321  6543866      12.97     131.24  1
        2017101400  6946764      12.87     130.48  1
        2017101403  8281005      12.14     127.14  1
        2017101406  8965212      11.88     125.92  1
        2017101409  9357692      11.83     125.50  1
        2017101412  9535188      11.86     125.47  1
        2017101415  9910626      11.88     125.02  1
        2017101418 10196729      11.97     124.51  1
        2017101421 10502742      12.03     124.13  1
        2017101500 10800323      12.10     123.87  1
        2017101503 11000241      12.17     123.71  1
        2017101506 11832204      12.13     121.63  1
        2017101509 12143184      12.14     121.06  1
        2017101512 12309276      12.15     120.70  1
        2017101515 12384543      12.23     120.19  1
        2017101518 12569728      12.25     119.71  1
        2017101521 12657163      12.26     119.13  1
        2017101600 12697942      12.30     118.72  1
        2017101603 12631061      12.41     118.30  1
        2017101606 12742914      12.45     117.90  1
        2017101609 12488018      12.59     117.97  1
        2017101612  1855148      11.49      88.02  1
        2017101615  1834262      11.55      87.79  1
        2017101618  1849394      11.54      87.66  1
        2017101621  1879100      11.60      87.42  1
        2017101700  1889507      11.61      87.28  1
        2017101703  1879285      11.66      87.23  1
        2017101706  1886300      11.73      87.12  1
        2017101709  1825875      11.85      87.05  1
        2017101712  1710450      11.96      86.89  1
        2017101715  1622572      12.02      86.90  1
        2017101718  1529324      12.10      86.88  1
        2017101721  1508773      12.27      87.17  1
        2017101800  1447672      12.42      87.24  1
        2017101803  1350621      12.68      87.39  1
        2017101806  1298163      12.93      87.43  1
        2017101809  1209067      13.16      87.65  1
        2017101812  1137157      13.27      87.75  1
        2017101815  1081796      13.39      87.91  1
        2017101818  1077984      13.56      88.10  1
        2017101821  1088991      13.78      88.33  1
        2017101900  1145550      14.15      88.60  1
        2017101903  1149949      14.60      88.78  1
        2017101906  1186250      15.05      88.90  1
        2017101909  1127082      15.53      89.22  1
        2017101912  1144579      15.85      89.37  1
        2017101915  1161502      16.12      89.41  1
        2017101918  1201312      16.39      89.41  1
        2017101921  1246218      16.65      89.37  1
        2017102000  1218583      17.03      89.30  1
        2017102003  1230272      17.48      89.26  1
        2017102006  1232550      17.89      89.28  1
        2017102009  1244500      18.37      89.36  1
        2017102012  1257890      18.74      89.36  1
        2017102015  1302599      19.08      89.38  1
        2017102018  1343950      19.36      89.33  1
        2017102021  1391602      19.56      89.37  1
        2017102100  1379169      19.82      89.33  1
        2017102103  1418143      20.08      89.37  1
        2017102106  1430357      20.40      89.45  1
        2017102109  1402104      20.72      89.63  1
        2017102112  1378297      20.96      89.75  1
        2017102115  1375768      21.16      89.88  1
        2017102118  1401039      21.37      90.08  1
        2017102121  1380085      21.61      90.29  1
        2017102200  1330094      21.75      90.43  1
        2017102203  1224867      21.92      90.53  1
        2017102206  1094240      22.17      90.68  1
        2017102209   965549      22.51      90.96  1
        2017102212   849625      22.71      91.11  1
        2017102215   732458      22.93      91.24  1
        2017102218   612261      23.11      91.38  1
        2017102221   483804      23.30      91.53  1
        2017102300   345175      23.43      91.63  1
LPT    17.0100
        2017102921   332356       6.52     112.45  1
        2017103000   342309       6.56     112.18  1
        2017103003   358418       6.56     111.93  1
        2017103006   445954       6.47     111.61  1
        2017103009   464348       6.50     111.45  1
        2017103012   479710       6.48     111.44  1
        2017103015   531134       6.46     111.37  1
        2017103018   711692       6.24     111.02  1
        2017103021  1256622       4.81     108.38  1
        2017103100  1534800       4.39     107.66  1
        2017103103  1699140       4.07     107.11  1
        2017103106  2014196       3.78     106.70  1
        2017103109  2202655       3.74     106.45  1
        2017103112  2286416       3.74     106.23  1
        2017103115  2401383       3.84     106.07  1
        2017103118  2569697       4.03     106.05  1
        2017103121  2774348       4.14     105.89  1
        2017110100  2836653       4.31     105.89  1
        2017110103  2934516       4.42     105.79  1
        2017110106  3605918       5.62     108.41  1
        2017110109  3825436       5.73     108.52  1
        2017110112  3915132       5.81     108.53  1
        2017110115  4052438       5.93     108.48  1
        2017110118  4125607       6.13     108.74  1
        2017110121  4816973       6.12     105.86  1
        2017110200  5073383       6.26     105.16  1
        2017110203  5224778       6.33     104.36  1
        2017110206  5493189       6.39     103.64  1
        2017110209  5556429       6.38     103.03  1
        2017110212  5564780       6.31     102.49  1
        2017110215  5595627       6.17     102.14  1
        2017110218  5873909       6.03     101.77  1
        2017110221  6064997       5.85     100.93  1
        2017110300  6122512       5.65     100.43  1
        2017110303  6192673       5.44      99.41  1
        2017110306  6471879       5.19      98.49  1
        2017110309  6622500       4.82      96.92  1
        2017110312  6640594       4.49      95.90  1
        2017110315  6718682       4.22      94.92  1
        2017110318  6911154       3.96      93.90  1
        2017110321  7031760       3.65      92.53  1
        2017110400  7013108       3.56      92.21  1
        2017110403  6984971       3.52      91.86  1
        2017110406  6780964       3.51      91.49  1
        2017110409  6627636       3.29      90.44  2
        2017110412  6628650       3.35      90.35  2
        2017110415  6654575       3.48      90.52  2
        2017110418  6670623       3.46      90.55  2
        2017110421  6885340       3.57      90.80  1
        2017110500  7019329       3.72      91.14  1
        2017110503  7147166       3.84      91.22  1
        2017110506  7230198       4.10      91.74  1
        2017110509  7228968       4.23      91.81  1
        2017110512  7176106       4.44      92.10  1
        2017110515  7223458       4.71      92.43  1
        2017110518  7391941       4.93      92.75  1
        2017110521  7265264       4.97      92.39  1
        2017110600  7202696       5.17      92.81  1
        2017110603  6863480       5.26      92.74  1
        2017110606  6710429       5.31      92.92  1
        2017110609  6485548       5.32      92.71  1
        2017110612  6290488       5.51      93.18  1
        2017110615  6182514       5.66      93.60  1
        2017110618  4387743       1.49      85.43  1
        2017110621  4279779       1.58      85.94  1
        2017110700  4138577       1.69      87.01  1
        2017110703  4073863       1.70      87.45  1
        2017110706  4135528       1.66      87.97  1
        2017110709  4307281       1.63      88.69  1
        2017110712  4414272       1.62      89.34  1
        2017110715  4561442       1.55      89.72  1
        2017110718  4724619       1.51      89.94  1
        2017110721  4856863       1.54      89.94  1
        2017110800  4828194       1.58      90.21  1
        2017110803  4786604       1.57      90.35  1
        2017110806  4725502       1.57      90.89  1
        2017110809  4678259       1.61      91.32  1
        2017110812  4531558       1.62      92.12  1
        2017110815  4486542       1.60      92.64  1
        2017110818  4398524       1.51      93.20  1
        2017110821  4362204       1.40      93.61  1
        2017110900  4337454       1.24      94.03  1
        2017110903  4213652       0.97      94.36  1
        2017110906  4201303       0.89      94.48  1
        2017110909  4212825       0.79      94.54  1
        2017110912  4172858       0.72      94.76  1
        2017110915  4226028       0.72      94.60  1
        2017110918  4278485       0.74      94.20  1
        2017110921  4381706       0.84      93.86  1
        2017111000  4380186       0.91      93.78  1
        2017111003  4280231       1.00      93.51  1
        2017111006  4141500       1.16      93.19  1
        2017111009  3945630       1.34      93.09  1
        2017111012  3688741       1.54      93.02  1
        2017111015  3360798       1.74      92.88  1
        2017111018  3021803       1.96      92.87  1
        2017111021  2765764       2.26      92.95  1
        2017111100  2579987       2.41      93.03  1
        2017111103  2478606       2.69      92.81  1
        2017111106  2406996       2.88      92.60  1
        2017111109  2230313       3.11      92.46  1
        2017111112  2178518       3.22      92.36  1
        2017111115  2177382       3.40      92.21  1
        2017111118  2131261       3.75      91.81  1
        2017111121  2214139       4.06      91.76  1
        2017111200  2107064       4.47      91.50  1
        2017111203  1969959       4.87      91.17  1
        2017111206  1844629       5.24      90.80  1
        2017111209  1731817       5.73      90.57  1
        2017111212  1484748       6.65      89.85  1
        2017111215  1311110       7.75      89.10  1
        2017111218   910365       9.83      87.48  1
        2017111221   848371      10.63      87.08  1
        2017111300   800433      11.00      86.94  1
        2017111303   778519      11.28      86.86  1
        2017111306   776689      11.40      86.89  1
        2017111309   777494      11.65      86.82  1
        2017111312   713694      11.77      86.78  1
        2017111315   652997      11.87      86.75  1
        2017111318   590781      11.99      86.71  1
        2017111321   491841      12.00      86.75  1
        2017111400   375232      12.21      86.43  1
LPT    18.0100
        2017111703   319552     -23.76     181.30  1
        2017111706   564228     -24.02     181.40  1
        2017111709   847811     -24.16     181.49  1
        2017111712  1098601     -23.92     181.69  1
        2017111715  1459166     -23.87     181.78  1
        2017111718  1785561     -23.91     181.93  1
        2017111721  2028442     -23.88     182.06  1
        2017111800  2224170     -23.63     182.29  1
        2017111803  2383239     -23.82     182.38  1
        2017111806  2481938     -24.10     182.50  1
        2017111809  2604571     -24.55     182.65  1
        2017111812  2673858     -24.88     182.74  1
        2017111815  2768297     -25.38     182.79  1
        2017111818  2853728     -25.85     182.93  1
        2017111821  2955987     -26.08     183.02  1
        2017111900  3063322     -25.81     182.86  1
        2017111903  3132559     -25.91     182.80  1
        2017111906  3103562     -26.02     182.92  1
        2017111909  3092267     -26.08     183.02  1
        2017111912  2961154     -26.25     183.15  1
        2017111915  2843946     -26.25     183.09  1
        2017111918   480332     -12.11     175.90  1
        2017111921   366335     -11.56     175.14  1
        2017112000   312907     -11.30     174.77  1
        2017112300   355395     -12.90     175.32  1
        2017112303   470513     -12.92     175.22  1
        2017112306   612057     -12.88     175.10  1
        2017112309   721982     -12.85     175.06  1
        2017112312   841039     -12.78     175.00  1
        2017112315  1009954     -12.88     174.94  1
        2017112318  1082475     -12.98     175.05  1
        2017112321  1132381     -13.08     175.17  1
        2017112400  1192320     -13.11     175.36  1
        2017112403  1166613     -13.15     175.61  1
        2017112406  1044187     -13.15     175.85  1
        2017112409   958419     -13.20     175.98  1
        2017112412   880783     -13.28     176.09  1
        2017112415   680798     -13.36     176.34  1
        2017112418   480897     -13.42     176.66  1
        2017112421   332824     -13.49     177.20  1
LPT    19.0100
        2017112015   555566      -3.87     119.99  1
        2017112018   951199      -4.55     119.19  1
        2017112021  1369461      -4.91     118.42  1
        2017112100  1646285      -5.07     117.81  1
        2017112103  1831301      -5.29     117.50  1
        2017112106  2029575      -5.58     117.11  1
        2017112109  2120497      -5.63     116.87  1
        2017112112  2209060      -5.68     116.85  1
        2017112115  2314924      -5.63     116.96  1
        2017112118  2466372      -5.55     117.13  1
        2017112121  2511892      -5.57     117.31  1
        2017112200  2626740      -5.45     117.76  1
        2017112203  2703988      -5.32     118.12  1
        2017112206  2854230      -5.09     118.20  1
        2017112209  2881658      -4.93     118.11  1
        2017112212  2917066      -4.88     118.00  1
        2017112215  2929479      -4.86     117.87  1
        2017112218  2944116      -4.87     117.55  1
        2017112221  2843985      -4.86     117.17  1
        2017112300  2622971      -4.95     116.83  1
        2017112303  2337956      -5.12     116.43  1
        2017112306  2112278      -5.18     115.99  1
        2017112309  1898429      -5.35     115.40  1
        2017112312  1743818      -5.45     115.13  1
        2017112315  1664530      -5.52     114.88  1
        2017112318  1648509      -5.49     114.72  1
        2017112321  1630329      -5.41     114.60  1
        2017112400  1600004      -5.25     114.27  1
        2017112403  1569665      -5.10     113.94  1
        2017112406  5481832      -0.80      97.43  1
        2017112409  5546497      -0.46      97.42  1
        2017112412  5602090      -0.20      97.47  1
        2017112415  5665072      -0.01      97.35  1
        2017112418  5790417       0.13      97.46  1
        2017112421  5849735       0.25      97.40  1
        2017112500  5917555       0.29      97.43  1
        2017112503  5895369       0.37      97.30  1
        2017112506  5946926       0.48      97.33  1
        2017112509  5884007       0.59      97.23  1
        2017112512  5846930       0.70      97.27  1
        2017112515  5897324       0.78      97.26  1
        2017112518  5814730       0.88      97.25  1
        2017112521  5857251       0.98      97.11  1
        2017112600  5874407       1.00      97.11  1
        2017112603  5909362       1.02      97.20  1
        2017112606  5962008       1.07      97.30  1
        2017112609  5974134       1.01      97.49  1
        2017112612  6041621       0.99      97.58  1
        2017112615  6173597       0.93      97.67  1
        2017112618  6207354       0.90      97.79  1
        2017112621  6291773       0.79      98.01  1
        2017112700  6323123       0.74      98.17  1
        2017112703  6323909       0.69      98.35  1
        2017112706  6396004       0.65      98.49  1
        2017112709  6362550       0.55      98.85  1
        2017112712  6405637       0.46      99.09  1
        2017112715  6590048       0.39      99.49  1
        2017112718  6924937       0.31     100.14  1
        2017112721  7181081       0.24     100.59  1
        2017112800  7238127       0.24     100.70  1
        2017112803  7319813       0.26     100.83  1
        2017112806  7536027       0.29     101.08  1
        2017112809  7589046       0.30     101.01  1
        2017112812  7659861       0.34     100.96  1
        2017112815  7769791       0.35     100.93  1
        2017112818  7931053       0.37     100.93  1
        2017112821  8227427       0.41     100.74  1
        2017112900  8308130       0.42     100.80  1
        2017112903  8763296       0.20     101.77  1
        2017112906  8988880       0.07     101.88  1
        2017112909  9022849      -0.01     101.73  1
        2017112912  9083867      -0.11     102.01  1
        2017112915  9084472      -0.20     102.23  1
        2017112918  9019535      -0.35     102.55  2
        2017112921  9136622      -0.37     102.54  2
        2017113000  9085323      -0.40     102.66  2
        2017113003  9008554      -0.37     102.44  2
        2017113006  8908354      -0.40     102.27  2
        2017113009  8923738      -0.42     102.20  2
        2017113012  9071442      -0.43     102.12  2
        2017113015  9197316      -0.44     102.16  2
        2017113018  9242143      -0.50     102.16  2
        2017113021  9232768      -0.54     102.05  2
        2017120100  9188725      -0.50     101.74  2
        2017120103  9178770      -0.48     101.47  2
        2017120106  9194456      -0.51     101.22  2
        2017120109  9015904      -0.53     100.85  2
        2017120112  8848060      -0.54     100.72  2
        2017120115  8740610      -0.53     100.38  2
        2017120118  8686808      -0.52     100.22  2
        2017120121  8423549      -0.42      99.70  2
        2017120200  7958518      -0.40      99.28  2
        2017120203  4052930       5.90      86.54  2
        2017120206  3992146       6.06      86.20  2
        2017120209  3915572       6.18      85.88  2
        2017120212  3901347       6.25      85.74  2
        2017120215  4019122       6.30      85.80  2
        2017120218  4099526       6.32      85.84  2
        2017120221  4284871       6.26      85.92  1
        2017120300  4316900       6.26      85.75  1
        2017120303  4298558       6.23      85.54  1
        2017120306  4344042       6.16      85.65  1
        2017120309  4386086       6.13      85.47  1
        2017120312  4310903       6.11      85.48  1
        2017120315  4331128       6.03      85.74  1
        2017120318  4422185       6.00      86.01  1
        2017120321  4579423       5.94      86.39  1
        2017120400  4538147       5.90      86.70  1
        2017120403  4359275       5.94      86.98  1
        2017120406  2934134       4.67      93.86  1
        2017120409  2905208       4.75      93.93  1
        2017120412  2919513       4.79      93.98  1
        2017120415  3000535       4.84      93.96  1
        2017120418  3056953       4.89      93.89  1
        2017120421  3121230       4.89      93.91  1
        2017120500  3180679       4.94      93.96  1
        2017120503  3280701       5.00      93.98  1
        2017120506  3410606       5.05      93.99  1
        2017120509  3486938       5.11      94.06  1
        2017120512  3550778       5.21      94.13  1
        2017120515  3648808       5.32      94.19  1
        2017120518  3712615       5.39      94.26  1
        2017120521  3695869       5.48      94.25  1
        2017120600  3676474       5.64      94.28  1
        2017120603  3669719       5.83      94.12  1
        2017120606  3698999       5.99      93.84  1
        2017120609  3611800       6.21      93.64  1
        2017120612  3576178       6.36      93.57  1
        2017120615  3593338       6.48      93.46  1
        2017120618  3579179       6.69      93.18  1
        2017120621  3471275       6.89      92.97  1
        2017120700  3374088       7.10      92.82  1
        2017120703  3324500       7.25      92.65  1
        2017120706  3240126       7.47      92.45  1
        2017120709  3125452       7.80      92.34  1
        2017120712  2989318       8.07      92.24  1
        2017120715  2858195       8.40      92.08  1
        2017120718  2721154       8.93      91.84  1
        2017120721  2525221       9.49      91.68  1
        2017120800  2293873      10.18      91.31  1
        2017120803  2131125      10.85      90.95  1
        2017120806  1947866      11.48      90.62  1
        2017120809  1759715      12.01      90.35  1
        2017120812  1590179      12.52      90.11  1
        2017120815  1422075      13.01      89.86  1
        2017120818  1208295      13.59      89.58  1
        2017120821  1022362      14.14      89.32  1
        2017120900   913004      14.56      89.12  1
        2017120903   794908      15.01      88.91  1
        2017120906   653970      15.53      88.74  1
        2017120909   478175      15.98      88.62  1
        2017120912   369209      16.30      88.54  1
LPT    20.0100
        2017113012   323178       3.36     160.26  1
        2017113015   695925       2.76     159.94  1
        2017113018  1074798       1.33     160.38  1
        2017113021  1906725      -1.19     161.28  1
        2017120100  2336535      -2.21     161.41  1
        2017120103  2893018      -2.84     161.26  1
        2017120106  3164416      -3.04     161.07  1
        2017120109  3402672      -3.21     160.94  1
        2017120112  3703965      -3.27     160.78  1
        2017120115  4014482      -3.29     160.56  1
        2017120118  4120493      -3.13     160.29  1
        2017120121  4225409      -3.08     160.10  1
        2017120200  4306806      -3.01     159.91  1
        2017120203  4532059      -3.03     159.70  1
        2017120206  4590365      -3.00     159.59  1
        2017120209  4675857      -3.23     159.57  1
        2017120212  4742679      -3.48     159.56  1
        2017120215  4805218      -3.77     159.49  1
        2017120218  4863475      -4.07     159.40  1
        2017120221  4860080      -4.40     159.38  1
        2017120300  4813215      -4.81     159.43  1
        2017120303  4843728      -5.16     159.47  1
        2017120306  4833805      -5.42     159.47  1
        2017120309  4867951      -5.57     159.52  1
        2017120312  5036156      -5.46     159.25  1
        2017120315  5030863      -5.34     158.98  1
        2017120318  5057616      -5.06     158.57  1
        2017120321  5145375      -4.74     158.07  1
        2017120400  5166163      -4.40     157.47  1
        2017120403  5243349      -4.07     156.81  1
        2017120406  5115521      -3.76     156.24  1
        2017120409  5109083      -3.65     155.91  1
        2017120412  5161252      -3.50     155.42  1
        2017120415  5159025      -3.50     154.87  1
        2017120418  5199228      -3.44     154.31  1
        2017120421  5218764      -3.53     154.15  1
        2017120500  5150462      -3.62     154.02  1
        2017120503  5162971      -3.77     154.12  1
        2017120506  5034126      -3.87     154.11  1
        2017120509  4952585      -4.01     154.31  1
        2017120512  4945557      -4.09     154.52  1
        2017120515  4897371      -4.13     154.71  1
        2017120518  4926094      -4.06     154.80  1
        2017120521  4844251      -3.99     154.90  1
        2017120600  4767914      -3.87     154.90  1
        2017120603  4716689      -3.84     154.99  1
        2017120606  4604095      -3.75     154.85  1
        2017120609  4485772      -3.75     154.78  1
        2017120612  4393310      -3.69     154.49  1
        2017120615  4289981      -3.69     154.11  1
        2017120618  4263360      -3.75     153.90  1
        2017120621  4068997      -3.78     153.64  1
        2017120700  3838838      -3.73     153.26  1
        2017120703  3460306      -3.67     152.85  1
        2017120706  3034700      -3.32     152.11  1
        2017120709  2280530      -1.62     149.18  1
        2017120712  2175020      -1.41     148.97  1
        2017120715  1979365      -1.27     148.96  1
        2017120718  1907019      -1.00     149.28  1
        2017120721  1772229      -0.77     149.64  1
        2017120800  1771432      -0.58     149.86  1
        2017120803  1830702      -0.40     149.87  1
        2017120806  1913755      -0.45     149.79  1
        2017120809  1942898      -0.52     149.70  1
        2017120812  2053655      -0.61     149.50  1
        2017120815  2172000      -0.87     149.26  1
        2017120818  2237265      -1.11     149.00  1
        2017120821  2219437      -1.46     148.72  1
        2017120900  2256997      -1.74     148.50  1
        2017120903  2352842      -2.02     148.28  1
        2017120906  2394300      -2.04     148.01  1
        2017120909  2356609      -2.00     147.88  1
        2017120912  2421313      -1.85     147.78  1
        2017120915  2398845      -1.83     148.05  1
        2017120918  2325736      -1.66     148.37  1
        2017120921  2352639      -1.55     148.66  1
        2017121000  2413072      -1.69     149.06  1
        2017121003  2560079      -1.97     149.61  1
        2017121006  2705497      -2.25     149.97  1
        2017121009  2718390      -2.76     150.36  1
        2017121012  2824467      -3.12     150.51  1
        2017121015  2854202      -3.56     150.81  1
        2017121018  3012425      -3.81     150.80  1
        2017121021  3075042      -3.99     150.56  1
        2017121100  3339492      -3.66     149.32  1
        2017121103  3625411      -3.22     148.07  1
        2017121106  3923472      -2.67     146.75  1
        2017121109  3906331      -2.43     146.30  1
        2017121112  4140824      -1.90     145.78  1
        2017121115  4184231      -1.35     145.40  2
        2017121118  4330229      -0.74     145.08  2
        2017121121  4648777       0.18     144.48  2
        2017121200  7092645       2.24     136.40  2
        2017121203  7477297       3.15     136.88  2
        2017121206  7508899       4.04     137.22  2
        2017121209  7556736       4.39     136.94  2
        2017121212  7700109       4.63     137.52  2
        2017121215  7549507       5.60     140.26  2
        2017121218  8020983       5.69     140.20  2
        2017121221  8476486       6.09     140.14  2
        2017121300  8794890       6.24     140.10  2
        2017121303  9225466       6.76     140.60  2
        2017121306  9261768       6.96     140.52  2
        2017121309  9107491       6.92     140.53  2
        2017121312  7710014       3.09     139.34  2
        2017121315  7790637       3.10     139.46  2
        2017121318  7999584       3.20     139.62  2
        2017121321  8011880       3.43     139.67  2
        2017121400  7974329       3.59     139.96  2
        2017121403  8145717       3.56     140.54  2
        2017121406  8072659       3.65     140.57  2
        2017121409  8017917       3.65     140.61  2
        2017121412  8064946       3.59     140.77  2
        2017121415  8050614       3.51     140.87  2
        2017121418  8020323       3.49     141.04  2
        2017121421  7885511       3.60     140.91  2
        2017121500  3688761       7.91     130.44  2
        2017121503  3655079       7.63     130.97  2
        2017121506  3635308       7.39     131.35  2
        2017121509  3624050       7.20     131.63  2
        2017121512  3670416       7.00     132.16  2
        2017121515  3770872       6.54     133.23  2
        2017121518  3891510       5.97     134.31  2
        2017121521  3873408       5.65     135.06  2
        2017121600  7731584       4.13     141.58  2
        2017121603  7885022       4.32     141.38  2
        2017121606  7965636       4.40     141.37  2
        2017121609  7942048       4.37     141.56  2
        2017121612  8041680       4.37     141.72  2
        2017121615  8241183       4.38     141.84  2
        2017121618  8269626       4.45     141.87  2
        2017121621  8166472       4.39     142.16  2
        2017121700  8245140       4.24     142.66  2
        2017121703  8307779       4.21     142.97  2
        2017121706  8136729       4.32     143.13  2
        2017121709  8175918       4.12     143.75  2
        2017121712  8310395       3.84     144.61  2
        2017121715  8522552       3.52     145.62  2
        2017121718  8607911       3.30     146.29  2
        2017121721  8745077       2.93     147.16  2
        2017121800  8934567       2.51     148.18  2
        2017121803  9029765       2.20     148.95  2
        2017121806  9084250       1.99     149.52  2
        2017121809  9129366       1.77     150.17  2
        2017121812  9311610       1.40     151.15  2
        2017121815 10480184      -0.51     156.75  2
        2017121818 10441406      -0.68     157.08  2
        2017121821 10606160      -1.10     157.70  1
        2017121900 11006148      -1.50     158.35  1
        2017121903 11287425      -1.80     158.51  1
        2017121906  9229413      -5.67     167.56  1
        2017121909  9126156      -6.38     169.06  1
        2017121912  9204546      -6.75     169.79  1
        2017121915  8810030      -6.80     169.64  1
        2017121918  6315927     -10.66     178.01  1
        2017121921  5909978      -9.99     176.39  1
        2017122000  5784488      -9.70     175.74  1
        2017122003  5771905      -9.47     175.06  1
        2017122006  5779555      -9.25     174.45  1
        2017122009  5851435      -9.05     174.03  1
        2017122012  6002266      -8.85     173.58  1
        2017122015  6078143      -8.64     173.13  1
        2017122018  6026835      -8.48     172.81  1
        2017122021  5966604      -8.41     172.71  1
        2017122100  6005830      -8.44     172.90  1
        2017122103  5910285      -8.35     172.80  1
        2017122106  5729238      -8.07     172.27  1
        2017122109  5465927      -7.70     171.51  1
        2017122112  5414471      -7.72     171.64  1
        2017122115  5263079      -7.64     171.63  1
        2017122118  5092500      -7.56     171.54  1
        2017122121  5049172      -7.62     171.70  1
        2017122200  5086151      -7.82     172.02  1
        2017122203  5007940      -7.78     172.00  1
        2017122206  4921245      -7.79     172.11  1
        2017122209  4904849      -7.83     172.26  1
        2017122212  4946141      -7.90     172.33  1
        2017122215  4907715      -7.97     172.38  1
        2017122218  4830263      -8.09     172.49  1
        2017122221  4767018      -8.24     172.57  1
        2017122300  4671405      -8.54     172.83  1
        2017122303  4527208      -8.79     173.10  1
        2017122306  4332203      -9.15     173.54  1
        2017122309  4210382      -9.52     173.95  1
        2017122312  3998804      -9.98     174.47  1
        2017122315  3715303     -10.43     174.98  1
        2017122318  3411751     -10.99     175.61  1
        2017122321  3331743     -11.00     175.62  1
        2017122400  3250462     -10.92     175.53  1
        2017122403  3060377     -10.77     175.24  1
        2017122406  2991743     -10.52     174.96  1
        2017122409  2950025     -10.11     174.58  1
        2017122412  2932038      -9.36     173.94  1
        2017122415  2727878      -8.42     173.07  1
        2017122418  2295449      -7.56     172.29  1
        2017122421  1288938      -0.62     167.39  1
        2017122500  1218154      -0.25     166.94  1
        2017122503  1235965       0.17     166.38  1
        2017122506  1080138       0.48     166.23  1
        2017122509   995225       0.75     166.17  1
        2017122512   918013       1.01     166.18  1
        2017122515   782125       1.29     166.09  1
        2017122518   566783       1.41     166.08  1
        2017122521   413925       1.47     166.05  1
LPT    20.0200
        2017113012   323178       3.36     160.26  1
        2017113015   695925       2.76     159.94  1
        2017113018  1074798       1.33     160.38  1
        2017113021  1906725      -1.19     161.28  1
        2017120100  2336535      -2.21     161.41  1
        2017120103  2893018      -2.84     161.26  1
        2017120106  3164416      -3.04     161.07  1
        2017120109  3402672      -3.21     160.94  1
        2017120112  3703965      -3.27     160.78  1
        2017120115  4014482      -3.29     160.56  1
        2017120118  4120493      -3.13     160.29  1
        2017120121  4225409      -3.08     160.10  1
        2017120200  4306806      -3.01     159.91  1
        2017120203  4532059      -3.03     159.70  1
        2017120206  4590365      -3.00     159.59  1
        2017120209  4675857      -3.23     159.57  1
        2017120212  4742679      -3.48     159.56  1
        2017120215  4805218      -3.77     159.49  1
        2017120218  4863475      -4.07     159.40  1
        2017120221  4860080      -4.40     159.38  1
        2017120300  4813215      -4.81     159.43  1
        2017120303  4843728      -5.16     159.47  1
        2017120306  4833805      -5.42     159.47  1
        2017120309  4867951      -5.57     159.52  1
        2017120312  5036156      -5.46     159.25  1
        2017120315  5030863      -5.34     158.98  1
        2017120318  5057616      -5.06     158.57  1
        2017120321  5145375      -4.74     158.07  1
        2017120400  5166163      -4.40     157.47  1
        2017120403  5243349      -4.07     156.81  1
        2017120406  5115521      -3.76     156.24  1
        2017120409  5109083      -3.65     155.91  1
        2017120412  5161252      -3.50     155.42  1
        2017120415  5159025      -3.50     154.87  1
        2017120418  5199228      -3.44     154.31  1
        2017120421  5218764      -3.53     154.15  1
        2017120500  5150462      -3.62     154.02  1
        2017120503  5162971      -3.77     154.12  1
        2017120506  5034126      -3.87     154.11  1
        2017120509  4952585      -4.01     154.31  1
        2017120512  4945557      -4.09     154.52  1
        2017120515  4897371      -4.13     154.71  1
        2017120518  4926094      -4.06     154.80  1
        2017120521  4844251      -3.99     154.90  1
        2017120600  4767914      -3.87     154.90  1
        2017120603  4716689      -3.84     154.99  1
        2017120606  4604095      -3.75     154.85  1
        2017120609  4485772      -3.75     154.78  1
        2017120612  4393310      -3.69     154.49  1
        2017120615  4289981      -3.69     154.11  1
        2017120618  4263360      -3.75     153.90  1
        2017120621  4068997      -3.78     153.64  1
        2017120700  3838838      -3.73     153.26  1
        2017120703  3460306      -3.67     152.85  1
        2017120706  3034700      -3.32     152.11  1
        2017120709  2280530      -1.62     149.18  1
        2017120712  2175020      -1.41     148.97  1
        2017120715  1979365      -1.27     148.96  1
        2017120718  1907019      -1.00     149.28  1
        2017120721  1772229      -0.77     149.64  1
        2017120800  1771432      -0.58     149.86  1
        2017120803  1830702      -0.40     149.87  1
        2017120806  1913755      -0.45     149.79  1
        2017120809  1942898      -0.52     149.70  1
        2017120812  2053655      -0.61     149.50  1
        2017120815  2172000      -0.87     149.26  1
        2017120818  2237265      -1.11     149.00  1
        2017120821  2219437      -1.46     148.72  1
        2017120900  2256997      -1.74     148.50  1
        2017120903  2352842      -2.02     148.28  1
        2017120906  2394300      -2.04     148.01  1
        2017120909  2356609      -2.00     147.88  1
        2017120912  2421313      -1.85     147.78  1
        2017120915  2398845      -1.83     148.05  1
        2017120918  2325736      -1.66     148.37  1
        2017120921  2352639      -1.55     148.66  1
        2017121000  2413072      -1.69     149.06  1
        2017121003  2560079      -1.97     149.61  1
        2017121006  2705497      -2.25     149.97  1
        2017121009  2718390      -2.76     150.36  1
        2017121012  2824467      -3.12     150.51  1
        2017121015  2854202      -3.56     150.81  1
        2017121018  3012425      -3.81     150.80  1
        2017121021  3075042      -3.99     150.56  1
        2017121100  3339492      -3.66     149.32  1
        2017121103  3625411      -3.22     148.07  1
        2017121106  3923472      -2.67     146.75  1
        2017121109  3906331      -2.43     146.30  1
        2017121112  4140824      -1.90     145.78  1
        2017121115  4184231      -1.35     145.40  2
        2017121118  4330229      -0.74     145.08  2
        2017121121  4648777       0.18     144.48  2
        2017121200  7092645       2.24     136.40  2
        2017121203  7477297       3.15     136.88  2
        2017121206  7508899       4.04     137.22  2
        2017121209  7556736       4.39     136.94  2
        2017121212  7700109       4.63     137.52  2
        2017121215  7549507       5.60     140.26  2
        2017121218  8020983       5.69     140.20  2
        2017121221  8476486       6.09     140.14  2
        2017121300  8794890       6.24     140.10  2
        2017121303  9225466       6.76     140.60  2
        2017121306  9261768       6.96     140.52  2
        2017121309  9107491       6.92     140.53  2
        2017121312  7710014       3.09     139.34  2
        2017121315  7790637       3.10     139.46  2
        2017121318  7999584       3.20     139.62  2
        2017121321  8011880       3.43     139.67  2
        2017121400  7974329       3.59     139.96  2
        2017121403  8145717       3.56     140.54  2
        2017121406  8072659       3.65     140.57  2
        2017121409  8017917       3.65     140.61  2
        2017121412  8064946       3.59     140.77  2
        2017121415  8050614       3.51     140.87  2
        2017121418  8020323       3.49     141.04  2
        2017121421  7885511       3.60     140.91  2
        2017121500  7723111       3.76     140.70  3
        2017121503  7667371       3.70     140.87  3
        2017121506  7561863       3.76     140.83  3
        2017121509  7517609       3.81     140.84  3
        2017121512  7616151       3.87     140.97  3
        2017121515  7783066       3.87     141.32  3
        2017121518  7792653       3.90     141.60  3
        2017121521  7686492       3.96     141.75  3
        2017121600  7731584       4.13     141.58  2
        2017121603  7885022       4.32     141.38  2
        2017121606  7965636       4.40     141.37  2
        2017121609  7942048       4.37     141.56  2
        2017121612  8041680       4.37     141.72  2
        2017121615  8241183       4.38     141.84  2
        2017121618  8269626       4.45     141.87  2
        2017121621  8166472       4.39     142.16  2
        2017121700  8245140       4.24     142.66  2
        2017121703  8307779       4.21     142.97  2
        2017121706  8136729       4.32     143.13  2
        2017121709  8175918       4.12     143.75  2
        2017121712  8310395       3.84     144.61  2
        2017121715  8522552       3.52     145.62  2
        2017121718  8607911       3.30     146.29  2
        2017121721  8745077       2.93     147.16  2
        2017121800  8934567       2.51     148.18  2
        2017121803  9029765       2.20     148.95  2
        2017121806  9084250       1.99     149.52  2
        2017121809  9129366       1.77     150.17  2
        2017121812  9311610       1.40     151.15  2
        2017121815 10480184      -0.51     156.75  2
        2017121818 10441406      -0.68     157.08  2
        2017121821 10606160      -1.10     157.70  1
        2017121900 11006148      -1.50     158.35  1
        2017121903 11287425      -1.80     158.51  1
        2017121906  1737014      12.62     120.73  1
        2017121909  1824377      12.32     120.08  1
        2017121912  1929680      12.17     119.71  1
        2017121915  1984188      11.87     119.22  1
        2017121918  1955164      11.19     118.59  1
        2017121921  2586209       7.37     117.23  1
        2017122000  2800046       6.47     116.83  1
        2017122003  2939404       5.86     116.42  1
        2017122006  3069324       5.32     116.21  1
        2017122009  3280581       4.97     115.98  1
        2017122012  3336360       4.71     115.87  1
        2017122015  3444579       4.37     115.75  1
        2017122018  3471261       4.13     115.71  1
        2017122021  3599771       3.99     115.63  1
        2017122100  3566321       4.00     115.61  1
        2017122103  3399468       4.04     115.56  1
        2017122106  3334031       3.99     115.71  1
        2017122109  3318744       3.92     115.75  1
        2017122112  3365179       3.82     115.99  1
        2017122115  4299155       4.81     118.80  1
        2017122118  4442001       4.66     119.21  1
        2017122121  4546944       4.28     119.23  1
        2017122200  4582664       4.00     119.28  1
        2017122203  4578544       3.83     119.46  1
        2017122206  4496477       3.54     119.66  1
        2017122209  4475712       3.36     119.77  1
        2017122212  4273550       3.19     120.02  1
        2017122215  4099377       3.05     120.33  1
        2017122218  4024043       3.03     120.58  1
        2017122221  3905845       2.92     120.78  1
        2017122300  2257128       7.91     121.74  1
        2017122303  2089879       7.89     121.94  1
        2017122306  2143280       7.69     121.85  1
        2017122309  2038622       7.66     121.84  1
        2017122312  1967261       7.53     121.74  1
        2017122315  2070524       7.30     121.23  1
        2017122318  2196627       7.12     120.56  1
        2017122321  2088689       7.16     120.17  1
        2017122400  1932232       7.28     119.73  1
        2017122403  1838068       7.29     118.95  1
        2017122406  1927839       7.37     118.20  1
        2017122409  1887851       7.40     117.55  1
        2017122412  1878796       7.35     117.15  1
        2017122415  1878184       7.30     116.80  1
        2017122418  1963953       7.24     116.12  1
        2017122421  2110988       7.15     115.48  1
        2017122500  2120939       7.14     115.36  1
        2017122503  2097248       7.15     115.22  1
        2017122506  2060293       7.20     115.02  1
        2017122509  2055673       7.21     114.76  1
        2017122512  2034287       7.20     114.58  1
        2017122515  2031506       7.14     114.37  1
        2017122518  2042323       7.09     114.16  1
        2017122521  2023392       7.05     113.86  1
        2017122600  1988682       7.10     113.75  1
        2017122603  1918888       7.15     113.68  1
        2017122606  1848044       7.26     113.55  1
        2017122609  1673371       7.36     113.26  1
        2017122612  1581386       7.44     113.10  1
        2017122615  1422837       7.55     112.89  1
        2017122618  1166125       7.81     112.63  1
        2017122621   772829       8.10     112.23  1
        2017122700   564674       8.36     112.08  1
        2017122703   320881       8.51     111.85  1
LPT    21.0100
        2017122603   443099       2.19     311.35  1
        2017122606   533367       2.27     311.42  1
        2017122609   543394       2.29     311.29  1
        2017122612   492459       2.34     311.32  1
        2017122615   727682       2.70     313.49  1
        2017122618  1022434       2.52     313.23  1
        2017122621  1089515       2.60     313.69  1
        2017122700  1212847       2.73     314.63  1
        2017122703  1624479       2.86     315.42  1
        2017122706  1813279       2.89     315.69  1
        2017122709  1882798       2.71     315.28  1
        2017122712  2982154      -1.42     308.38  1
        2017122715  2197898      -3.36     302.82  1
        2017122718  2334894      -3.65     302.70  1
        2017122721  2450504      -4.17     302.12  1
        2017122800  2414901      -4.20     302.04  1
        2017122803  2357148      -4.20     301.92  1
        2017122806  2189790      -4.11     301.83  1
        2017122809  2104987      -4.10     301.72  1
        2017122812  1986342      -4.08     301.67  1
        2017122815  1898005      -4.19     301.39  1
        2017122818  1966725      -4.08     301.52  1
        2017122821  2105698      -4.18     301.10  1
        2017122900  2050533      -4.16     301.01  1
        2017122903  1958537      -4.10     300.92  1
        2017122906  1732740      -4.04     301.01  1
        2017122909  1646817      -3.91     301.22  1
        2017122912  1639227      -3.82     301.28  1
        2017122915  1624005      -3.69     301.40  1
        2017122918  1921690      -3.44     301.69  1
        2017122921  2021607      -3.40     301.44  1
        2017123000  2092769      -3.08     301.36  1
        2017123003  2156223      -2.77     301.41  1
        2017123006  2172483      -2.51     301.37  1
        2017123009  2170670      -2.08     301.29  1
        2017123012  2154991      -1.62     301.19  1
        2017123015  1998536      -0.97     301.08  1
        2017123018  2222233      -0.35     300.90  1
        2017123021  2195501       0.68     300.66  1
        2017123100  2145057       1.48     300.77  1
        2017123103  2247193       2.23     300.96  1
        2017123106  2301221       3.00     301.11  1
        2017123109  2301346       3.36     301.20  1
        2017123112  2297652       3.63     301.31  1
        2017123115  2288727       3.88     301.52  1
        2017123118  2468150       3.91     301.61  1
        2017123121  2594648       3.97     301.49  1
        2018010100  2548033       4.24     301.47  1
        2018010103  2549334       4.35     301.41  1
        2018010106  2551313       4.48     301.30  1
        2018010109  2532128       4.53     301.18  1
        2018010112  2434666       4.58     301.19  1
        2018010115  2310334       4.63     301.22  1
        2018010118  2277453       4.60     301.26  1
        2018010121  2133887       4.68     301.18  1
        2018010200  1979959       4.84     301.18  1
        2018010203  1759098       5.07     301.28  1
        2018010206  1588272       5.26     301.25  1
        2018010209  1399046       5.46     301.22  1
        2018010212  1191506       5.63     301.23  1
        2018010215   977931       5.76     301.31  1
        2018010218   813022       5.67     301.35  1
        2018010221   510442       5.61     301.46  1
LPT    22.0100
        2017122712   360998      -4.89      72.06  1
        2017122715   555649      -4.88      71.73  1
        2017122718   800184      -4.91      71.39  1
        2017122721  1090674      -4.95      70.87  1
        2017122800  1244137      -5.08      70.57  1
        2017122803  1377547      -5.19      70.53  1
        2017122806  1460153      -5.34      70.48  1
        2017122809  1595656      -5.48      70.49  1
        2017122812  1702703      -5.61      70.59  1
        2017122815  1742946      -5.76      70.69  1
        2017122818  1784688      -5.90      70.85  1
        2017122821  1831834      -6.01      70.92  1
        2017122900  1843693      -6.13      70.89  1
        2017122903  1801076      -6.26      70.79  1
        2017122906  1761566      -6.37      70.59  1
        2017122909  1712266      -6.44      70.51  1
        2017122912  1636500      -6.65      70.33  1
        2017122915  1563204      -6.83      70.21  1
        2017122918  1506949      -6.94      70.13  1
        2017122921  1501863      -7.10      70.07  1
        2017123000  1446160      -7.30      70.07  1
        2017123003  1401147      -7.51      69.93  1
        2017123006  1367086      -7.66      69.85  1
        2017123009  1602499      -6.71      71.45  1
        2017123012  1651226      -6.09      72.61  1
        2017123015  1787438      -5.23      73.92  1
        2017123018  1920184      -4.61      74.81  1
        2017123021  2077524      -4.09      75.53  1
        2017123100  1851756      -3.08      77.34  1
        2017123103  1742303      -1.91      79.21  1
        2017123106  1878555      -1.35      80.32  1
        2017123109  2201132      -1.49      80.02  1
        2017123112  2346702      -1.52      79.95  1
        2017123115  2498487      -1.49      80.06  1
        2017123118  4090973      -1.12      87.26  1
        2017123121  4814817      -1.52      86.77  1
        2018010100  5154922      -1.66      86.91  1
        2018010103  5339030      -1.66      87.39  1
        2018010106  5483636      -1.57      88.24  1
        2018010109  5561451      -1.46      88.85  1
        2018010112  5529469      -1.42      89.31  1
        2018010115  5499997      -1.10      90.37  1
        2018010118  5631174      -0.95      90.81  1
        2018010121  5672198      -0.87      90.64  1
        2018010200  6566841      -2.51      86.14  1
        2018010203  6646810      -2.65      85.65  1
        2018010206  6715492      -2.68      85.58  1
        2018010209  1166199     -13.78      55.33  1
        2018010212  1261950     -13.94      54.76  1
        2018010215  1326100     -13.98      54.59  1
        2018010218  1391694     -14.02      54.51  1
        2018010221  1481032     -14.08      54.35  1
        2018010300  1455181     -14.26      53.99  1
        2018010303  1430139     -14.31      53.88  1
        2018010306  1449970     -14.47      53.73  1
        2018010309  1525880     -14.60      53.59  1
        2018010312  1567377     -14.74      53.44  1
        2018010315  1604990     -14.79      53.39  1
        2018010318  1667422     -14.91      53.38  1
        2018010321  1753934     -15.07      53.42  1
        2018010400  1777663     -15.25      53.31  1
        2018010403  1822543     -15.30      53.34  1
        2018010406  1875263     -15.39      53.28  1
        2018010409  1939883     -15.47      53.25  1
        2018010412  1950832     -15.66      53.21  1
        2018010415  1973420     -15.78      53.20  1
        2018010418  2024458     -15.87      53.20  1
        2018010421  2155346     -15.97      52.95  1
        2018010500  2182009     -16.11      52.78  1
        2018010503  2210168     -16.17      52.57  1
        2018010506  2272214     -16.19      52.44  1
        2018010509  2366474     -16.22      52.20  1
        2018010512  2421273     -16.28      52.03  1
        2018010515  2447882     -16.35      51.92  1
        2018010518  2503536     -16.39      51.78  1
        2018010521  2608849     -16.36      51.40  1
        2018010600  2619164     -16.36      51.11  1
        2018010603  2652264     -16.36      50.88  1
        2018010606  2680261     -16.36      50.61  1
        2018010609  2731136     -16.35      50.24  1
        2018010612  2711725     -16.41      50.01  1
        2018010615  2696406     -16.55      49.87  1
        2018010618  2695533     -16.70      49.70  1
        2018010621  2743377     -16.98      49.45  1
        2018010700  2697353     -17.19      49.13  1
        2018010703  2660847     -17.35      48.89  1
        2018010706  2607415     -17.58      48.73  1
        2018010709  2610038     -17.87      48.67  1
        2018010712  2569935     -18.10      48.58  1
        2018010715  2510695     -18.33      48.55  1
        2018010718  2467065     -18.66      48.58  1
        2018010721  2394910     -19.00      48.61  1
        2018010800  2234251     -19.47      48.72  1
        2018010803  2119088     -19.84      48.75  1
        2018010806  2024174     -20.24      48.81  1
        2018010809  1962030     -20.69      48.92  1
        2018010812  1847740     -21.21      49.04  1
        2018010815  1749596     -21.69      49.14  1
        2018010818  1650510     -22.22      49.31  1
        2018010821  1516191     -22.86      49.56  1
        2018010900  1350442     -23.63      49.90  1
        2018010903  1275107     -24.19      50.05  1
        2018010906  1208228     -24.58      50.16  1
        2018010909  1171207     -25.01      50.22  1
        2018010912  1099277     -25.39      50.29  1
        2018010915  1058384     -25.76      50.35  1
        2018010918   996345     -26.28      50.49  1
        2018010921   915144     -26.83      50.62  1
        2018011000   668888     -27.51      50.83  1
        2018011003   511388     -28.12      50.92  1
        2018011006   360445     -28.68      51.05  1
LPT    22.0200
        2017122712   360998      -4.89      72.06  1
        2017122715   555649      -4.88      71.73  1
        2017122718   800184      -4.91      71.39  1
        2017122721  1090674      -4.95      70.87  1
        2017122800  1244137      -5.08      70.57  1
        2017122803  1377547      -5.19      70.53  1
        2017122806  1460153      -5.34      70.48  1
        2017122809  1595656      -5.48      70.49  1
        2017122812  1702703      -5.61      70.59  1
        2017122815  1742946      -5.76      70.69  1
        2017122818  1784688      -5.90      70.85  1
        2017122821  1831834      -6.01      70.92  1
        2017122900  1843693      -6.13      70.89  1
        2017122903  1801076      -6.26      70.79  1
        2017122906  1761566      -6.37      70.59  1
        2017122909  1712266      -6.44      70.51  1
        2017122912  1636500      -6.65      70.33  1
        2017122915  1563204      -6.83      70.21  1
        2017122918  1506949      -6.94      70.13  1
        2017122921  1501863      -7.10      70.07  1
        2017123000  1446160      -7.30      70.07  1
        2017123003  1401147      -7.51      69.93  1
        2017123006  1367086      -7.66      69.85  1
        2017123009  1602499      -6.71      71.45  1
        2017123012  1651226      -6.09      72.61  1
        2017123015  1787438      -5.23      73.92  1
        2017123018  1920184      -4.61      74.81  1
        2017123021  2077524      -4.09      75.53  1
        2017123100  1851756      -3.08      77.34  1
        2017123103  1742303      -1.91      79.21  1
        2017123106  1878555      -1.35      80.32  1
        2017123109  2201132      -1.49      80.02  1
        2017123112  2346702      -1.52      79.95  1
        2017123115  2498487      -1.49      80.06  1
        2017123118  4090973      -1.12      87.26  1
        2017123121  4814817      -1.52      86.77  1
        2018010100  5154922      -1.66      86.91  1
        2018010103  5339030      -1.66      87.39  1
        2018010106  5483636      -1.57      88.24  1
        2018010109  5561451      -1.46      88.85  1
        2018010112  5529469      -1.42      89.31  1
        2018010115  5499997      -1.10      90.37  1
        2018010118  5631174      -0.95      90.81  1
        2018010121  5672198      -0.87      90.64  1
        2018010200  6566841      -2.51      86.14  1
        2018010203  6646810      -2.65      85.65  1
        2018010206  6715492      -2.68      85.58  1
        2018010209  5338773      -0.40      91.23  1
        2018010212  5059533       0.20      91.99  1
        2018010215  4914478       0.93      92.64  1
        2018010218  4116198       2.35      95.73  1
        2018010221  4018387       2.84      95.15  1
        2018010300  3944212       3.10      94.90  1
        2018010303  3926642       3.07      94.82  1
        2018010306  3894452       2.92      94.73  1
        2018010309  3837889       2.93      94.72  1
        2018010312  3735325       2.66      94.73  1
        2018010315  3740126       2.24      94.62  1
        2018010318  3740842       1.65      94.61  1
        2018010321  3812542       1.32      94.43  1
        2018010400  3715692       0.76      94.43  1
        2018010403  3728965       0.37      94.34  1
        2018010406  3788457      -0.09      94.38  1
        2018010409  3835577      -0.40      94.38  1
        2018010412  3777551      -0.69      94.43  1
        2018010415  3776968      -1.00      94.46  1
        2018010418  3724017      -1.41      94.54  1
        2018010421  3688444      -1.86      94.69  1
        2018010500  3613132      -2.30      95.02  1
        2018010503  3558968      -2.76      95.29  1
        2018010506  3455752      -3.22      95.59  1
        2018010509  3367568      -3.80      95.86  1
        2018010512  3319823      -4.19      96.17  1
        2018010515  3320895      -4.62      96.46  1
        2018010518  3334523      -5.12      96.78  1
        2018010521  3329222      -5.52      97.05  1
        2018010600  3286521      -5.88      97.34  1
        2018010603  3246021      -6.19      97.64  1
        2018010606  3217039      -6.47      97.89  1
        2018010609  3197755      -6.53      98.49  1
        2018010612  3174553      -6.59      98.92  1
        2018010615  3297136      -6.44      99.79  1
        2018010618  3384104      -6.33     100.48  1
        2018010621  3400574      -6.27     101.06  1
        2018010700  3362018      -6.21     101.71  1
        2018010703  3393795      -6.17     102.20  1
        2018010706  3363247      -6.06     102.86  1
        2018010709  3164280      -5.94     103.48  1
        2018010712  2938834      -5.99     103.68  1
        2018010715  2750746      -6.06     103.71  1
        2018010718  2485554      -6.04     104.18  1
        2018010721  2227304      -5.77     105.12  1
        2018010800  1357026      -4.35     110.02  1
        2018010803   905701      -4.00     111.03  1
LPT    23.0100
        2018010803   312694     -10.77      87.90  1
        2018010806   339310     -10.71      86.89  1
        2018010809   466102     -10.66      85.99  1
        2018010812   582384     -10.56      85.20  1
        2018010815   779217     -10.45      84.39  1
        2018010818  1048109     -10.18      82.91  1
        2018010821  1419491      -9.87      80.97  1
        2018010900  1537494      -9.82      80.43  1
        2018010903  1672089      -9.81      79.92  1
        2018010906  1808238      -9.80      79.34  1
        2018010909  2008195      -9.79      78.62  1
        2018010912  2141057      -9.71      78.00  1
        2018010915  2282228      -9.65      77.62  1
        2018010918  2438868      -9.57      77.10  1
        2018010921  2622868      -9.48      76.17  1
        2018011000  2709148      -9.46      75.23  1
        2018011003  2682261      -9.40      74.23  1
        2018011006  2558991      -9.40      72.91  1
        2018011009  2524862      -9.37      71.73  1
        2018011012  2409418      -9.32      70.54  1
        2018011015  2298355      -9.30      69.59  1
        2018011018  2249657      -9.29      68.78  1
        2018011021  2211130      -9.34      67.95  1
        2018011100  2214755      -9.48      67.47  1
        2018011103  2212268      -9.51      67.14  1
        2018011106  2169548      -9.52      66.73  1
        2018011109  2110363      -9.61      66.30  1
        2018011112  2011847      -9.69      65.92  1
        2018011115  1927138      -9.74      65.40  1
        2018011118  1883963      -9.85      64.98  1
        2018011121  1783094      -9.95      64.53  1
        2018011200  1741684     -10.16      64.09  1
        2018011203  1720426     -10.30      63.83  1
        2018011206  1645436     -10.43      63.67  1
        2018011209  1550136     -10.53      63.67  1
        2018011212  1490338     -10.67      63.46  1
        2018011215  1444840     -10.84      63.29  1
        2018011218  1424287     -11.02      63.16  1
        2018011221  1450088     -11.32      63.17  1
        2018011300  1361621     -11.62      62.99  1
        2018011303  1252982     -11.90      63.22  1
        2018011306  1151774     -12.26      63.63  1
        2018011309  1147299     -12.58      64.29  1
        2018011312  1029880     -12.92      64.60  1
        2018011315   960981     -13.22      65.26  1
        2018011318   894483     -13.51      65.94  1
        2018011321   922352     -13.86      66.44  1
        2018011400   853541     -14.21      66.88  1
        2018011403   787859     -14.58      67.17  1
        2018011406   765676     -14.93      67.26  1
        2018011409   874084     -15.22      67.34  1
        2018011412   877494     -15.65      67.26  1
        2018011415   907652     -15.88      67.29  1
        2018011418   983157     -16.07      67.23  1
        2018011421  1163086     -16.23      66.95  1
        2018011500  1281838     -16.31      66.87  1
        2018011503  1292552     -16.37      66.92  1
        2018011506  1288465     -16.43      67.07  1
        2018011509  1340858     -16.45      67.08  1
        2018011512  1407831     -16.49      67.02  1
        2018011515  1451329     -16.51      67.10  1
        2018011518  1536527     -16.39      67.31  1
        2018011521  1644268     -16.15      67.65  1
        2018011600  1673042     -15.99      67.99  1
        2018011603  1730770     -15.82      68.18  1
        2018011606  1753818     -15.73      68.39  1
        2018011609  1833303     -15.63      68.55  1
        2018011612  1838122     -15.67      68.69  1
        2018011615  1847249     -15.72      68.74  1
        2018011618  1851709     -15.80      68.75  1
        2018011621  1906911     -15.84      68.71  1
        2018011700  1824413     -16.03      68.50  1
        2018011703  1751936     -16.19      68.39  1
        2018011706  1633950     -16.31      68.36  1
        2018011709  1592941     -16.36      68.22  1
        2018011712  1473843     -16.46      68.11  1
        2018011715  1434451     -16.48      68.03  1
        2018011718  1441743     -16.49      67.86  1
        2018011721  1521571     -16.29      67.97  1
        2018011800  1513550     -15.81      68.66  1
        2018011803  1656832     -14.74      70.02  1
        2018011806  1775065     -13.61      71.50  1
        2018011809  1891775     -12.94      72.30  1
        2018011812  1908714     -12.42      72.99  1
        2018011815  1882423     -11.73      73.90  1
        2018011818  1484527      -8.93      77.89  1
        2018011821  1508765      -8.33      78.43  1
        2018011900  1362590      -7.69      79.10  1
        2018011903  1304839      -7.39      79.24  1
        2018011906  1236916      -7.11      79.41  1
        2018011909  1204398      -7.00      79.50  1
        2018011912  1066588      -6.71      79.91  1
        2018011915   948211      -6.53      80.21  1
        2018011918   868682      -6.42      80.26  1
        2018011921   829543      -6.45      80.18  1
        2018012000   675891      -6.63      79.61  1
        2018012003   577333      -6.95      78.69  1
        2018012006   469630      -7.34      77.70  1
        2018012009   445539      -7.68      76.89  1
        2018012012   361209      -7.86      76.39  1
LPT    24.0100
        2018011006   346021     -13.15     124.65  1
        2018011009   445368     -13.10     124.38  1
        2018011012   512285     -13.09     124.17  1
        2018011015   642514     -13.01     123.96  1
        2018011018   742597     -12.72     123.71  1
        2018011021   824021     -12.43     123.30  1
        2018011100   996237     -12.30     122.96  1
        2018011103  1211692     -11.94     122.39  1
        2018011106  3850681      -6.00     115.04  1
        2018011109  4546010      -5.81     114.02  1
        2018011112  5057521      -5.84     113.60  1
        2018011115  5449855      -5.87     113.18  1
        2018011118  5823439      -5.89     112.72  1
        2018011121  6130823      -5.74     112.24  1
        2018011200  6436395      -5.82     112.37  1
        2018011203  6679223      -5.81     112.32  1
        2018011206  6932533      -5.97     112.30  1
        2018011209  7047661      -5.91     112.09  1
        2018011212  7082678      -5.91     112.17  1
        2018011215  7159210      -5.95     112.11  1
        2018011218  7217953      -6.00     112.13  1
        2018011221  7367033      -6.04     112.09  1
        2018011300  7465387      -6.06     112.22  1
        2018011303  7522321      -5.99     112.30  1
        2018011306  7673676      -6.03     112.55  1
        2018011309  7760743      -5.94     112.64  1
        2018011312  7844927      -5.88     112.93  1
        2018011315  7939069      -5.76     113.18  1
        2018011318  8037656      -5.51     113.43  1
        2018011321  8115130      -5.27     113.59  1
        2018011400  8114270      -4.99     113.81  1
        2018011403  8026566      -4.65     113.96  1
        2018011406  8078642      -4.35     114.22  1
        2018011409  8014723      -3.88     114.63  1
        2018011412  8048479      -3.36     115.14  1
        2018011415  8055837      -2.85     115.47  1
        2018011418  8250467      -2.21     116.07  1
        2018011421  8208448      -1.70     116.61  1
        2018011500  8247500      -1.28     117.11  1
        2018011503  8161867      -0.82     117.57  1
        2018011506  8097554      -0.39     118.12  1
        2018011509  7925692       0.01     118.55  1
        2018011512  7874888       0.27     118.96  1
        2018011515  7892306       0.53     119.30  1
        2018011518  7941993       0.84     119.87  1
        2018011521  8034196       0.97     120.04  1
        2018011600  8055825       1.15     120.40  1
        2018011603  8135168       1.30     121.10  1
        2018011606  8191390       1.52     121.71  1
        2018011609  8221967       1.74     122.10  1
        2018011612  8224656       1.95     122.70  1
        2018011615  8351967       2.21     123.40  1
        2018011618  8339339       2.42     124.02  1
        2018011621  8256192       2.55     124.49  1
        2018011700  8115255       2.61     125.05  1
        2018011703  7996002       2.70     125.90  1
        2018011706  7969196       2.55     126.39  1
        2018011709  7861210       2.45     126.89  1
        2018011712  7862367       2.24     127.25  1
        2018011715  7955445       2.04     127.52  1
        2018011718  8281738       1.66     127.64  1
        2018011721  8377116       1.38     127.98  1
        2018011800  8481668       1.09     128.41  1
        2018011803  8469571       0.80     129.14  1
        2018011806  8609866       0.46     129.69  1
        2018011809  8673270       0.14     130.00  1
        2018011812  8826250      -0.20     130.45  1
        2018011815  8896859      -0.52     130.86  1
        2018011818  8913030      -0.84     131.18  1
        2018011821  8847060      -1.20     131.28  1
        2018011900  8691548      -1.52     131.39  1
        2018011903  8446537      -1.89     131.66  1
        2018011906  8214566      -2.41     131.54  1
        2018011909  7826062      -3.01     131.75  1
        2018011912  7649752      -3.63     131.93  1
        2018011915  7319027      -4.49     132.25  1
        2018011918  6884628      -5.51     132.55  1
        2018011921  6722563      -6.01     132.41  1
        2018012000  6700085      -6.28     132.10  1
        2018012003  6527345      -6.66     132.06  1
        2018012006  6265554      -7.16     131.78  1
        2018012009  6056105      -7.40     131.87  1
        2018012012  5884528      -7.65     132.05  1
        2018012015  5696681      -7.92     132.16  1
        2018012018  5462252      -8.27     132.38  1
        2018012021  4740381      -8.80     133.35  2
        2018012100  4480774      -9.12     133.24  2
        2018012103  4324518      -9.42     133.16  2
        2018012106  4252842      -9.57     132.58  2
        2018012109  4021591      -9.73     132.33  2
        2018012112  3984450      -9.79     131.92  2
        2018012115  3921375      -9.86     131.43  2
        2018012118  4013845      -9.80     130.49  2
        2018012121  4165339      -9.78     129.85  2
        2018012200  4223197      -9.83     129.56  2
        2018012203  4269097      -9.93     129.75  2
        2018012206  4229160      -9.97     129.40  2
        2018012209  3972387     -10.19     129.95  2
        2018012212  3907967     -10.32     130.25  2
        2018012215  3793590     -10.47     130.27  2
        2018012218  3797590     -10.48     129.95  2
        2018012221  3831979     -10.49     129.33  2
        2018012300  3771091     -10.58     129.18  2
        2018012303  3815769     -10.66     129.15  2
        2018012306  3813563     -10.66     128.49  2
        2018012309  3643208     -10.65     128.37  2
        2018012312  3575594     -10.64     128.35  2
        2018012315  3551954     -10.57     127.85  2
        2018012318  3485323     -10.50     127.34  2
        2018012321  3298897     -10.56     127.69  2
        2018012400  3116985     -10.69     128.01  2
        2018012403  3336755     -11.53     132.88  2
        2018012406  3157179     -11.36     131.32  3
        2018012409  3071143     -11.59     132.62  3
        2018012412  3243755     -11.82     134.10  3
        2018012415  3396287     -11.74     133.70  3
        2018012418  3739994     -11.49     133.84  2
        2018012421  3933192     -11.46     135.22  2
        2018012500  4083649     -11.32     135.94  3
        2018012503  4098604     -11.31     136.95  3
        2018012506  4070895     -11.09     136.25  3
        2018012509  4345299     -11.08     137.33  3
        2018012512  4809021     -10.99     137.86  3
        2018012515  5145890     -10.89     137.83  3
        2018012518  5634918     -10.74     138.46  2
        2018012521  5902275     -10.66     139.36  2
        2018012600  6120378     -10.53     140.97  2
        2018012603  6354235     -10.25     142.63  2
        2018012606  6493395     -10.01     144.01  2
        2018012609  6691923      -9.91     145.35  2
        2018012612  7175982      -9.80     145.31  2
        2018012615  7682090      -9.64     144.66  2
        2018012618  8152849      -9.51     143.73  2
        2018012621  8449186      -9.50     143.11  2
        2018012700  8844916      -9.56     142.59  2
        2018012703  9388930      -9.56     142.01  1
        2018012706  9776951      -9.61     141.82  1
        2018012709  9855061      -9.67     141.94  1
        2018012712  9941182      -9.70     142.17  1
        2018012715 10134519      -9.70     142.34  1
        2018012718 10107339      -9.66     142.66  1
        2018012721 10155608      -9.80     142.67  1
        2018012800 10206673      -9.95     142.60  1
        2018012803 10187046     -10.09     143.04  1
        2018012806 10202703     -10.25     143.38  1
        2018012809  9686130     -10.41     145.53  1
        2018012812  9722751     -10.58     145.70  1
        2018012815  9848132     -10.76     145.56  1
        2018012818  9951766     -10.88     145.46  1
        2018012821  9949556     -11.02     145.62  1
        2018012900  9981955     -11.15     145.68  1
        2018012903 10007218     -11.25     145.71  1
        2018012906 10024830     -11.38     145.74  1
        2018012909  9998504     -11.49     145.91  1
        2018012912  9997565     -11.55     146.05  1
        2018012915  9980237     -11.56     146.30  1
        2018012918  9873530     -11.60     146.63  1
        2018012921  9858476     -11.60     146.93  1
        2018013000  9790001     -11.62     147.30  1
        2018013003  9689734     -11.59     147.65  1
        2018013006  9517682     -11.63     147.96  1
        2018013009  9343766     -11.59     148.07  1
        2018013012  9282053     -11.53     148.23  1
        2018013015  9050305     -11.45     148.58  1
        2018013018  8757179     -11.48     148.95  1
        2018013021  8572298     -11.49     149.29  1
        2018013100  8285789     -11.38     150.19  1
        2018013103  8075640     -11.25     150.94  1
        2018013106  7558803     -11.15     151.96  1
        2018013109  6974971     -10.74     153.11  1
        2018013112  6524450     -10.24     154.28  1
        2018013115  6297254      -9.60     154.69  1
        2018013118  6067833      -9.01     154.89  1
        2018013121  5951880      -8.62     155.09  1
        2018020100  5875135      -8.27     155.21  1
        2018020103  5922602      -8.05     155.36  1
        2018020106  5800139      -7.96     155.58  1
        2018020109  5787345      -7.99     156.20  1
        2018020112  5854773      -7.93     156.68  1
        2018020115  6102912      -7.69     156.89  1
        2018020118  6049846      -7.65     157.39  1
        2018020121  6058527      -7.63     157.88  1
        2018020200  6049427      -7.56     158.26  1
        2018020203  6263877      -7.33     158.10  1
        2018020206  6354778      -7.36     158.39  1
        2018020209  6496372      -7.48     159.02  1
        2018020212  6750507      -7.56     159.61  1
        2018020215  7014021      -7.48     159.85  1
        2018020218  7107000      -7.56     160.21  1
        2018020221  7070936      -7.66     160.69  1
        2018020300  7009203      -7.76     161.09  1
        2018020303  7192141      -7.51     161.01  1
        2018020306  7135202      -7.43     161.17  1
        2018020309  7135367      -7.42     161.43  1
        2018020312  7175959      -7.29     161.60  1
        2018020315  7337937      -7.09     161.77  1
        2018020318  7238091      -7.03     162.21  1
        2018020321  7209488      -6.91     162.52  1
        2018020400  7177926      -6.75     162.85  1
        2018020403  7249474      -6.47     163.09  1
        2018020406  7152246      -6.31     163.31  1
        2018020409  7177572      -6.23     163.45  1
        2018020412  7086852      -6.07     163.40  1
        2018020415  7083523      -5.89     163.50  1
        2018020418  6838300      -5.79     163.67  1
        2018020421  6646136      -5.63     163.72  1
        2018020500  6388353      -5.45     163.82  1
        2018020503  6407226      -5.22     163.76  1
        2018020506  6067708      -5.17     164.23  1
        2018020509  5891174      -5.12     164.40  1
        2018020512  5768148      -4.99     164.34  1
        2018020515  5694255      -4.83     164.27  1
        2018020518  5529960      -4.77     164.51  1
        2018020521  5401082      -4.55     164.51  1
        2018020600  5268623      -4.33     164.46  1
        2018020603  5230040      -4.18     164.60  1
        2018020606  4900409      -4.11     165.02  1
        2018020609  4787182      -4.14     165.44  1
        2018020612  4689420      -3.99     165.45  1
        2018020615  4706926      -4.13     165.76  1
        2018020618  4441936      -4.06     165.95  1
        2018020621  4182437      -4.00     166.08  1
        2018020700  1379651     -14.21     178.60  1
        2018020703  1308482     -14.78     179.67  1
        2018020706  3507942     -14.88     196.07  1
        2018020709  3735933     -14.73     195.66  1
        2018020712  4042366     -14.53     195.18  1
        2018020715  4283212     -14.43     194.39  1
        2018020718  4476252     -14.33     194.21  1
        2018020721  4647590     -14.24     193.80  1
        2018020800  5031769     -14.15     193.69  1
        2018020803  5232676     -14.09     193.29  1
        2018020806  5339249     -14.03     193.20  1
        2018020809  5535707     -14.00     193.12  1
        2018020812  5781719     -13.97     192.95  1
        2018020815  5896955     -13.89     192.72  1
        2018020818  5854099     -13.86     192.63  1
        2018020821  5855781     -13.84     192.60  1
        2018020900  6021284     -13.84     192.72  1
        2018020903  6109704     -13.84     192.88  1
        2018020906  6102261     -13.85     192.98  1
        2018020909  6168409     -13.88     193.11  1
        2018020912  6254458     -13.85     193.07  1
        2018020915  6347955     -13.88     193.17  1
        2018020918  6403161     -13.91     193.31  1
        2018020921  6481432     -13.92     193.30  1
        2018021000  6726531     -13.93     193.23  1
        2018021003  6869273     -13.97     193.24  1
        2018021006  6975787     -13.97     193.15  1
        2018021009  7127607     -14.02     193.19  1
        2018021012  7324385     -14.13     193.23  1
        2018021015  7430773     -14.27     193.37  1
        2018021018  7518300     -14.39     193.51  1
        2018021021  7600017     -14.51     193.63  1
        2018021100  7724966     -14.59     193.60  1
        2018021103  7761806     -14.78     193.80  1
        2018021106  7781812     -14.90     193.97  1
        2018021109  7812894     -14.98     194.12  1
        2018021112  7910805     -15.11     194.34  1
        2018021115  7913621     -15.28     194.62  1
        2018021118  8017739     -15.49     195.07  1
        2018021121  8210538     -15.78     195.59  1
        2018021200  8438123     -15.98     195.94  1
        2018021203  8429799     -16.27     196.40  1
        2018021206  8475002     -16.51     196.75  1
        2018021209  8573292     -16.72     197.12  1
        2018021212  8676682     -16.93     197.54  1
        2018021215  8676634     -17.14     197.96  1
        2018021218  8721178     -17.27     198.28  1
        2018021221  8857192     -17.49     198.88  1
        2018021300  9047330     -17.85     199.75  1
        2018021303  8851275     -18.13     200.47  1
        2018021306  8717469     -18.27     200.94  1
        2018021309  8664346     -18.39     201.42  1
        2018021312  8573011     -18.53     202.02  1
        2018021315  8354325     -18.68     202.65  1
        2018021318  8223855     -18.76     203.07  1
        2018021321  8037104     -18.94     203.71  1
        2018021400  7541720     -19.47     205.09  1
        2018021403  6700856     -20.67     207.80  1
        2018021406  6528965     -20.75     208.16  1
        2018021409  6419929     -20.73     208.35  1
        2018021412  6307664     -20.81     208.70  1
        2018021415  6183145     -20.75     208.85  1
        2018021418  6016598     -20.57     208.77  1
        2018021421  5740112     -20.18     208.43  1
        2018021500  5394358     -19.80     208.12  1
        2018021503  5021488     -19.28     207.64  1
        2018021506  4751171     -18.87     207.27  1
        2018021509  4558516     -18.59     207.02  1
        2018021512  4325759     -18.37     206.96  1
        2018021515  4097194     -18.14     206.85  1
        2018021518  3947228     -17.98     206.70  1
        2018021521  3747443     -17.77     206.52  1
        2018021600  3368463     -17.21     205.94  1
        2018021603  2956035     -16.57     205.24  1
        2018021606  2733309     -16.21     204.80  1
        2018021609  2552632     -15.88     204.40  1
        2018021612  2230662     -15.29     203.69  1
        2018021615  1941931     -14.85     203.01  1
        2018021618  1765290     -14.53     202.54  1
        2018021621  1578355     -14.20     202.03  1
        2018021700  1399054     -13.84     201.54  1
        2018021703  1348533     -13.78     201.25  1
        2018021706  1261716     -13.77     201.08  1
        2018021709  1190576     -13.76     200.92  1
        2018021712  1058053     -13.75     200.72  1
        2018021715  1057299     -13.91     200.59  1
        2018021718   995816     -14.09     200.50  1
        2018021721  1063079     -14.39     200.64  1
        2018021800  1092364     -14.77     200.84  1
        2018021803  1233514     -15.19     201.02  1
        2018021806  1247349     -15.34     201.09  1
        2018021809  1350848     -15.61     201.32  1
        2018021812  1402280     -15.97     201.60  1
        2018021815  1586521     -16.39     201.97  1
        2018021818  1711521     -16.90     202.43  1
        2018021821  1813204     -17.39     202.89  1
        2018021900  2017124     -17.94     203.42  1
        2018021903  2185090     -18.34     203.79  1
        2018021906  2210178     -18.65     204.14  1
        2018021909  2367337     -18.94     204.50  1
        2018021912  2492492     -19.06     204.74  1
        2018021915  2628592     -19.15     204.83  1
        2018021918  2735905     -19.25     204.99  1
        2018021921  2851121     -19.42     205.17  1
        2018022000  3012593     -19.57     205.33  1
        2018022003  3052022     -19.65     205.43  1
        2018022006  2981752     -19.69     205.58  1
        2018022009  2957930     -19.76     205.71  1
        2018022012  2906968     -19.82     205.83  1
        2018022015  2906170     -19.78     205.83  1
        2018022018  2819774     -19.81     205.88  1
        2018022021  2703697     -19.86     205.97  1
        2018022100  2573093     -19.87     205.96  1
        2018022103  2449501     -19.70     205.81  1
        2018022106  2311739     -19.49     205.63  1
        2018022109  2240709     -19.34     205.45  1
        2018022112  2245990     -18.82     204.81  1
        2018022115  2267291     -18.13     204.08  1
        2018022118  2187993     -17.44     203.31  1
        2018022121  2086392     -16.48     202.23  1
        2018022200  1960224     -15.55     201.03  1
        2018022203  1662752     -14.30     199.44  1
        2018022206  1382148     -12.95     197.76  1
        2018022209  1237455     -12.22     196.70  1
        2018022212  1052014     -11.54     195.56  1
        2018022215   972239     -11.24     194.90  1
        2018022218   871349     -11.33     194.85  1
        2018022221   806594     -11.48     194.73  1
        2018022300   749805     -11.78     194.63  1
        2018022303   632793     -11.74     194.16  1
        2018022306   612366     -11.75     193.80  1
        2018022309   725177     -11.65     193.26  1
        2018022312   894197     -11.48     192.61  1
        2018022315   980254     -11.30     192.08  1
        2018022318  1011238     -11.09     191.57  1
        2018022321  1040076     -11.07     191.24  1
        2018022400  1000833     -11.26     191.04  1
        2018022403   883483     -11.29     190.64  1
        2018022406   763892     -11.31     190.24  1
        2018022409   701106     -11.30     189.85  1
        2018022412   570694     -11.43     189.61  1
        2018022415   377418     -11.70     189.28  1
LPT    24.0200
        2018020212   307379     -20.92     216.69  1
        2018020215   417027     -20.64     216.70  1
        2018020218   482512     -20.26     216.68  1
        2018020221   561415     -19.66     216.62  1
        2018020300   617383     -19.28     216.62  1
        2018020303   661019     -18.94     216.63  1
        2018020306   681411     -18.77     216.58  1
        2018020309   672143     -18.53     216.51  1
        2018020312   671947     -18.02     216.17  1
        2018020315   758425     -17.71     215.68  1
        2018020318   849756     -17.37     215.05  1
        2018020321  1047028     -17.01     214.19  1
        2018020400  1188271     -16.84     213.61  1
        2018020403  1198208     -16.56     213.00  1
        2018020406  1236691     -16.44     212.60  1
        2018020409  1299236     -16.27     211.96  1
        2018020412  1308611     -16.09     211.23  1
        2018020415  1389264     -15.90     210.41  1
        2018020418  1487592     -15.74     209.65  1
        2018020421  1529348     -15.61     209.01  1
        2018020500  1615335     -15.62     208.67  1
        2018020503  1736113     -15.55     208.34  1
        2018020506  1789766     -15.52     208.31  1
        2018020509  1908604     -15.50     208.33  1
        2018020512  1985474     -15.60     208.55  1
        2018020515  2146492     -15.53     208.36  1
        2018020518  2238231     -15.48     208.29  1
        2018020521  2294655     -15.41     208.13  1
        2018020600  2297051     -15.46     208.11  1
        2018020603  2380478     -15.37     207.90  1
        2018020606  2387723     -15.32     207.81  1
        2018020609  2446063     -15.29     207.80  1
        2018020612  2429579     -15.31     207.87  1
        2018020615  2409658     -15.30     207.69  1
        2018020618  2360555     -15.26     207.55  1
        2018020621  2284798     -15.19     207.33  1
        2018020700  2169150     -15.10     207.02  1
        2018020703  2123525     -14.98     206.59  1
        2018020706  3507942     -14.88     196.07  1
        2018020709  3735933     -14.73     195.66  1
        2018020712  4042366     -14.53     195.18  1
        2018020715  4283212     -14.43     194.39  1
        2018020718  4476252     -14.33     194.21  1
        2018020721  4647590     -14.24     193.80  1
        2018020800  5031769     -14.15     193.69  1
        2018020803  5232676     -14.09     193.29  1
        2018020806  5339249     -14.03     193.20  1
        2018020809  5535707     -14.00     193.12  1
        2018020812  5781719     -13.97     192.95  1
        2018020815  5896955     -13.89     192.72  1
        2018020818  5854099     -13.86     192.63  1
        2018020821  5855781     -13.84     192.60  1
        2018020900  6021284     -13.84     192.72  1
        2018020903  6109704     -13.84     192.88  1
        2018020906  6102261     -13.85     192.98  1
        2018020909  6168409     -13.88     193.11  1
        2018020912  6254458     -13.85     193.07  1
        2018020915  6347955     -13.88     193.17  1
        2018020918  6403161     -13.91     193.31  1
        2018020921  6481432     -13.92     193.30  1
        2018021000  6726531     -13.93     193.23  1
        2018021003  6869273     -13.97     193.24  1
        2018021006  6975787     -13.97     193.15  1
        2018021009  7127607     -14.02     193.19  1
        2018021012  7324385     -14.13     193.23  1
        2018021015  7430773     -14.27     193.37  1
        2018021018  7518300     -14.39     193.51  1
        2018021021  7600017     -14.51     193.63  1
        2018021100  7724966     -14.59     193.60  1
        2018021103  7761806     -14.78     193.80  1
        2018021106  7781812     -14.90     193.97  1
        2018021109  7812894     -14.98     194.12  1
        2018021112  7910805     -15.11     194.34  1
        2018021115  7913621     -15.28     194.62  1
        2018021118  8017739     -15.49     195.07  1
        2018021121  8210538     -15.78     195.59  1
        2018021200  8438123     -15.98     195.94  1
        2018021203  8429799     -16.27     196.40  1
        2018021206  8475002     -16.51     196.75  1
        2018021209  8573292     -16.72     197.12  1
        2018021212  8676682     -16.93     197.54  1
        2018021215  8676634     -17.14     197.96  1
        2018021218  8721178     -17.27     198.28  1
        2018021221  8857192     -17.49     198.88  1
        2018021300  9047330     -17.85     199.75  1
        2018021303  8851275     -18.13     200.47  1
        2018021306  8717469     -18.27     200.94  1
        2018021309  8664346     -18.39     201.42  1
        2018021312  8573011     -18.53     202.02  1
        2018021315  8354325     -18.68     202.65  1
        2018021318  8223855     -18.76     203.07  1
        2018021321  8037104     -18.94     203.71  1
        2018021400  7541720     -19.47     205.09  1
        2018021403  6700856     -20.67     207.80  1
        2018021406  6528965     -20.75     208.16  1
        2018021409  6419929     -20.73     208.35  1
        2018021412  6307664     -20.81     208.70  1
        2018021415  6183145     -20.75     208.85  1
        2018021418  6016598     -20.57     208.77  1
        2018021421  5740112     -20.18     208.43  1
        2018021500  5394358     -19.80     208.12  1
        2018021503  5021488     -19.28     207.64  1
        2018021506  4751171     -18.87     207.27  1
        2018021509  4558516     -18.59     207.02  1
        2018021512  4325759     -18.37     206.96  1
        2018021515  4097194     -18.14     206.85  1
        2018021518  3947228     -17.98     206.70  1
        2018021521  3747443     -17.77     206.52  1
        2018021600  3368463     -17.21     205.94  1
        2018021603  2956035     -16.57     205.24  1
        2018021606  2733309     -16.21     204.80  1
        2018021609  2552632     -15.88     204.40  1
        2018021612  2230662     -15.29     203.69  1
        2018021615  1941931     -14.85     203.01  1
        2018021618  1765290     -14.53     202.54  1
        2018021621  1578355     -14.20     202.03  1
        2018021700  1399054     -13.84     201.54  1
        2018021703  1348533     -13.78     201.25  1
        2018021706  1261716     -13.77     201.08  1
        2018021709  1190576     -13.76     200.92  1
        2018021712  1058053     -13.75     200.72  1
        2018021715  1057299     -13.91     200.59  1
        2018021718   995816     -14.09     200.50  1
        2018021721  1063079     -14.39     200.64  1
        2018021800  1092364     -14.77     200.84  1
        2018021803  1233514     -15.19     201.02  1
        2018021806  1247349     -15.34     201.09  1
        2018021809  1350848     -15.61     201.32  1
        2018021812  1402280     -15.97     201.60  1
        2018021815  1586521     -16.39     201.97  1
        2018021818  1711521     -16.90     202.43  1
        2018021821  1813204     -17.39     202.89  1
        2018021900  2017124     -17.94     203.42  1
        2018021903  2185090     -18.34     203.79  1
        2018021906  2210178     -18.65     204.14  1
        2018021909  2367337     -18.94     204.50  1
        2018021912  2492492     -19.06     204.74  1
        2018021915  2628592     -19.15     204.83  1
        2018021918  2735905     -19.25     204.99  1
        2018021921  2851121     -19.42     205.17  1
        2018022000  3012593     -19.57     205.33  1
        2018022003  3052022     -19.65     205.43  1
        2018022006  2981752     -19.69     205.58  1
        2018022009  2957930     -19.76     205.71  1
        2018022012  2906968     -19.82     205.83  1
        2018022015  2906170     -19.78     205.83  1
        2018022018  2819774     -19.81     205.88  1
        2018022021  2703697     -19.86     205.97  1
        2018022100  2573093     -19.87     205.96  1
        2018022103  2449501     -19.70     205.81  1
        2018022106  2311739     -19.49     205.63  1
        2018022109  2240709     -19.34     205.45  1
        2018022112  2245990     -18.82     204.81  1
        2018022115  2267291     -18.13     204.08  1
        2018022118  2187993     -17.44     203.31  1
        2018022121  2086392     -16.48     202.23  1
        2018022200  1960224     -15.55     201.03  1
        2018022203  1662752     -14.30     199.44  1
        2018022206  1382148     -12.95     197.76  1
        2018022209  1237455     -12.22     196.70  1
        2018022212  1052014     -11.54     195.56  1
        2018022215   972239     -11.24     194.90  1
        2018022218   871349     -11.33     194.85  1
        2018022221   806594     -11.48     194.73  1
        2018022300   749805     -11.78     194.63  1
        2018022303   632793     -11.74     194.16  1
        2018022306   612366     -11.75     193.80  1
        2018022309   725177     -11.65     193.26  1
        2018022312   894197     -11.48     192.61  1
        2018022315   980254     -11.30     192.08  1
        2018022318  1011238     -11.09     191.57  1
        2018022321  1040076     -11.07     191.24  1
        2018022400  1000833     -11.26     191.04  1
        2018022403   883483     -11.29     190.64  1
        2018022406   763892     -11.31     190.24  1
        2018022409   701106     -11.30     189.85  1
        2018022412   570694     -11.43     189.61  1
        2018022415   377418     -11.70     189.28  1
LPT    25.0100
        2018021818   482667      -3.60     305.63  1
        2018021821   592894      -3.61     305.19  1
        2018021900   555914      -3.59     305.19  1
        2018021903   622933      -3.65     305.04  1
        2018021906   893130      -3.90     305.08  1
        2018021909  1003356      -4.39     304.91  1
        2018021912  1042042      -4.75     305.07  1
        2018021915  1076128      -5.06     305.22  1
        2018021918  1534682      -5.71     305.69  1
        2018021921  1596926      -5.94     306.01  1
        2018022000  1631034      -6.07     306.45  1
        2018022003  1716523      -6.16     306.91  1
        2018022006  1826120      -6.33     307.12  1
        2018022009  1729968      -6.43     307.35  1
        2018022012  1657309      -6.37     307.54  1
        2018022015  1661426      -6.25     307.73  1
        2018022018  2011657      -6.34     307.90  1
        2018022021  1756365      -5.95     308.30  1
        2018022100  1752600      -5.65     308.22  1
        2018022103  2112208      -5.36     308.55  1
        2018022106  2282634      -5.44     308.42  1
        2018022109  2573115      -5.50     308.21  1
        2018022112  2755207      -5.61     308.04  1
        2018022115  2936165      -5.46     308.15  1
        2018022118  3188960      -5.70     308.10  1
        2018022121  3414504      -5.96     307.90  1
        2018022200  3540458      -6.04     307.86  1
        2018022203  3882790      -6.13     307.99  1
        2018022206  4096496      -6.26     307.94  1
        2018022209  4214393      -6.18     308.01  1
        2018022212  4321185      -6.19     307.89  1
        2018022215  4472291      -6.08     307.81  1
        2018022218  4749549      -6.23     307.47  1
        2018022221  4810577      -6.13     307.17  1
        2018022300  4807903      -5.98     307.09  1
        2018022303  4915860      -5.78     306.97  1
        2018022306  5039361      -5.67     306.72  1
        2018022309  4900690      -5.61     306.57  1
        2018022312  4834971      -5.59     306.38  1
        2018022315  4758860      -5.58     306.24  1
        2018022318  4690403      -5.76     306.15  1
        2018022321  4609274      -5.83     305.87  1
        2018022400  4485235      -5.81     305.73  1
        2018022403  4313988      -5.77     305.56  1
        2018022406  3996295      -5.77     305.23  1
        2018022409  3819190      -5.78     304.99  1
        2018022412  3587856      -5.80     304.61  1
        2018022415  3397549      -5.70     304.31  1
        2018022418  3325162      -5.86     304.13  1
        2018022421  3312431      -5.72     303.99  1
        2018022500  3068591      -5.43     304.04  1
        2018022503  2782205      -5.07     304.06  1
        2018022506  2351119      -4.71     304.04  1
        2018022509  1932527      -4.29     304.75  1
        2018022512  1638310      -3.96     305.53  1
        2018022515  1242578      -3.15     307.99  1
        2018022518  1271935      -3.62     308.44  1
        2018022521  1366379      -3.72     308.80  1
        2018022600  1389426      -3.73     308.91  1
        2018022603  1436107      -3.84     308.95  1
        2018022606  1163064      -3.82     309.17  1
        2018022609   879112      -3.77     309.40  1
        2018022612   838336      -3.73     309.51  1
        2018022615   719074      -3.61     309.67  1
        2018022618   698902      -3.80     309.87  1
        2018022621   702797      -3.76     309.82  1
        2018022700   566504      -3.71     310.02  1
        2018022703   473273      -3.73     310.13  1
        2018022706   413902      -3.81     310.18  1
        2018022709   323686      -3.96     310.36  1
        2018022718   331233      -4.33     310.36  1
LPT    26.0100
        2018022621   431246      -7.47      58.63  1
        2018022700   555076      -7.63      58.63  1
        2018022703   625386      -7.69      58.52  1
        2018022706   652808      -7.76      58.34  1
        2018022709   746565      -7.94      58.14  1
        2018022712   802802      -8.09      57.89  1
        2018022715   797224      -8.20      57.63  1
        2018022718   803903      -8.29      57.34  1
        2018022721   845608      -8.43      56.81  1
        2018022800   732251      -8.63      56.05  1
        2018022803   739571      -8.79      55.20  1
        2018022806   792110      -8.83      54.73  1
        2018022809   887964      -8.93      54.41  1
        2018022812   855518      -9.11      54.31  1
        2018022815   877262      -9.25      54.38  1
        2018022818   968940      -9.42      54.51  1
        2018022821  1087015      -9.63      54.61  1
        2018030100  1004778      -9.92      54.69  1
        2018030103  1008674     -10.13      54.71  1
        2018030106  1013680     -10.23      54.71  1
        2018030109   993504     -10.36      54.72  1
        2018030112   908758     -10.53      54.64  1
        2018030115   849073     -10.71      54.57  1
        2018030118   936734     -10.81      54.61  1
        2018030121  1012125     -10.93      54.61  1
        2018030200   967071     -11.04      54.55  1
        2018030203  1060905     -11.06      54.41  1
        2018030206  1171351     -11.08      54.31  1
        2018030209  1314243     -11.12      54.23  1
        2018030212  1417377     -11.22      54.04  1
        2018030215  1581016     -11.44      53.72  1
        2018030218  1734080     -11.61      53.67  1
        2018030221  1912562     -11.77      53.52  1
        2018030300  2032948     -11.91      53.49  1
        2018030303  2103558     -12.04      53.52  1
        2018030306  2128520     -12.22      53.60  1
        2018030309  2288462     -12.36      53.40  1
        2018030312  2481982     -12.51      52.99  1
        2018030315  3428637     -11.81      49.18  1
        2018030318  3485680     -11.97      49.60  1
        2018030321  3630635     -12.29      49.89  1
        2018030400  3647877     -12.56      50.27  1
        2018030403  3768075     -12.61      50.22  1
        2018030406  3955343     -12.58      49.90  1
        2018030409  4152446     -12.76      49.81  1
        2018030412  4360909     -12.95      49.64  1
        2018030415  4366489     -13.13      49.75  1
        2018030418  4386429     -13.24      49.74  1
        2018030421  4471931     -13.51      49.64  1
        2018030500  4437134     -13.83      49.69  1
        2018030503  4489765     -14.01      49.61  1
        2018030506  4546541     -14.26      49.52  1
        2018030509  4675282     -14.55      49.45  1
        2018030512  4788592     -14.82      49.36  1
        2018030515  4848113     -15.04      49.34  1
        2018030518  4856322     -15.29      49.44  1
        2018030521  4930028     -15.65      49.57  1
        2018030600  4925152     -15.97      49.71  1
        2018030603  4891950     -16.40      49.88  1
        2018030606  4855369     -16.80      50.13  1
        2018030609  4810523     -17.25      50.43  1
        2018030612  4714442     -17.79      50.74  1
        2018030615  4579875     -18.33      51.13  1
        2018030618  4512647     -18.70      51.45  1
        2018030621  4473568     -19.16      51.84  1
        2018030700  4384530     -19.65      52.16  1
        2018030703  4322623     -20.10      52.41  1
        2018030706  4284187     -20.47      52.61  1
        2018030709  4274654     -20.86      52.86  1
        2018030712  4215876     -21.21      53.14  1
        2018030715  4113053     -21.62      53.49  1
        2018030718  4018145     -22.00      53.89  1
        2018030721  3887657     -22.37      54.38  1
        2018030800  3622155     -23.07      55.17  1
        2018030803  3421977     -23.71      55.84  1
        2018030806  3158372     -24.53      56.75  1
        2018030809  2815019     -25.46      57.88  1
        2018030812  2658379     -26.10      58.49  1
        2018030815  2559987     -26.65      59.00  1
        2018030818  2515394     -27.17      59.48  1
        2018030821  2473197     -27.67      59.98  1
        2018030900  2311389     -28.23      60.42  1
        2018030903  2256828     -28.84      60.83  1
        2018030906  2164181     -29.52      61.18  1
        2018030909  2009659     -29.92      61.41  1
        2018030912  1822767     -30.62      61.56  1
        2018030915  1660889     -31.25      61.80  1
        2018030918  1498856     -31.84      62.04  1
        2018030921  1327321     -32.44      62.28  1
        2018031000  1095434     -33.11      62.53  1
        2018031003   926030     -33.74      62.82  1
        2018031006   728317     -34.37      63.03  1
        2018031009   552055     -34.93      63.21  1
        2018031012   318666     -35.54      63.37  1
LPT    27.0100
        2018030215   386566     -12.69     173.56  1
        2018030218   521780     -12.86     173.94  1
        2018030221   612881     -13.15     174.51  1
        2018030300   757109     -13.40     175.12  1
        2018030303   947897     -13.37     175.16  1
        2018030306   989210     -13.36     175.27  1
        2018030309  1092160     -13.49     175.56  1
        2018030312  1200307     -13.31     175.47  1
        2018030315  1357916     -13.17     175.36  1
        2018030318  1402137     -13.06     175.30  1
        2018030321  1443916     -12.98     175.27  1
        2018030400  1481370     -12.99     175.41  1
        2018030403  1534137     -12.96     175.55  1
        2018030406  1566323     -13.08     175.82  1
        2018030409  1655941     -13.13     176.05  1
        2018030412  1691106     -13.14     176.30  1
        2018030415  1779615     -13.23     176.53  1
        2018030418  1809448     -13.33     176.68  1
        2018030421  1828093     -13.43     176.75  1
        2018030500  1857155     -13.72     177.02  1
        2018030503  1858083     -13.88     177.08  1
        2018030506  1857577     -14.03     177.14  1
        2018030509  1873524     -14.09     177.06  1
        2018030512  1875448     -14.14     176.97  1
        2018030515  1827083     -14.04     176.71  1
        2018030518  1789351     -14.01     176.46  1
        2018030521  1759772     -13.87     176.12  1
        2018030600  1723225     -13.76     175.91  1
        2018030603  1612005     -13.62     175.61  1
        2018030606  1501463     -13.47     175.33  1
        2018030609  1471343     -13.37     175.06  1
        2018030612  1430011     -13.27     174.78  1
        2018030615  1406464     -13.20     174.46  1
        2018030618  1355349     -13.21     174.29  1
        2018030621  1348644     -13.21     174.07  1
        2018030700  1287398     -13.30     173.93  1
        2018030703  1231634     -13.35     173.69  1
        2018030706  1120733     -13.33     173.27  1
        2018030709  1033745     -13.31     172.88  1
        2018030712   930924     -13.31     172.33  1
        2018030715   908652     -13.45     171.93  1
        2018030718   826615     -13.51     171.43  1
        2018030721   740141     -13.58     170.92  1
        2018030800   647392     -13.75     170.47  1
        2018030803   699148     -13.98     170.04  1
        2018030806   710258     -14.26     169.72  1
        2018030809   738813     -14.44     169.33  1
        2018030812   806022     -14.64     168.94  1
        2018030815   929186     -14.80     168.69  1
        2018030818  1001634     -15.09     168.54  1
        2018030821  1082339     -15.31     168.39  1
        2018030900  1145797     -15.66     168.31  1
        2018030903  1253008     -16.07     168.28  1
        2018030906  1394453     -16.35     168.26  1
        2018030909  1473632     -16.62     168.24  1
        2018030912  1608469     -16.97     168.22  1
        2018030915  1790667     -17.36     168.26  1
        2018030918  4397854     -10.81     159.97  1
        2018030921  3778887     -11.13     163.37  1
        2018031000  3853582     -11.46     163.40  1
        2018031003  4066148     -11.69     163.40  1
        2018031006  4208219     -12.05     163.50  1
        2018031009  4345548     -12.38     163.51  1
        2018031012  4512175     -12.51     163.45  1
        2018031015  4680845     -12.52     163.27  1
        2018031018  4910277     -12.44     163.02  1
        2018031021  5020756     -12.38     162.82  1
        2018031100  5039907     -12.46     162.72  1
        2018031103  5171304     -12.55     162.68  1
        2018031106  5157370     -12.48     162.44  1
        2018031109  5203964     -12.46     162.26  1
        2018031112  5260616     -12.28     161.93  1
        2018031115  5375698     -12.05     161.54  1
        2018031118  5496501     -11.84     161.23  1
        2018031121  5464245     -11.52     160.86  1
        2018031200  5449384     -11.18     160.40  1
        2018031203  5342257     -10.70     159.96  1
        2018031206  5189956     -10.36     159.53  1
        2018031209  4972166      -9.58     158.68  1
        2018031212  4682741      -8.11     157.22  1
        2018031215  4694594      -8.06     156.93  1
        2018031218  4708667      -8.10     156.69  1
        2018031221  4646007      -8.23     156.59  1
        2018031300  4607806      -8.33     156.45  1
        2018031303  4531819      -8.50     156.57  1
        2018031306  4496914      -8.72     156.62  1
        2018031309  4481365      -8.73     156.57  1
        2018031312  4532576      -8.72     156.49  1
        2018031315  4727350      -8.62     156.29  1
        2018031318  4996797      -8.49     155.83  1
        2018031321  5074550      -8.45     155.76  1
        2018031400  5104626      -8.29     155.84  1
        2018031403  5072647      -8.11     156.15  1
        2018031406  5024503      -8.08     156.04  1
        2018031409  4905475      -8.00     156.06  2
        2018031412  4997965      -7.75     155.79  2
        2018031415  5057302      -7.53     155.71  2
        2018031418  4903638      -7.37     155.17  2
        2018031421  4624104      -7.15     154.56  2
        2018031500  4422514      -6.63     153.74  2
        2018031503  3416037      -3.30     151.08  2
        2018031506  3637670      -3.43     150.12  1
        2018031509  3787527      -3.39     150.04  1
        2018031512  3971227      -3.31     150.03  1
        2018031515  3946922      -3.01     150.39  1
        2018031518  4039183      -2.81     150.66  1
        2018031521  3976348      -2.42     151.34  1
        2018031600  2909379      -0.28     157.85  1
        2018031603  2986010      -0.05     158.08  1
        2018031606  3154066       0.06     157.99  1
        2018031609  3223094       0.09     157.99  1
        2018031612  3357473       0.04     157.82  1
        2018031615  3405078       0.11     157.84  1
        2018031618  3474868       0.01     157.63  1
        2018031621  3501530      -0.04     157.45  1
        2018031700  3509901      -0.11     157.27  1
        2018031703  3554999      -0.22     157.05  1
        2018031706  3570090      -0.49     156.66  1
        2018031709  3615285      -0.62     156.42  1
        2018031712  3735793      -0.69     156.22  1
        2018031715  3738844      -0.73     155.92  1
        2018031718  3745177      -0.79     155.72  1
        2018031721  3848122      -0.74     155.74  1
        2018031800  3904255      -0.70     155.65  1
        2018031803  3932655      -0.57     155.79  1
        2018031806  3925438      -0.59     155.83  1
        2018031809  3897718      -0.57     155.95  1
        2018031812  3977093      -0.65     156.14  1
        2018031815  4022362      -0.65     156.43  1
        2018031818  4148909      -0.88     156.50  1
        2018031821  4174913      -1.03     156.62  1
        2018031900  4136384      -1.23     156.60  1
        2018031903  4171113      -1.45     156.60  1
        2018031906  4114164      -1.84     156.31  1
        2018031909  3981541      -2.18     156.21  1
        2018031912  3862637      -2.36     155.92  1
        2018031915  3616088      -2.63     155.65  1
        2018031918  1855095      -7.30     147.95  1
        2018031921  1771757      -7.49     147.27  1
        2018032000  1747726      -7.56     146.86  1
        2018032003  1759621      -7.64     146.75  1
        2018032006  1821725      -7.77     146.55  1
        2018032009  1815236      -7.86     146.41  1
        2018032012  1857446      -7.99     146.19  1
        2018032015  1936131      -8.17     146.25  1
        2018032018  2543788      -8.07     148.92  1
        2018032021  2592131      -8.19     149.04  1
        2018032100  2564075      -8.30     148.87  1
        2018032103  2419294      -8.41     148.99  1
        2018032106  2359493      -8.46     148.45  1
        2018032109  2411527      -8.46     148.70  1
        2018032112  2598899      -8.41     148.88  1
        2018032115  2826544      -8.39     149.09  1
        2018032118  3070670      -8.40     149.20  1
        2018032121  3095192      -8.47     149.04  1
        2018032200  1856577      -8.40     140.44  1
        2018032203  1722176      -8.37     139.39  1
        2018032206  1675476      -8.38     138.72  1
        2018032209  1670493      -8.27     138.40  1
        2018032212  1701371      -8.19     138.22  1
        2018032215  1724065      -8.23     138.01  1
        2018032218  1700066      -8.31     137.90  1
        2018032221  1645185      -8.47     137.73  1
        2018032300  1668138      -8.62     137.48  1
        2018032303  1678257      -8.73     137.31  1
        2018032306  1759347      -8.80     137.25  1
        2018032309  1791799      -8.85     137.19  1
        2018032312  1850085      -8.90     137.34  1
        2018032315  1800161      -8.98     137.36  1
        2018032318  1749319      -9.10     137.48  1
        2018032321  1637198      -9.32     137.75  1
        2018032400  1572134      -9.58     138.06  1
        2018032403  1491407      -9.78     138.35  1
        2018032406  1463830     -10.00     138.68  1
        2018032409  1382433     -10.21     138.96  1
        2018032412  1304023     -10.45     139.11  1
        2018032415  1185369     -10.74     139.26  1
        2018032418  1034267     -11.04     139.43  1
        2018032421   844131     -11.33     139.62  1
        2018032500   658949     -11.58     139.85  1
        2018032503   488320     -11.85     140.16  1
        2018032506   397317     -12.07     140.41  1
LPT    27.0200
        2018030215   386566     -12.69     173.56  1
        2018030218   521780     -12.86     173.94  1
        2018030221   612881     -13.15     174.51  1
        2018030300   757109     -13.40     175.12  1
        2018030303   947897     -13.37     175.16  1
        2018030306   989210     -13.36     175.27  1
        2018030309  1092160     -13.49     175.56  1
        2018030312  1200307     -13.31     175.47  1
        2018030315  1357916     -13.17     175.36  1
        2018030318  1402137     -13.06     175.30  1
        2018030321  1443916     -12.98     175.27  1
        2018030400  1481370     -12.99     175.41  1
        2018030403  1534137     -12.96     175.55  1
        2018030406  1566323     -13.08     175.82  1
        2018030409  1655941     -13.13     176.05  1
        2018030412  1691106     -13.14     176.30  1
        2018030415  1779615     -13.23     176.53  1
        2018030418  1809448     -13.33     176.68  1
        2018030421  1828093     -13.43     176.75  1
        2018030500  1857155     -13.72     177.02  1
        2018030503  1858083     -13.88     177.08  1
        2018030506  1857577     -14.03     177.14  1
        2018030509  1873524     -14.09     177.06  1
        2018030512  1875448     -14.14     176.97  1
        2018030515  1827083     -14.04     176.71  1
        2018030518  1789351     -14.01     176.46  1
        2018030521  1759772     -13.87     176.12  1
        2018030600  1723225     -13.76     175.91  1
        2018030603  1612005     -13.62     175.61  1
        2018030606  1501463     -13.47     175.33  1
        2018030609  1471343     -13.37     175.06  1
        2018030612  1430011     -13.27     174.78  1
        2018030615  1406464     -13.20     174.46  1
        2018030618  1355349     -13.21     174.29  1
        2018030621  1348644     -13.21     174.07  1
        2018030700  1287398     -13.30     173.93  1
        2018030703  1231634     -13.35     173.69  1
        2018030706  1120733     -13.33     173.27  1
        2018030709  1033745     -13.31     172.88  1
        2018030712   930924     -13.31     172.33  1
        2018030715   908652     -13.45     171.93  1
        2018030718   826615     -13.51     171.43  1
        2018030721   740141     -13.58     170.92  1
        2018030800   647392     -13.75     170.47  1
        2018030803   699148     -13.98     170.04  1
        2018030806   710258     -14.26     169.72  1
        2018030809   738813     -14.44     169.33  1
        2018030812   806022     -14.64     168.94  1
        2018030815   929186     -14.80     168.69  1
        2018030818  1001634     -15.09     168.54  1
        2018030821  1082339     -15.31     168.39  1
        2018030900  1145797     -15.66     168.31  1
        2018030903  1253008     -16.07     168.28  1
        2018030906  1394453     -16.35     168.26  1
        2018030909  1473632     -16.62     168.24  1
        2018030912  1608469     -16.97     168.22  1
        2018030915  1790667     -17.36     168.26  1
        2018030918  4397854     -10.81     159.97  1
        2018030921  3778887     -11.13     163.37  1
        2018031000  3853582     -11.46     163.40  1
        2018031003  4066148     -11.69     163.40  1
        2018031006  4208219     -12.05     163.50  1
        2018031009  4345548     -12.38     163.51  1
        2018031012  4512175     -12.51     163.45  1
        2018031015  4680845     -12.52     163.27  1
        2018031018  4910277     -12.44     163.02  1
        2018031021  5020756     -12.38     162.82  1
        2018031100  5039907     -12.46     162.72  1
        2018031103  5171304     -12.55     162.68  1
        2018031106  5157370     -12.48     162.44  1
        2018031109  5203964     -12.46     162.26  1
        2018031112  5260616     -12.28     161.93  1
        2018031115  5375698     -12.05     161.54  1
        2018031118  5496501     -11.84     161.23  1
        2018031121  5464245     -11.52     160.86  1
        2018031200  5449384     -11.18     160.40  1
        2018031203  5342257     -10.70     159.96  1
        2018031206  5189956     -10.36     159.53  1
        2018031209  4972166      -9.58     158.68  1
        2018031212  4682741      -8.11     157.22  1
        2018031215  4694594      -8.06     156.93  1
        2018031218  4708667      -8.10     156.69  1
        2018031221  4646007      -8.23     156.59  1
        2018031300  4607806      -8.33     156.45  1
        2018031303  4531819      -8.50     156.57  1
        2018031306  4496914      -8.72     156.62  1
        2018031309  4481365      -8.73     156.57  1
        2018031312  4532576      -8.72     156.49  1
        2018031315  4727350      -8.62     156.29  1
        2018031318  4996797      -8.49     155.83  1
        2018031321  5074550      -8.45     155.76  1
        2018031400  5104626      -8.29     155.84  1
        2018031403  5072647      -8.11     156.15  1
        2018031406  5024503      -8.08     156.04  1
        2018031409  4905475      -8.00     156.06  2
        2018031412  4997965      -7.75     155.79  2
        2018031415  5057302      -7.53     155.71  2
        2018031418  4903638      -7.37     155.17  2
        2018031421  4624104      -7.15     154.56  2
        2018031500  4422514      -6.63     153.74  2
        2018031503  3416037      -3.30     151.08  2
        2018031506  3637670      -3.43     150.12  1
        2018031509  3787527      -3.39     150.04  1
        2018031512  3971227      -3.31     150.03  1
        2018031515  3946922      -3.01     150.39  1
        2018031518  4039183      -2.81     150.66  1
        2018031521  3976348      -2.42     151.34  1
        2018031600  2909379      -0.28     157.85  1
        2018031603  2986010      -0.05     158.08  1
        2018031606  3154066       0.06     157.99  1
        2018031609  3223094       0.09     157.99  1
        2018031612  3357473       0.04     157.82  1
        2018031615  3405078       0.11     157.84  1
        2018031618  3474868       0.01     157.63  1
        2018031621  3501530      -0.04     157.45  1
        2018031700  3509901      -0.11     157.27  1
        2018031703  3554999      -0.22     157.05  1
        2018031706  3570090      -0.49     156.66  1
        2018031709  3615285      -0.62     156.42  1
        2018031712  3735793      -0.69     156.22  1
        2018031715  3738844      -0.73     155.92  1
        2018031718  3745177      -0.79     155.72  1
        2018031721  3848122      -0.74     155.74  1
        2018031800  3904255      -0.70     155.65  1
        2018031803  3932655      -0.57     155.79  1
        2018031806  3925438      -0.59     155.83  1
        2018031809  3897718      -0.57     155.95  1
        2018031812  3977093      -0.65     156.14  1
        2018031815  4022362      -0.65     156.43  1
        2018031818  4148909      -0.88     156.50  1
        2018031821  4174913      -1.03     156.62  1
        2018031900  4136384      -1.23     156.60  1
        2018031903  4171113      -1.45     156.60  1
        2018031906  4114164      -1.84     156.31  1
        2018031909  3981541      -2.18     156.21  1
        2018031912  3862637      -2.36     155.92  1
        2018031915  3616088      -2.63     155.65  1
        2018031918  1855095      -7.30     147.95  1
        2018031921  1771757      -7.49     147.27  1
        2018032000  1747726      -7.56     146.86  1
        2018032003  1759621      -7.64     146.75  1
        2018032006  1821725      -7.77     146.55  1
        2018032009  1815236      -7.86     146.41  1
        2018032012  1857446      -7.99     146.19  1
        2018032015  1936131      -8.17     146.25  1
        2018032018  2543788      -8.07     148.92  1
        2018032021  2592131      -8.19     149.04  1
        2018032100  2564075      -8.30     148.87  1
        2018032103  2419294      -8.41     148.99  1
        2018032106  2359493      -8.46     148.45  1
        2018032109  2411527      -8.46     148.70  1
        2018032112  2598899      -8.41     148.88  1
        2018032115  2826544      -8.39     149.09  1
        2018032118  3070670      -8.40     149.20  1
        2018032121  3095192      -8.47     149.04  1
        2018032200  1115994      -8.67     162.44  1
        2018032203  1134708      -8.77     162.92  1
        2018032206  1150986      -8.91     163.33  1
        2018032209  1184099      -9.04     163.63  1
        2018032212  1260480      -9.19     163.87  1
        2018032215  1418424      -9.28     164.01  1
        2018032218  1531562      -9.34     164.14  1
        2018032221  1558037      -9.37     164.20  1
        2018032300  1644332      -9.28     164.31  1
        2018032303  1734588      -9.17     164.35  1
        2018032306  1835120      -9.14     164.36  1
        2018032309  1908621      -9.17     164.52  1
        2018032312  2058285      -9.17     164.61  1
        2018032315  2259448      -9.19     164.68  1
        2018032318  2273838      -9.29     164.83  1
        2018032321  2277525      -9.41     164.97  1
        2018032400  2309366      -9.51     165.05  1
        2018032403  2354669      -9.64     165.13  1
        2018032406  2376632      -9.74     165.08  1
        2018032409  2381894      -9.74     165.03  1
        2018032412  2377302      -9.73     164.91  1
        2018032415  2443242      -9.80     164.72  1
        2018032418  2448598      -9.88     164.51  1
        2018032421  2570242      -9.88     164.06  1
        2018032500  2684193      -9.98     163.80  1
        2018032503  2825120     -10.09     163.57  1
        2018032506  2882095     -10.21     163.42  1
        2018032509  2951997     -10.22     163.32  1
        2018032512  3042853     -10.25     163.23  1
        2018032515  3127460     -10.39     163.17  1
        2018032518  3179344     -10.46     163.14  1
        2018032521  3201880     -10.61     163.11  1
        2018032600  3211079     -10.80     163.17  1
        2018032603  3193841     -11.08     163.20  1
        2018032606  3138536     -11.48     163.20  1
        2018032609  3088824     -11.85     163.22  1
        2018032612  3086635     -12.11     163.10  1
        2018032615  3003818     -12.62     163.00  1
        2018032618  2804839     -13.09     162.76  1
        2018032621  2801286     -13.34     162.65  1
        2018032700  2749757     -13.86     162.48  1
        2018032703  2740139     -14.50     162.19  1
        2018032706  2651257     -15.11     161.95  1
        2018032709  2674456     -15.84     161.78  1
        2018032712  2754268     -16.70     161.60  1
        2018032715  2814577     -17.71     161.43  1
        2018032718  2635256     -18.57     161.33  1
        2018032721  2581673     -19.70     161.15  1
        2018032800  2386543     -21.08     161.12  1
        2018032803  2243619     -21.97     160.97  1
        2018032806  2111944     -22.67     160.91  1
        2018032809  2041166     -23.16     160.82  1
        2018032812  2018551     -23.43     160.89  1
        2018032815  1951313     -23.57     161.00  1
        2018032818  1876327     -23.63     161.12  1
        2018032821  1850815     -23.61     161.26  1
        2018032900  1768549     -23.62     161.44  1
        2018032903  1711031     -23.56     161.63  1
        2018032906  1674634     -23.49     161.86  1
        2018032909  1619988     -23.35     162.16  1
        2018032912  1804718     -22.34     163.92  1
        2018032915  1906763     -21.57     165.26  1
        2018032918  1972727     -20.86     166.38  1
        2018032921  2048468     -20.31     167.16  1
        2018033000  2089677     -19.66     168.06  1
        2018033003  1905656     -18.71     169.32  1
        2018033006  1666468     -17.55     170.93  1
        2018033009  1614568     -16.80     171.98  1
        2018033012  1630662     -16.48     172.44  1
        2018033015  1727473     -16.31     172.61  1
        2018033018  1852600     -16.21     172.64  1
        2018033021  1953698     -16.08     172.65  1
        2018033100  3590200      -9.47     166.15  1
        2018033103  3455860     -10.72     167.02  1
        2018033106  3434055     -11.54     167.65  1
        2018033109  3455114     -12.28     168.40  1
        2018033112  3568357     -12.73     168.75  1
        2018033115  3698364     -12.89     168.92  1
        2018033118  3791442     -13.15     169.22  1
        2018033121  3787588     -13.44     169.55  1
        2018040100  3800822     -13.70     169.94  1
        2018040103  3863552     -13.74     169.89  1
        2018040106  3878757     -13.80     169.88  1
        2018040109  3912273     -13.83     169.74  1
        2018040112  4014559     -13.89     169.51  1
        2018040115  4048909     -13.81     168.45  1
        2018040118  4055457     -14.04     167.85  1
        2018040121  3955143     -14.20     167.33  1
        2018040200  3735247     -14.46     166.99  1
        2018040203  3468244     -14.95     166.57  1
        2018040206  3247090     -15.41     166.37  2
        2018040209  3036589     -16.03     166.72  2
        2018040212  2886499     -16.63     167.23  2
        2018040215  2939021     -17.10     167.68  2
        2018040218  2988567     -17.39     168.05  2
        2018040221  3018839     -17.57     168.05  2
        2018040300  3010294     -17.65     167.81  2
        2018040303  3092431     -17.79     168.15  2
        2018040306  3307587     -17.72     168.09  1
        2018040309  3395930     -17.74     168.01  1
        2018040312  3325019     -17.76     167.67  1
        2018040315  3331924     -17.92     167.71  1
        2018040318  3270008     -18.08     168.09  2
        2018040321  3326623     -18.06     168.24  2
        2018040400  3408298     -17.89     168.66  2
        2018040403  3649021     -17.73     168.62  2
        2018040406  3666702     -17.79     169.10  2
        2018040409  3784236     -17.68     169.40  2
        2018040412  3926273     -17.52     169.67  2
        2018040415  4255297     -17.31     169.13  1
        2018040418  4462256     -17.33     169.89  1
        2018040421  4607191     -17.35     170.45  1
        2018040500  4979125     -17.44     171.38  1
        2018040503  5304180     -17.38     171.59  1
        2018040506  5474242     -17.48     172.12  1
        2018040509  5604261     -17.52     172.42  1
        2018040512  5927213     -17.72     172.99  1
        2018040515  6203029     -17.77     173.01  1
        2018040518  6264985     -17.87     173.46  1
        2018040521  6285976     -17.96     173.80  1
        2018040600  6426735     -18.11     174.66  1
        2018040603  6652158     -18.20     175.18  1
        2018040606  6812868     -18.31     175.59  1
        2018040609  6867609     -18.46     176.31  1
        2018040612  6915836     -18.55     176.94  1
        2018040615  7071137     -18.66     177.54  1
        2018040618  7128708     -18.85     178.23  1
        2018040621  7182272     -19.07     178.81  1
        2018040700  7207608     -19.30     179.46  1
        2018040703  7257703     -19.50     179.96  1
        2018040706  7208166     -19.76     180.59  1
        2018040709  7182188     -19.95     181.06  1
        2018040712  7149453     -20.10     181.51  1
        2018040715  7219191     -20.25     181.99  1
        2018040718  7267140     -20.44     182.70  1
        2018040721  7251245     -20.60     183.26  1
        2018040800  7268458     -20.72     183.75  1
        2018040803  7084861     -20.84     184.15  1
        2018040806  6942522     -21.15     184.98  1
        2018040809  6889408     -21.34     185.39  1
        2018040812  6708851     -21.50     185.84  1
        2018040815  6354803     -21.53     186.02  1
        2018040818  6145519     -21.71     186.75  1
        2018040821  4244531     -15.97     178.33  1
        2018040900  4124323     -15.98     178.46  1
        2018040903  3894133     -15.93     178.10  1
        2018040906  3676747     -16.00     178.32  1
        2018040909  3500892     -15.99     178.34  1
        2018040912  3323745     -16.04     178.47  1
        2018040915  3255440     -16.14     178.85  1
        2018040918  3276890     -16.37     179.78  1
        2018040921  3220251     -16.57     180.38  1
        2018041000  3255636     -16.91     181.35  1
        2018041003  3174602     -17.15     181.61  1
        2018041006  3037302     -17.33     181.75  1
        2018041009  2570845     -17.03     179.13  1
        2018041012  2577738     -17.21     179.29  1
        2018041015  2518825     -17.36     179.48  1
        2018041018  2466273     -17.48     179.66  1
        2018041021  2371198     -17.60     179.83  1
        2018041100  2411829     -17.74     180.33  1
        2018041103  2339288     -17.89     180.36  1
        2018041106  2228315     -18.01     180.35  1
        2018041109  2115308     -18.13     180.29  1
        2018041112  2057858     -18.22     180.46  1
        2018041115  2030237     -18.26     180.53  1
        2018041118  1939123     -18.29     180.62  1
        2018041121  1791194     -18.37     180.72  1
        2018041200  1690506     -18.42     181.01  1
        2018041203  1613945     -18.47     181.30  1
        2018041206  1452058     -18.59     181.67  1
        2018041209  1293925     -18.72     181.93  1
        2018041212  1130610     -18.89     182.27  1
        2018041215  1008094     -19.00     182.54  1
        2018041218   820412     -19.19     182.91  1
        2018041221   567738     -19.32     183.28  1
LPT    27.0300
        2018030518   348964     -15.10     140.35  1
        2018030521   334438     -14.86     140.45  1
        2018030600   316970     -14.56     140.53  1
        2018030603   370628     -13.73     140.43  1
        2018030606   420220     -13.25     140.64  1
        2018030609   535639     -12.31     140.78  1
        2018030612   858667     -11.40     141.30  1
        2018030615  1722441      -8.36     143.18  1
        2018030618  2442545      -7.04     143.92  1
        2018030621  2703450      -6.82     144.15  1
        2018030700  2853227      -6.71     144.27  1
        2018030703  3022719      -6.59     144.23  1
        2018030706  3179394      -6.72     144.26  1
        2018030709  3190062      -6.85     144.24  1
        2018030712  3281784      -6.76     144.75  1
        2018030715  3294085      -6.58     145.22  1
        2018030718  3443086      -6.51     145.81  1
        2018030721  3501324      -6.38     146.55  1
        2018030800  3511867      -6.44     146.99  1
        2018030803  3559100      -6.36     147.46  1
        2018030806  3645653      -6.36     147.80  1
        2018030809  3627647      -6.37     147.96  1
        2018030812  3573655      -6.21     148.31  1
        2018030815  3590028      -6.07     148.45  1
        2018030818  3485001      -5.93     148.60  1
        2018030821  3298567      -5.74     148.87  1
        2018030900  3204706      -5.90     148.76  1
        2018030903  3149397      -6.05     148.83  1
        2018030906  2927858      -6.44     149.08  1
        2018030909  2693090      -6.77     149.34  1
        2018030912  2639087      -6.76     150.16  1
        2018030915  2658952      -6.15     151.40  1
        2018030918  4397854     -10.81     159.97  1
        2018030921  3778887     -11.13     163.37  1
        2018031000  3853582     -11.46     163.40  1
        2018031003  4066148     -11.69     163.40  1
        2018031006  4208219     -12.05     163.50  1
        2018031009  4345548     -12.38     163.51  1
        2018031012  4512175     -12.51     163.45  1
        2018031015  4680845     -12.52     163.27  1
        2018031018  4910277     -12.44     163.02  1
        2018031021  5020756     -12.38     162.82  1
        2018031100  5039907     -12.46     162.72  1
        2018031103  5171304     -12.55     162.68  1
        2018031106  5157370     -12.48     162.44  1
        2018031109  5203964     -12.46     162.26  1
        2018031112  5260616     -12.28     161.93  1
        2018031115  5375698     -12.05     161.54  1
        2018031118  5496501     -11.84     161.23  1
        2018031121  5464245     -11.52     160.86  1
        2018031200  5449384     -11.18     160.40  1
        2018031203  5342257     -10.70     159.96  1
        2018031206  5189956     -10.36     159.53  1
        2018031209  4972166      -9.58     158.68  1
        2018031212  4682741      -8.11     157.22  1
        2018031215  4694594      -8.06     156.93  1
        2018031218  4708667      -8.10     156.69  1
        2018031221  4646007      -8.23     156.59  1
        2018031300  4607806      -8.33     156.45  1
        2018031303  4531819      -8.50     156.57  1
        2018031306  4496914      -8.72     156.62  1
        2018031309  4481365      -8.73     156.57  1
        2018031312  4532576      -8.72     156.49  1
        2018031315  4727350      -8.62     156.29  1
        2018031318  4996797      -8.49     155.83  1
        2018031321  5074550      -8.45     155.76  1
        2018031400  5104626      -8.29     155.84  1
        2018031403  5072647      -8.11     156.15  1
        2018031406  5024503      -8.08     156.04  1
        2018031409  4905475      -8.00     156.06  2
        2018031412  4997965      -7.75     155.79  2
        2018031415  5057302      -7.53     155.71  2
        2018031418  4903638      -7.37     155.17  2
        2018031421  4624104      -7.15     154.56  2
        2018031500  4422514      -6.63     153.74  2
        2018031503  3416037      -3.30     151.08  2
        2018031506  3637670      -3.43     150.12  1
        2018031509  3787527      -3.39     150.04  1
        2018031512  3971227      -3.31     150.03  1
        2018031515  3946922      -3.01     150.39  1
        2018031518  4039183      -2.81     150.66  1
        2018031521  3976348      -2.42     151.34  1
        2018031600  2909379      -0.28     157.85  1
        2018031603  2986010      -0.05     158.08  1
        2018031606  3154066       0.06     157.99  1
        2018031609  3223094       0.09     157.99  1
        2018031612  3357473       0.04     157.82  1
        2018031615  3405078       0.11     157.84  1
        2018031618  3474868       0.01     157.63  1
        2018031621  3501530      -0.04     157.45  1
        2018031700  3509901      -0.11     157.27  1
        2018031703  3554999      -0.22     157.05  1
        2018031706  3570090      -0.49     156.66  1
        2018031709  3615285      -0.62     156.42  1
        2018031712  3735793      -0.69     156.22  1
        2018031715  3738844      -0.73     155.92  1
        2018031718  3745177      -0.79     155.72  1
        2018031721  3848122      -0.74     155.74  1
        2018031800  3904255      -0.70     155.65  1
        2018031803  3932655      -0.57     155.79  1
        2018031806  3925438      -0.59     155.83  1
        2018031809  3897718      -0.57     155.95  1
        2018031812  3977093      -0.65     156.14  1
        2018031815  4022362      -0.65     156.43  1
        2018031818  4148909      -0.88     156.50  1
        2018031821  4174913      -1.03     156.62  1
        2018031900  4136384      -1.23     156.60  1
        2018031903  4171113      -1.45     156.60  1
        2018031906  4114164      -1.84     156.31  1
        2018031909  3981541      -2.18     156.21  1
        2018031912  3862637      -2.36     155.92  1
        2018031915  3616088      -2.63     155.65  1
        2018031918  1855095      -7.30     147.95  1
        2018031921  1771757      -7.49     147.27  1
        2018032000  1747726      -7.56     146.86  1
        2018032003  1759621      -7.64     146.75  1
        2018032006  1821725      -7.77     146.55  1
        2018032009  1815236      -7.86     146.41  1
        2018032012  1857446      -7.99     146.19  1
        2018032015  1936131      -8.17     146.25  1
        2018032018  2543788      -8.07     148.92  1
        2018032021  2592131      -8.19     149.04  1
        2018032100  2564075      -8.30     148.87  1
        2018032103  2419294      -8.41     148.99  1
        2018032106  2359493      -8.46     148.45  1
        2018032109  2411527      -8.46     148.70  1
        2018032112  2598899      -8.41     148.88  1
        2018032115  2826544      -8.39     149.09  1
        2018032118  3070670      -8.40     149.20  1
        2018032121  3095192      -8.47     149.04  1
        2018032200  1856577      -8.40     140.44  1
        2018032203  1722176      -8.37     139.39  1
        2018032206  1675476      -8.38     138.72  1
        2018032209  1670493      -8.27     138.40  1
        2018032212  1701371      -8.19     138.22  1
        2018032215  1724065      -8.23     138.01  1
        2018032218  1700066      -8.31     137.90  1
        2018032221  1645185      -8.47     137.73  1
        2018032300  1668138      -8.62     137.48  1
        2018032303  1678257      -8.73     137.31  1
        2018032306  1759347      -8.80     137.25  1
        2018032309  1791799      -8.85     137.19  1
        2018032312  1850085      -8.90     137.34  1
        2018032315  1800161      -8.98     137.36  1
        2018032318  1749319      -9.10     137.48  1
        2018032321  1637198      -9.32     137.75  1
        2018032400  1572134      -9.58     138.06  1
        2018032403  1491407      -9.78     138.35  1
        2018032406  1463830     -10.00     138.68  1
        2018032409  1382433     -10.21     138.96  1
        2018032412  1304023     -10.45     139.11  1
        2018032415  1185369     -10.74     139.26  1
        2018032418  1034267     -11.04     139.43  1
        2018032421   844131     -11.33     139.62  1
        2018032500   658949     -11.58     139.85  1
        2018032503   488320     -11.85     140.16  1
        2018032506   397317     -12.07     140.41  1
LPT    27.0400
        2018030518   348964     -15.10     140.35  1
        2018030521   334438     -14.86     140.45  1
        2018030600   316970     -14.56     140.53  1
        2018030603   370628     -13.73     140.43  1
        2018030606   420220     -13.25     140.64  1
        2018030609   535639     -12.31     140.78  1
        2018030612   858667     -11.40     141.30  1
        2018030615  1722441      -8.36     143.18  1
        2018030618  2442545      -7.04     143.92  1
        2018030621  2703450      -6.82     144.15  1
        2018030700  2853227      -6.71     144.27  1
        2018030703  3022719      -6.59     144.23  1
        2018030706  3179394      -6.72     144.26  1
        2018030709  3190062      -6.85     144.24  1
        2018030712  3281784      -6.76     144.75  1
        2018030715  3294085      -6.58     145.22  1
        2018030718  3443086      -6.51     145.81  1
        2018030721  3501324      -6.38     146.55  1
        2018030800  3511867      -6.44     146.99  1
        2018030803  3559100      -6.36     147.46  1
        2018030806  3645653      -6.36     147.80  1
        2018030809  3627647      -6.37     147.96  1
        2018030812  3573655      -6.21     148.31  1
        2018030815  3590028      -6.07     148.45  1
        2018030818  3485001      -5.93     148.60  1
        2018030821  3298567      -5.74     148.87  1
        2018030900  3204706      -5.90     148.76  1
        2018030903  3149397      -6.05     148.83  1
        2018030906  2927858      -6.44     149.08  1
        2018030909  2693090      -6.77     149.34  1
        2018030912  2639087      -6.76     150.16  1
        2018030915  2658952      -6.15     151.40  1
        2018030918  4397854     -10.81     159.97  1
        2018030921  3778887     -11.13     163.37  1
        2018031000  3853582     -11.46     163.40  1
        2018031003  4066148     -11.69     163.40  1
        2018031006  4208219     -12.05     163.50  1
        2018031009  4345548     -12.38     163.51  1
        2018031012  4512175     -12.51     163.45  1
        2018031015  4680845     -12.52     163.27  1
        2018031018  4910277     -12.44     163.02  1
        2018031021  5020756     -12.38     162.82  1
        2018031100  5039907     -12.46     162.72  1
        2018031103  5171304     -12.55     162.68  1
        2018031106  5157370     -12.48     162.44  1
        2018031109  5203964     -12.46     162.26  1
        2018031112  5260616     -12.28     161.93  1
        2018031115  5375698     -12.05     161.54  1
        2018031118  5496501     -11.84     161.23  1
        2018031121  5464245     -11.52     160.86  1
        2018031200  5449384     -11.18     160.40  1
        2018031203  5342257     -10.70     159.96  1
        2018031206  5189956     -10.36     159.53  1
        2018031209  4972166      -9.58     158.68  1
        2018031212  4682741      -8.11     157.22  1
        2018031215  4694594      -8.06     156.93  1
        2018031218  4708667      -8.10     156.69  1
        2018031221  4646007      -8.23     156.59  1
        2018031300  4607806      -8.33     156.45  1
        2018031303  4531819      -8.50     156.57  1
        2018031306  4496914      -8.72     156.62  1
        2018031309  4481365      -8.73     156.57  1
        2018031312  4532576      -8.72     156.49  1
        2018031315  4727350      -8.62     156.29  1
        2018031318  4996797      -8.49     155.83  1
        2018031321  5074550      -8.45     155.76  1
        2018031400  5104626      -8.29     155.84  1
        2018031403  5072647      -8.11     156.15  1
        2018031406  5024503      -8.08     156.04  1
        2018031409  4905475      -8.00     156.06  2
        2018031412  4997965      -7.75     155.79  2
        2018031415  5057302      -7.53     155.71  2
        2018031418  4903638      -7.37     155.17  2
        2018031421  4624104      -7.15     154.56  2
        2018031500  4422514      -6.63     153.74  2
        2018031503  3416037      -3.30     151.08  2
        2018031506  3637670      -3.43     150.12  1
        2018031509  3787527      -3.39     150.04  1
        2018031512  3971227      -3.31     150.03  1
        2018031515  3946922      -3.01     150.39  1
        2018031518  4039183      -2.81     150.66  1
        2018031521  3976348      -2.42     151.34  1
        2018031600  2909379      -0.28     157.85  1
        2018031603  2986010      -0.05     158.08  1
        2018031606  3154066       0.06     157.99  1
        2018031609  3223094       0.09     157.99  1
        2018031612  3357473       0.04     157.82  1
        2018031615  3405078       0.11     157.84  1
        2018031618  3474868       0.01     157.63  1
        2018031621  3501530      -0.04     157.45  1
        2018031700  3509901      -0.11     157.27  1
        2018031703  3554999      -0.22     157.05  1
        2018031706  3570090      -0.49     156.66  1
        2018031709  3615285      -0.62     156.42  1
        2018031712  3735793      -0.69     156.22  1
        2018031715  3738844      -0.73     155.92  1
        2018031718  3745177      -0.79     155.72  1
        2018031721  3848122      -0.74     155.74  1
        2018031800  3904255      -0.70     155.65  1
        2018031803  3932655      -0.57     155.79  1
        2018031806  3925438      -0.59     155.83  1
        2018031809  3897718      -0.57     155.95  1
        2018031812  3977093      -0.65     156.14  1
        2018031815  4022362      -0.65     156.43  1
        2018031818  4148909      -0.88     156.50  1
        2018031821  4174913      -1.03     156.62  1
        2018031900  4136384      -1.23     156.60  1
        2018031903  4171113      -1.45     156.60  1
        2018031906  4114164      -1.84     156.31  1
        2018031909  3981541      -2.18     156.21  1
        2018031912  3862637      -2.36     155.92  1
        2018031915  3616088      -2.63     155.65  1
        2018031918  1855095      -7.30     147.95  1
        2018031921  1771757      -7.49     147.27  1
        2018032000  1747726      -7.56     146.86  1
        2018032003  1759621      -7.64     146.75  1
        2018032006  1821725      -7.77     146.55  1
        2018032009  1815236      -7.86     146.41  1
        2018032012  1857446      -7.99     146.19  1
        2018032015  1936131      -8.17     146.25  1
        2018032018  2543788      -8.07     148.92  1
        2018032021  2592131      -8.19     149.04  1
        2018032100  2564075      -8.30     148.87  1
        2018032103  2419294      -8.41     148.99  1
        2018032106  2359493      -8.46     148.45  1
        2018032109  2411527      -8.46     148.70  1
        2018032112  2598899      -8.41     148.88  1
        2018032115  2826544      -8.39     149.09  1
        2018032118  3070670      -8.40     149.20  1
        2018032121  3095192      -8.47     149.04  1
        2018032200  1115994      -8.67     162.44  1
        2018032203  1134708      -8.77     162.92  1
        2018032206  1150986      -8.91     163.33  1
        2018032209  1184099      -9.04     163.63  1
        2018032212  1260480      -9.19     163.87  1
        2018032215  1418424      -9.28     164.01  1
        2018032218  1531562      -9.34     164.14  1
        2018032221  1558037      -9.37     164.20  1
        2018032300  1644332      -9.28     164.31  1
        2018032303  1734588      -9.17     164.35  1
        2018032306  1835120      -9.14     164.36  1
        2018032309  1908621      -9.17     164.52  1
        2018032312  2058285      -9.17     164.61  1
        2018032315  2259448      -9.19     164.68  1
        2018032318  2273838      -9.29     164.83  1
        2018032321  2277525      -9.41     164.97  1
        2018032400  2309366      -9.51     165.05  1
        2018032403  2354669      -9.64     165.13  1
        2018032406  2376632      -9.74     165.08  1
        2018032409  2381894      -9.74     165.03  1
        2018032412  2377302      -9.73     164.91  1
        2018032415  2443242      -9.80     164.72  1
        2018032418  2448598      -9.88     164.51  1
        2018032421  2570242      -9.88     164.06  1
        2018032500  2684193      -9.98     163.80  1
        2018032503  2825120     -10.09     163.57  1
        2018032506  2882095     -10.21     163.42  1
        2018032509  2951997     -10.22     163.32  1
        2018032512  3042853     -10.25     163.23  1
        2018032515  3127460     -10.39     163.17  1
        2018032518  3179344     -10.46     163.14  1
        2018032521  3201880     -10.61     163.11  1
        2018032600  3211079     -10.80     163.17  1
        2018032603  3193841     -11.08     163.20  1
        2018032606  3138536     -11.48     163.20  1
        2018032609  3088824     -11.85     163.22  1
        2018032612  3086635     -12.11     163.10  1
        2018032615  3003818     -12.62     163.00  1
        2018032618  2804839     -13.09     162.76  1
        2018032621  2801286     -13.34     162.65  1
        2018032700  2749757     -13.86     162.48  1
        2018032703  2740139     -14.50     162.19  1
        2018032706  2651257     -15.11     161.95  1
        2018032709  2674456     -15.84     161.78  1
        2018032712  2754268     -16.70     161.60  1
        2018032715  2814577     -17.71     161.43  1
        2018032718  2635256     -18.57     161.33  1
        2018032721  2581673     -19.70     161.15  1
        2018032800  2386543     -21.08     161.12  1
        2018032803  2243619     -21.97     160.97  1
        2018032806  2111944     -22.67     160.91  1
        2018032809  2041166     -23.16     160.82  1
        2018032812  2018551     -23.43     160.89  1
        2018032815  1951313     -23.57     161.00  1
        2018032818  1876327     -23.63     161.12  1
        2018032821  1850815     -23.61     161.26  1
        2018032900  1768549     -23.62     161.44  1
        2018032903  1711031     -23.56     161.63  1
        2018032906  1674634     -23.49     161.86  1
        2018032909  1619988     -23.35     162.16  1
        2018032912  1804718     -22.34     163.92  1
        2018032915  1906763     -21.57     165.26  1
        2018032918  1972727     -20.86     166.38  1
        2018032921  2048468     -20.31     167.16  1
        2018033000  2089677     -19.66     168.06  1
        2018033003  1905656     -18.71     169.32  1
        2018033006  1666468     -17.55     170.93  1
        2018033009  1614568     -16.80     171.98  1
        2018033012  1630662     -16.48     172.44  1
        2018033015  1727473     -16.31     172.61  1
        2018033018  1852600     -16.21     172.64  1
        2018033021  1953698     -16.08     172.65  1
        2018033100  3590200      -9.47     166.15  1
        2018033103  3455860     -10.72     167.02  1
        2018033106  3434055     -11.54     167.65  1
        2018033109  3455114     -12.28     168.40  1
        2018033112  3568357     -12.73     168.75  1
        2018033115  3698364     -12.89     168.92  1
        2018033118  3791442     -13.15     169.22  1
        2018033121  3787588     -13.44     169.55  1
        2018040100  3800822     -13.70     169.94  1
        2018040103  3863552     -13.74     169.89  1
        2018040106  3878757     -13.80     169.88  1
        2018040109  3912273     -13.83     169.74  1
        2018040112  4014559     -13.89     169.51  1
        2018040115  4048909     -13.81     168.45  1
        2018040118  4055457     -14.04     167.85  1
        2018040121  3955143     -14.20     167.33  1
        2018040200  3735247     -14.46     166.99  1
        2018040203  3468244     -14.95     166.57  1
        2018040206  3247090     -15.41     166.37  2
        2018040209  3036589     -16.03     166.72  2
        2018040212  2886499     -16.63     167.23  2
        2018040215  2939021     -17.10     167.68  2
        2018040218  2988567     -17.39     168.05  2
        2018040221  3018839     -17.57     168.05  2
        2018040300  3010294     -17.65     167.81  2
        2018040303  3092431     -17.79     168.15  2
        2018040306  3307587     -17.72     168.09  1
        2018040309  3395930     -17.74     168.01  1
        2018040312  3325019     -17.76     167.67  1
        2018040315  3331924     -17.92     167.71  1
        2018040318  3270008     -18.08     168.09  2
        2018040321  3326623     -18.06     168.24  2
        2018040400  3408298     -17.89     168.66  2
        2018040403  3649021     -17.73     168.62  2
        2018040406  3666702     -17.79     169.10  2
        2018040409  3784236     -17.68     169.40  2
        2018040412  3926273     -17.52     169.67  2
        2018040415  4255297     -17.31     169.13  1
        2018040418  4462256     -17.33     169.89  1
        2018040421  4607191     -17.35     170.45  1
        2018040500  4979125     -17.44     171.38  1
        2018040503  5304180     -17.38     171.59  1
        2018040506  5474242     -17.48     172.12  1
        2018040509  5604261     -17.52     172.42  1
        2018040512  5927213     -17.72     172.99  1
        2018040515  6203029     -17.77     173.01  1
        2018040518  6264985     -17.87     173.46  1
        2018040521  6285976     -17.96     173.80  1
        2018040600  6426735     -18.11     174.66  1
        2018040603  6652158     -18.20     175.18  1
        2018040606  6812868     -18.31     175.59  1
        2018040609  6867609     -18.46     176.31  1
        2018040612  6915836     -18.55     176.94  1
        2018040615  7071137     -18.66     177.54  1
        2018040618  7128708     -18.85     178.23  1
        2018040621  7182272     -19.07     178.81  1
        2018040700  7207608     -19.30     179.46  1
        2018040703  7257703     -19.50     179.96  1
        2018040706  7208166     -19.76     180.59  1
        2018040709  7182188     -19.95     181.06  1
        2018040712  7149453     -20.10     181.51  1
        2018040715  7219191     -20.25     181.99  1
        2018040718  7267140     -20.44     182.70  1
        2018040721  7251245     -20.60     183.26  1
        2018040800  7268458     -20.72     183.75  1
        2018040803  7084861     -20.84     184.15  1
        2018040806  6942522     -21.15     184.98  1
        2018040809  6889408     -21.34     185.39  1
        2018040812  6708851     -21.50     185.84  1
        2018040815  6354803     -21.53     186.02  1
        2018040818  6145519     -21.71     186.75  1
        2018040821  4244531     -15.97     178.33  1
        2018040900  4124323     -15.98     178.46  1
        2018040903  3894133     -15.93     178.10  1
        2018040906  3676747     -16.00     178.32  1
        2018040909  3500892     -15.99     178.34  1
        2018040912  3323745     -16.04     178.47  1
        2018040915  3255440     -16.14     178.85  1
        2018040918  3276890     -16.37     179.78  1
        2018040921  3220251     -16.57     180.38  1
        2018041000  3255636     -16.91     181.35  1
        2018041003  3174602     -17.15     181.61  1
        2018041006  3037302     -17.33     181.75  1
        2018041009  2570845     -17.03     179.13  1
        2018041012  2577738     -17.21     179.29  1
        2018041015  2518825     -17.36     179.48  1
        2018041018  2466273     -17.48     179.66  1
        2018041021  2371198     -17.60     179.83  1
        2018041100  2411829     -17.74     180.33  1
        2018041103  2339288     -17.89     180.36  1
        2018041106  2228315     -18.01     180.35  1
        2018041109  2115308     -18.13     180.29  1
        2018041112  2057858     -18.22     180.46  1
        2018041115  2030237     -18.26     180.53  1
        2018041118  1939123     -18.29     180.62  1
        2018041121  1791194     -18.37     180.72  1
        2018041200  1690506     -18.42     181.01  1
        2018041203  1613945     -18.47     181.30  1
        2018041206  1452058     -18.59     181.67  1
        2018041209  1293925     -18.72     181.93  1
        2018041212  1130610     -18.89     182.27  1
        2018041215  1008094     -19.00     182.54  1
        2018041218   820412     -19.19     182.91  1
        2018041221   567738     -19.32     183.28  1
LPT    28.0100
        2018030715   420754      -8.71      68.51  1
        2018030718   591641      -8.77      68.66  1
        2018030721   771578      -8.83      68.63  1
        2018030800   901286      -8.82      68.70  1
        2018030803  1005172      -8.76      68.66  1
        2018030806  1096226      -8.66      68.68  1
        2018030809  1323207      -8.75      68.73  1
        2018030812  1526031      -8.74      68.92  1
        2018030815  1827339      -8.70      69.41  1
        2018030818  2186104      -8.61      70.09  1
        2018030821  2589344      -8.57      70.60  1
        2018030900  3009649      -8.48      71.48  1
        2018030903  3270419      -8.33      72.28  1
        2018030906  3566315      -8.06      73.14  1
        2018030909  3970826      -7.91      73.66  1
        2018030912  4206085      -7.75      74.26  1
        2018030915  4464270      -7.59      74.91  1
        2018030918  4879071      -7.29      75.70  1
        2018030921  5187672      -7.07      76.36  1
        2018031000  5451632      -6.78      77.09  1
        2018031003  5617829      -6.58      77.73  1
        2018031006  5895272      -6.32      78.29  1
        2018031009  6143361      -6.09      78.72  1
        2018031012  6265195      -5.96      79.00  1
        2018031015  6429796      -5.89      79.30  1
        2018031018  6581789      -5.86      79.57  1
        2018031021  6768175      -5.78      79.84  1
        2018031100  6763079      -5.73      80.13  1
        2018031103  6788707      -5.72      80.25  1
        2018031106  6815818      -5.65      80.52  1
        2018031109  6792340      -5.56      80.72  1
        2018031112  6643578      -5.40      80.94  1
        2018031115  6539609      -5.26      81.15  1
        2018031118  6446311      -5.16      81.22  1
        2018031121  6343664      -5.11      81.31  1
        2018031200  6216787      -5.09      81.24  1
        2018031203  5930876      -5.06      81.19  1
        2018031206  5624970      -5.01      80.91  1
        2018031209  5242637      -5.08      80.53  1
        2018031212  4445559      -4.83      80.63  1
        2018031215  1386553     -11.41      70.72  1
        2018031218  1163214     -11.60      70.09  1
        2018031221   423425     -11.86      62.90  1
        2018031300   451194     -11.98      62.38  1
        2018031303   525848     -12.05      62.32  1
        2018031306   583884     -12.10      62.05  1
        2018031309   620017     -12.15      61.89  1
        2018031312   705118     -12.22      61.64  1
        2018031315   756997     -12.28      61.47  1
        2018031318   817322     -12.28      61.31  1
        2018031321   877817     -12.23      61.06  1
        2018031400   950393     -12.18      60.79  1
        2018031403   978218     -12.20      60.58  1
        2018031406   979753     -12.19      60.39  1
        2018031409  1013785     -12.16      60.27  1
        2018031412  1076917     -12.22      60.10  1
        2018031415  1130251     -12.26      59.95  1
        2018031418  1215117     -12.33      59.84  1
        2018031421  1275126     -12.39      59.66  1
        2018031500  1309422     -12.46      59.51  1
        2018031503  1266948     -12.52      59.32  1
        2018031506  1222089     -12.61      58.99  1
        2018031509  1160487     -12.75      58.67  1
        2018031512  1119852     -12.92      58.26  1
        2018031515  1106846     -13.14      57.79  1
        2018031518  1100584     -13.36      57.36  1
        2018031521  1095167     -13.56      56.94  1
        2018031600  1074222     -13.71      56.60  1
        2018031603  1043230     -13.93      56.13  1
        2018031606  1000368     -14.14      55.55  1
        2018031609   984439     -14.36      55.01  1
        2018031612  1006596     -14.58      54.49  1
        2018031615  1042342     -14.76      53.94  1
        2018031618  1101418     -14.87      53.41  1
        2018031621  1158430     -14.94      52.91  1
        2018031700  1179181     -15.09      52.53  1
        2018031703  1186547     -15.23      52.19  1
        2018031706  1212541     -15.36      51.90  1
        2018031709  1218270     -15.40      51.67  1
        2018031712  1253959     -15.52      51.40  1
        2018031715  1299803     -15.66      51.16  1
        2018031718  1349439     -15.78      50.98  1
        2018031721  1355499     -15.87      50.82  1
        2018031800  1392951     -16.02      50.64  1
        2018031803  1428330     -16.15      50.47  1
        2018031806  1444025     -16.32      50.31  1
        2018031809  1446216     -16.52      50.22  1
        2018031812  1458051     -16.80      50.14  1
        2018031815  1452199     -17.07      50.12  1
        2018031818  1445379     -17.37      50.07  1
        2018031821  1465077     -17.82      50.12  1
        2018031900  1480108     -18.20      50.19  1
        2018031903  1512036     -18.56      50.23  1
        2018031906  1510014     -19.01      50.30  1
        2018031909  1503838     -19.45      50.39  1
        2018031912  1505628     -19.94      50.53  1
        2018031915  1500000     -20.52      50.71  1
        2018031918  1490695     -21.24      50.95  1
        2018031921  1502441     -22.23      51.25  1
        2018032000  1486753     -22.91      51.51  1
        2018032003  1480546     -23.41      51.70  1
        2018032006  1432903     -23.89      51.89  1
        2018032009  1345447     -24.25      52.03  1
        2018032012  1351889     -24.63      52.21  1
        2018032015  1329174     -25.12      52.45  1
        2018032018  1298195     -25.67      52.70  1
        2018032021  1241471     -26.11      52.86  1
        2018032100  1255029     -26.58      53.07  1
        2018032103  1221740     -27.05      53.30  1
        2018032106  1195686     -27.55      53.52  1
        2018032109  1150746     -27.99      53.74  1
        2018032112  1116484     -28.40      53.96  1
        2018032115  1052404     -28.84      54.22  1
        2018032118   976250     -29.26      54.46  1
        2018032121   885568     -29.63      54.66  1
        2018032200   733514     -30.26      54.96  1
        2018032203   651726     -30.73      55.20  1
        2018032206   565885     -31.23      55.46  1
        2018032209   460465     -31.73      55.73  1
        2018032212   353156     -32.14      55.88  1
LPT    29.0100
        2018032415   376500       4.71     146.87  1
        2018032418   377863       5.03     146.41  1
        2018032421   396161       5.30     146.03  1
        2018032500   355240       5.57     145.46  1
        2018032503   327367       5.92     144.81  1
        2018032506   329478       6.24     144.06  1
        2018032509   360082       6.40     143.58  1
        2018032512   425222       6.52     143.06  1
        2018032515   474188       6.66     142.61  1
        2018032518   582885       6.83     142.15  1
        2018032521   716013       6.99     141.89  1
        2018032600   825171       7.21     141.44  1
        2018032603   879761       7.48     141.10  1
        2018032606   907615       7.69     140.78  1
        2018032609   952843       7.97     140.53  1
        2018032612  1022658       8.16     140.32  1
        2018032615  1076920       8.43     140.08  1
        2018032618  1173989       8.62     139.91  1
        2018032621  1225233       8.81     139.81  1
        2018032700  1272569       9.00     139.65  1
        2018032703  1299352       9.17     139.43  1
        2018032706  1358399       9.26     139.28  1
        2018032709  1402731       9.39     139.09  1
        2018032712  1443189       9.53     138.89  1
        2018032715  1526096       9.69     138.67  1
        2018032718  1597555       9.99     138.38  1
        2018032721  1654192      10.19     138.27  1
        2018032800  1742220      10.44     138.13  1
        2018032803  1883424      10.75     137.96  1
        2018032806  1898074      10.94     137.94  1
        2018032809  1879224      11.16     137.93  1
        2018032812  1903481      11.26     137.95  1
        2018032815  1986941      11.41     137.96  1
        2018032818  2023962      11.49     138.04  1
        2018032821  1963282      11.75     138.00  1
        2018032900  1862811      12.10     137.84  1
        2018032903  1800661      12.38     137.84  1
        2018032906  1723635      12.65     137.82  1
        2018032909  1633849      12.94     137.76  1
        2018032912  1540223      13.26     137.63  1
        2018032915  1488037      13.58     137.54  1
        2018032918  1444412      13.85     137.58  1
        2018032921  1358776      14.16     137.55  1
        2018033000  1297360      14.44     137.49  1
        2018033003  1141882      14.62     137.42  1
        2018033006  1103625      14.96     137.46  1
        2018033009  1085025      15.38     137.57  1
        2018033012  1055708      15.73     137.75  1
        2018033015  1081052      16.12     138.03  1
        2018033018  1036498      16.57     138.26  1
        2018033021   980349      17.13     138.69  1
        2018033100   973285      17.63     139.14  1
        2018033103  1001152      18.29     139.82  1
        2018033106   984787      19.09     140.70  1
        2018033109  1112804      19.56     141.38  1
        2018033112  1218798      19.96     142.15  1
        2018033115  1581883      20.69     143.82  1
        2018033118  1690603      21.04     144.88  1
        2018033121  1867723      21.28     145.96  1
        2018040100  1967868      21.48     146.83  1
        2018040103  2088063      21.67     147.83  1
        2018040106  2218941      21.87     148.70  1
        2018040109  2342245      21.99     149.37  1
        2018040112  2435420      22.11     150.00  1
        2018040115  2493909      22.24     150.66  1
        2018040118  2527844      22.37     151.11  1
        2018040121  2599571      22.54     151.72  1
        2018040200  2630460      22.71     152.26  1
        2018040203  2678332      22.85     152.90  1
        2018040206  2842484      22.98     153.35  1
        2018040209  2883676      23.14     154.11  1
        2018040212  2832006      23.24     154.77  1
        2018040215  2784223      23.32     155.50  1
        2018040218  2701447      23.43     156.20  1
        2018040221  2604462      23.51     156.92  1
        2018040300  2483480      23.59     157.63  1
        2018040303  2351234      23.64     158.28  1
        2018040306  2236612      23.73     159.07  1
        2018040309  2114503      23.77     159.77  1
        2018040312  1937408      23.81     160.45  1
        2018040315  1797543      23.87     161.37  1
        2018040318  1494311      23.85     162.95  1
        2018040321  1343025      23.88     163.76  1
        2018040400  1169597      23.86     164.59  1
        2018040403  1034293      23.83     165.57  1
        2018040406   842828      23.85     166.64  1
        2018040409   637955      23.86     167.70  1
        2018040412   388862      23.78     168.53  1
LPT    30.0100
        2018033018   378575      -3.62     302.32  1
        2018033021   420394      -3.21     301.90  1
        2018033100   385738      -3.10     302.29  1
        2018033103   369562      -3.05     302.49  1
        2018033106   334060      -3.10     303.59  1
        2018033109   371829      -3.17     303.54  1
        2018040203   450685      -4.28     301.64  1
        2018040206   386235      -3.75     302.30  1
        2018040209   361723      -3.36     302.69  1
        2018040212   485232      -3.05     302.85  1
        2018040215   601792      -2.82     302.98  1
        2018040218   871742      -2.69     303.73  1
        2018040221  1160103      -2.67     303.50  1
        2018040300  1295948      -2.49     304.15  1
        2018040303  1410904      -2.36     304.50  1
        2018040306  1570494      -2.30     304.69  1
        2018040309  1667553      -2.34     304.61  1
        2018040312  1690781      -2.24     304.79  1
        2018040315  1733196      -2.21     304.88  1
        2018040318  1866455      -2.30     304.66  1
        2018040321  2123857      -2.46     303.38  1
        2018040400  2132584      -2.38     303.11  1
        2018040403  2192199      -2.37     302.43  1
        2018040406  2298093      -2.33     301.79  1
        2018040409  2340826      -2.25     301.30  1
        2018040412  2374990      -2.19     301.37  1
        2018040415  2429153      -2.18     301.52  1
        2018040418  2722855      -2.24     302.16  1
        2018040421  2793904      -2.23     302.52  1
        2018040500  2784020      -2.17     303.13  1
        2018040503  2843498      -2.13     303.59  1
        2018040506  2846770      -2.06     303.95  1
        2018040509  2944661      -2.04     303.92  1
        2018040512  3017771      -2.06     303.74  1
        2018040515  3048516      -2.07     303.68  1
        2018040518  3145177      -2.19     303.73  1
        2018040521  3134291      -2.20     303.00  1
        2018040600  2881452      -2.22     302.96  1
        2018040603  2706454      -2.24     302.72  1
        2018040606  2586966      -2.26     302.99  1
        2018040609  2335666      -2.27     303.92  1
        2018040612  2230016      -2.30     304.66  1
        2018040615  2082673      -2.38     305.49  1
        2018040618  2384532      -2.51     306.75  1
        2018040621  2349016      -2.51     307.39  1
        2018040700  2258523      -2.54     308.42  1
        2018040703  2265250      -2.55     308.72  1
        2018040706  2313718      -2.44     309.07  1
        2018040709  2354515      -2.36     309.05  1
        2018040712  2322797      -2.30     308.81  1
        2018040715  2254302      -2.14     308.58  1
        2018040718  2407839      -2.29     308.08  1
        2018040721  2354591      -2.29     307.84  1
        2018040800  2275089      -2.37     307.58  1
        2018040803  2137986      -2.37     307.43  1
        2018040806  2024793      -2.37     307.25  1
        2018040809  1830643      -2.44     307.22  1
        2018040812  1578747      -2.43     307.33  1
        2018040815  1321446      -2.33     307.85  1
        2018040818  1257379      -2.39     308.50  1
        2018040821   955322      -2.17     308.98  1
        2018040900   841144      -2.23     309.34  1
        2018040903   707717      -2.23     309.69  1
        2018040906   746230      -2.31     309.68  1
        2018040909   747724      -2.41     309.47  1
        2018040912   788537      -2.54     309.03  1
        2018040915   771575      -2.58     308.81  1
        2018040918  1074506      -2.74     308.27  1
        2018040921  1092229      -2.85     307.75  1
        2018041000  1250913      -2.98     307.47  1
        2018041003  1311053      -3.01     307.12  1
        2018041006  1341935      -3.00     307.33  1
        2018041009  1345027      -3.04     307.45  1
        2018041012  1309615      -3.03     307.78  1
        2018041015  1140006      -3.09     307.97  1
        2018041018  1334083      -3.27     308.25  1
        2018041021  1260899      -3.26     308.92  1
        2018041100  1397242      -3.29     309.64  1
        2018041103  1294828      -3.22     310.40  1
        2018041106  1558071      -3.42     310.28  1
        2018041109  1720558      -3.49     310.63  1
        2018041112  1865245      -3.56     310.97  1
        2018041115  1909140      -3.59     311.53  1
        2018041118  2023731      -3.67     311.81  1
        2018041121  2083089      -3.65     311.77  1
        2018041200  2201752      -3.63     312.04  1
        2018041203  2193370      -3.61     311.88  1
        2018041206  2227285      -3.58     311.95  1
        2018041209  2165097      -3.49     312.23  1
        2018041212  2035057      -3.40     312.53  1
        2018041215  1838754      -3.31     313.02  1
        2018041218  1720757      -3.33     313.42  1
        2018041221  1568974      -3.31     313.89  1
        2018041300  1437949      -3.32     314.38  1
        2018041303  1257525      -3.38     315.44  1
        2018041306  1175635      -3.53     316.18  1
        2018041309  1052191      -3.67     316.90  1
        2018041312   867844      -3.84     317.71  1
        2018041315   640386      -4.02     318.74  1
        2018041318   691834      -4.23     318.08  1
        2018041321   497639      -4.37     318.59  1
LPT    31.0100
        2018041615   315957      -0.86      57.41  1
        2018041618   489727      -0.78      57.38  1
        2018041621   661915      -0.72      57.27  1
        2018041700   779294      -0.63      57.72  1
        2018041703   770062      -0.51      58.42  1
        2018041706   831842      -0.49      59.40  1
        2018041709  1051782      -0.69      60.47  1
        2018041712  1180625      -0.89      61.73  1
        2018041715  1310981      -1.05      62.72  1
        2018041718  1469087      -1.16      63.32  1
        2018041721  1623223      -1.24      62.78  1
        2018041800  1756581      -1.32      62.48  1
        2018041803  1900784      -1.42      62.43  1
        2018041806  2058940      -1.45      62.07  1
        2018041809  2250159      -1.44      61.54  1
        2018041812  2354121      -1.54      61.39  1
        2018041815  2474359      -1.68      62.05  1
        2018041818  2806785      -1.82      63.81  1
        2018041821  3064241      -1.89      64.85  1
        2018041900  3239936      -1.92      65.96  1
        2018041903  3433975      -1.94      67.12  1
        2018041906  3593975      -1.97      67.81  1
        2018041909  3721163      -2.14      68.02  1
        2018041912  3665143      -2.27      68.50  1
        2018041915  3685518      -2.33      68.75  1
        2018041918  3716677      -2.39      68.84  1
        2018041921  3815612      -2.45      68.82  1
        2018042000  3770859      -2.45      68.94  1
        2018042003  3732409      -2.45      69.00  1
        2018042006  3770192      -2.41      69.13  1
        2018042009  3786467      -2.38      69.14  1
        2018042012  3719734      -2.23      69.73  1
        2018042015  3753541      -2.19      70.05  1
        2018042018  3830439      -2.17      70.38  1
        2018042021  4039523      -2.18      70.81  1
        2018042100  4057626      -2.18      71.46  1
        2018042103  4050334      -2.26      72.02  1
        2018042106  3972303      -2.35      72.57  1
        2018042109  3965740      -2.43      73.06  1
        2018042112  3459430      -2.03      75.35  1
        2018042115  3453068      -2.10      75.63  1
        2018042118  3446039      -2.17      75.83  1
        2018042121  3450643      -2.23      76.12  1
        2018042200  3398250      -2.24      76.54  1
        2018042203  3297387      -2.27      77.00  1
        2018042206  3206595      -2.30      77.55  1
        2018042209  3149702      -2.30      78.11  1
        2018042212  3077499      -2.28      78.72  1
        2018042215  3072884      -2.31      79.36  1
        2018042218  3017296      -2.37      79.87  1
        2018042221  3022550      -2.46      80.44  1
        2018042300  2996260      -2.53      80.96  1
        2018042303  3015280      -2.62      81.46  1
        2018042306  2993697      -2.68      81.98  1
        2018042309  3001326      -2.76      82.64  1
        2018042312  3003531      -2.84      83.09  1
        2018042315  3008752      -2.94      83.80  1
        2018042318  3021639      -3.02      84.53  1
        2018042321  3117474      -3.19      85.49  1
        2018042400  3070017      -3.37      86.55  1
        2018042403  3081008      -3.55      87.33  1
        2018042406  3132612      -3.76      88.58  1
        2018042409  3173192      -4.01      89.67  1
        2018042412  3164484      -4.27      90.60  1
        2018042415  3264710      -4.55      91.60  1
        2018042418  3377043      -4.82      92.90  1
        2018042421  3582316      -5.03      94.23  1
        2018042500  3667742      -5.12      95.40  1
        2018042503  3769343      -5.19      96.31  1
        2018042506  3860936      -5.23      97.05  1
        2018042509  3950984      -5.12      97.62  1
        2018042512  3941530      -5.01      98.19  1
        2018042515  3936434      -4.80      98.64  1
        2018042518  3804650      -4.70      98.79  1
        2018042521  3746344      -4.57      98.78  1
        2018042600  3569974      -4.46      98.81  1
        2018042603  3338515      -4.41      98.57  1
        2018042606  3070735      -4.42      98.46  1
        2018042609  2960327      -4.36      98.43  1
        2018042612  2758562      -4.44      98.73  1
        2018042615  2532852      -4.66      99.15  1
        2018042618  2394175      -4.82      99.65  1
        2018042621  2325237      -5.05     100.08  1
        2018042700  2216897      -5.17     100.40  1
        2018042703  2204858      -5.12     100.46  1
        2018042706  2202581      -5.13     100.41  1
        2018042709  2176407      -4.99     100.40  1
        2018042712  2185263      -4.91     100.29  1
        2018042715  2195492      -4.87     100.14  1
        2018042718  2190093      -4.93      99.89  1
        2018042721  2122972      -4.84      99.56  1
        2018042800  1919531      -4.91      99.19  1
        2018042803  1684193      -5.14      98.78  1
        2018042806  1489350      -5.46      98.30  1
        2018042809  1294754      -5.69      97.97  1
        2018042812  1158132      -6.13      97.78  1
        2018042815  1063903      -6.49      97.62  1
        2018042818  1013231      -6.92      97.37  1
        2018042821   968199      -7.23      97.15  1
        2018042900   883377      -7.55      96.81  1
        2018042903   797160      -7.85      96.45  1
        2018042906   728429      -8.24      95.93  1
        2018042909   674416      -8.54      95.40  1
        2018042912   599858      -8.86      94.78  1
        2018042915   534410      -9.27      94.01  1
        2018042918   515359      -9.77      93.13  1
        2018042921   481864     -10.29      92.30  1
        2018043000   454546     -10.78      91.58  1
        2018043003   414342     -11.31      90.88  1
        2018043006   413590     -11.82      90.23  1
        2018043009   414981     -12.38      89.56  1
        2018043012   423795     -12.97      89.01  1
        2018043015   441540     -13.55      88.52  1
        2018043018   487757     -14.06      88.14  1
        2018043021   488598     -14.70      87.78  1
        2018050100   548592     -15.18      87.68  1
        2018050103   614195     -15.66      87.62  1
        2018050106   681671     -16.13      87.54  1
        2018050109   699972     -16.61      87.51  1
        2018050112   734639     -17.01      87.54  1
        2018050115   756960     -17.33      87.52  1
        2018050118   747802     -17.59      87.53  1
        2018050121   754873     -18.00      87.53  1
        2018050200   754700     -18.38      87.59  1
        2018050203   758129     -18.76      87.61  1
        2018050206   735606     -19.07      87.66  1
        2018050209   718713     -19.43      87.73  1
        2018050212   723995     -19.71      87.81  1
        2018050215   687493     -19.93      87.88  1
        2018050218   617061     -20.13      87.92  1
        2018050221   549553     -20.36      87.95  1
        2018050300   511306     -20.55      88.00  1
        2018050303   487382     -20.79      88.06  1
        2018050306   427743     -20.96      88.13  1
        2018050309   454108     -21.29      88.33  1
        2018050312   476565     -21.68      88.60  1
        2018050315   442473     -22.03      88.83  1
        2018050318   398218     -22.24      89.05  1
        2018050321   371528     -22.60      89.29  1
        2018050400   320850     -22.93      89.54  1
LPT    32.0100
        2018042809   603953      -0.61     145.90  1
        2018042812   873252      -0.91     145.81  1
        2018042815  1086899      -1.08     145.78  1
        2018042818  1247296      -1.24     145.86  1
        2018042821  1368376      -1.28     146.32  1
        2018042900  1468576      -1.37     146.66  1
        2018042903  1573393      -1.38     147.21  1
        2018042906  1677441      -1.31     147.59  1
        2018042909  1807715      -1.10     147.85  1
        2018042912  1985699      -0.86     148.05  1
        2018042915  2162101      -0.56     148.23  1
        2018042918  2320041      -0.23     148.23  1
        2018042921  2397876      -0.08     148.12  1
        2018043000  2438848       0.03     147.91  1
        2018043003  2517541       0.11     147.67  1
        2018043006  2607063       0.17     147.43  1
        2018043009  2718983       0.25     147.13  1
        2018043012  2892710       0.35     146.50  1
        2018043015  3101914       0.42     145.73  1
        2018043018  3263175       0.48     145.35  1
        2018043021  3253269       0.55     145.36  1
        2018050100  3210229       0.65     145.38  1
        2018050103  3124863       0.79     145.29  1
        2018050106  2946141       0.96     145.40  1
        2018050109  2794223       1.10     145.60  1
        2018050112  2617502       1.25     145.79  1
        2018050115  2483106       1.42     145.86  1
        2018050118  2443508       1.55     146.07  1
        2018050121  2267467       1.64     146.48  1
        2018050200  2143834       1.75     146.61  1
        2018050203  2057246       1.86     146.79  1
        2018050206  1969994       1.97     146.86  1
        2018050209  1905161       1.99     147.22  1
        2018050212  1837981       2.04     147.63  1
        2018050215  1817840       2.04     148.10  1
        2018050218  1790714       2.16     148.43  1
        2018050221  1734905       2.38     149.01  1
        2018050300  1741529       2.61     149.45  1
        2018050303  1837866       3.05     150.36  1
        2018050306  2018762       3.44     151.23  1
        2018050309  2543262       4.44     154.03  1
        2018050312  2730468       4.73     154.80  1
        2018050315  2920877       4.92     155.40  1
        2018050318  3108527       5.01     155.57  1
        2018050321  3132808       5.10     155.58  1
        2018050400  3139973       5.22     155.63  1
        2018050403  3203823       5.31     155.82  1
        2018050406  3222415       5.37     155.83  1
        2018050409  3233293       5.43     155.83  1
        2018050412  3299760       5.55     155.79  1
        2018050415  3390593       5.54     155.83  1
        2018050418  3464904       5.63     155.92  1
        2018050421  3508945       5.66     155.88  1
        2018050500  3549291       5.54     155.59  1
        2018050503  3681726       5.20     155.04  1
        2018050506  3691754       5.17     154.92  1
        2018050509  3683429       5.12     154.68  1
        2018050512  3648653       5.14     154.43  1
        2018050515  3651297       4.99     154.00  1
        2018050518  3639277       4.99     153.68  1
        2018050521  3560372       4.90     153.41  1
        2018050600  3391713       4.86     153.22  1
        2018050603  3288276       4.70     153.03  1
        2018050606  3173236       4.43     152.71  1
        2018050609  3093786       4.22     152.71  1
        2018050612  3033738       4.00     152.56  1
        2018050615  3078340       3.86     152.50  1
        2018050618  3109998       3.65     152.10  1
        2018050621  3026378       3.67     151.93  1
        2018050700  2882045       3.58     151.77  1
        2018050703  2626972       3.31     151.44  1
        2018050706   754332      11.79     157.06  1
        2018050709   701911      11.92     157.24  1
        2018050712   653338      12.02     157.41  1
        2018050715   646855      11.89     157.39  1
        2018050718   677711      11.94     157.39  1
        2018050721   715698      11.84     157.30  1
        2018050800   807585      11.66     157.16  1
        2018050803   928225      11.49     157.06  1
        2018050806  1017695      11.41     157.04  1
        2018050809  1057169      11.36     157.08  1
        2018050812  1065134      11.25     157.13  1
        2018050815  1006970      11.23     157.12  1
        2018050818  1083214      11.27     157.12  1
        2018050821  1038955      11.38     157.13  1
        2018050900   978401      11.41     157.11  1
        2018050903   978327      11.42     157.03  1
        2018050906   896586      11.46     157.08  1
        2018050909   845864      11.49     157.03  1
        2018050912   782737      11.62     157.03  1
        2018050915   725016      11.73     157.05  1
        2018050918   661249      11.86     157.06  1
        2018050921   625946      12.10     157.07  1
        2018051000   555247      12.35     157.07  1
        2018051003   489961      12.58     157.07  1
        2018051006   457738      12.90     157.15  1
        2018051009   409776      13.23     157.18  1
        2018051012   356555      13.64     157.29  1
        2018051015   317078      13.98     157.30  1
LPT    33.0100
        2018051709   394875       3.40      81.44  1
        2018051712   571462       3.38      82.04  1
        2018051715   774267       3.33      82.83  1
        2018051718   978572       3.29      83.38  1
        2018051721  1134190       3.35      83.69  1
        2018051800  1275859       3.42      83.89  1
        2018051803  1355619       3.65      83.96  1
        2018051806  1517053       3.81      84.16  1
        2018051809  1713044       3.97      84.06  1
        2018051812  1855024       4.15      83.88  1
        2018051815  1953272       4.25      83.75  1
        2018051818  2181839       4.26      83.54  1
        2018051821  5573022       1.14      67.95  1
        2018051900  5853486       1.31      67.93  1
        2018051903  6017686       1.44      68.15  1
        2018051906  6142603       1.59      68.59  1
        2018051909  6205655       1.70      68.63  1
        2018051912  6098621       1.81      68.50  1
        2018051915  6047730       1.82      68.16  1
        2018051918  5934580       1.85      68.04  1
        2018051921  5951138       1.86      67.75  1
        2018052000  5774369       1.90      67.16  1
        2018052003  5489297       1.93      66.68  1
        2018052006  5202878       1.88      65.92  1
        2018052009  4913902       1.82      64.99  1
        2018052012  4482677       1.69      63.51  1
        2018052015  4504268       1.79      63.83  1
        2018052018  4534739       1.97      64.10  1
        2018052021  4634287       2.17      64.46  1
        2018052100  4722748       2.42      64.83  1
        2018052103  4709816       2.71      65.26  1
        2018052106  4666234       2.94      65.57  1
        2018052109  4580090       3.18      65.93  1
        2018052112  4421900       3.32      65.91  1
        2018052115  4322939       3.45      65.90  1
        2018052118  4236711       3.61      65.86  1
        2018052121  4192254       3.72      65.79  1
        2018052200  4125917       3.85      65.42  1
        2018052203  4034194       4.05      65.23  1
        2018052206  3927468       4.31      64.88  1
        2018052209  3834437       4.58      64.50  1
        2018052212  3659057       4.89      64.07  1
        2018052215  3466927       5.16      63.62  2
        2018052218  3311124       5.40      63.47  2
        2018052221  3422113       5.39      63.72  2
        2018052300  3410503       5.40      64.25  2
        2018052303  3547379       5.30      65.05  2
        2018052306  3749569       5.14      66.05  2
        2018052309  3914603       5.02      66.80  2
        2018052312  3863437       5.09      67.08  2
        2018052315  3950877       4.91      67.81  2
        2018052318  4007889       4.73      68.37  2
        2018052321  4313793       4.36      69.44  2
        2018052400  4485633       4.12      70.10  2
        2018052403  4749767       3.82      70.53  1
        2018052406  5081512       3.55      71.30  1
        2018052409  5502963       3.31      72.04  1
        2018052412  5647471       3.25      72.81  1
        2018052415  5995723       3.21      73.85  1
        2018052418  7116896       2.93      78.27  1
        2018052421  7714280       2.86      79.99  1
        2018052500  6490946       1.41      86.00  1
        2018052503  6556356       1.48      86.31  1
        2018052506  6744087       1.49      86.47  1
        2018052509  6975326       1.51      86.67  1
        2018052512  6817689       1.53      86.37  1
        2018052515  6952892       1.54      86.27  1
        2018052518  7230895       1.44      86.40  1
        2018052521  6638334       1.69      84.06  1
        2018052600  6871071       1.74      84.57  1
        2018052603  7008782       1.79      84.88  1
        2018052606  7219704       1.81      85.40  1
        2018052609  7318970       1.88      85.72  1
        2018052612  7323964       1.92      86.12  1
        2018052615  7425339       1.97      86.46  1
        2018052618  7580381       2.01      86.82  1
        2018052621  7801407       2.19      87.09  1
        2018052700  7876452       2.22      87.44  1
        2018052703  8019600       2.38      87.54  1
        2018052706  8064525       2.43      87.83  1
        2018052709  8108789       2.53      88.11  1
        2018052712  7998624       2.56      88.48  1
        2018052715  8008443       2.61      88.66  1
        2018052718  8081635       2.68      88.96  1
        2018052721  8323943       2.97      89.10  1
        2018052800  8324623       3.23      89.44  1
        2018052803  8283071       3.64      89.76  1
        2018052806  8426049       3.99      90.07  1
        2018052809  8374527       4.41      90.54  1
        2018052812  8139662       4.86      90.62  1
        2018052815  7947358       5.21      90.50  1
        2018052818  7770850       5.66      90.38  1
        2018052821  5081589      12.16      87.54  1
        2018052900  5042355      12.47      87.69  1
        2018052903  5037054      12.80      87.69  1
        2018052906  5025746      13.11      87.81  1
        2018052909  4968611      13.39      87.96  1
        2018052912  4860953      13.51      87.93  1
        2018052915  3595245      14.40      92.28  1
        2018052918  3571921      14.63      92.45  1
        2018052921  3483550      14.81      92.65  1
        2018053000  3386187      14.96      92.76  1
        2018053003  3289771      15.10      92.87  1
        2018053006  3213614      15.29      93.02  1
        2018053009  3142454      15.49      93.23  1
        2018053012  2995739      15.61      93.33  1
        2018053015  2864606      15.68      93.41  1
        2018053018  2787577      15.86      93.60  1
        2018053021  2716336      16.05      93.74  1
        2018053100  2548706      16.22      93.87  1
        2018053103  2417849      16.37      93.89  1
        2018053106  2301154      16.57      93.92  1
        2018053109  2208689      16.79      94.10  1
        2018053112  2138253      16.90      94.03  1
        2018053115  2012495      16.89      94.08  1
        2018053118  1853081      16.86      94.10  1
        2018053121  1720671      16.84      94.32  1
        2018060100  1516389      16.77      94.45  1
        2018060103  1384745      16.61      94.47  1
        2018060106  1115434      16.45      94.48  1
        2018060109   856934      16.55      94.76  1
        2018060112   699574      16.51      94.81  1
        2018060115   619654      16.52      94.80  1
        2018060118   452864      16.34      94.74  1
LPT    34.0100
        2018051912   428461      10.42     275.89  1
        2018051915   527875      10.45     275.86  1
        2018051918   625755      10.48     275.93  1
        2018051921   619162      10.37     276.08  1
        2018052000   587534      10.24     276.08  1
        2018052003   480792       9.99     276.29  1
        2018052006   385339       9.67     276.43  1
        2018052009   359672       9.47     276.72  1
        2018052021   465846      13.03     278.42  1
        2018052100   556159      12.96     278.50  1
        2018052103   510086      12.76     278.48  1
        2018052106   550891      12.68     278.54  1
        2018052109   608427      12.53     278.66  1
        2018052112   518387      13.48     278.70  1
        2018052115   545054      13.97     278.73  1
        2018052118   595546      13.84     278.66  1
        2018052121   812447      13.67     278.52  1
        2018052200   879370      13.61     278.30  1
        2018052203   974490      13.95     278.17  1
        2018052206  1084110      14.16     278.05  1
        2018052209  1169889      14.61     278.00  1
        2018052212  1142222      14.91     277.96  1
        2018052215  1087928      15.36     278.07  1
        2018052218  1083098      15.73     278.17  1
        2018052221  1044997      15.96     278.16  1
        2018052300  1007573      16.05     278.14  1
        2018052303   924652      16.06     278.13  1
        2018052306   887873      16.00     278.13  1
        2018052309   913748      15.86     278.05  1
        2018052312   901512      15.94     277.98  1
        2018052315   879026      16.00     277.92  1
        2018052318   853509      16.26     277.78  1
        2018052321   839835      16.34     277.59  1
        2018052400   822016      16.54     277.40  1
        2018052403   755647      16.70     277.33  1
        2018052406   741877      16.82     277.22  1
        2018052409   757916      16.88     277.09  1
        2018052412   817293      16.97     276.94  1
        2018052415   851349      17.10     276.81  1
        2018052418   920588      17.26     276.67  1
        2018052421   972925      17.38     276.53  1
        2018052500   936519      17.60     276.44  1
        2018052503   892988      17.79     276.35  1
        2018052506   871002      17.94     276.21  1
        2018052509   863898      18.04     276.08  1
        2018052512   914965      18.23     275.99  1
        2018052515   988558      18.29     275.94  1
        2018052518  1094868      18.37     275.93  1
        2018052521  1155592      18.36     275.81  1
        2018052600  1209113      18.33     275.80  1
        2018052603  1253914      18.30     275.79  1
        2018052606  1330175      18.16     275.81  1
        2018052609  1460783      18.19     275.82  1
        2018052612  1550560      18.28     275.87  1
        2018052615  1621980      18.44     275.93  1
        2018052618  1759398      18.53     276.05  1
        2018052621  1905558      18.46     276.14  1
        2018052700  1994087      18.34     276.25  1
        2018052703  2031476      18.30     276.33  1
        2018052706  2125736      18.26     276.40  1
        2018052709  2275199      18.21     276.46  1
        2018052712  2416113      18.21     276.49  1
        2018052715  2500638      18.31     276.50  1
        2018052718  2601118      18.35     276.51  1
        2018052721  2683277      18.35     276.51  1
        2018052800  2679113      18.31     276.57  1
        2018052803  2683814      18.32     276.63  1
        2018052806  2709866      18.45     276.73  1
        2018052809  2777379      18.70     276.86  1
        2018052812  2806829      19.27     277.11  1
        2018052815  2741448      19.81     277.31  1
        2018052818  2665670      20.57     277.56  1
        2018052821  2559296      21.21     277.73  1
        2018052900  2427113      21.79     277.92  1
        2018052903  2252648      22.41     278.10  1
        2018052906  2110128      22.98     278.31  1
        2018052909  2044479      23.32     278.38  1
        2018052912  1995813      23.61     278.44  1
        2018052915  1947080      23.87     278.47  1
        2018052918  1912226      23.94     278.47  1
        2018052921  1832664      24.00     278.41  1
        2018053000  1717325      24.01     278.41  1
        2018053003  1593905      23.94     278.41  1
        2018053006  1491945      24.01     278.44  1
        2018053009  1402822      24.06     278.41  1
        2018053012  1267256      24.06     278.38  1
        2018053015  1126804      24.13     278.37  1
        2018053018   963970      23.83     278.36  1
        2018053021   835008      23.50     278.26  1
        2018053100   670746      23.00     278.20  1
        2018053103   512169      22.70     278.17  1
        2018053106   333297      22.48     278.19  1
LPT    35.0100
        2018052909   467175       5.02     150.01  1
        2018052912   957228       5.06     149.72  1
        2018052915  2076820       5.43     151.70  1
        2018052918  2680978       5.37     151.61  1
        2018052921  3081338       5.34     151.06  1
        2018053000  3285616       5.32     150.94  1
        2018053003  3611885       5.34     150.62  1
        2018053006  3961079       5.17     148.49  1
        2018053009  4076964       5.05     147.73  1
        2018053012  4110117       5.01     147.72  1
        2018053015  4223983       4.86     146.76  1
        2018053018  4359358       4.71     145.93  1
        2018053021  4276056       4.50     145.18  1
        2018053100  4091929       4.27     144.14  1
        2018053103  3927757       4.02     142.98  1
        2018053106  3788884       3.78     141.52  1
        2018053109  3725327       3.72     140.92  1
        2018053112  3701989       3.62     139.91  1
        2018053115  3525788       3.42     137.53  1
        2018053118  3335575       3.18     134.35  1
        2018053121  3282994       3.15     132.40  1
        2018060100  3215239       3.29     130.08  1
        2018060103  3369059       3.46     128.34  1
        2018060106  3605503       3.75     126.45  1
        2018060109  3950676       4.12     124.44  1
        2018060112  4130493       4.40     123.68  1
        2018060115  4400867       4.75     122.72  1
        2018060118  4775384       5.15     121.84  1
        2018060121  5022191       5.44     120.94  1
        2018060200  5232823       5.76     120.43  1
        2018060203  5489229       6.04     120.03  1
        2018060206  5682503       6.34     119.59  1
        2018060209  5799824       6.56     119.54  1
        2018060212  5856746       6.70     119.75  1
        2018060215  5978867       6.87     119.79  1
        2018060218  6223772       6.99     120.12  1
        2018060221  6535567       7.04     121.03  1
        2018060300  6960945       7.11     122.42  1
        2018060303  7439144       7.18     123.58  1
        2018060306  7845819       7.22     124.44  1
        2018060309  8095427       7.24     124.94  1
        2018060312  8464099       7.15     125.75  1
        2018060315  8806926       7.06     126.52  1
        2018060318  9166317       6.97     127.24  1
        2018060321  9374346       6.98     127.63  1
        2018060400  9501508       6.96     128.26  1
        2018060403  9576336       6.99     129.04  1
        2018060406  9480405       7.15     129.65  1
        2018060409  9350509       7.27     130.45  1
        2018060412  9194558       7.28     131.62  1
        2018060415  9272062       7.18     132.66  1
        2018060418  9169082       7.19     133.79  1
        2018060421  8598715       7.15     134.94  2
        2018060500  8366888       7.14     136.00  2
        2018060503  8171389       7.09     137.01  2
        2018060506  7957427       7.10     137.65  2
        2018060509  7892728       7.16     137.96  2
        2018060512  7813181       7.17     138.32  2
        2018060515  7855549       7.23     138.58  2
        2018060518  7773027       7.36     138.83  2
        2018060521  7459898       7.53     138.84  2
        2018060600  7127181       7.83     138.35  2
        2018060603  6931945       8.21     137.83  2
        2018060606  6558948       8.50     137.35  2
        2018060609  6278643       8.88     136.86  2
        2018060612  6092654       9.23     136.30  2
        2018060615  5889519       9.58     135.98  2
        2018060618  5732557       9.88     135.64  2
        2018060621  5664734      10.38     134.93  2
        2018060700  5674345      10.91     134.06  2
        2018060703  5798591      11.44     133.19  2
        2018060706  5819929      11.84     132.59  2
        2018060709  5947851      12.16     132.03  2
        2018060712  6239191      12.53     131.10  1
        2018060715  6254633      12.70     130.84  1
        2018060718  6260423      12.99     130.47  1
        2018060721  6279279      13.38     130.01  1
        2018060800  6355956      13.66     129.64  1
        2018060803  6348401      13.95     129.30  1
        2018060806  6320652      14.18     129.02  1
        2018060809  6185106      14.40     128.86  1
        2018060812  6076462      14.54     128.77  1
        2018060815  5968350      14.64     128.70  1
        2018060818  5815789      14.86     128.65  1
        2018060821  5678016      15.03     128.48  1
        2018060900  5612357      15.26     128.15  1
        2018060903  5494439      15.41     127.92  1
        2018060906  5346951      15.60     127.63  1
        2018060909  5189836      15.64     127.59  1
        2018060912  5052807      15.84     127.48  1
        2018060915  4966825      16.05     127.39  1
        2018060918  4835772      16.37     127.28  1
        2018060921  4822289      16.60     127.18  1
        2018061000  4823214      16.86     127.13  1
        2018061003  4848932      17.16     127.29  1
        2018061006  4818007      17.40     127.42  1
        2018061009  4857275      17.65     127.57  1
        2018061012  4886164      17.94     127.80  1
        2018061015  4893235      18.31     128.04  1
        2018061018  4893554      18.64     128.18  1
        2018061021  4897690      19.10     128.47  1
        2018061100  4971767      19.56     128.82  1
        2018061103  5023680      20.06     129.27  1
        2018061106  4997120      20.49     129.65  1
        2018061109  4937547      20.94     130.09  1
        2018061112  4923323      21.19     130.36  1
        2018061115  4835500      21.24     130.43  1
        2018061118  4730367      21.27     130.51  1
        2018061121  4577143      21.43     130.64  1
        2018061200  4445835      21.46     130.64  1
        2018061203  4254296      21.52     130.72  1
        2018061206  4033901      21.58     130.80  1
        2018061209  3758993      21.77     131.13  1
        2018061212  3609620      21.80     131.09  1
        2018061215  1171022      16.48     118.39  1
        2018061218  1159199      16.72     117.83  1
        2018061221  1255342      17.03     117.49  1
        2018061300  1330774      17.31     117.21  1
        2018061303  1398504      17.69     116.92  1
        2018061306  1514301      18.07     116.75  1
        2018061309  1580605      18.36     116.58  1
        2018061312  1621965      18.62     116.49  1
        2018061315  1716230      18.91     116.36  1
        2018061318  1820313      19.13     116.14  1
        2018061321  1900630      19.30     116.08  1
        2018061400  1987913      19.42     115.98  1
        2018061403  2085221      19.54     115.81  1
        2018061406  2155343      19.62     115.84  1
        2018061409  2195894      19.68     115.85  1
        2018061412  2232538      19.70     115.97  1
        2018061415  2274550      19.70     116.15  1
        2018061418  2282600      19.75     116.43  1
        2018061421  2309805      19.82     116.60  1
        2018061500  2361102      19.82     116.77  1
        2018061503  2423130      19.84     116.93  1
        2018061506  2453813      19.96     117.27  1
        2018061509  2503373      20.02     117.53  1
        2018061512  2599816      20.29     118.07  1
        2018061515  2649562      20.57     118.66  1
        2018061518  2726378      20.88     119.37  1
        2018061521  2782730      21.04     119.90  1
        2018061600  2866864      21.28     120.41  1
        2018061603  2949411      21.47     120.79  1
        2018061606  2942344      21.60     121.07  1
        2018061609  2926031      21.58     121.01  1
        2018061612  2923442      21.56     120.98  1
        2018061615  2893795      21.57     121.01  1
        2018061618  2813929      21.54     121.07  1
        2018061621  2742074      21.55     121.16  1
        2018061700  2686383      21.49     121.17  1
        2018061703  2578025      21.49     121.28  1
        2018061706  2393068      21.51     121.51  1
        2018061709  2225170      21.44     121.44  1
        2018061712  2082141      21.23     121.14  1
        2018061715  1811376      20.91     120.75  1
        2018061718  1427402      20.47     120.24  1
        2018061721   817043      17.78     116.16  1
        2018061800   647250      17.78     116.33  1
        2018061803   398503      17.87     116.67  1
LPT    36.0100
        2018060321   430079       9.84     262.11  1
        2018060400   542768       9.80     262.04  1
        2018060403   663882       9.73     262.06  1
        2018060406   764463       9.68     261.93  1
        2018060409   960915       9.64     261.78  1
        2018060412  1044582       9.65     261.78  1
        2018060415  1129722       9.67     261.69  1
        2018060418  1195101       9.69     261.66  1
        2018060421  1302912       9.75     261.50  1
        2018060500  1373877       9.87     261.49  1
        2018060503  1482221       9.94     261.35  1
        2018060506  1591404      10.00     261.05  1
        2018060509  1726792      10.11     260.97  1
        2018060512  1780739      10.11     260.72  1
        2018060515  1861765      10.16     260.44  1
        2018060518  1898115      10.18     260.20  1
        2018060521  1968533      10.22     259.93  1
        2018060600  1975393      10.22     259.65  1
        2018060603  2063701      10.20     259.66  1
        2018060606  2792964       9.27     263.92  1
        2018060609  2983188       9.62     262.84  1
        2018060612  3019702       9.73     262.42  1
        2018060615  3129878       9.81     262.11  1
        2018060618  3274306       9.88     261.81  1
        2018060621  3449056       9.95     261.76  1
        2018060700  3449819      10.02     261.59  1
        2018060703  3382021      10.18     261.00  1
        2018060706  3331333      10.30     260.62  1
        2018060709  3419833      10.39     260.78  1
        2018060712  3296407      10.52     260.81  1
        2018060715  3236015      10.64     260.48  1
        2018060718  3176830      10.72     260.34  1
        2018060721  3197515      10.83     260.25  1
        2018060800  3171424      10.93     260.15  1
        2018060803  3174347      11.02     259.95  1
        2018060806  3093060      11.11     259.48  1
        2018060809  3053286      11.22     259.16  1
        2018060812  3014749      11.29     258.73  1
        2018060815  2970040      11.36     258.27  1
        2018060818  2880004      11.37     257.94  1
        2018060821  2913887      11.37     257.76  1
        2018060900  2878355      11.36     257.64  1
        2018060903  2936361      11.37     257.70  1
        2018060906  2985191      11.39     257.70  1
        2018060909  3022530      11.42     257.77  1
        2018060912  3000905      11.45     257.87  1
        2018060915  3080520      11.48     257.92  1
        2018060918  3160697      11.47     258.05  1
        2018060921  3248074      11.48     258.25  1
        2018061000  3307748      11.48     258.38  1
        2018061003  3417509      11.45     258.51  1
        2018061006  3565454      11.39     258.63  1
        2018061009  3832272      11.28     259.11  1
        2018061012  4092807      11.15     259.78  1
        2018061015  4325782      11.03     260.34  1
        2018061018  4440383      11.00     260.57  1
        2018061021  4527524      10.98     260.82  1
        2018061100  4568914      10.94     261.21  1
        2018061103  4615938      10.88     261.63  1
        2018061106  4682460      10.77     262.27  1
        2018061109  4852606      10.71     262.79  1
        2018061112  4865618      10.70     263.06  1
        2018061115  4845475      10.77     263.27  1
        2018061118  4761503      10.91     263.13  1
        2018061121  4846961      10.94     263.52  1
        2018061200  4907684      10.95     263.99  1
        2018061203  4952220      10.93     264.33  1
        2018061206  4936312      10.91     264.66  1
        2018061209  4906615      10.90     264.86  1
        2018061212  4839448      10.98     264.92  1
        2018061215  4691524      11.11     264.83  1
        2018061218  4442971      11.32     264.56  1
        2018061221  2784475      13.11     257.07  1
        2018061300  2590005      13.40     256.56  1
        2018061303  2489379      13.55     256.36  1
        2018061306  2392844      13.69     256.12  1
        2018061309  2318203      13.75     256.13  1
        2018061312  2237037      13.78     256.06  1
        2018061315  2218783      13.73     256.04  1
        2018061318  2185633      13.67     256.03  1
        2018061321  2184203      13.65     256.07  1
        2018061400  2167751      13.73     256.11  1
        2018061403  2191023      13.72     256.20  1
        2018061406  2167303      13.70     256.28  1
        2018061409  2143898      13.64     256.50  1
        2018061412  2106018      13.62     256.74  1
        2018061415  2155409      13.54     257.03  1
        2018061418  2143318      13.40     257.32  1
        2018061421  2112260      13.28     257.59  1
        2018061500  2093905      13.16     257.80  1
        2018061503  2056266      13.01     258.02  1
        2018061506  2063806      12.93     258.20  1
        2018061509  2097798      12.92     258.54  1
        2018061512  2153575      12.99     258.90  1
        2018061515  2155680      13.01     259.24  1
        2018061518  2147886      13.04     259.69  1
        2018061521  2143511      13.11     260.11  1
        2018061600  2066621      13.07     260.35  1
        2018061603  1961812      13.03     260.69  1
        2018061606  1916540      13.06     261.11  1
        2018061609  1881981      13.17     261.71  1
        2018061612  1928747      13.43     262.38  1
        2018061615  1976207      13.76     263.16  1
        2018061618  2045208      14.16     264.02  1
        2018061621  2073804      14.46     264.37  1
        2018061700  1971534      14.63     264.49  1
        2018061703  1880714      14.86     264.66  1
        2018061706  1826380      15.11     264.92  1
        2018061709  1797558      15.34     264.88  1
        2018061712  1748171      15.63     265.11  1
        2018061715  1688016      15.89     265.38  1
        2018061718  1676003      16.33     265.82  1
        2018061721  1694333      16.76     266.08  1
        2018061800  1680241      16.93     266.15  1
        2018061803  1655376      17.15     266.10  1
        2018061806  1632994      17.35     266.13  1
        2018061809  1562321      17.60     266.04  1
        2018061812  1385045      17.80     265.79  1
        2018061815  1169182      18.24     265.78  1
        2018061818  1002821      18.61     265.69  1
        2018061821   941979      19.16     265.64  1
        2018061900   871087      19.47     265.51  1
        2018061903   863491      19.67     265.28  1
        2018061906   847628      19.91     265.18  1
        2018061909   794069      20.60     265.22  1
        2018061912   691403      21.09     265.09  1
        2018061915   525738      22.32     265.28  1
        2018061918   472625      23.02     265.14  1
        2018061921   426588      23.65     265.00  1
        2018062000   327593      24.21     265.01  1
LPT    37.0100
        2018060509   399420      12.21      92.22  1
        2018060512   411596      12.15      91.97  1
        2018060515   469653      12.19      91.91  1
        2018060518   444921      12.08      91.79  1
        2018060521   629763      12.13      91.94  1
        2018060600   688122      12.04      92.01  1
        2018060603   855792      12.01      92.18  1
        2018060606   891777      11.85      92.10  1
        2018060609  1062416      12.05      92.17  1
        2018060612  1104545      12.09      91.91  1
        2018060615  1153860      12.20      91.64  1
        2018060618  1091289      12.20      91.41  1
        2018060621  1313846      12.61      91.57  1
        2018060700  1490417      12.90      91.93  1
        2018060703  1656989      13.16      92.25  1
        2018060706  1794617      13.33      92.51  1
        2018060709  1909042      13.56      92.67  1
        2018060712  1944419      13.64      92.60  1
        2018060715  2000184      13.70      92.44  1
        2018060718  2006832      13.81      92.11  1
        2018060721  2251213      14.00      92.07  1
        2018060800  2374484      14.22      91.84  1
        2018060803  2503067      14.42      91.73  1
        2018060806  2632665      14.62      91.58  1
        2018060809  3409843      14.79      88.22  1
        2018060812  3495609      14.96      87.97  1
        2018060815  3603434      15.10      87.88  1
        2018060818  3817251      15.24      87.63  1
        2018060821  4040355      15.34      87.67  1
        2018060900  4221413      15.46      87.59  1
        2018060903  4292880      15.56      87.58  1
        2018060906  4395775      15.70      87.70  1
        2018060909  4507704      15.92      87.74  1
        2018060912  4510325      16.15      87.86  1
        2018060915  4436931      16.37      88.16  1
        2018060918  4411887      16.66      88.45  1
        2018060921  4300231      16.78      89.06  1
        2018061000  3424450      17.22      92.67  1
        2018061003  3386239      17.38      92.65  1
        2018061006  3391152      17.54      92.56  1
        2018061009  3420111      17.87      92.62  1
        2018061012  3414264      18.09      92.79  1
        2018061015  3406018      18.32      92.95  1
        2018061018  3445296      18.51      93.09  1
        2018061021  3514359      18.61      93.36  1
        2018061100  3469021      18.76      93.51  1
        2018061103  3453588      18.83      93.69  1
        2018061106  3466098      18.89      93.72  1
        2018061109  3482590      19.01      93.83  1
        2018061112  3485376      19.12      93.95  1
        2018061115  3518169      19.25      94.04  1
        2018061118  3536625      19.33      94.11  1
        2018061121  3592116      19.45      94.23  1
        2018061200  3599571      19.57      94.18  1
        2018061203  3590344      19.69      94.13  1
        2018061206  3595237      19.83      94.09  1
        2018061209  3560692      20.06      94.10  1
        2018061212  3552791      20.15      94.10  1
        2018061215  3566101      20.27      94.10  1
        2018061218  3539124      20.35      94.09  1
        2018061221  3515773      20.40      94.19  1
        2018061300  3487214      20.45      94.15  1
        2018061303  3480018      20.51      94.12  1
        2018061306  3498605      20.51      94.02  1
        2018061309  3481970      20.64      94.11  1
        2018061312  3383933      20.68      94.04  1
        2018061315  3329278      20.78      93.99  1
        2018061318  3251285      20.80      93.92  1
        2018061321  3184125      20.91      93.83  1
        2018061400  3104417      20.98      93.77  1
        2018061403  3019393      21.07      93.77  1
        2018061406  2901742      21.10      93.62  1
        2018061409  2798405      21.25      93.68  1
        2018061412  2676639      21.28      93.63  1
        2018061415  2575767      21.27      93.52  1
        2018061418  2405098      21.22      93.37  1
        2018061421  2280438      21.30      93.25  1
        2018061500  2184223      21.30      93.25  1
        2018061503  2082346      21.26      93.24  1
        2018061506  1956913      21.14      93.23  1
        2018061509  1846320      21.08      93.30  1
        2018061512  1760354      20.94      93.39  1
        2018061515  1663615      20.78      93.49  1
        2018061518  1533178      20.50      93.56  1
        2018061521  1469929      20.32      93.67  1
        2018061600  1388573      20.13      93.78  1
        2018061603  1310482      19.86      93.94  1
        2018061606  1233351      19.33      94.16  1
        2018061609  1087028      19.02      94.46  1
        2018061612  1016840      18.45      94.73  1
        2018061615  1030117      17.81      95.08  1
        2018061618  1154933      16.99      95.64  1
        2018061621  1266510      16.51      96.05  1
        2018061700  1393834      15.86      96.55  1
        2018061703  1485527      15.28      96.90  1
        2018061706  1548561      14.58      97.06  1
        2018061709  1591826      14.06      97.39  1
        2018061712  1639051      13.52      97.78  1
        2018061715  1728387      13.08      98.06  1
        2018061718  1798724      12.47      98.06  1
        2018061721  1955253      12.03      98.16  1
        2018061800  2080263      11.62      98.09  1
        2018061803  2237412      11.17      97.93  1
        2018061806  2447034      10.64      97.87  1
        2018061809  2511579      10.40      97.87  1
        2018061812  2557300      10.15      97.76  1
        2018061815  2623798       9.85      97.64  1
        2018061818  2661565       9.54      97.46  1
        2018061821  2724875       9.34      97.25  1
        2018061900  2836771       9.05      97.08  1
        2018061903  2909478       8.82      96.89  1
        2018061906  2963066       8.51      96.58  1
        2018061909  2938815       8.35      96.48  1
        2018061912  2909689       8.25      96.30  1
        2018061915  2859889       8.18      96.14  1
        2018061918  2786299       8.13      95.88  1
        2018061921  2642406       8.07      95.72  1
        2018062000  2530069       8.28      95.61  1
        2018062003  2376483       8.55      95.53  1
        2018062006  2223244       8.78      95.45  1
        2018062009  2081171       9.19      95.48  1
        2018062012  1955172       9.62      95.39  1
        2018062015  1801244       9.92      95.23  1
        2018062018  1583716      10.28      95.00  1
        2018062021  1356862      10.91      94.82  1
        2018062100  1190613      11.46      94.56  1
        2018062103  1017151      12.23      94.24  1
        2018062106   675663      13.20      93.71  1
        2018062109   320349      14.83      92.84  1
