LPT nnnnn.nnnn
        YYYYMMDDHH _A_[km2] cen_lat.__ cen_lon.__ Nobj
LPT     0.0100
        2014060100  1537924      -1.32      59.31  1
        2014060103  1701220      -1.17      59.39  1
        2014060106  1834636      -0.90      59.48  1
        2014060109  2024927      -0.68      59.60  1
        2014060112  2120464      -0.60      59.63  1
        2014060115  2203629      -0.49      59.71  1
        2014060118  2316794      -0.32      59.86  1
        2014060121  2373718      -0.13      60.01  1
        2014060200  2405150       0.09      60.07  1
        2014060203  2331935       0.31      60.19  1
        2014060206  2287151       0.55      60.25  1
        2014060209  2296128       0.82      60.32  1
        2014060212  2221347       0.88      60.28  1
        2014060215  2097358       1.01      60.26  1
        2014060218  1969441       1.30      60.41  1
        2014060221  2007123       0.87      59.60  1
        2014060300  1846102       1.18      59.77  1
        2014060303  1537157       1.85      60.39  1
        2014060306  1215524       3.00      61.49  1
        2014060309  1097114       3.61      61.70  1
        2014060312   964945       4.13      61.85  1
        2014060315   909210       4.43      61.79  1
        2014060318   831908       4.76      61.71  1
        2014060321   726993       5.06      61.62  1
        2014060400   635968       5.35      61.37  1
        2014060403   514344       5.57      61.11  1
        2014060406   365112       5.77      60.72  1
        2014060409   352716       5.94      59.64  1
        2014060503   410862       6.23      57.61  1
        2014060506   731153       6.06      57.33  1
        2014060509   999863       6.01      57.43  1
        2014060512  1142922       5.84      57.14  1
        2014060515  1303351       5.82      57.17  1
        2014060518  1489894       5.77      57.21  1
        2014060521  1681589       5.81      57.41  1
        2014060600  1774826       5.92      57.65  1
        2014060603  1921811       5.99      57.90  1
        2014060606  2103803       6.11      58.25  1
        2014060609  2297752       6.28      58.80  1
        2014060612  2325150       6.33      58.98  1
        2014060615  2400669       6.40      59.40  1
        2014060618  2553896       6.53      59.82  1
        2014060621  2768982       6.78      60.22  1
        2014060700  2897760       6.85      60.50  1
        2014060703  3012042       6.91      60.82  1
        2014060706  3097678       6.98      61.05  1
        2014060709  3164755       7.10      61.27  1
        2014060712  3098484       7.15      61.41  1
        2014060715  3078268       7.19      61.54  1
        2014060718  3091153       7.19      61.62  1
        2014060721  3174723       7.22      61.69  1
        2014060800  3158156       7.29      61.69  1
        2014060803  3165001       7.40      61.77  1
        2014060806  3203311       7.58      62.10  1
        2014060809  3131220       7.84      62.36  1
        2014060812  3020733       8.04      62.60  1
        2014060815  2933284       8.22      62.92  1
        2014060818  2896420       8.38      63.21  1
        2014060821  2858184       8.62      63.66  1
        2014060900  2775974       8.84      63.98  1
        2014060903  2716839       9.02      64.19  1
        2014060906  2651364       9.24      64.42  1
        2014060909  2628416       9.47      64.79  1
        2014060912  2547063       9.70      65.10  1
        2014060915  2503590       9.83      65.32  1
        2014060918  2472889       9.98      65.57  1
        2014060921  2387999      10.08      65.93  1
        2014061000  2181751      10.18      66.38  1
        2014061003  2106905      10.26      66.64  1
        2014061006  2043293      10.36      66.81  1
        2014061009  1990138      10.49      67.14  1
        2014061012  1893576      10.66      67.39  1
        2014061015  1866574      10.86      67.60  1
        2014061018  1849481      11.05      67.79  1
        2014061021  1827831      11.24      68.00  1
        2014061100  1758641      11.43      68.20  1
        2014061103  1676305      11.55      68.33  1
        2014061106  1587759      11.71      68.44  1
        2014061109  1431371      11.87      68.59  1
        2014061112  1275726      12.06      68.72  1
        2014061115  1195623      12.27      68.78  1
        2014061118  1106626      12.46      68.79  1
        2014061121  1010064      12.69      68.74  1
        2014061200   887332      12.92      68.69  1
        2014061203   770320      13.06      68.74  1
        2014061206   677236      13.28      68.57  1
        2014061209   520486      13.50      68.46  1
LPT     1.0100
        2014060206   398871       2.85      91.22  1
        2014060209   519147       2.90      90.64  1
        2014060212   634795       2.89      90.15  1
        2014060215   686429       2.92      89.75  1
        2014060218   692659       2.84      89.36  1
        2014060221   730483       2.77      88.71  1
        2014060300   662679       2.70      88.22  1
        2014060303   715905       2.63      87.70  1
        2014060306   699748       2.51      87.37  1
        2014060309   761394       2.51      87.14  1
        2014060312   754421       2.53      86.90  1
        2014060315   829171       2.47      86.94  1
        2014060318   892480       2.09      87.00  1
        2014060321  1166684       1.12      87.48  1
        2014060400  1390034       0.79      87.92  1
        2014060403  1556501       0.94      88.38  1
        2014060406  1937675       1.04      88.96  1
        2014060409  2261008       1.21      89.49  1
        2014060412  2431196       1.27      89.76  1
        2014060415  2564387       1.36      90.06  1
        2014060418  2713798       1.38      90.40  1
        2014060421  2897607       1.52      90.96  1
        2014060500  2869925       1.66      91.37  1
        2014060503  2822819       1.80      91.76  1
        2014060506  2829927       2.15      92.30  1
        2014060509  2710282       2.39      92.93  1
        2014060512  2580399       2.72      93.56  1
        2014060515  2479604       3.10      94.09  1
        2014060518  2344351       3.42      94.55  1
        2014060521  2301623       3.86      95.01  1
        2014060600  2197122       4.41      95.60  1
        2014060603  2196298       4.90      96.07  1
        2014060606  2264856       5.39      96.57  1
        2014060609  2298393       5.78      96.72  1
        2014060612  2138160       6.01      96.71  1
        2014060615  2095313       6.36      96.72  1
        2014060618  2025278       6.80      96.66  1
        2014060621  1943001       7.47      96.51  1
        2014060700  1584567       8.25      96.18  1
        2014060703  1301216       9.33      95.81  1
        2014060706  1152865      10.46      95.64  1
        2014060709  1055640      11.58      95.47  1
        2014060712   966273      12.09      95.16  1
        2014060715   962093      12.41      94.90  1
        2014060718  1011338      12.54      94.64  1
        2014060721  1147710      12.69      94.39  1
        2014060800  1173435      12.66      93.81  1
        2014060803  1229630      12.56      93.43  1
        2014060806  1286577      12.60      93.33  1
        2014060809  1296255      12.62      92.99  1
        2014060812  1190716      12.51      92.62  1
        2014060815  1102061      12.47      92.32  1
        2014060818  1038983      12.61      92.40  1
        2014060821  1070873      12.72      92.28  1
        2014060900  1098568      12.76      91.96  1
        2014060903  1203677      12.97      91.68  1
        2014060906  1298655      13.20      91.45  1
        2014060909  1319098      13.32      91.08  1
        2014060912  1141612      13.24      90.93  1
        2014060915   953788      13.08      90.69  1
        2014060918   701335      13.03      90.59  1
        2014060921   494391      13.07      90.61  1
LPT     2.0100
        2014060906   512373      19.11     119.42  1
        2014060909   609227      19.16     119.60  1
        2014060912   703339      19.15     119.84  1
        2014060915   856407      19.16     120.09  1
        2014060918  1083335      19.23     120.42  1
        2014060921  1227648      19.31     120.77  1
        2014061000  1408796      19.32     121.05  1
        2014061003  1594161      19.34     121.32  1
        2014061006  1788688      19.30     121.55  1
        2014061009  1897860      19.35     121.73  1
        2014061012  2006516      19.37     121.90  1
        2014061015  2208196      19.39     122.01  1
        2014061018  2427039      19.47     122.05  1
        2014061021  2566918      19.48     121.96  1
        2014061100  2743691      19.49     121.85  1
        2014061103  2950948      19.49     121.74  1
        2014061106  3090764      19.42     121.50  1
        2014061109  3303070      19.42     121.44  1
        2014061112  3416436      19.44     121.48  1
        2014061115  3632725      19.33     121.20  1
        2014061118  4590726      18.90     117.83  1
        2014061121  4822480      18.78     117.33  1
        2014061200  5123781      18.64     116.92  1
        2014061203  5469107      18.53     116.42  1
        2014061206  5767767      18.31     115.81  1
        2014061209  5944505      18.06     115.20  1
        2014061212  6036313      17.84     114.91  1
        2014061215  6199593      17.50     114.24  1
        2014061218  6539763      17.03     113.27  1
        2014061221  6645920      16.61     112.41  1
        2014061300  6798780      16.29     111.88  1
        2014061303  6964367      15.93     111.11  1
        2014061306  7192329      15.54     110.26  1
        2014061309  7184249      15.17     109.34  1
        2014061312  7202570      14.80     108.33  1
        2014061315  7170391      14.53     107.45  1
        2014061318  7160153      14.29     106.83  1
        2014061321  7154909      14.09     106.09  1
        2014061400  7231383      14.03     105.71  1
        2014061403  7267750      13.99     105.27  1
        2014061406  7219805      13.93     104.93  1
        2014061409  7195695      13.87     104.47  1
        2014061412  7047572      13.84     104.29  1
        2014061415  6984689      13.84     104.06  1
        2014061418  6840879      13.88     103.77  1
        2014061421  6527961      14.02     103.35  1
        2014061500  6197473      14.15     103.02  1
        2014061503  3546719      13.87      93.97  1
        2014061506  3359572      14.07      93.52  1
        2014061509  3270422      14.29      93.21  1
        2014061512  3120496      14.40      92.90  1
        2014061515  3038862      14.49      92.76  1
        2014061518  3003076      14.54      92.71  1
        2014061521  2815521      14.77      92.69  1
        2014061600  2690867      14.88      92.74  1
        2014061603  2667903      14.93      93.02  1
        2014061606  2596700      15.04      93.42  1
        2014061609  2494348      15.27      93.81  1
        2014061612  2385300      15.28      93.94  1
        2014061615  2180196      15.19      94.26  1
        2014061618  2158896      15.26      94.38  1
        2014061621  2254001      15.38      94.57  1
        2014061700  2290572      15.42      94.75  1
        2014061703  2287792      15.46      94.95  1
        2014061706  2285787      15.42      95.19  1
        2014061709  2353395      15.59      95.21  1
        2014061712  2282303      15.66      95.38  1
        2014061715  2369360      15.68      95.40  1
        2014061718  2399414      15.70      95.48  1
        2014061721  2481036      15.85      95.43  1
        2014061800  2528691      15.76      95.44  1
        2014061803  2584762      15.72      95.39  1
        2014061806  2610628      15.66      95.43  1
        2014061809  2703281      15.77      95.32  1
        2014061812  2613907      15.87      95.28  1
        2014061815  2600092      16.08      95.23  1
        2014061818  2557916      16.32      95.17  1
        2014061821  2494359      16.85      94.99  1
        2014061900  2377197      17.17      94.80  1
        2014061903  2304871      17.63      94.52  1
        2014061906  2182695      18.11      94.14  1
        2014061909  2096716      18.65      93.84  1
        2014061912  2000320      19.04      93.56  1
        2014061915  1997716      19.37      93.41  1
        2014061918  1976920      19.65      93.24  1
        2014061921  1934412      20.05      93.05  1
        2014062000  1824414      20.30      92.84  1
        2014062003  1727459      20.64      92.58  1
        2014062006  1677884      20.89      92.40  1
        2014062009  1679786      21.18      92.32  1
        2014062012  1612808      21.39      92.32  1
        2014062015  1565139      21.56      92.35  1
        2014062018  1533498      21.77      92.32  1
        2014062021  1566210      21.92      92.27  1
        2014062100  1488169      22.00      92.10  1
        2014062103  1490843      22.15      92.01  1
        2014062106  1552773      22.36      92.01  1
        2014062109  1593403      22.54      92.11  1
        2014062112  1540846      22.79      92.16  1
        2014062115  1515642      22.88      92.15  1
        2014062118  1527554      23.02      92.22  1
        2014062121  1560918      23.08      92.25  1
        2014062200  1535862      23.10      92.16  1
        2014062203  1573694      23.14      92.20  1
        2014062206  1583039      23.24      92.26  1
        2014062209  1584455      23.42      92.43  1
        2014062212  1507327      23.43      92.47  1
        2014062215  1453865      23.40      92.52  1
        2014062218  1369391      23.29      92.50  1
        2014062221  1341554      23.17      92.51  1
        2014062300  1250430      22.98      92.51  1
        2014062303  1269130      22.72      92.62  1
        2014062306  1342649      22.47      92.79  1
        2014062309  1333875      22.34      92.96  1
        2014062312  1271711      22.20      93.06  1
        2014062315  1230118      21.97      93.23  1
        2014062318  1238282      21.69      93.40  1
        2014062321  1260037      21.32      93.52  1
        2014062400  1194721      20.87      93.69  1
        2014062403  1327803      20.05      94.59  1
        2014062406  1404805      19.35      95.28  1
        2014062409  1414567      18.91      95.36  1
        2014062412  1289174      18.82      94.96  1
        2014062415  1252015      18.52      94.88  1
        2014062418  1247685      18.32      94.77  1
        2014062421  1214626      18.13      94.69  1
        2014062500  1118655      18.01      94.31  1
        2014062503  1077029      17.75      94.28  1
        2014062506   994553      17.39      94.33  1
        2014062509  1025383      17.28      94.15  1
        2014062512  1002421      17.30      93.86  1
        2014062515  1023371      17.37      93.67  1
        2014062518  1001871      17.40      93.54  1
        2014062521  1025026      17.59      93.32  1
        2014062600   976836      17.67      93.13  1
        2014062603   950338      17.68      92.97  1
        2014062606   843303      17.62      92.82  1
        2014062609   734998      17.50      92.79  1
        2014062612   651188      17.47      92.73  1
        2014062615   569395      17.49      92.70  1
        2014062618   477990      17.53      92.59  1
        2014062621   416522      17.69      92.52  1
        2014062700   294942      17.81      92.42  1
LPT     3.0100
        2014061312   660471       0.18     158.32  1
        2014061315   976216       0.34     157.73  1
        2014061318  1113549       0.51     157.22  1
        2014061321  1242384       0.67     156.79  1
        2014061400  1360355       0.82     156.31  1
        2014061403  1509966       0.86     156.20  1
        2014061406  1577813       0.87     156.03  1
        2014061409  1679587       0.85     155.91  1
        2014061412  1768258       0.81     155.67  1
        2014061415  3783091       1.81     145.17  1
        2014061418  4005044       1.79     145.37  1
        2014061421  4043760       1.66     145.91  1
        2014061500  4279473       1.64     146.06  1
        2014061503  4324394       1.48     146.96  1
        2014061506  4553073       1.44     146.85  1
        2014061509  4751746       1.36     146.97  1
        2014061512  5017246       1.28     147.05  1
        2014061515  5210191       1.23     147.04  1
        2014061518  5381689       1.20     146.41  1
        2014061521  5470751       1.21     145.99  1
        2014061600  5716814       1.25     145.20  1
        2014061603  5719816       1.32     144.24  1
        2014061606  5817354       1.46     142.83  1
        2014061609  5770677       1.43     142.45  1
        2014061612  5853917       1.43     141.99  1
        2014061615  5926177       1.51     141.46  1
        2014061618  6021279       1.59     140.71  1
        2014061621  6030555       1.57     140.60  1
        2014061700  6182243       1.62     140.50  1
        2014061703  6217363       1.72     140.18  1
        2014061706  6349157       1.91     139.68  1
        2014061709  6395664       1.96     139.58  1
        2014061712  6456192       1.99     139.59  1
        2014061715  6647555       1.94     139.67  1
        2014061718  6596717       2.03     139.59  1
        2014061721  6513033       2.07     139.50  1
        2014061800  6393477       2.22     138.94  1
        2014061803  6168931       2.27     138.20  1
        2014061806  5923605       2.50     136.88  1
        2014061809  5570002       2.61     135.85  1
        2014061812  5385476       2.77     134.82  1
        2014061815  5385813       2.73     134.33  1
        2014061818  5267270       2.86     133.67  1
        2014061821  5117211       2.90     133.45  1
        2014061900  5046397       2.91     133.61  1
        2014061903  4771986       3.08     133.32  1
        2014061906  4616854       3.17     133.33  1
        2014061909  4220564       3.42     132.99  1
        2014061912  4204877       3.32     133.28  1
        2014061915  4249505       3.20     133.61  1
        2014061918  4185118       3.02     133.69  1
        2014061921  3432098       1.67     136.41  1
        2014062000  3347299       1.57     136.50  1
        2014062003  3237133       1.48     136.56  1
        2014062006  3279225       1.40     136.68  1
        2014062009  3251505       1.27     136.74  1
        2014062012  3343692       1.19     136.83  1
        2014062015  3339791       1.19     136.72  1
        2014062018  3295375       1.50     136.49  1
        2014062021  3193336       1.55     136.43  1
        2014062100  3135051       1.69     136.41  1
        2014062103  3004366       1.88     136.28  1
        2014062106  2803519       2.10     136.51  1
        2014062109  2930173       1.65     138.05  1
        2014062112  3152989       1.26     140.11  1
        2014062115  2792103       1.29     140.88  1
        2014062118  2123680       1.31     142.40  1
        2014062121   885811       0.24     140.80  1
        2014062200   662724      -0.09     141.05  1
LPT     4.0100
        2014062312   435678       6.85     272.20  1
        2014062315   855708       6.88     273.04  1
        2014062318  1057949       6.89     273.42  1
        2014062321  1225568       6.93     273.72  1
        2014062400  1322056       6.92     273.82  1
        2014062403  1392546       6.91     273.92  1
        2014062406  1472210       6.90     274.01  1
        2014062409  1600012       6.93     274.23  1
        2014062412  1671043       6.97     274.39  1
        2014062415  1754392       6.99     274.65  1
        2014062418  1746727       6.99     274.91  1
        2014062421  1752198       6.97     275.28  1
        2014062500  1738584       6.92     275.68  1
        2014062503  1723607       6.83     276.22  1
        2014062506  1782979       6.71     276.76  1
        2014062509  1885375       6.58     277.29  1
        2014062512  1938269       6.37     278.08  1
        2014062515  2154206       6.02     279.21  1
        2014062518  2219064       5.69     280.23  1
        2014062521  2271337       5.43     280.85  1
        2014062600  2316447       5.24     281.20  1
        2014062603  2400531       5.11     281.33  1
        2014062606  2600686       4.97     281.27  1
        2014062609  2706776       4.95     280.99  1
        2014062612  2586338       4.78     281.15  1
        2014062615  2549766       4.75     280.99  1
        2014062618  2379272       4.56     281.43  1
        2014062621  3829614       6.28     273.32  1
        2014062700  3873122       6.39     272.83  1
        2014062703  3903058       6.48     272.48  1
        2014062706  3981618       6.58     272.29  1
        2014062709  4083641       6.81     271.69  1
        2014062712  3793631       7.01     271.37  1
        2014062715  3662806       7.38     270.42  1
        2014062718  3499772       7.67     269.94  1
        2014062721  3595249       7.90     269.47  1
        2014062800  3448185       8.23     268.78  1
        2014062803  3285772       8.53     267.98  1
        2014062806  3365055       8.70     267.25  1
        2014062809  3425864       8.89     266.42  1
        2014062812  3426163       8.97     265.87  1
        2014062815  3487332       9.11     265.21  1
        2014062818  3597166       9.26     264.23  1
        2014062821  3854432       9.40     263.17  1
        2014062900  3900274       9.53     262.38  1
        2014062903  3963192       9.69     261.44  1
        2014062906  4032838       9.90     260.53  1
        2014062909  3984469      10.28     258.81  1
        2014062912  3793089      10.56     257.71  1
        2014062915  3721062      10.81     256.76  1
        2014062918  3641551      11.00     255.95  1
        2014062921  3616538      11.24     255.29  1
        2014063000  3483780      11.52     254.72  1
        2014063003  3428052      11.74     254.43  1
        2014063006  3415606      12.00     254.15  1
        2014063009  3408372      12.26     253.93  1
        2014063012  3267192      12.52     253.88  1
        2014063015  3195364      12.72     253.89  1
        2014063018  3119371      12.96     253.75  1
        2014063021  3051052      13.20     253.79  1
        2014070100  2942585      13.42     253.70  1
        2014070103  2880664      13.52     253.57  1
        2014070106  2813095      13.66     253.56  1
        2014070109  2729045      13.80     253.40  1
        2014070112  2548276      13.97     253.18  1
        2014070115  2424518      14.07     253.11  1
        2014070118  2324229      14.15     252.96  1
        2014070121  2226177      14.23     252.97  1
        2014070200  2004785      14.42     252.80  1
        2014070203  1893802      14.47     252.75  1
        2014070206  1868159      14.40     252.93  1
        2014070209  1858896      14.25     253.28  1
        2014070212  1704092      14.25     253.62  1
        2014070215  1661933      14.06     253.98  1
        2014070218  1597456      13.70     254.66  1
        2014070221  1548990      13.28     255.25  1
        2014070300  1394190      12.90     255.68  1
        2014070303  1388125      12.49     255.95  1
        2014070306  1373744      11.79     256.18  1
        2014070309  1248115      11.05     256.45  1
        2014070312  1005269       9.96     256.94  1
        2014070315   975720       9.47     257.10  1
        2014070318   995877       9.11     257.07  1
        2014070321  1218534       8.84     257.09  1
        2014070400  1240398       8.69     256.98  1
        2014070403  1241295       8.65     256.64  1
        2014070406  1249778       8.61     256.19  1
        2014070409  1300621       8.69     255.96  1
        2014070412  1214348       8.73     255.77  1
        2014070415  1198070       8.82     255.91  1
        2014070418  1160411       8.92     256.09  1
        2014070421  1212603       9.06     256.54  1
        2014070500  1070719       9.12     257.00  1
        2014070503  1059267       9.14     257.43  1
        2014070506   994439       9.16     257.15  1
        2014070509   801736       9.09     256.42  1
        2014070512   487454       9.11     254.02  1
        2014070515   465365       9.08     253.47  1
        2014070518   494339       9.07     253.09  1
        2014070521   529342       9.12     252.86  1
        2014070600   478977       9.15     252.63  1
        2014070603   427074       9.20     252.73  1
        2014070606   380548       9.22     253.20  1
        2014070609   353836       9.26     254.57  1
        2014070612   392143       9.10     256.45  1
        2014070615   594493       8.95     257.82  1
        2014070618   704553       8.84     258.28  1
        2014070621   835047       8.82     258.21  1
        2014070700   700625       8.89     258.16  1
        2014070703   728152       8.87     257.87  1
        2014070706   762664       8.79     257.44  1
        2014070709   850542       8.74     257.26  1
        2014070712   756671       8.73     257.22  1
        2014070715   803922       8.76     256.85  1
        2014070718   763357       8.81     256.32  1
        2014070721   863777       8.93     255.66  1
        2014070800   822522       8.96     254.91  1
        2014070803   892538       9.02     254.21  1
        2014070806   903746       9.12     253.54  1
        2014070809   981436       9.16     252.67  1
        2014070812   927895       9.23     252.23  1
        2014070815   898110       9.27     251.63  1
        2014070818   960590       9.29     250.26  1
        2014070821   952137       9.33     249.10  1
        2014070900   830102       9.38     248.39  1
        2014070903   776742       9.38     247.68  1
        2014070906   784290       9.41     246.92  1
        2014070909   836744       9.45     246.19  1
        2014070912   766414       9.56     245.73  1
        2014070915   712925       9.64     245.52  1
        2014070918   648042       9.71     245.23  1
        2014070921   559531       9.82     245.18  1
        2014071000   377503       9.92     244.62  1
LPT     5.0100
        2014062418   324147      -2.52     150.14  1
        2014062421   429881      -2.36     150.28  1
        2014062500   613589      -2.00     150.35  1
        2014062503   838148      -1.64     150.28  1
        2014062506  1078050      -1.34     150.17  1
        2014062509  1162828      -1.32     150.33  1
        2014062512  1202931      -1.25     150.43  1
        2014062515  1261494      -1.24     150.65  1
        2014062518  1252250      -1.22     150.85  1
        2014062521  1147475      -1.16     151.11  1
        2014062600  1064226      -1.26     151.67  1
        2014062603  1041922      -1.41     152.71  1
        2014062606  1041116      -1.67     153.86  1
        2014062609  1083545      -1.75     154.98  1
        2014062612  1172998      -1.76     155.60  1
        2014062615  1333362      -1.74     156.19  1
        2014062618  1420501      -1.81     156.57  1
        2014062621  1568484      -1.94     156.94  1
        2014062700  1714183      -2.08     157.88  1
        2014062703  1956100      -2.26     158.87  1
        2014062706  2069966      -2.43     159.56  1
        2014062709  2250828      -2.47     160.10  1
        2014062712  2502330      -2.54     160.55  1
        2014062715  2901612      -2.45     160.62  1
        2014062718  2977522      -2.45     160.91  1
        2014062721  3111934      -2.39     161.11  1
        2014062800  3158724      -2.36     161.27  1
        2014062803  3296208      -2.35     161.40  1
        2014062806  3357532      -2.35     161.69  1
        2014062809  4126957      -0.85     164.27  1
        2014062812  4421358      -0.56     164.79  1
        2014062815  5016903       0.15     165.46  1
        2014062818  5002214       0.08     165.49  1
        2014062821  5120705       0.39     165.66  1
        2014062900  5167658       0.34     165.62  1
        2014062903  5218111       0.41     165.59  1
        2014062906  5230210       0.40     165.62  1
        2014062909  5235468       0.37     165.68  1
        2014062912  5301424       0.32     165.72  1
        2014062915  5423616       0.32     165.63  1
        2014062918  5308469       0.18     165.42  1
        2014062921  5254067       0.12     165.08  1
        2014063000  5252268       0.27     164.73  1
        2014063003  5334819       0.31     163.99  1
        2014063006  5212392       0.37     163.40  1
        2014063009  5359792       0.43     162.60  1
        2014063012  8164335       2.36     152.96  1
        2014063015  8790509       2.53     152.01  1
        2014063018  8906082       2.62     150.97  1
        2014063021  8987550       2.65     150.56  1
        2014070100  9106215       2.59     150.18  1
        2014070103  9208774       2.55     149.81  1
        2014070106  9154643       2.59     149.32  1
        2014070109  9107566       2.56     149.19  1
        2014070112  9122029       2.64     148.91  1
        2014070115  9307064       2.69     148.88  1
        2014070118  9255259       2.84     148.50  1
        2014070121  9203935       2.95     148.51  1
        2014070200  9134154       3.04     148.38  1
        2014070203  9071028       3.14     148.14  1
        2014070206  8908156       3.21     147.87  1
        2014070209  8671527       3.20     147.90  1
        2014070212  8559294       3.19     147.88  1
        2014070215  8527426       3.25     147.79  1
        2014070218  8333165       3.27     147.76  1
        2014070221  8159735       3.24     147.98  1
        2014070300  8121873       3.31     147.78  1
        2014070303  8127139       3.39     147.52  1
        2014070306  8103953       3.62     147.05  1
        2014070309  7959839       3.70     147.06  1
        2014070312  7852176       3.93     146.66  1
        2014070315  7794764       4.18     146.18  1
        2014070318  7516244       4.56     145.61  1
        2014070321  7173901       4.88     145.30  1
        2014070400  6952185       5.22     144.83  1
        2014070403  6778198       5.72     143.94  1
        2014070406  6470549       6.03     143.58  1
        2014070409  6354137       6.20     143.37  1
        2014070412  6313834       6.38     143.05  1
        2014070415  6361043       6.51     142.54  1
        2014070418  6217232       6.84     141.65  1
        2014070421  6017760       7.05     141.25  1
        2014070500  5983970       7.17     140.86  1
        2014070503  5832285       7.42     140.44  1
        2014070506  5631641       7.76     140.00  1
        2014070509  5493657       8.00     139.70  1
        2014070512  5485695       8.15     139.41  1
        2014070515  5554914       8.36     138.96  1
        2014070518  5526269       8.64     138.57  1
        2014070521  5436516       8.68     138.63  1
        2014070600  5431755       8.85     138.45  1
        2014070603  5410082       9.08     138.15  1
        2014070606  5241024       9.34     137.87  1
        2014070609  5123017       9.47     137.66  1
        2014070612  5156024       9.50     137.40  1
        2014070615  5189486       9.33     137.24  1
        2014070618  5232972       9.37     136.80  1
        2014070621  5136248       9.34     136.59  1
        2014070700  5215330       9.28     136.43  1
        2014070703  5248832       9.35     136.10  1
        2014070706  5227665       9.52     135.77  1
        2014070709  5310177       9.53     135.62  1
        2014070712  5410641       9.63     135.26  1
        2014070715  5415434       9.72     134.92  1
        2014070718  5364635      10.00     134.32  1
        2014070721  5310751      10.05     133.92  1
        2014070800  5452268      10.27     133.21  1
        2014070803  5522302      10.56     132.32  1
        2014070806  5689274      10.97     131.45  1
        2014070809  5805901      11.14     130.92  1
        2014070812  5856957      11.29     130.67  1
        2014070815  5819889      11.44     130.28  1
        2014070818  5742704      11.97     129.68  1
        2014070821  5400243      12.41     129.00  1
        2014070900  5474341      12.50     128.45  1
        2014070903  7397687      12.40     110.87  1
        2014070906  7638919      12.38     109.68  1
        2014070909  7659560      12.34     108.73  1
        2014070912  7421670      12.27     108.24  1
        2014070915  7050331      12.01     107.47  1
        2014070918  6903403      12.26     107.31  1
        2014070921  5745201      10.73     103.28  1
        2014071000  5397161      11.30     103.10  1
        2014071003  5382606      11.43     102.53  1
        2014071006  5624714      11.51     101.85  1
        2014071009  5721164      11.65     101.02  1
        2014071012  5507221      11.76     100.52  1
        2014071015  5393363      11.83      99.74  1
        2014071018  5260398      12.12      98.57  1
        2014071021  4850917      12.73      96.60  1
        2014071100  3548116      14.28      90.85  1
        2014071103  3587184      14.47      89.86  1
        2014071106  3547180      14.65      89.31  1
        2014071109  3600468      14.92      88.46  1
        2014071112  3449163      15.13      87.89  1
        2014071115  3325761      15.23      87.39  1
        2014071118  3205377      15.38      86.85  1
        2014071121  3144406      15.49      86.56  1
        2014071200  2983455      15.58      86.11  1
        2014071203  2913594      15.69      85.64  1
        2014071206  2858364      15.87      85.08  1
        2014071209  2777787      16.18      84.46  1
        2014071212  2607365      16.42      84.16  1
        2014071215  2498672      16.60      83.98  1
        2014071218  2432490      16.75      84.21  1
        2014071221  2462346      16.89      84.55  1
        2014071300  2335933      16.92      84.79  1
        2014071303  2250345      16.93      84.66  1
        2014071306  2252708      16.93      84.82  1
        2014071309  2346070      16.97      85.32  1
        2014071312  2218441      17.03      86.05  1
        2014071315  2363004      16.73      88.15  1
        2014071318  6653351       5.30      96.25  1
        2014071321  6909608       5.60      96.95  1
        2014071400  6687891       5.16      97.90  2
        2014071403  6917684       5.61      98.21  2
        2014071406  6902101       5.79      98.99  2
        2014071409  6952196       6.22      99.08  2
        2014071412  7217840       7.07      98.69  1
        2014071415  7174905       7.49      98.86  1
        2014071418  7279465       8.41      98.38  1
        2014071421  7337211       9.32      97.85  1
        2014071500  5386133      14.72      96.19  1
        2014071503  5366229      15.18      95.14  1
        2014071506  5375337      15.72      94.09  1
        2014071509  5437772      16.11      93.22  1
        2014071512  5282102      16.34      92.93  1
        2014071515  5324706      16.55      92.53  1
        2014071518  5418210      16.75      91.94  1
        2014071521  5328704      16.85      91.63  1
        2014071600  5157397      16.86      91.54  1
        2014071603  4898623      17.23      90.70  1
        2014071606  4613321      17.68      89.91  1
        2014071609  4456869      18.18      89.14  1
        2014071612  4076519      18.35      88.88  1
        2014071615  2463904      17.51      95.19  1
        2014071618  2194234      17.61      94.77  1
        2014071621  1857069      17.59      94.31  1
        2014071700  1636125      17.59      94.14  1
        2014071703  1461084      17.62      93.87  1
        2014071706  1238939      17.57      93.69  1
        2014071709  1130149      17.69      93.78  1
        2014071712  1094401      17.78      94.14  1
        2014071715   972378      17.67      94.55  1
        2014071718   984626      17.58      94.78  1
        2014071721   869805      17.61      94.68  1
        2014071800   839204      17.56      94.74  1
        2014071803   851606      17.59      94.56  1
        2014071806 11861378       8.38     133.88  1
        2014071809 12492680       8.65     133.34  1
        2014071812 13007085       8.71     133.37  1
        2014071815 13462848       8.76     133.46  1
        2014071818 13815623       8.88     133.26  1
        2014071821 13959263       8.91     133.25  1
        2014071900 14233408       8.99     133.10  1
        2014071903 14416101       9.02     133.07  1
        2014071906 14732617       9.20     132.50  1
        2014071909 14901127       9.42     131.88  1
        2014071912 14935920       9.50     131.70  1
        2014071915 14972218       9.55     131.52  1
        2014071918 14834725       9.63     131.12  1
        2014071921 14697805       9.75     130.68  1
        2014072000 14597946       9.67     130.78  2
        2014072003 14502718       9.74     130.39  2
        2014072006 14454964       9.88     129.67  2
        2014072009 14442812      10.02     129.18  2
        2014072012 14494942       9.99     129.29  2
        2014072015 14508982       9.99     129.13  2
        2014072018 14595938      10.08     128.82  2
        2014072021 14491605      10.24     128.22  2
        2014072100 14477813      10.22     128.21  2
        2014072103 14144625      10.36     127.95  2
        2014072106 13864875      10.63     127.07  2
        2014072109 13397332      10.64     127.11  2
        2014072112  9557758       9.90     128.29  2
        2014072115  9389941       9.78     128.55  2
        2014072118 12658087      10.96     125.47  2
        2014072121 12327385      11.04     124.88  2
        2014072200 12247129      11.11     124.55  2
        2014072203 11755578      11.28     123.78  2
        2014072206 11933218      11.60     122.80  2
        2014072209 11657644      11.69     122.22  2
        2014072212 11707870      11.85     121.42  1
        2014072215 11868145      11.63     121.87  1
        2014072218 11939837      11.72     121.56  1
        2014072221 12017547      11.74     121.11  1
        2014072300 12068686      11.74     121.01  1
        2014072303  4512987       2.05     148.03  1
        2014072306  4589572       2.09     147.97  1
        2014072309  4753106       2.07     148.27  1
        2014072312  4932644       2.01     148.60  1
        2014072315  5133007       1.91     149.03  1
        2014072318  5244315       2.00     149.20  1
        2014072321  5274403       1.98     149.54  1
        2014072400  5420068       1.95     149.89  1
        2014072403  5550424       1.94     150.19  1
        2014072406  5675441       2.05     150.18  1
        2014072409  5792917       2.08     150.34  1
        2014072412  5925317       2.20     150.36  1
        2014072415  6105027       2.26     150.63  1
        2014072418  6196070       2.37     150.75  1
        2014072421  6215888       2.38     151.18  1
        2014072500  6431702       2.57     151.50  1
        2014072503  6761667       2.82     151.90  1
        2014072506  7066468       3.09     151.92  1
        2014072509  7261608       3.29     152.30  1
        2014072512  7729782       3.58     152.41  1
        2014072515  8191801       3.77     152.64  1
        2014072518  8446537       3.98     152.57  1
        2014072521  8640499       4.16     152.68  1
        2014072600  9012277       4.33     152.73  1
        2014072603  9335755       4.55     152.78  1
        2014072606  9606965       4.73     152.81  1
        2014072609  9783705       4.90     152.89  1
        2014072612 10074374       5.08     153.10  1
        2014072615 10378521       5.16     153.42  1
        2014072618 10524621       5.40     153.28  1
        2014072621 10560711       5.49     153.49  1
        2014072700 10642676       5.52     153.56  1
        2014072703 10767121       5.67     153.55  1
        2014072706 10785964       5.86     153.30  1
        2014072709 10764615       5.92     153.31  1
        2014072712 10693379       6.02     152.81  1
        2014072715 10019131       6.07     151.12  1
        2014072718  9649531       6.43     149.75  1
        2014072721  9405461       6.70     149.07  1
        2014072800  9216167       7.04     147.99  1
        2014072803  8903692       7.54     146.78  1
        2014072806  8390865       8.09     145.40  1
        2014072809  8108860       8.52     144.62  1
        2014072812  7798529       9.06     143.55  1
        2014072815  7264743      10.31     141.50  1
        2014072818  7034483      11.01     140.22  1
        2014072821  6554566      11.78     139.31  1
        2014072900  6252510      12.47     138.15  1
        2014072903  6206755      12.74     137.39  1
        2014072906  6145976      12.96     136.49  1
        2014072909  6105381      13.11     136.21  1
        2014072912  6081817      13.23     136.06  1
        2014072915  6043432      13.38     135.78  1
        2014072918  5994573      13.56     135.11  1
        2014072921  5825933      13.69     135.03  1
        2014073000  5797290      13.81     134.73  1
        2014073003  5762424      13.94     134.42  1
        2014073006  5760817      14.11     133.99  1
        2014073009  5654746      14.27     133.91  1
        2014073012  5604214      14.40     133.79  1
        2014073015  5504716      14.54     133.68  1
        2014073018  5393227      14.75     133.67  1
        2014073021  5158728      15.01     134.05  1
        2014073100  4861513      15.30     134.37  1
        2014073103  4549502      15.62     134.88  1
        2014073106  4098080      16.11     135.90  1
        2014073109  3939977      16.31     136.00  1
        2014073112  3778713      16.50     135.93  1
        2014073115  3684573      16.79     135.69  1
        2014073118  3401420      17.19     135.26  1
        2014073121  3111338      17.54     134.74  1
        2014080100  3046286      17.92     134.41  1
        2014080103  2984998      18.37     134.05  1
        2014080106  2872082      18.74     133.90  1
        2014080109  2795438      18.92     134.01  1
        2014080112  2815125      19.16     133.86  1
        2014080115  2799417      19.46     133.63  1
        2014080118  2722734      19.81     133.32  1
        2014080121  2734415      20.12     133.27  1
        2014080200  2868965      20.56     133.12  1
        2014080203  3014916      20.93     132.99  1
        2014080206  3145937      20.88     133.00  1
        2014080209  3125822      20.87     133.13  1
        2014080212  3175290      20.46     133.29  1
        2014080215  3176197      20.09     133.52  1
        2014080218  3246720      19.90     133.62  1
        2014080221  1080311      29.76     128.99  1
        2014080300  1026516      30.19     129.02  1
        2014080303   999223      30.52     129.16  1
        2014080306   938174      30.79     129.26  1
        2014080309   849011      31.13     129.41  1
        2014080312   764734      31.36     129.52  1
        2014080315   692665      31.57     129.63  1
        2014080318   611144      31.98     129.75  1
        2014080321   547919      32.37     129.93  1
        2014080400   532406      32.57     130.08  1
        2014080403   454654      32.89     130.31  1
        2014080406   368319      33.23     130.50  1
        2014080409   274607      33.45     130.65  1
LPT     5.0200
        2014062418   324147      -2.52     150.14  1
        2014062421   429881      -2.36     150.28  1
        2014062500   613589      -2.00     150.35  1
        2014062503   838148      -1.64     150.28  1
        2014062506  1078050      -1.34     150.17  1
        2014062509  1162828      -1.32     150.33  1
        2014062512  1202931      -1.25     150.43  1
        2014062515  1261494      -1.24     150.65  1
        2014062518  1252250      -1.22     150.85  1
        2014062521  1147475      -1.16     151.11  1
        2014062600  1064226      -1.26     151.67  1
        2014062603  1041922      -1.41     152.71  1
        2014062606  1041116      -1.67     153.86  1
        2014062609  1083545      -1.75     154.98  1
        2014062612  1172998      -1.76     155.60  1
        2014062615  1333362      -1.74     156.19  1
        2014062618  1420501      -1.81     156.57  1
        2014062621  1568484      -1.94     156.94  1
        2014062700  1714183      -2.08     157.88  1
        2014062703  1956100      -2.26     158.87  1
        2014062706  2069966      -2.43     159.56  1
        2014062709  2250828      -2.47     160.10  1
        2014062712  2502330      -2.54     160.55  1
        2014062715  2901612      -2.45     160.62  1
        2014062718  2977522      -2.45     160.91  1
        2014062721  3111934      -2.39     161.11  1
        2014062800  3158724      -2.36     161.27  1
        2014062803  3296208      -2.35     161.40  1
        2014062806  3357532      -2.35     161.69  1
        2014062809  4126957      -0.85     164.27  1
        2014062812  4421358      -0.56     164.79  1
        2014062815  5016903       0.15     165.46  1
        2014062818  5002214       0.08     165.49  1
        2014062821  5120705       0.39     165.66  1
        2014062900  5167658       0.34     165.62  1
        2014062903  5218111       0.41     165.59  1
        2014062906  5230210       0.40     165.62  1
        2014062909  5235468       0.37     165.68  1
        2014062912  5301424       0.32     165.72  1
        2014062915  5423616       0.32     165.63  1
        2014062918  5308469       0.18     165.42  1
        2014062921  5254067       0.12     165.08  1
        2014063000  5252268       0.27     164.73  1
        2014063003  5334819       0.31     163.99  1
        2014063006  5212392       0.37     163.40  1
        2014063009  5359792       0.43     162.60  1
        2014063012  8164335       2.36     152.96  1
        2014063015  8790509       2.53     152.01  1
        2014063018  8906082       2.62     150.97  1
        2014063021  8987550       2.65     150.56  1
        2014070100  9106215       2.59     150.18  1
        2014070103  9208774       2.55     149.81  1
        2014070106  9154643       2.59     149.32  1
        2014070109  9107566       2.56     149.19  1
        2014070112  9122029       2.64     148.91  1
        2014070115  9307064       2.69     148.88  1
        2014070118  9255259       2.84     148.50  1
        2014070121  9203935       2.95     148.51  1
        2014070200  9134154       3.04     148.38  1
        2014070203  9071028       3.14     148.14  1
        2014070206  8908156       3.21     147.87  1
        2014070209  8671527       3.20     147.90  1
        2014070212  8559294       3.19     147.88  1
        2014070215  8527426       3.25     147.79  1
        2014070218  8333165       3.27     147.76  1
        2014070221  8159735       3.24     147.98  1
        2014070300  8121873       3.31     147.78  1
        2014070303  8127139       3.39     147.52  1
        2014070306  8103953       3.62     147.05  1
        2014070309  7959839       3.70     147.06  1
        2014070312  7852176       3.93     146.66  1
        2014070315  7794764       4.18     146.18  1
        2014070318  7516244       4.56     145.61  1
        2014070321  7173901       4.88     145.30  1
        2014070400  6952185       5.22     144.83  1
        2014070403  6778198       5.72     143.94  1
        2014070406  6470549       6.03     143.58  1
        2014070409  6354137       6.20     143.37  1
        2014070412  6313834       6.38     143.05  1
        2014070415  6361043       6.51     142.54  1
        2014070418  6217232       6.84     141.65  1
        2014070421  6017760       7.05     141.25  1
        2014070500  5983970       7.17     140.86  1
        2014070503  5832285       7.42     140.44  1
        2014070506  5631641       7.76     140.00  1
        2014070509  5493657       8.00     139.70  1
        2014070512  5485695       8.15     139.41  1
        2014070515  5554914       8.36     138.96  1
        2014070518  5526269       8.64     138.57  1
        2014070521  5436516       8.68     138.63  1
        2014070600  5431755       8.85     138.45  1
        2014070603  5410082       9.08     138.15  1
        2014070606  5241024       9.34     137.87  1
        2014070609  5123017       9.47     137.66  1
        2014070612  5156024       9.50     137.40  1
        2014070615  5189486       9.33     137.24  1
        2014070618  5232972       9.37     136.80  1
        2014070621  5136248       9.34     136.59  1
        2014070700  5215330       9.28     136.43  1
        2014070703  5248832       9.35     136.10  1
        2014070706  5227665       9.52     135.77  1
        2014070709  5310177       9.53     135.62  1
        2014070712  5410641       9.63     135.26  1
        2014070715  5415434       9.72     134.92  1
        2014070718  5364635      10.00     134.32  1
        2014070721  5310751      10.05     133.92  1
        2014070800  5452268      10.27     133.21  1
        2014070803  5522302      10.56     132.32  1
        2014070806  5689274      10.97     131.45  1
        2014070809  5805901      11.14     130.92  1
        2014070812  5856957      11.29     130.67  1
        2014070815  5819889      11.44     130.28  1
        2014070818  5742704      11.97     129.68  1
        2014070821  5400243      12.41     129.00  1
        2014070900  5474341      12.50     128.45  1
        2014070903  7397687      12.40     110.87  1
        2014070906  7638919      12.38     109.68  1
        2014070909  7659560      12.34     108.73  1
        2014070912  7421670      12.27     108.24  1
        2014070915  7050331      12.01     107.47  1
        2014070918  6903403      12.26     107.31  1
        2014070921  5745201      10.73     103.28  1
        2014071000  5397161      11.30     103.10  1
        2014071003  5382606      11.43     102.53  1
        2014071006  5624714      11.51     101.85  1
        2014071009  5721164      11.65     101.02  1
        2014071012  5507221      11.76     100.52  1
        2014071015  5393363      11.83      99.74  1
        2014071018  5260398      12.12      98.57  1
        2014071021  4850917      12.73      96.60  1
        2014071100  3548116      14.28      90.85  1
        2014071103  3587184      14.47      89.86  1
        2014071106  3547180      14.65      89.31  1
        2014071109  3600468      14.92      88.46  1
        2014071112  3449163      15.13      87.89  1
        2014071115  3325761      15.23      87.39  1
        2014071118  3205377      15.38      86.85  1
        2014071121  3144406      15.49      86.56  1
        2014071200  2983455      15.58      86.11  1
        2014071203  2913594      15.69      85.64  1
        2014071206  2858364      15.87      85.08  1
        2014071209  2777787      16.18      84.46  1
        2014071212  2607365      16.42      84.16  1
        2014071215  2498672      16.60      83.98  1
        2014071218  2432490      16.75      84.21  1
        2014071221  2462346      16.89      84.55  1
        2014071300  2335933      16.92      84.79  1
        2014071303  2250345      16.93      84.66  1
        2014071306  2252708      16.93      84.82  1
        2014071309  2346070      16.97      85.32  1
        2014071312  2218441      17.03      86.05  1
        2014071315  2363004      16.73      88.15  1
        2014071318  6653351       5.30      96.25  1
        2014071321  6909608       5.60      96.95  1
        2014071400  6687891       5.16      97.90  2
        2014071403  6917684       5.61      98.21  2
        2014071406  6902101       5.79      98.99  2
        2014071409  6952196       6.22      99.08  2
        2014071412  7217840       7.07      98.69  1
        2014071415  7174905       7.49      98.86  1
        2014071418  7279465       8.41      98.38  1
        2014071421  7337211       9.32      97.85  1
        2014071500  5386133      14.72      96.19  1
        2014071503  5366229      15.18      95.14  1
        2014071506  5375337      15.72      94.09  1
        2014071509  5437772      16.11      93.22  1
        2014071512  5282102      16.34      92.93  1
        2014071515  5324706      16.55      92.53  1
        2014071518  5418210      16.75      91.94  1
        2014071521  5328704      16.85      91.63  1
        2014071600  5157397      16.86      91.54  1
        2014071603  4898623      17.23      90.70  1
        2014071606  4613321      17.68      89.91  1
        2014071609  4456869      18.18      89.14  1
        2014071612  4076519      18.35      88.88  1
        2014071615  2463904      17.51      95.19  1
        2014071618  2194234      17.61      94.77  1
        2014071621  1857069      17.59      94.31  1
        2014071700  1636125      17.59      94.14  1
        2014071703  1461084      17.62      93.87  1
        2014071706  1238939      17.57      93.69  1
        2014071709  1130149      17.69      93.78  1
        2014071712  1094401      17.78      94.14  1
        2014071715   972378      17.67      94.55  1
        2014071718   984626      17.58      94.78  1
        2014071721   869805      17.61      94.68  1
        2014071800   839204      17.56      94.74  1
        2014071803   851606      17.59      94.56  1
        2014071806 11861378       8.38     133.88  1
        2014071809 12492680       8.65     133.34  1
        2014071812 13007085       8.71     133.37  1
        2014071815 13462848       8.76     133.46  1
        2014071818 13815623       8.88     133.26  1
        2014071821 13959263       8.91     133.25  1
        2014071900 14233408       8.99     133.10  1
        2014071903 14416101       9.02     133.07  1
        2014071906 14732617       9.20     132.50  1
        2014071909 14901127       9.42     131.88  1
        2014071912 14935920       9.50     131.70  1
        2014071915 14972218       9.55     131.52  1
        2014071918 14834725       9.63     131.12  1
        2014071921 14697805       9.75     130.68  1
        2014072000 14597946       9.67     130.78  2
        2014072003 14502718       9.74     130.39  2
        2014072006 14454964       9.88     129.67  2
        2014072009 14442812      10.02     129.18  2
        2014072012 14494942       9.99     129.29  2
        2014072015 14508982       9.99     129.13  2
        2014072018 14595938      10.08     128.82  2
        2014072021 14491605      10.24     128.22  2
        2014072100 14477813      10.22     128.21  2
        2014072103 14144625      10.36     127.95  2
        2014072106 13864875      10.63     127.07  2
        2014072109 13397332      10.64     127.11  2
        2014072112  9557758       9.90     128.29  2
        2014072115  9389941       9.78     128.55  2
        2014072118 12658087      10.96     125.47  2
        2014072121 12327385      11.04     124.88  2
        2014072200 12247129      11.11     124.55  2
        2014072203 11755578      11.28     123.78  2
        2014072206 11933218      11.60     122.80  2
        2014072209 11657644      11.69     122.22  2
        2014072212 11707870      11.85     121.42  1
        2014072215 11868145      11.63     121.87  1
        2014072218 11939837      11.72     121.56  1
        2014072221 12017547      11.74     121.11  1
        2014072300 12068686      11.74     121.01  1
        2014072303  7483501      17.25     105.26  1
        2014072306  7450774      17.30     104.69  1
        2014072309  7323342      17.29     104.27  1
        2014072312  7078462      17.25     104.11  1
        2014072315  6892818      17.29     103.73  1
        2014072318  6712182      17.25     103.82  1
        2014072321  6518774      17.23     103.40  1
        2014072400  4952878      16.19     109.71  1
        2014072403  4830875      16.10     109.44  1
        2014072406  4678531      16.09     109.08  1
        2014072409  4315379      16.32     108.70  1
        2014072412  2062837      14.65      98.87  1
        2014072415  1890356      14.79      97.92  1
        2014072418  1753725      14.94      97.01  1
        2014072421  1765772      15.02      96.26  1
        2014072500  1658103      15.00      95.72  1
        2014072503  1545536      15.03      95.09  1
        2014072506  1491100      14.83      94.63  1
        2014072509  1403589      14.76      94.16  1
        2014072512  1399926      14.52      94.06  1
        2014072515  1387341      14.38      93.90  1
        2014072518  1571912      14.14      93.77  1
        2014072521  1583864      14.02      93.65  1
        2014072600  1582671      13.87      93.50  1
        2014072603  1618103      13.72      93.41  1
        2014072606  1649863      13.56      93.35  1
        2014072609  1736136      13.54      93.40  1
        2014072612  1823011      13.54      93.51  1
        2014072615  1846286      13.44      93.54  1
        2014072618  2019065      13.47      93.65  1
        2014072621  2116620      13.54      93.56  1
        2014072700  2103462      13.51      93.48  1
        2014072703  2113512      13.57      93.36  1
        2014072706  2150466      13.71      93.40  1
        2014072709  2203490      13.97      93.47  1
        2014072712  2189537      14.04      93.70  1
        2014072715  2218788      14.19      93.77  1
        2014072718  2250155      14.36      94.03  1
        2014072721  2310220      14.63      94.24  1
        2014072800  2230585      14.87      94.34  1
        2014072803  2302739      15.04      94.67  1
        2014072806  2422510      15.34      95.30  1
        2014072809  2557280      15.71      95.77  1
        2014072812  2407460      15.72      95.74  1
        2014072815  2357083      15.86      95.79  1
        2014072818  2248217      15.93      95.68  1
        2014072821  1952967      16.32      95.17  1
        2014072900  1735594      16.45      94.03  1
        2014072903  1508747      16.58      92.99  1
        2014072906  1406109      16.85      92.00  1
        2014072909  1463113      17.39      90.74  1
        2014072912   921743      18.03      86.43  1
        2014072915   753985      18.59      84.47  1
        2014072918   729375      19.20      83.02  1
        2014072921   761858      19.58      82.22  1
        2014073000   613865      19.86      81.10  1
        2014073003   701973      19.97      80.77  1
        2014073006   628415      20.22      80.01  1
        2014073009   646817      20.50      79.15  1
        2014073012   410648      20.90      77.16  1
        2014073015   415270      20.79      76.78  1
        2014073018   528499      20.62      76.79  1
        2014073021   610791      20.46      76.75  1
        2014073100   523463      20.40      76.38  1
        2014073103   525862      20.33      76.02  1
        2014073106   484133      20.24      75.68  1
        2014073109   474978      20.15      75.29  1
        2014073112   410460      19.87      74.77  1
        2014073115   426315      19.64      74.58  1
        2014073118   503232      19.46      74.47  1
        2014073121   563541      19.28      74.38  1
        2014080100   563426      19.09      74.17  1
        2014080103   566389      18.86      74.07  1
        2014080106   554858      18.59      73.95  1
        2014080109   568270      18.29      73.83  1
        2014080112   581920      18.15      73.74  1
        2014080115   587999      18.08      73.60  1
        2014080118   608451      18.10      73.50  1
        2014080121   628842      17.94      73.42  1
        2014080200   613362      17.74      73.39  1
        2014080203   526404      17.57      73.37  1
        2014080206   402316      17.44      73.34  1
LPT     5.0300
        2014062418   324147      -2.52     150.14  1
        2014062421   429881      -2.36     150.28  1
        2014062500   613589      -2.00     150.35  1
        2014062503   838148      -1.64     150.28  1
        2014062506  1078050      -1.34     150.17  1
        2014062509  1162828      -1.32     150.33  1
        2014062512  1202931      -1.25     150.43  1
        2014062515  1261494      -1.24     150.65  1
        2014062518  1252250      -1.22     150.85  1
        2014062521  1147475      -1.16     151.11  1
        2014062600  1064226      -1.26     151.67  1
        2014062603  1041922      -1.41     152.71  1
        2014062606  1041116      -1.67     153.86  1
        2014062609  1083545      -1.75     154.98  1
        2014062612  1172998      -1.76     155.60  1
        2014062615  1333362      -1.74     156.19  1
        2014062618  1420501      -1.81     156.57  1
        2014062621  1568484      -1.94     156.94  1
        2014062700  1714183      -2.08     157.88  1
        2014062703  1956100      -2.26     158.87  1
        2014062706  2069966      -2.43     159.56  1
        2014062709  2250828      -2.47     160.10  1
        2014062712  2502330      -2.54     160.55  1
        2014062715  2901612      -2.45     160.62  1
        2014062718  2977522      -2.45     160.91  1
        2014062721  3111934      -2.39     161.11  1
        2014062800  3158724      -2.36     161.27  1
        2014062803  3296208      -2.35     161.40  1
        2014062806  3357532      -2.35     161.69  1
        2014062809  4126957      -0.85     164.27  1
        2014062812  4421358      -0.56     164.79  1
        2014062815  5016903       0.15     165.46  1
        2014062818  5002214       0.08     165.49  1
        2014062821  5120705       0.39     165.66  1
        2014062900  5167658       0.34     165.62  1
        2014062903  5218111       0.41     165.59  1
        2014062906  5230210       0.40     165.62  1
        2014062909  5235468       0.37     165.68  1
        2014062912  5301424       0.32     165.72  1
        2014062915  5423616       0.32     165.63  1
        2014062918  5308469       0.18     165.42  1
        2014062921  5254067       0.12     165.08  1
        2014063000  5252268       0.27     164.73  1
        2014063003  5334819       0.31     163.99  1
        2014063006  5212392       0.37     163.40  1
        2014063009  5359792       0.43     162.60  1
        2014063012  8164335       2.36     152.96  1
        2014063015  8790509       2.53     152.01  1
        2014063018  8906082       2.62     150.97  1
        2014063021  8987550       2.65     150.56  1
        2014070100  9106215       2.59     150.18  1
        2014070103  9208774       2.55     149.81  1
        2014070106  9154643       2.59     149.32  1
        2014070109  9107566       2.56     149.19  1
        2014070112  9122029       2.64     148.91  1
        2014070115  9307064       2.69     148.88  1
        2014070118  9255259       2.84     148.50  1
        2014070121  9203935       2.95     148.51  1
        2014070200  9134154       3.04     148.38  1
        2014070203  9071028       3.14     148.14  1
        2014070206  8908156       3.21     147.87  1
        2014070209  8671527       3.20     147.90  1
        2014070212  8559294       3.19     147.88  1
        2014070215  8527426       3.25     147.79  1
        2014070218  8333165       3.27     147.76  1
        2014070221  8159735       3.24     147.98  1
        2014070300  8121873       3.31     147.78  1
        2014070303  8127139       3.39     147.52  1
        2014070306  8103953       3.62     147.05  1
        2014070309  7959839       3.70     147.06  1
        2014070312  7852176       3.93     146.66  1
        2014070315  7794764       4.18     146.18  1
        2014070318  7516244       4.56     145.61  1
        2014070321  7173901       4.88     145.30  1
        2014070400  6952185       5.22     144.83  1
        2014070403  6778198       5.72     143.94  1
        2014070406  6470549       6.03     143.58  1
        2014070409  6354137       6.20     143.37  1
        2014070412  6313834       6.38     143.05  1
        2014070415  6361043       6.51     142.54  1
        2014070418  6217232       6.84     141.65  1
        2014070421  6017760       7.05     141.25  1
        2014070500  5983970       7.17     140.86  1
        2014070503  5832285       7.42     140.44  1
        2014070506  5631641       7.76     140.00  1
        2014070509  5493657       8.00     139.70  1
        2014070512  5485695       8.15     139.41  1
        2014070515  5554914       8.36     138.96  1
        2014070518  5526269       8.64     138.57  1
        2014070521  5436516       8.68     138.63  1
        2014070600  5431755       8.85     138.45  1
        2014070603  5410082       9.08     138.15  1
        2014070606  5241024       9.34     137.87  1
        2014070609  5123017       9.47     137.66  1
        2014070612  5156024       9.50     137.40  1
        2014070615  5189486       9.33     137.24  1
        2014070618  5232972       9.37     136.80  1
        2014070621  5136248       9.34     136.59  1
        2014070700  5215330       9.28     136.43  1
        2014070703  5248832       9.35     136.10  1
        2014070706  5227665       9.52     135.77  1
        2014070709  5310177       9.53     135.62  1
        2014070712  5410641       9.63     135.26  1
        2014070715  5415434       9.72     134.92  1
        2014070718  5364635      10.00     134.32  1
        2014070721  5310751      10.05     133.92  1
        2014070800  5452268      10.27     133.21  1
        2014070803  5522302      10.56     132.32  1
        2014070806  5689274      10.97     131.45  1
        2014070809  5805901      11.14     130.92  1
        2014070812  5856957      11.29     130.67  1
        2014070815  5819889      11.44     130.28  1
        2014070818  5742704      11.97     129.68  1
        2014070821  5400243      12.41     129.00  1
        2014070900  5474341      12.50     128.45  1
        2014070903  1530515       3.51     138.85  1
        2014070906  1415314       3.43     138.93  1
        2014070909  1406922       3.46     139.09  1
        2014070912  1428395       3.60     139.42  1
        2014070915  1334384       3.77     139.86  1
        2014070918  3326429       5.30     153.78  1
        2014070921  3171411       5.44     154.67  1
        2014071000  3144311       5.31     153.79  1
        2014071003  2799890       5.12     153.06  1
        2014071006  2352078       4.73     151.72  1
        2014071009  2058343       4.60     151.82  1
        2014071012  2021199       4.57     151.76  1
        2014071015  1971037       4.52     151.59  1
        2014071018  1891098       4.43     151.64  1
        2014071021  1831790       4.42     151.76  1
        2014071100  1812195       4.51     151.99  1
        2014071103  1825336       4.71     152.34  1
        2014071106  1818860       5.06     152.75  1
        2014071109  1853110       5.37     153.31  1
        2014071112  1999130       5.73     153.81  1
        2014071115  2849547       6.06     158.39  1
        2014071118  2914013       5.96     158.85  1
        2014071121  3118551       5.93     159.76  1
        2014071200  3151441       5.82     159.93  1
        2014071203  3189461       5.79     161.05  1
        2014071206  2919493       5.82     162.35  1
        2014071209  2848333       5.83     164.11  1
        2014071212  3304300       5.94     168.79  1
        2014071215  3240022       6.22     172.39  1
        2014071218  3090934       5.99     174.08  1
        2014071221  3080039       5.83     174.98  1
        2014071300  3063460       5.74     175.53  1
        2014071303  3078263       5.67     175.72  1
        2014071306  3066008       5.66     175.78  1
        2014071309  3079106       5.65     175.94  1
        2014071312  3136699       5.66     176.26  1
        2014071315  3244824       5.68     176.47  1
        2014071318  3187271       5.70     176.86  1
        2014071321  3105962       5.71     177.32  1
        2014071400  2955459       5.73     177.99  1
        2014071403  2836952       5.79     178.97  1
        2014071406  2517103       5.90     180.25  1
        2014071409  2376703       6.04     181.37  1
        2014071412  2087943       6.25     182.76  1
        2014071415  1856513       6.36     183.28  1
        2014071418  1597664       6.46     183.66  1
        2014071421  1374157       6.56     183.54  1
        2014071500  1088460       6.73     183.49  1
        2014071503   875005       6.87     182.91  1
        2014071506   540504       7.06     182.82  1
        2014071509   342546       7.31     182.33  1
LPT     5.0400
        2014070300   312077      -7.03      87.64  1
        2014070303   469382      -6.85      87.67  1
        2014070306   632066      -6.73      87.73  1
        2014070309   872586      -6.39      87.79  1
        2014070312  1005612      -6.20      87.73  1
        2014070315  1200869      -6.00      87.57  1
        2014070318  1407664      -5.82      87.40  1
        2014070321  1666721      -5.64      87.01  1
        2014070400  1807584      -5.47      87.02  1
        2014070403  1910000      -5.31      87.05  1
        2014070406  2040337      -5.05      87.11  1
        2014070409  2197730      -4.72      87.15  1
        2014070412  2315814      -4.48      87.14  1
        2014070415  2472396      -4.17      87.25  1
        2014070418  2726461      -3.87      87.33  1
        2014070421  2961140      -3.58      87.41  1
        2014070500  2981340      -3.39      87.66  1
        2014070503  3042966      -3.23      87.85  1
        2014070506  3121718      -3.04      88.05  1
        2014070509  3154577      -2.70      88.30  1
        2014070512  3092199      -2.42      88.44  1
        2014070515  3110360      -2.14      88.55  1
        2014070518  3176275      -1.74      88.75  1
        2014070521  3306672      -1.23      89.01  1
        2014070600  3270928      -0.82      89.29  1
        2014070603  3296411      -0.41      89.47  1
        2014070606  3238180      -0.23      89.59  1
        2014070609  3292552       0.16      89.76  1
        2014070612  3155609       0.65      89.97  1
        2014070615  3146278       0.91      90.16  1
        2014070618  3044635       1.31      90.53  1
        2014070621  2946360       1.66      91.01  1
        2014070700  2710536       1.97      91.56  1
        2014070703  2603931       1.88      91.62  1
        2014070706  2525770       1.74      91.67  1
        2014070709  2468848       1.69      91.76  1
        2014070712  2298891       1.63      91.87  1
        2014070715  2307861       1.71      92.08  1
        2014070718  2249423       1.74      92.36  1
        2014070721  2202111       1.92      92.75  1
        2014070800  2076357       2.17      93.22  1
        2014070803  2121265       2.37      93.50  1
        2014070806  2206970       2.82      93.82  1
        2014070809  2315832       3.64      94.24  1
        2014070812  2405101       4.48      94.59  1
        2014070815  2656501       5.51      95.07  1
        2014070818  2942665       6.41      95.66  1
        2014070821  3160028       7.36      96.15  1
        2014070900  3234252       7.99      96.55  1
        2014070903  7397687      12.40     110.87  1
        2014070906  7638919      12.38     109.68  1
        2014070909  7659560      12.34     108.73  1
        2014070912  7421670      12.27     108.24  1
        2014070915  7050331      12.01     107.47  1
        2014070918  6903403      12.26     107.31  1
        2014070921  5745201      10.73     103.28  1
        2014071000  5397161      11.30     103.10  1
        2014071003  5382606      11.43     102.53  1
        2014071006  5624714      11.51     101.85  1
        2014071009  5721164      11.65     101.02  1
        2014071012  5507221      11.76     100.52  1
        2014071015  5393363      11.83      99.74  1
        2014071018  5260398      12.12      98.57  1
        2014071021  4850917      12.73      96.60  1
        2014071100  3548116      14.28      90.85  1
        2014071103  3587184      14.47      89.86  1
        2014071106  3547180      14.65      89.31  1
        2014071109  3600468      14.92      88.46  1
        2014071112  3449163      15.13      87.89  1
        2014071115  3325761      15.23      87.39  1
        2014071118  3205377      15.38      86.85  1
        2014071121  3144406      15.49      86.56  1
        2014071200  2983455      15.58      86.11  1
        2014071203  2913594      15.69      85.64  1
        2014071206  2858364      15.87      85.08  1
        2014071209  2777787      16.18      84.46  1
        2014071212  2607365      16.42      84.16  1
        2014071215  2498672      16.60      83.98  1
        2014071218  2432490      16.75      84.21  1
        2014071221  2462346      16.89      84.55  1
        2014071300  2335933      16.92      84.79  1
        2014071303  2250345      16.93      84.66  1
        2014071306  2252708      16.93      84.82  1
        2014071309  2346070      16.97      85.32  1
        2014071312  2218441      17.03      86.05  1
        2014071315  2363004      16.73      88.15  1
        2014071318  6653351       5.30      96.25  1
        2014071321  6909608       5.60      96.95  1
        2014071400  6687891       5.16      97.90  2
        2014071403  6917684       5.61      98.21  2
        2014071406  6902101       5.79      98.99  2
        2014071409  6952196       6.22      99.08  2
        2014071412  7217840       7.07      98.69  1
        2014071415  7174905       7.49      98.86  1
        2014071418  7279465       8.41      98.38  1
        2014071421  7337211       9.32      97.85  1
        2014071500  5386133      14.72      96.19  1
        2014071503  5366229      15.18      95.14  1
        2014071506  5375337      15.72      94.09  1
        2014071509  5437772      16.11      93.22  1
        2014071512  5282102      16.34      92.93  1
        2014071515  5324706      16.55      92.53  1
        2014071518  5418210      16.75      91.94  1
        2014071521  5328704      16.85      91.63  1
        2014071600  5157397      16.86      91.54  1
        2014071603  4898623      17.23      90.70  1
        2014071606  4613321      17.68      89.91  1
        2014071609  4456869      18.18      89.14  1
        2014071612  4076519      18.35      88.88  1
        2014071615  2463904      17.51      95.19  1
        2014071618  2194234      17.61      94.77  1
        2014071621  1857069      17.59      94.31  1
        2014071700  1636125      17.59      94.14  1
        2014071703  1461084      17.62      93.87  1
        2014071706  1238939      17.57      93.69  1
        2014071709  1130149      17.69      93.78  1
        2014071712  1094401      17.78      94.14  1
        2014071715   972378      17.67      94.55  1
        2014071718   984626      17.58      94.78  1
        2014071721   869805      17.61      94.68  1
        2014071800   839204      17.56      94.74  1
        2014071803   851606      17.59      94.56  1
        2014071806 11861378       8.38     133.88  1
        2014071809 12492680       8.65     133.34  1
        2014071812 13007085       8.71     133.37  1
        2014071815 13462848       8.76     133.46  1
        2014071818 13815623       8.88     133.26  1
        2014071821 13959263       8.91     133.25  1
        2014071900 14233408       8.99     133.10  1
        2014071903 14416101       9.02     133.07  1
        2014071906 14732617       9.20     132.50  1
        2014071909 14901127       9.42     131.88  1
        2014071912 14935920       9.50     131.70  1
        2014071915 14972218       9.55     131.52  1
        2014071918 14834725       9.63     131.12  1
        2014071921 14697805       9.75     130.68  1
        2014072000 14597946       9.67     130.78  2
        2014072003 14502718       9.74     130.39  2
        2014072006 14454964       9.88     129.67  2
        2014072009 14442812      10.02     129.18  2
        2014072012 14494942       9.99     129.29  2
        2014072015 14508982       9.99     129.13  2
        2014072018 14595938      10.08     128.82  2
        2014072021 14491605      10.24     128.22  2
        2014072100 14477813      10.22     128.21  2
        2014072103 14144625      10.36     127.95  2
        2014072106 13864875      10.63     127.07  2
        2014072109 13397332      10.64     127.11  2
        2014072112  9557758       9.90     128.29  2
        2014072115  9389941       9.78     128.55  2
        2014072118 12658087      10.96     125.47  2
        2014072121 12327385      11.04     124.88  2
        2014072200 12247129      11.11     124.55  2
        2014072203 11755578      11.28     123.78  2
        2014072206 11933218      11.60     122.80  2
        2014072209 11657644      11.69     122.22  2
        2014072212 11707870      11.85     121.42  1
        2014072215 11868145      11.63     121.87  1
        2014072218 11939837      11.72     121.56  1
        2014072221 12017547      11.74     121.11  1
        2014072300 12068686      11.74     121.01  1
        2014072303  4512987       2.05     148.03  1
        2014072306  4589572       2.09     147.97  1
        2014072309  4753106       2.07     148.27  1
        2014072312  4932644       2.01     148.60  1
        2014072315  5133007       1.91     149.03  1
        2014072318  5244315       2.00     149.20  1
        2014072321  5274403       1.98     149.54  1
        2014072400  5420068       1.95     149.89  1
        2014072403  5550424       1.94     150.19  1
        2014072406  5675441       2.05     150.18  1
        2014072409  5792917       2.08     150.34  1
        2014072412  5925317       2.20     150.36  1
        2014072415  6105027       2.26     150.63  1
        2014072418  6196070       2.37     150.75  1
        2014072421  6215888       2.38     151.18  1
        2014072500  6431702       2.57     151.50  1
        2014072503  6761667       2.82     151.90  1
        2014072506  7066468       3.09     151.92  1
        2014072509  7261608       3.29     152.30  1
        2014072512  7729782       3.58     152.41  1
        2014072515  8191801       3.77     152.64  1
        2014072518  8446537       3.98     152.57  1
        2014072521  8640499       4.16     152.68  1
        2014072600  9012277       4.33     152.73  1
        2014072603  9335755       4.55     152.78  1
        2014072606  9606965       4.73     152.81  1
        2014072609  9783705       4.90     152.89  1
        2014072612 10074374       5.08     153.10  1
        2014072615 10378521       5.16     153.42  1
        2014072618 10524621       5.40     153.28  1
        2014072621 10560711       5.49     153.49  1
        2014072700 10642676       5.52     153.56  1
        2014072703 10767121       5.67     153.55  1
        2014072706 10785964       5.86     153.30  1
        2014072709 10764615       5.92     153.31  1
        2014072712 10693379       6.02     152.81  1
        2014072715 10019131       6.07     151.12  1
        2014072718  9649531       6.43     149.75  1
        2014072721  9405461       6.70     149.07  1
        2014072800  9216167       7.04     147.99  1
        2014072803  8903692       7.54     146.78  1
        2014072806  8390865       8.09     145.40  1
        2014072809  8108860       8.52     144.62  1
        2014072812  7798529       9.06     143.55  1
        2014072815  7264743      10.31     141.50  1
        2014072818  7034483      11.01     140.22  1
        2014072821  6554566      11.78     139.31  1
        2014072900  6252510      12.47     138.15  1
        2014072903  6206755      12.74     137.39  1
        2014072906  6145976      12.96     136.49  1
        2014072909  6105381      13.11     136.21  1
        2014072912  6081817      13.23     136.06  1
        2014072915  6043432      13.38     135.78  1
        2014072918  5994573      13.56     135.11  1
        2014072921  5825933      13.69     135.03  1
        2014073000  5797290      13.81     134.73  1
        2014073003  5762424      13.94     134.42  1
        2014073006  5760817      14.11     133.99  1
        2014073009  5654746      14.27     133.91  1
        2014073012  5604214      14.40     133.79  1
        2014073015  5504716      14.54     133.68  1
        2014073018  5393227      14.75     133.67  1
        2014073021  5158728      15.01     134.05  1
        2014073100  4861513      15.30     134.37  1
        2014073103  4549502      15.62     134.88  1
        2014073106  4098080      16.11     135.90  1
        2014073109  3939977      16.31     136.00  1
        2014073112  3778713      16.50     135.93  1
        2014073115  3684573      16.79     135.69  1
        2014073118  3401420      17.19     135.26  1
        2014073121  3111338      17.54     134.74  1
        2014080100  3046286      17.92     134.41  1
        2014080103  2984998      18.37     134.05  1
        2014080106  2872082      18.74     133.90  1
        2014080109  2795438      18.92     134.01  1
        2014080112  2815125      19.16     133.86  1
        2014080115  2799417      19.46     133.63  1
        2014080118  2722734      19.81     133.32  1
        2014080121  2734415      20.12     133.27  1
        2014080200  2868965      20.56     133.12  1
        2014080203  3014916      20.93     132.99  1
        2014080206  3145937      20.88     133.00  1
        2014080209  3125822      20.87     133.13  1
        2014080212  3175290      20.46     133.29  1
        2014080215  3176197      20.09     133.52  1
        2014080218  3246720      19.90     133.62  1
        2014080221  1080311      29.76     128.99  1
        2014080300  1026516      30.19     129.02  1
        2014080303   999223      30.52     129.16  1
        2014080306   938174      30.79     129.26  1
        2014080309   849011      31.13     129.41  1
        2014080312   764734      31.36     129.52  1
        2014080315   692665      31.57     129.63  1
        2014080318   611144      31.98     129.75  1
        2014080321   547919      32.37     129.93  1
        2014080400   532406      32.57     130.08  1
        2014080403   454654      32.89     130.31  1
        2014080406   368319      33.23     130.50  1
        2014080409   274607      33.45     130.65  1
LPT     5.0500
        2014070300   312077      -7.03      87.64  1
        2014070303   469382      -6.85      87.67  1
        2014070306   632066      -6.73      87.73  1
        2014070309   872586      -6.39      87.79  1
        2014070312  1005612      -6.20      87.73  1
        2014070315  1200869      -6.00      87.57  1
        2014070318  1407664      -5.82      87.40  1
        2014070321  1666721      -5.64      87.01  1
        2014070400  1807584      -5.47      87.02  1
        2014070403  1910000      -5.31      87.05  1
        2014070406  2040337      -5.05      87.11  1
        2014070409  2197730      -4.72      87.15  1
        2014070412  2315814      -4.48      87.14  1
        2014070415  2472396      -4.17      87.25  1
        2014070418  2726461      -3.87      87.33  1
        2014070421  2961140      -3.58      87.41  1
        2014070500  2981340      -3.39      87.66  1
        2014070503  3042966      -3.23      87.85  1
        2014070506  3121718      -3.04      88.05  1
        2014070509  3154577      -2.70      88.30  1
        2014070512  3092199      -2.42      88.44  1
        2014070515  3110360      -2.14      88.55  1
        2014070518  3176275      -1.74      88.75  1
        2014070521  3306672      -1.23      89.01  1
        2014070600  3270928      -0.82      89.29  1
        2014070603  3296411      -0.41      89.47  1
        2014070606  3238180      -0.23      89.59  1
        2014070609  3292552       0.16      89.76  1
        2014070612  3155609       0.65      89.97  1
        2014070615  3146278       0.91      90.16  1
        2014070618  3044635       1.31      90.53  1
        2014070621  2946360       1.66      91.01  1
        2014070700  2710536       1.97      91.56  1
        2014070703  2603931       1.88      91.62  1
        2014070706  2525770       1.74      91.67  1
        2014070709  2468848       1.69      91.76  1
        2014070712  2298891       1.63      91.87  1
        2014070715  2307861       1.71      92.08  1
        2014070718  2249423       1.74      92.36  1
        2014070721  2202111       1.92      92.75  1
        2014070800  2076357       2.17      93.22  1
        2014070803  2121265       2.37      93.50  1
        2014070806  2206970       2.82      93.82  1
        2014070809  2315832       3.64      94.24  1
        2014070812  2405101       4.48      94.59  1
        2014070815  2656501       5.51      95.07  1
        2014070818  2942665       6.41      95.66  1
        2014070821  3160028       7.36      96.15  1
        2014070900  3234252       7.99      96.55  1
        2014070903  7397687      12.40     110.87  1
        2014070906  7638919      12.38     109.68  1
        2014070909  7659560      12.34     108.73  1
        2014070912  7421670      12.27     108.24  1
        2014070915  7050331      12.01     107.47  1
        2014070918  6903403      12.26     107.31  1
        2014070921  5745201      10.73     103.28  1
        2014071000  5397161      11.30     103.10  1
        2014071003  5382606      11.43     102.53  1
        2014071006  5624714      11.51     101.85  1
        2014071009  5721164      11.65     101.02  1
        2014071012  5507221      11.76     100.52  1
        2014071015  5393363      11.83      99.74  1
        2014071018  5260398      12.12      98.57  1
        2014071021  4850917      12.73      96.60  1
        2014071100  3548116      14.28      90.85  1
        2014071103  3587184      14.47      89.86  1
        2014071106  3547180      14.65      89.31  1
        2014071109  3600468      14.92      88.46  1
        2014071112  3449163      15.13      87.89  1
        2014071115  3325761      15.23      87.39  1
        2014071118  3205377      15.38      86.85  1
        2014071121  3144406      15.49      86.56  1
        2014071200  2983455      15.58      86.11  1
        2014071203  2913594      15.69      85.64  1
        2014071206  2858364      15.87      85.08  1
        2014071209  2777787      16.18      84.46  1
        2014071212  2607365      16.42      84.16  1
        2014071215  2498672      16.60      83.98  1
        2014071218  2432490      16.75      84.21  1
        2014071221  2462346      16.89      84.55  1
        2014071300  2335933      16.92      84.79  1
        2014071303  2250345      16.93      84.66  1
        2014071306  2252708      16.93      84.82  1
        2014071309  2346070      16.97      85.32  1
        2014071312  2218441      17.03      86.05  1
        2014071315  2363004      16.73      88.15  1
        2014071318  6653351       5.30      96.25  1
        2014071321  6909608       5.60      96.95  1
        2014071400  6687891       5.16      97.90  2
        2014071403  6917684       5.61      98.21  2
        2014071406  6902101       5.79      98.99  2
        2014071409  6952196       6.22      99.08  2
        2014071412  7217840       7.07      98.69  1
        2014071415  7174905       7.49      98.86  1
        2014071418  7279465       8.41      98.38  1
        2014071421  7337211       9.32      97.85  1
        2014071500  5386133      14.72      96.19  1
        2014071503  5366229      15.18      95.14  1
        2014071506  5375337      15.72      94.09  1
        2014071509  5437772      16.11      93.22  1
        2014071512  5282102      16.34      92.93  1
        2014071515  5324706      16.55      92.53  1
        2014071518  5418210      16.75      91.94  1
        2014071521  5328704      16.85      91.63  1
        2014071600  5157397      16.86      91.54  1
        2014071603  4898623      17.23      90.70  1
        2014071606  4613321      17.68      89.91  1
        2014071609  4456869      18.18      89.14  1
        2014071612  4076519      18.35      88.88  1
        2014071615  2463904      17.51      95.19  1
        2014071618  2194234      17.61      94.77  1
        2014071621  1857069      17.59      94.31  1
        2014071700  1636125      17.59      94.14  1
        2014071703  1461084      17.62      93.87  1
        2014071706  1238939      17.57      93.69  1
        2014071709  1130149      17.69      93.78  1
        2014071712  1094401      17.78      94.14  1
        2014071715   972378      17.67      94.55  1
        2014071718   984626      17.58      94.78  1
        2014071721   869805      17.61      94.68  1
        2014071800   839204      17.56      94.74  1
        2014071803   851606      17.59      94.56  1
        2014071806 11861378       8.38     133.88  1
        2014071809 12492680       8.65     133.34  1
        2014071812 13007085       8.71     133.37  1
        2014071815 13462848       8.76     133.46  1
        2014071818 13815623       8.88     133.26  1
        2014071821 13959263       8.91     133.25  1
        2014071900 14233408       8.99     133.10  1
        2014071903 14416101       9.02     133.07  1
        2014071906 14732617       9.20     132.50  1
        2014071909 14901127       9.42     131.88  1
        2014071912 14935920       9.50     131.70  1
        2014071915 14972218       9.55     131.52  1
        2014071918 14834725       9.63     131.12  1
        2014071921 14697805       9.75     130.68  1
        2014072000 14597946       9.67     130.78  2
        2014072003 14502718       9.74     130.39  2
        2014072006 14454964       9.88     129.67  2
        2014072009 14442812      10.02     129.18  2
        2014072012 14494942       9.99     129.29  2
        2014072015 14508982       9.99     129.13  2
        2014072018 14595938      10.08     128.82  2
        2014072021 14491605      10.24     128.22  2
        2014072100 14477813      10.22     128.21  2
        2014072103 14144625      10.36     127.95  2
        2014072106 13864875      10.63     127.07  2
        2014072109 13397332      10.64     127.11  2
        2014072112  9557758       9.90     128.29  2
        2014072115  9389941       9.78     128.55  2
        2014072118 12658087      10.96     125.47  2
        2014072121 12327385      11.04     124.88  2
        2014072200 12247129      11.11     124.55  2
        2014072203 11755578      11.28     123.78  2
        2014072206 11933218      11.60     122.80  2
        2014072209 11657644      11.69     122.22  2
        2014072212 11707870      11.85     121.42  1
        2014072215 11868145      11.63     121.87  1
        2014072218 11939837      11.72     121.56  1
        2014072221 12017547      11.74     121.11  1
        2014072300 12068686      11.74     121.01  1
        2014072303  7483501      17.25     105.26  1
        2014072306  7450774      17.30     104.69  1
        2014072309  7323342      17.29     104.27  1
        2014072312  7078462      17.25     104.11  1
        2014072315  6892818      17.29     103.73  1
        2014072318  6712182      17.25     103.82  1
        2014072321  6518774      17.23     103.40  1
        2014072400  4952878      16.19     109.71  1
        2014072403  4830875      16.10     109.44  1
        2014072406  4678531      16.09     109.08  1
        2014072409  4315379      16.32     108.70  1
        2014072412  2062837      14.65      98.87  1
        2014072415  1890356      14.79      97.92  1
        2014072418  1753725      14.94      97.01  1
        2014072421  1765772      15.02      96.26  1
        2014072500  1658103      15.00      95.72  1
        2014072503  1545536      15.03      95.09  1
        2014072506  1491100      14.83      94.63  1
        2014072509  1403589      14.76      94.16  1
        2014072512  1399926      14.52      94.06  1
        2014072515  1387341      14.38      93.90  1
        2014072518  1571912      14.14      93.77  1
        2014072521  1583864      14.02      93.65  1
        2014072600  1582671      13.87      93.50  1
        2014072603  1618103      13.72      93.41  1
        2014072606  1649863      13.56      93.35  1
        2014072609  1736136      13.54      93.40  1
        2014072612  1823011      13.54      93.51  1
        2014072615  1846286      13.44      93.54  1
        2014072618  2019065      13.47      93.65  1
        2014072621  2116620      13.54      93.56  1
        2014072700  2103462      13.51      93.48  1
        2014072703  2113512      13.57      93.36  1
        2014072706  2150466      13.71      93.40  1
        2014072709  2203490      13.97      93.47  1
        2014072712  2189537      14.04      93.70  1
        2014072715  2218788      14.19      93.77  1
        2014072718  2250155      14.36      94.03  1
        2014072721  2310220      14.63      94.24  1
        2014072800  2230585      14.87      94.34  1
        2014072803  2302739      15.04      94.67  1
        2014072806  2422510      15.34      95.30  1
        2014072809  2557280      15.71      95.77  1
        2014072812  2407460      15.72      95.74  1
        2014072815  2357083      15.86      95.79  1
        2014072818  2248217      15.93      95.68  1
        2014072821  1952967      16.32      95.17  1
        2014072900  1735594      16.45      94.03  1
        2014072903  1508747      16.58      92.99  1
        2014072906  1406109      16.85      92.00  1
        2014072909  1463113      17.39      90.74  1
        2014072912   921743      18.03      86.43  1
        2014072915   753985      18.59      84.47  1
        2014072918   729375      19.20      83.02  1
        2014072921   761858      19.58      82.22  1
        2014073000   613865      19.86      81.10  1
        2014073003   701973      19.97      80.77  1
        2014073006   628415      20.22      80.01  1
        2014073009   646817      20.50      79.15  1
        2014073012   410648      20.90      77.16  1
        2014073015   415270      20.79      76.78  1
        2014073018   528499      20.62      76.79  1
        2014073021   610791      20.46      76.75  1
        2014073100   523463      20.40      76.38  1
        2014073103   525862      20.33      76.02  1
        2014073106   484133      20.24      75.68  1
        2014073109   474978      20.15      75.29  1
        2014073112   410460      19.87      74.77  1
        2014073115   426315      19.64      74.58  1
        2014073118   503232      19.46      74.47  1
        2014073121   563541      19.28      74.38  1
        2014080100   563426      19.09      74.17  1
        2014080103   566389      18.86      74.07  1
        2014080106   554858      18.59      73.95  1
        2014080109   568270      18.29      73.83  1
        2014080112   581920      18.15      73.74  1
        2014080115   587999      18.08      73.60  1
        2014080118   608451      18.10      73.50  1
        2014080121   628842      17.94      73.42  1
        2014080200   613362      17.74      73.39  1
        2014080203   526404      17.57      73.37  1
        2014080206   402316      17.44      73.34  1
LPT     5.0600
        2014071406   328674       6.23     141.01  1
        2014071409   447316       6.61     140.57  1
        2014071412   549051       6.84     140.16  1
        2014071415   600271       6.94     139.56  1
        2014071418   618406       7.13     139.04  1
        2014071421   590333       6.89     139.04  1
        2014071500   773397       6.35     139.01  1
        2014071503   745386       6.05     139.06  1
        2014071506   826852       5.87     138.85  1
        2014071509  1136742       7.14     136.11  1
        2014071512  1510258       7.96     133.74  1
        2014071515  1702728       8.72     131.62  1
        2014071518  2024543       9.53     129.60  1
        2014071521  2452650       9.53     129.49  1
        2014071600  2890806       9.57     128.92  1
        2014071603  3074904       9.70     128.60  1
        2014071606  3374369       9.61     128.58  1
        2014071609  3557396       9.56     128.52  1
        2014071612  3867103       9.59     128.20  1
        2014071615  4118089       9.70     127.68  1
        2014071618  4336200       9.74     127.23  1
        2014071621  4442463       9.67     127.27  1
        2014071700  4593344       9.72     127.18  1
        2014071703  4714202       9.88     126.70  1
        2014071706  4891364      10.06     126.52  1
        2014071709  4943541      10.08     126.66  1
        2014071712  5118359      10.11     126.78  1
        2014071715  5350249       9.95     127.37  1
        2014071718  8948399       6.67     138.40  1
        2014071721  9357950       6.69     138.82  1
        2014071800  9755808       6.69     139.27  1
        2014071803 10073334       6.80     139.49  1
        2014071806 11861378       8.38     133.88  1
        2014071809 12492680       8.65     133.34  1
        2014071812 13007085       8.71     133.37  1
        2014071815 13462848       8.76     133.46  1
        2014071818 13815623       8.88     133.26  1
        2014071821 13959263       8.91     133.25  1
        2014071900 14233408       8.99     133.10  1
        2014071903 14416101       9.02     133.07  1
        2014071906 14732617       9.20     132.50  1
        2014071909 14901127       9.42     131.88  1
        2014071912 14935920       9.50     131.70  1
        2014071915 14972218       9.55     131.52  1
        2014071918 14834725       9.63     131.12  1
        2014071921 14697805       9.75     130.68  1
        2014072000 14597946       9.67     130.78  2
        2014072003 14502718       9.74     130.39  2
        2014072006 14454964       9.88     129.67  2
        2014072009 14442812      10.02     129.18  2
        2014072012 14494942       9.99     129.29  2
        2014072015 14508982       9.99     129.13  2
        2014072018 14595938      10.08     128.82  2
        2014072021 14491605      10.24     128.22  2
        2014072100 14477813      10.22     128.21  2
        2014072103 14144625      10.36     127.95  2
        2014072106 13864875      10.63     127.07  2
        2014072109 13397332      10.64     127.11  2
        2014072112  9557758       9.90     128.29  2
        2014072115  9389941       9.78     128.55  2
        2014072118 12658087      10.96     125.47  2
        2014072121 12327385      11.04     124.88  2
        2014072200 12247129      11.11     124.55  2
        2014072203 11755578      11.28     123.78  2
        2014072206 11933218      11.60     122.80  2
        2014072209 11657644      11.69     122.22  2
        2014072212 11707870      11.85     121.42  1
        2014072215 11868145      11.63     121.87  1
        2014072218 11939837      11.72     121.56  1
        2014072221 12017547      11.74     121.11  1
        2014072300 12068686      11.74     121.01  1
        2014072303  4512987       2.05     148.03  1
        2014072306  4589572       2.09     147.97  1
        2014072309  4753106       2.07     148.27  1
        2014072312  4932644       2.01     148.60  1
        2014072315  5133007       1.91     149.03  1
        2014072318  5244315       2.00     149.20  1
        2014072321  5274403       1.98     149.54  1
        2014072400  5420068       1.95     149.89  1
        2014072403  5550424       1.94     150.19  1
        2014072406  5675441       2.05     150.18  1
        2014072409  5792917       2.08     150.34  1
        2014072412  5925317       2.20     150.36  1
        2014072415  6105027       2.26     150.63  1
        2014072418  6196070       2.37     150.75  1
        2014072421  6215888       2.38     151.18  1
        2014072500  6431702       2.57     151.50  1
        2014072503  6761667       2.82     151.90  1
        2014072506  7066468       3.09     151.92  1
        2014072509  7261608       3.29     152.30  1
        2014072512  7729782       3.58     152.41  1
        2014072515  8191801       3.77     152.64  1
        2014072518  8446537       3.98     152.57  1
        2014072521  8640499       4.16     152.68  1
        2014072600  9012277       4.33     152.73  1
        2014072603  9335755       4.55     152.78  1
        2014072606  9606965       4.73     152.81  1
        2014072609  9783705       4.90     152.89  1
        2014072612 10074374       5.08     153.10  1
        2014072615 10378521       5.16     153.42  1
        2014072618 10524621       5.40     153.28  1
        2014072621 10560711       5.49     153.49  1
        2014072700 10642676       5.52     153.56  1
        2014072703 10767121       5.67     153.55  1
        2014072706 10785964       5.86     153.30  1
        2014072709 10764615       5.92     153.31  1
        2014072712 10693379       6.02     152.81  1
        2014072715 10019131       6.07     151.12  1
        2014072718  9649531       6.43     149.75  1
        2014072721  9405461       6.70     149.07  1
        2014072800  9216167       7.04     147.99  1
        2014072803  8903692       7.54     146.78  1
        2014072806  8390865       8.09     145.40  1
        2014072809  8108860       8.52     144.62  1
        2014072812  7798529       9.06     143.55  1
        2014072815  7264743      10.31     141.50  1
        2014072818  7034483      11.01     140.22  1
        2014072821  6554566      11.78     139.31  1
        2014072900  6252510      12.47     138.15  1
        2014072903  6206755      12.74     137.39  1
        2014072906  6145976      12.96     136.49  1
        2014072909  6105381      13.11     136.21  1
        2014072912  6081817      13.23     136.06  1
        2014072915  6043432      13.38     135.78  1
        2014072918  5994573      13.56     135.11  1
        2014072921  5825933      13.69     135.03  1
        2014073000  5797290      13.81     134.73  1
        2014073003  5762424      13.94     134.42  1
        2014073006  5760817      14.11     133.99  1
        2014073009  5654746      14.27     133.91  1
        2014073012  5604214      14.40     133.79  1
        2014073015  5504716      14.54     133.68  1
        2014073018  5393227      14.75     133.67  1
        2014073021  5158728      15.01     134.05  1
        2014073100  4861513      15.30     134.37  1
        2014073103  4549502      15.62     134.88  1
        2014073106  4098080      16.11     135.90  1
        2014073109  3939977      16.31     136.00  1
        2014073112  3778713      16.50     135.93  1
        2014073115  3684573      16.79     135.69  1
        2014073118  3401420      17.19     135.26  1
        2014073121  3111338      17.54     134.74  1
        2014080100  3046286      17.92     134.41  1
        2014080103  2984998      18.37     134.05  1
        2014080106  2872082      18.74     133.90  1
        2014080109  2795438      18.92     134.01  1
        2014080112  2815125      19.16     133.86  1
        2014080115  2799417      19.46     133.63  1
        2014080118  2722734      19.81     133.32  1
        2014080121  2734415      20.12     133.27  1
        2014080200  2868965      20.56     133.12  1
        2014080203  3014916      20.93     132.99  1
        2014080206  3145937      20.88     133.00  1
        2014080209  3125822      20.87     133.13  1
        2014080212  3175290      20.46     133.29  1
        2014080215  3176197      20.09     133.52  1
        2014080218  3246720      19.90     133.62  1
        2014080221  1080311      29.76     128.99  1
        2014080300  1026516      30.19     129.02  1
        2014080303   999223      30.52     129.16  1
        2014080306   938174      30.79     129.26  1
        2014080309   849011      31.13     129.41  1
        2014080312   764734      31.36     129.52  1
        2014080315   692665      31.57     129.63  1
        2014080318   611144      31.98     129.75  1
        2014080321   547919      32.37     129.93  1
        2014080400   532406      32.57     130.08  1
        2014080403   454654      32.89     130.31  1
        2014080406   368319      33.23     130.50  1
        2014080409   274607      33.45     130.65  1
LPT     5.0700
        2014071406   328674       6.23     141.01  1
        2014071409   447316       6.61     140.57  1
        2014071412   549051       6.84     140.16  1
        2014071415   600271       6.94     139.56  1
        2014071418   618406       7.13     139.04  1
        2014071421   590333       6.89     139.04  1
        2014071500   773397       6.35     139.01  1
        2014071503   745386       6.05     139.06  1
        2014071506   826852       5.87     138.85  1
        2014071509  1136742       7.14     136.11  1
        2014071512  1510258       7.96     133.74  1
        2014071515  1702728       8.72     131.62  1
        2014071518  2024543       9.53     129.60  1
        2014071521  2452650       9.53     129.49  1
        2014071600  2890806       9.57     128.92  1
        2014071603  3074904       9.70     128.60  1
        2014071606  3374369       9.61     128.58  1
        2014071609  3557396       9.56     128.52  1
        2014071612  3867103       9.59     128.20  1
        2014071615  4118089       9.70     127.68  1
        2014071618  4336200       9.74     127.23  1
        2014071621  4442463       9.67     127.27  1
        2014071700  4593344       9.72     127.18  1
        2014071703  4714202       9.88     126.70  1
        2014071706  4891364      10.06     126.52  1
        2014071709  4943541      10.08     126.66  1
        2014071712  5118359      10.11     126.78  1
        2014071715  5350249       9.95     127.37  1
        2014071718  8948399       6.67     138.40  1
        2014071721  9357950       6.69     138.82  1
        2014071800  9755808       6.69     139.27  1
        2014071803 10073334       6.80     139.49  1
        2014071806 11861378       8.38     133.88  1
        2014071809 12492680       8.65     133.34  1
        2014071812 13007085       8.71     133.37  1
        2014071815 13462848       8.76     133.46  1
        2014071818 13815623       8.88     133.26  1
        2014071821 13959263       8.91     133.25  1
        2014071900 14233408       8.99     133.10  1
        2014071903 14416101       9.02     133.07  1
        2014071906 14732617       9.20     132.50  1
        2014071909 14901127       9.42     131.88  1
        2014071912 14935920       9.50     131.70  1
        2014071915 14972218       9.55     131.52  1
        2014071918 14834725       9.63     131.12  1
        2014071921 14697805       9.75     130.68  1
        2014072000 14597946       9.67     130.78  2
        2014072003 14502718       9.74     130.39  2
        2014072006 14454964       9.88     129.67  2
        2014072009 14442812      10.02     129.18  2
        2014072012 14494942       9.99     129.29  2
        2014072015 14508982       9.99     129.13  2
        2014072018 14595938      10.08     128.82  2
        2014072021 14491605      10.24     128.22  2
        2014072100 14477813      10.22     128.21  2
        2014072103 14144625      10.36     127.95  2
        2014072106 13864875      10.63     127.07  2
        2014072109 13397332      10.64     127.11  2
        2014072112  9557758       9.90     128.29  2
        2014072115  9389941       9.78     128.55  2
        2014072118 12658087      10.96     125.47  2
        2014072121 12327385      11.04     124.88  2
        2014072200 12247129      11.11     124.55  2
        2014072203 11755578      11.28     123.78  2
        2014072206 11933218      11.60     122.80  2
        2014072209 11657644      11.69     122.22  2
        2014072212 11707870      11.85     121.42  1
        2014072215 11868145      11.63     121.87  1
        2014072218 11939837      11.72     121.56  1
        2014072221 12017547      11.74     121.11  1
        2014072300 12068686      11.74     121.01  1
        2014072303  7483501      17.25     105.26  1
        2014072306  7450774      17.30     104.69  1
        2014072309  7323342      17.29     104.27  1
        2014072312  7078462      17.25     104.11  1
        2014072315  6892818      17.29     103.73  1
        2014072318  6712182      17.25     103.82  1
        2014072321  6518774      17.23     103.40  1
        2014072400  4952878      16.19     109.71  1
        2014072403  4830875      16.10     109.44  1
        2014072406  4678531      16.09     109.08  1
        2014072409  4315379      16.32     108.70  1
        2014072412  2062837      14.65      98.87  1
        2014072415  1890356      14.79      97.92  1
        2014072418  1753725      14.94      97.01  1
        2014072421  1765772      15.02      96.26  1
        2014072500  1658103      15.00      95.72  1
        2014072503  1545536      15.03      95.09  1
        2014072506  1491100      14.83      94.63  1
        2014072509  1403589      14.76      94.16  1
        2014072512  1399926      14.52      94.06  1
        2014072515  1387341      14.38      93.90  1
        2014072518  1571912      14.14      93.77  1
        2014072521  1583864      14.02      93.65  1
        2014072600  1582671      13.87      93.50  1
        2014072603  1618103      13.72      93.41  1
        2014072606  1649863      13.56      93.35  1
        2014072609  1736136      13.54      93.40  1
        2014072612  1823011      13.54      93.51  1
        2014072615  1846286      13.44      93.54  1
        2014072618  2019065      13.47      93.65  1
        2014072621  2116620      13.54      93.56  1
        2014072700  2103462      13.51      93.48  1
        2014072703  2113512      13.57      93.36  1
        2014072706  2150466      13.71      93.40  1
        2014072709  2203490      13.97      93.47  1
        2014072712  2189537      14.04      93.70  1
        2014072715  2218788      14.19      93.77  1
        2014072718  2250155      14.36      94.03  1
        2014072721  2310220      14.63      94.24  1
        2014072800  2230585      14.87      94.34  1
        2014072803  2302739      15.04      94.67  1
        2014072806  2422510      15.34      95.30  1
        2014072809  2557280      15.71      95.77  1
        2014072812  2407460      15.72      95.74  1
        2014072815  2357083      15.86      95.79  1
        2014072818  2248217      15.93      95.68  1
        2014072821  1952967      16.32      95.17  1
        2014072900  1735594      16.45      94.03  1
        2014072903  1508747      16.58      92.99  1
        2014072906  1406109      16.85      92.00  1
        2014072909  1463113      17.39      90.74  1
        2014072912   921743      18.03      86.43  1
        2014072915   753985      18.59      84.47  1
        2014072918   729375      19.20      83.02  1
        2014072921   761858      19.58      82.22  1
        2014073000   613865      19.86      81.10  1
        2014073003   701973      19.97      80.77  1
        2014073006   628415      20.22      80.01  1
        2014073009   646817      20.50      79.15  1
        2014073012   410648      20.90      77.16  1
        2014073015   415270      20.79      76.78  1
        2014073018   528499      20.62      76.79  1
        2014073021   610791      20.46      76.75  1
        2014073100   523463      20.40      76.38  1
        2014073103   525862      20.33      76.02  1
        2014073106   484133      20.24      75.68  1
        2014073109   474978      20.15      75.29  1
        2014073112   410460      19.87      74.77  1
        2014073115   426315      19.64      74.58  1
        2014073118   503232      19.46      74.47  1
        2014073121   563541      19.28      74.38  1
        2014080100   563426      19.09      74.17  1
        2014080103   566389      18.86      74.07  1
        2014080106   554858      18.59      73.95  1
        2014080109   568270      18.29      73.83  1
        2014080112   581920      18.15      73.74  1
        2014080115   587999      18.08      73.60  1
        2014080118   608451      18.10      73.50  1
        2014080121   628842      17.94      73.42  1
        2014080200   613362      17.74      73.39  1
        2014080203   526404      17.57      73.37  1
        2014080206   402316      17.44      73.34  1
LPT     6.0100
        2014080200   474727      18.49      93.50  1
        2014080203   678820      18.54      93.55  1
        2014080206   873778      18.63      93.64  1
        2014080209  1039425      18.80      93.70  1
        2014080212  1092693      18.92      93.76  1
        2014080215  1213073      18.92      93.88  1
        2014080218  1385108      19.03      93.91  1
        2014080221  1458097      19.18      93.76  1
        2014080300  1568344      19.30      93.48  1
        2014080303  1630864      19.45      93.22  1
        2014080306  1674023      19.57      93.00  1
        2014080309  1840439      19.76      92.72  1
        2014080312  1896658      19.91      92.49  1
        2014080315  2017437      20.05      92.21  1
        2014080318  2124784      20.14      92.08  1
        2014080321  2276457      20.25      91.72  1
        2014080400  2313222      20.25      91.51  1
        2014080403  2412907      20.30      91.15  1
        2014080406  2503572      20.36      90.74  1
        2014080409  2696325      20.45      90.42  1
        2014080412  2726618      20.49      90.28  1
        2014080415  2829180      20.44      90.20  1
        2014080418  2998102      20.43      90.05  1
        2014080421  3122169      20.36      90.06  1
        2014080500  3136251      20.30      90.08  1
        2014080503  3131843      20.23      90.19  1
        2014080506  3204989      20.14      90.33  1
        2014080509  3268248      20.11      90.34  1
        2014080512  3235993      19.94      90.49  1
        2014080515  3221369      19.56      90.82  1
        2014080518  3264267      19.23      91.01  1
        2014080521  3432081      18.63      91.27  1
        2014080600  3723053      17.80      91.58  1
        2014080603  3930791      17.10      91.85  1
        2014080606  4160109      16.48      92.02  1
        2014080609  4303438      16.04      92.21  1
        2014080612  4284282      15.43      92.47  1
        2014080615  4373826      14.89      92.62  1
        2014080618  4274442      14.17      93.01  1
        2014080621  4330246      13.82      93.26  1
        2014080700  3671511      12.02      95.40  1
        2014080703  3837104      11.99      95.31  1
        2014080706  4060313      12.11      95.10  1
        2014080709  4019909      12.22      95.27  1
        2014080712  3876250      12.28      95.23  1
        2014080715  3847858      12.33      95.11  1
        2014080718  3761564      12.33      95.01  1
        2014080721  3761203      12.34      94.90  1
        2014080800  3569354      12.31      94.80  1
        2014080803  3448298      12.54      94.57  1
        2014080806  3438830      12.67      94.11  1
        2014080809  3320751      12.98      93.72  1
        2014080812  3175211      13.14      93.40  1
        2014080815  3048298      13.32      93.14  1
        2014080818  2950698      13.56      92.78  1
        2014080821  2834080      13.84      92.45  1
        2014080900  2649681      14.19      92.09  1
        2014080903  2498142      14.42      91.80  1
        2014080906  2355570      14.66      91.54  1
        2014080909  2227346      15.05      91.38  1
        2014080912  2140835      15.31      91.23  1
        2014080915  1959477      15.58      91.12  1
        2014080918  1807962      15.87      90.97  1
        2014080921  1674048      16.21      90.80  1
        2014081000  1501074      16.39      90.52  1
        2014081003  1380915      16.56      90.26  1
        2014081006  1136705      16.75      90.20  1
        2014081009   820691      16.91      90.28  1
        2014081012   669225      16.95      90.23  1
        2014081015   514931      16.95      90.23  1
        2014081018   339820      17.00      90.16  1
LPT     7.0100
        2014081200   388298      -2.38      95.44  1
        2014081203   529551      -2.32      95.65  1
        2014081206   588976      -2.29      96.00  1
        2014081209   675406      -2.27      96.46  1
        2014081212   710896      -2.24      97.04  1
        2014081215   740232      -2.19      97.22  1
        2014081218   793433      -2.23      97.60  1
        2014081221   887511      -2.25      97.81  1
        2014081300   935980      -2.40      97.92  1
        2014081303  1029126      -2.57      98.02  1
        2014081306  1075961      -2.77      98.08  1
        2014081309  1127463      -2.89      97.99  1
        2014081312  1115777      -3.01      97.97  1
        2014081315  1138833      -3.06      97.92  1
        2014081318  1179510      -3.21      97.93  1
        2014081321  1242735      -3.15      97.88  1
        2014081400  1261891      -3.21      97.88  1
        2014081403  1315879      -3.14      97.91  1
        2014081406  1357622      -3.00      97.82  1
        2014081409  1368484      -2.89      97.80  1
        2014081412  1350000      -2.86      97.81  1
        2014081415  1387015      -2.79      97.68  1
        2014081418  1425562      -2.74      97.62  1
        2014081421  1508905      -2.56      97.42  1
        2014081500  1535929      -2.47      97.22  1
        2014081503  1587609      -2.37      97.03  1
        2014081506  1634693      -2.28      96.83  1
        2014081509  1638609      -2.20      96.71  1
        2014081512  1576882      -2.30      96.64  1
        2014081515  1543682      -2.36      96.50  1
        2014081518  1492685      -2.50      96.50  1
        2014081521  1565842      -2.45      96.27  1
        2014081600  1496471      -2.45      96.24  1
        2014081603  1389544      -2.32      96.11  1
        2014081606  1228725      -2.06      95.86  1
        2014081609  1117329      -1.48      95.31  1
        2014081612   950213      -0.96      94.61  1
        2014081615   860105      -0.46      93.67  1
        2014081618   801464       0.40      92.59  1
        2014081621  1081970       1.32      91.67  1
        2014081700  1040717       2.06      90.95  1
        2014081703  1375357       2.54      90.38  1
        2014081706  1612645       2.89      89.85  1
        2014081709  1682430       3.51      89.51  1
        2014081712  1738966       3.69      89.42  1
        2014081715  1743798       3.97      89.37  1
        2014081718  1704316       4.14      89.34  1
        2014081721  1587973       4.33      89.42  1
        2014081800  1432449       4.50      89.33  1
        2014081803  1316226       4.60      89.19  1
        2014081806  1179560       4.53      89.15  1
        2014081809  1024057       4.70      89.01  1
        2014081812   886581       4.61      89.03  1
        2014081815   829840       4.47      89.03  1
        2014081818   873943       4.22      89.10  1
        2014081821   906579       3.90      89.22  1
        2014081900   848735       4.02      89.14  1
        2014081903  1250092       0.99      90.16  1
        2014081906  1473631      -0.28      90.57  1
        2014081909  1541238      -0.85      90.78  1
        2014081912  1474239      -1.24      90.95  1
        2014081915  1366672      -1.67      91.19  1
        2014081918  1285050      -2.36      91.52  1
        2014081921  1111736      -3.48      91.90  1
        2014082000   796143      -5.32      92.22  1
        2014082003   744229      -5.78      92.04  1
        2014082006   734413      -6.29      91.72  1
        2014082009   679780      -6.46      91.48  1
        2014082012   608150      -6.75      91.22  1
        2014082015   565070      -6.89      91.00  1
        2014082018   553402      -7.05      90.79  1
        2014082021   563428      -7.01      90.65  1
        2014082100   577944      -7.05      90.45  1
        2014082103   610112      -7.06      90.20  1
        2014082106   682191      -7.02      89.92  1
        2014082109   795647      -6.98      89.47  1
        2014082112   877005      -6.90      89.15  1
        2014082115   967672      -6.76      88.87  1
        2014082118  1057628      -6.62      88.56  1
        2014082121  1049991      -6.62      88.14  1
        2014082200  1052532      -6.50      87.73  1
        2014082203  3840023       0.78      77.68  1
        2014082206  3888917       1.03      77.53  1
        2014082209  3970111       1.60      77.25  1
        2014082212  4020426       1.97      77.21  1
        2014082215  4088070       2.21      77.23  1
        2014082218  4198641       2.56      77.23  1
        2014082221  4323145       2.79      77.39  1
        2014082300  4290863       2.99      77.53  1
        2014082303  4264572       3.25      77.54  1
        2014082306  4227793       3.48      77.60  1
        2014082309  4111427       4.06      77.48  1
        2014082312  4003919       4.43      77.59  1
        2014082315  3894372       4.61      77.71  1
        2014082318  3887359       4.79      78.06  1
        2014082321  3803365       4.94      78.47  1
        2014082400  3498722       5.27      78.73  1
        2014082403  3399871       5.44      79.43  1
        2014082406  3279448       5.74      80.22  1
        2014082409  1090998       0.25      91.13  1
        2014082412   947361       0.87      92.48  1
        2014082415  1045991       1.21      93.09  1
        2014082418  1210144       1.45      93.67  1
        2014082421  1316422       1.66      93.90  1
        2014082500  1417292       1.78      94.17  1
        2014082503  1451100       1.82      94.62  1
        2014082506  1539622       1.82      95.02  1
        2014082509  1594196       1.88      95.29  1
        2014082512  1656331       2.03      95.58  1
        2014082515  1676998       2.10      95.85  1
        2014082518  1759034       2.31      96.16  1
        2014082521  1755745       2.44      96.35  1
        2014082600  1744453       2.75      96.69  1
        2014082603  1929793       3.47      97.14  1
        2014082606  2249479       4.60      97.73  1
        2014082609  2411723       5.43      98.08  1
        2014082612  2548209       6.05      98.24  1
        2014082615  2721395       6.80      98.47  1
        2014082618  3037673       7.63      98.68  1
        2014082621  3307418       8.46      98.91  1
        2014082700  3398541       8.73      99.27  1
        2014082703  3734602       9.37      99.64  1
        2014082706  5997606       9.58     107.02  1
        2014082709  7065512      10.70     105.00  1
        2014082712  7249921      10.81     105.49  1
        2014082715  7625239      11.01     105.48  1
        2014082718  8336764      11.28     105.54  1
        2014082721  8515975      11.54     105.74  1
        2014082800  8670386      11.71     105.68  1
        2014082803  8829443      11.94     105.32  1
        2014082806  9086037      12.25     104.82  1
        2014082809  9191495      12.47     104.27  1
        2014082812  9193133      12.51     104.27  1
        2014082815  8788629      12.62     103.69  1
        2014082818  8791504      12.70     103.44  1
        2014082821  8624056      12.93     102.93  1
        2014082900  8437259      13.01     102.61  1
        2014082903  8256996      13.07     102.29  1
        2014082906  8159787      13.09     102.25  1
        2014082909  8184874      13.21     102.05  1
        2014082912  8105935      13.28     101.99  1
        2014082915  8045919      13.31     101.93  1
        2014082918  8160727      13.40     101.55  1
        2014082921  8107721      13.54     100.98  1
        2014083000  7910009      13.55     100.73  1
        2014083003  7850220      13.62     100.42  1
        2014083006  7728406      13.67     100.20  1
        2014083009  7637367      13.83      99.40  1
        2014083012  7470513      13.90      99.11  1
        2014083015  7401404      14.03      98.70  1
        2014083018  7480583      14.27      98.27  1
        2014083021  7252373      14.46      97.81  1
        2014083100  7054450      14.50      97.65  1
        2014083103  6917277      14.61      97.41  1
        2014083106  6797950      14.71      97.32  1
        2014083109  6664101      14.87      96.95  1
        2014083112 10662427       9.67     114.62  1
        2014083115 10755785       9.62     115.03  1
        2014083118 11090910       9.80     114.83  1
        2014083121 11011235       9.93     114.98  1
        2014090100 10903331      10.13     114.82  1
        2014090103 10684906      10.39     114.54  1
        2014090106 10416694      10.67     114.20  1
        2014090109 10133118      10.85     114.24  2
        2014090112  9604994      11.00     114.33  2
        2014090115  9282701      11.24     113.93  2
        2014090118  9026160      11.46     113.54  2
        2014090121  8574735      11.47     113.74  2
        2014090200  8500119      11.48     113.70  2
        2014090203  8537616      11.50     113.71  2
        2014090206  8561270      11.54     113.87  2
        2014090209  8747376      11.66     113.69  2
        2014090212  8775118      11.65     113.95  2
        2014090215  8735477      11.57     114.42  2
        2014090218  8734895      11.50     114.61  2
        2014090221  8364401      11.29     115.27  2
        2014090300  8268249      11.32     115.31  2
        2014090303  8048554      11.44     114.96  2
        2014090306  8057718      11.28     115.99  2
        2014090309  8233401      11.35     116.17  2
        2014090312  7780619      10.30     120.57  2
        2014090315  7989954      10.00     121.65  2
        2014090318  8107620       9.85     122.24  2
        2014090321  8128795       9.69     122.29  2
        2014090400  8147959       9.51     122.56  2
        2014090403  8070200       9.33     122.88  2
        2014090406  8111007       9.15     123.32  2
        2014090409  8191148       9.06     123.48  2
        2014090412  8281022       8.94     124.06  2
        2014090415  8401152       8.69     124.76  2
        2014090418  8608927       8.58     125.60  2
        2014090421  8668290       8.48     126.26  2
        2014090500  8679644       8.50     126.52  2
        2014090503  8625952       8.34     127.36  2
        2014090506  8552044       8.39     127.51  2
        2014090509  8573375       8.55     127.28  2
        2014090512  8598224       8.56     127.63  2
        2014090515  8610041       8.49     127.96  2
        2014090518  8722278       8.65     127.26  2
        2014090521  8480072       8.80     126.44  2
        2014090600  3172460      15.90      94.60  2
        2014090603  3169349      15.76      94.39  2
        2014090606  3323194      15.69      94.36  2
        2014090609  3531407      15.67      94.37  2
        2014090612  3661382      15.60      94.36  2
        2014090615  4053952      15.00      95.29  2
        2014090618  4756814      14.53      96.03  1
        2014090621  5117090      14.32      96.13  1
        2014090700  5227033      14.08      96.37  1
        2014090703  5299993      13.92      96.61  1
        2014090706  5419823      13.73      96.88  1
        2014090709  5444862      13.75      96.59  1
        2014090712  5280812      13.72      96.31  1
        2014090715  5005372      13.77      95.72  1
        2014090718  4906727      13.73      95.55  1
        2014090721  4949386      13.75      95.38  1
        2014090800  4921996      13.76      95.34  1
        2014090803  4918952      13.69      95.54  1
        2014090806  5084033      13.45      96.46  1
        2014090809  5048998      13.33      96.94  1
        2014090812  4867918      13.08      97.85  1
        2014090815  4508215      12.91      98.38  1
        2014090818  4357299      12.68      99.24  1
        2014090821  3038384      10.54     105.45  1
        2014090900  2840801      10.24     107.12  1
        2014090903  1281048       8.92     117.67  1
        2014090906  1207689       9.15     118.88  1
        2014090909  1261208       9.28     119.33  1
        2014090912  1258366       9.42     119.26  1
        2014090915  1304144       9.58     118.97  1
        2014090918  1388594       9.75     118.64  1
        2014090921  1381285       9.86     118.34  1
        2014091000  1377582      10.01     117.98  1
        2014091003  1349440      10.20     117.65  1
        2014091006  1387699      10.31     117.36  1
        2014091009  1320112      10.50     117.25  1
        2014091012  1237549      10.66     117.33  1
        2014091015  1216229      10.87     117.25  1
        2014091018  1229758      11.07     117.00  1
        2014091021  1235569      11.30     116.53  1
        2014091100  1156671      11.54     116.02  1
        2014091103  1059848      11.76     115.49  1
        2014091106   997397      11.90     114.95  1
        2014091109   862272      12.12     114.47  1
        2014091112   664967      12.26     114.20  1
        2014091115   466303      12.38     113.86  1
        2014091118   360640      12.42     113.65  1
LPT     8.0100
        2014081318   470563       9.76     223.43  1
        2014081321   668419       9.79     223.77  1
        2014081400   857030       9.84     224.04  1
        2014081403   957358       9.88     224.36  1
        2014081406  1095702       9.91     224.64  1
        2014081409  1295577       9.96     225.37  1
        2014081412  1475699       9.99     225.67  1
        2014081415  1610937      10.01     226.21  1
        2014081418  1766035      10.02     226.48  1
        2014081421  3552337      11.40     238.22  1
        2014081500  3732056      11.37     237.84  1
        2014081503  3920148      11.38     238.04  1
        2014081506  4144926      11.38     238.09  1
        2014081509  4381557      11.39     238.04  1
        2014081512  4389763      11.36     237.85  1
        2014081515  4282947      11.39     238.37  1
        2014081518  4110372      11.46     239.22  1
        2014081521  4122448      11.51     240.02  1
        2014081600  4048042      11.58     240.63  1
        2014081603  3895855      11.64     241.66  1
        2014081606  3861763      11.74     242.64  1
        2014081609  3949937      11.79     243.30  1
        2014081612  3537251      11.82     244.52  1
        2014081615  3160093      11.83     246.72  1
        2014081618  3035072      11.79     247.38  1
        2014081621  2432855      11.89     252.24  1
        2014081700  2327551      11.85     252.63  1
        2014081703  2287347      11.77     252.85  1
        2014081706  2227471      11.71     253.20  1
        2014081709  2276358      11.63     253.45  1
        2014081712  2127657      11.52     253.60  1
        2014081715  2161784      11.51     253.53  1
        2014081718  2167649      11.43     253.49  1
        2014081721  2254603      11.42     253.39  1
        2014081800  2165917      11.46     253.10  1
        2014081803  2144761      11.46     253.05  1
        2014081806  2134495      11.52     252.92  1
        2014081809  2132240      11.62     252.82  1
        2014081812  2055913      11.74     252.69  1
        2014081815  2063818      11.80     252.49  1
        2014081818  2086012      11.86     252.33  1
        2014081821  2154976      11.92     252.03  1
        2014081900  2092023      11.97     251.75  1
        2014081903  2099352      12.00     251.39  1
        2014081906  2164441      11.98     251.17  1
        2014081909  3070055      10.72     256.76  1
        2014081912  2847924      10.70     257.08  2
        2014081915  3032924      10.54     257.89  2
        2014081918  3405251      10.37     258.48  1
        2014081921  3455870      10.31     258.82  1
        2014082000  3177058      10.30     259.10  2
        2014082003  3142188      10.28     259.12  2
        2014082006  3286391      10.20     259.42  2
        2014082009  3635117      10.19     259.26  1
        2014082012  3429436      10.24     259.20  2
        2014082015  3559876      10.22     259.10  1
        2014082018  3578407      10.21     258.96  1
        2014082021  3617558      10.19     259.13  1
        2014082100  3516762      10.13     259.47  1
        2014082103  3588037      10.02     259.95  1
        2014082106  3586877       9.93     260.19  1
        2014082109  3605634       9.84     260.72  1
        2014082112  3441480       9.65     261.48  1
        2014082115  3120634       9.51     261.85  1
        2014082118  2936248       9.13     263.63  1
        2014082121  2619994       9.15     263.34  1
        2014082200  2373629       9.17     263.40  1
        2014082203  2427585       9.17     263.30  1
        2014082206  2536830       9.22     263.02  1
        2014082209  2704305       9.41     262.64  1
        2014082212  2664389       9.54     262.47  1
        2014082215  2770359       9.67     262.18  1
        2014082218  2811432       9.82     261.89  1
        2014082221  2801541      10.07     261.38  1
        2014082300  2773220      10.25     261.13  1
        2014082303  2802889      10.32     260.82  1
        2014082306  2846959      10.46     260.25  1
        2014082309  2918729      10.62     259.67  1
        2014082312  2836059      10.78     259.17  1
        2014082315  2847668      10.90     258.74  1
        2014082318  2892487      11.03     258.25  1
        2014082321  2947772      11.16     257.71  1
        2014082400  2908478      11.31     257.12  1
        2014082403  2912689      11.41     256.51  1
        2014082406  2883569      11.57     255.64  1
        2014082409  3010101      11.67     255.11  1
        2014082412  2961592      11.75     254.48  1
        2014082415  3085376      11.74     253.78  1
        2014082418  3192921      11.76     253.00  1
        2014082421  3355707      11.76     251.95  1
        2014082500  3486875      11.75     251.22  1
        2014082503  3558584      11.74     250.45  1
        2014082506  3618326      11.77     249.58  1
        2014082509  3688200      11.78     248.79  1
        2014082512  3619071      11.76     247.94  1
        2014082515  3648703      11.84     247.45  1
        2014082518  3613232      11.88     246.96  1
        2014082521  3608178      11.96     246.50  1
        2014082600  3533208      12.03     246.08  1
        2014082603  3494836      12.07     245.79  1
        2014082606  3467196      12.10     245.46  1
        2014082609  3403066      12.16     245.15  1
        2014082612  3260844      12.21     244.78  1
        2014082615  3180268      12.21     244.47  1
        2014082618  3119345      12.21     244.19  1
        2014082621  3045585      12.21     243.89  1
        2014082700  2907308      12.20     243.59  1
        2014082703  2831935      12.22     243.41  1
        2014082706  2721925      12.18     243.09  1
        2014082709  2560240      12.18     242.88  1
        2014082712  2322292      12.21     242.71  1
        2014082715  2155712      12.24     242.66  1
        2014082718  1917647      12.29     242.56  1
        2014082721  1683556      12.29     242.40  1
        2014082800  1361066      12.32     242.25  1
        2014082803  1092770      12.35     242.05  1
        2014082806   863731      12.33     241.93  1
        2014082809   552514      12.25     241.66  1
LPT     9.0100
        2014090809   307398      11.50     267.83  1
        2014090815   302910      11.44     266.28  1
        2014090818   374020      11.49     265.86  1
        2014090821   474597      11.54     265.45  1
        2014090900   543380      11.58     265.48  1
        2014090903   555439      11.60     265.38  1
        2014090906   563645      11.66     265.21  1
        2014090909   661072      11.71     265.01  1
        2014090912   660008      11.84     264.55  1
        2014090915   689408      11.87     264.23  1
        2014090918   751282      11.90     263.86  1
        2014090921   848577      11.96     263.60  1
        2014091000   836298      12.02     263.32  1
        2014091003   846623      12.09     263.01  1
        2014091006   828954      12.19     262.62  1
        2014091009   930760      12.20     262.37  1
        2014091012   927569      12.25     262.03  1
        2014091015  1000717      12.25     261.89  1
        2014091018  1060093      12.30     261.82  1
        2014091021  1240085      12.35     261.81  1
        2014091100  1314388      12.41     261.83  1
        2014091103  1416347      12.51     261.78  1
        2014091106  1579878      12.62     261.51  1
        2014091109  1972038      12.64     262.01  1
        2014091112  2001675      12.71     261.77  1
        2014091115  2012209      12.89     261.01  1
        2014091118  2103167      12.99     260.91  1
        2014091121  2396487      12.99     261.73  1
        2014091200  2477411      13.09     261.91  1
        2014091203  2469635      13.25     261.37  1
        2014091206  2659594      13.32     261.45  1
        2014091209  3017000      13.40     261.49  1
        2014091212  3033515      13.57     261.05  1
        2014091215  3059205      13.71     260.69  1
        2014091218  3063487      13.83     260.37  1
        2014091221  3240373      13.86     260.68  1
        2014091300  3182975      14.04     260.17  1
        2014091303  2868608      14.58     258.15  1
        2014091306  3010835      14.75     257.99  1
        2014091309  3587544      14.46     259.89  1
        2014091312  3621758      14.64     259.73  1
        2014091315  3801187      14.72     260.10  1
        2014091318  3941689      14.87     260.22  1
        2014091321  3923937      15.23     259.74  1
        2014091400  3380894      16.13     257.54  1
        2014091403  3322924      16.26     257.27  1
        2014091406  3348077      16.38     257.21  1
        2014091409  3893919      15.87     259.17  1
        2014091412  3963067      15.81     259.70  1
        2014091415  4082079      15.67     260.28  1
        2014091418  4234567      15.46     260.99  1
        2014091421  4327015      15.49     261.17  1
        2014091500  4186133      15.53     261.07  1
        2014091503  4168178      15.50     261.03  1
        2014091506  4320792      15.40     261.31  1
        2014091509  4356922      15.25     261.50  1
        2014091512  4167301      15.12     261.74  1
        2014091515  4097398      14.98     261.83  1
        2014091518  4010959      14.80     261.83  1
        2014091521  3925149      14.71     261.81  1
        2014091600  3730807      14.61     261.76  1
        2014091603  3729063      14.46     262.07  1
        2014091606  3739380      14.35     262.25  1
        2014091609  3656141      14.12     262.59  1
        2014091612  3484329      13.94     262.73  1
        2014091615  3423513      13.82     262.81  1
        2014091618  3183157      13.79     262.48  1
        2014091621  2942295      13.64     262.46  1
        2014091700  2627141      13.32     262.95  1
        2014091703  2415373      13.07     263.27  1
        2014091706  2319040      13.01     263.14  1
        2014091709  2123555      12.94     262.79  1
        2014091712  1894188      12.86     262.51  1
        2014091715  1775491      12.85     262.13  1
        2014091718  1717562      12.96     261.46  1
        2014091721  1648252      12.98     261.10  1
        2014091800  1562683      12.95     260.90  1
        2014091803  1472382      12.97     260.55  1
        2014091806  1390394      12.97     260.22  1
        2014091809  1284109      13.02     259.68  1
        2014091812  1133574      13.06     259.27  1
        2014091815  1028778      13.12     258.74  1
        2014091818   906487      13.27     258.22  1
        2014091821   747986      13.50     257.55  1
        2014091900   610173      13.67     257.15  1
        2014091903   506358      13.80     256.84  1
        2014091906   407079      13.96     256.54  1
        2014091909   352578      14.31     256.03  1
LPT    10.0100
        2014091015   461810       8.83     143.67  1
        2014091018   770275       8.71     142.94  1
        2014091021   969370       8.71     142.55  1
        2014091100  1116571       8.71     142.33  1
        2014091103  1263948       8.64     141.96  1
        2014091106  1427222       8.61     141.59  1
        2014091109  1567445       8.63     141.24  1
        2014091112  1717480       8.66     140.89  1
        2014091115  1839697       8.75     140.54  1
        2014091118  2074046       8.80     139.97  1
        2014091121  2178306       8.80     139.58  1
        2014091200  2241693       8.76     139.15  1
        2014091203  2295363       8.81     138.55  1
        2014091206  2263147       8.83     137.81  1
        2014091209  2293749       8.92     137.21  1
        2014091212  2313952       9.07     136.58  1
        2014091215  2333824       9.27     135.96  1
        2014091218  2374645       9.51     135.16  1
        2014091221  2412325       9.77     134.54  1
        2014091300  2377360      10.11     133.68  1
        2014091303  2307181      10.49     132.81  1
        2014091306  2275201      10.83     131.91  1
        2014091309  2256992      11.15     131.13  1
        2014091312  2289857      11.39     130.52  1
        2014091315  2373269      11.63     129.94  1
        2014091318  2320486      11.89     129.16  1
        2014091321  2280915      12.11     128.46  1
        2014091400  2257074      12.26     127.86  1
        2014091403  2303706      12.44     127.25  1
        2014091406  2399215      12.68     126.51  1
        2014091409  2407505      12.83     125.91  1
        2014091412  2442081      12.98     125.29  1
        2014091415  2577045      13.20     124.45  1
        2014091418  2656378      13.35     123.65  1
        2014091421  2657885      13.54     122.87  1
        2014091500  2713178      13.68     122.23  1
        2014091503  2784863      13.81     121.61  1
        2014091506  2960190      14.00     120.75  1
        2014091509  3063647      14.02     120.24  1
        2014091512  3140068      14.10     119.69  1
        2014091515  3246368      14.22     119.16  1
        2014091518  3401093      14.39     118.48  1
        2014091521  3445894      14.51     117.89  1
        2014091600  3570504      14.68     117.21  1
        2014091603  3666755      14.84     116.49  1
        2014091606  3824037      15.00     115.73  1
        2014091609  6335316      12.99     106.74  1
        2014091612  6207521      13.32     106.74  1
        2014091615  6052517      13.73     106.78  1
        2014091618  6094817      14.01     106.51  1
        2014091621  6002188      14.30     106.33  1
        2014091700  5930501      14.56     106.14  1
        2014091703  5866309      14.83     105.87  1
        2014091706  5892568      15.03     105.48  1
        2014091709  5818118      15.30     105.00  1
        2014091712  5698738      15.53     104.77  1
        2014091715  5602712      15.83     104.71  1
        2014091718  5556949      16.13     103.91  1
        2014091721  5367737      16.50     103.51  1
        2014091800  5219877      16.83     103.09  1
        2014091803  4957628      17.15     102.56  1
        2014091806  4770208      17.44     101.93  1
        2014091809  4269501      17.93     101.49  1
        2014091812  4016587      18.25     101.40  1
        2014091815  3708855      18.61     101.20  1
        2014091818  3410939      18.95     100.81  1
        2014091821  3128965      19.21     100.09  1
        2014091900  2763677      19.68     100.29  1
        2014091903  2243235      20.43     100.71  1
        2014091906  1852903      21.06     100.87  1
        2014091909  1686044      21.53     100.61  1
        2014091912  1336095      22.28     100.93  1
        2014091915  1080463      22.69     100.82  1
        2014091918   881602      22.97     100.54  1
        2014091921   623318      23.05      99.53  1
        2014092000   404700      22.74      97.62  1
        2014092003   286538      22.35      95.16  1
        2014092006   452087      22.18      93.71  1
        2014092009   654664      22.13      92.60  1
        2014092012   629894      22.23      91.97  1
        2014092015   595742      22.37      91.52  1
        2014092018   595396      22.44      91.02  1
        2014092021   596639      22.48      90.16  1
        2014092100   621830      22.59      89.70  1
        2014092103   623893      22.76      89.47  1
        2014092106   700721      23.04      89.41  1
        2014092109   760266      23.31      89.42  1
        2014092112   759771      23.52      89.43  1
        2014092115   744754      23.68      89.44  1
        2014092118   765260      23.79      89.44  1
        2014092121   857501      23.94      89.41  1
        2014092200   847764      24.02      89.42  1
        2014092203   812587      24.12      89.43  1
        2014092206   834414      24.23      89.51  1
        2014092209   814069      24.33      89.61  1
        2014092212   733043      24.36      89.74  1
        2014092215   661091      24.41      89.96  1
        2014092218   625843      24.43      90.12  1
        2014092221   633931      24.49      90.34  1
        2014092300   635196      24.52      90.52  1
        2014092303   644913      24.54      90.68  1
        2014092306   696251      24.53      90.83  1
        2014092309   605714      24.66      91.03  1
        2014092312   493061      24.77      91.16  1
        2014092315   413649      24.82      91.25  1
        2014092318   375834      24.81      91.29  1
        2014092321   329669      24.77      91.37  1
LPT    10.0200
        2014091203   482558       1.76      86.55  1
        2014091206   737129       1.94      86.81  1
        2014091209   913015       1.92      86.78  1
        2014091212  1006359       1.89      86.76  1
        2014091215  1066526       1.90      86.77  1
        2014091218  1111338       1.83      86.45  1
        2014091221  1146767       1.93      86.76  1
        2014091300  1169031       2.08      87.28  1
        2014091303  1258338       2.24      88.10  1
        2014091306  1372310       2.35      88.82  1
        2014091309  1457029       2.36      89.53  1
        2014091312  1573331       2.36      89.94  1
        2014091315  1685762       2.35      90.24  1
        2014091318  1848144       2.40      90.54  1
        2014091321  2018865       2.48      90.94  1
        2014091400  2105602       2.57      91.35  1
        2014091403  2153845       2.65      91.72  1
        2014091406  2231237       2.74      91.95  1
        2014091409  2179305       2.88      92.24  1
        2014091412  2159695       3.01      92.49  1
        2014091415  2134760       3.12      92.67  1
        2014091418  2153977       3.35      92.85  1
        2014091421  2118789       3.52      93.00  1
        2014091500  2132096       3.90      93.22  1
        2014091503  2123184       4.26      93.35  1
        2014091506  2208477       4.99      93.31  1
        2014091509  2224704       5.61      93.30  1
        2014091512  2242635       6.14      93.29  1
        2014091515  2231368       6.57      93.27  1
        2014091518  2280791       6.93      93.37  1
        2014091521  2483784       7.37      93.17  1
        2014091600  2542926       7.80      93.08  1
        2014091603  2577748       8.23      92.96  1
        2014091606  2458654       8.69      93.03  1
        2014091609  6335316      12.99     106.74  1
        2014091612  6207521      13.32     106.74  1
        2014091615  6052517      13.73     106.78  1
        2014091618  6094817      14.01     106.51  1
        2014091621  6002188      14.30     106.33  1
        2014091700  5930501      14.56     106.14  1
        2014091703  5866309      14.83     105.87  1
        2014091706  5892568      15.03     105.48  1
        2014091709  5818118      15.30     105.00  1
        2014091712  5698738      15.53     104.77  1
        2014091715  5602712      15.83     104.71  1
        2014091718  5556949      16.13     103.91  1
        2014091721  5367737      16.50     103.51  1
        2014091800  5219877      16.83     103.09  1
        2014091803  4957628      17.15     102.56  1
        2014091806  4770208      17.44     101.93  1
        2014091809  4269501      17.93     101.49  1
        2014091812  4016587      18.25     101.40  1
        2014091815  3708855      18.61     101.20  1
        2014091818  3410939      18.95     100.81  1
        2014091821  3128965      19.21     100.09  1
        2014091900  2763677      19.68     100.29  1
        2014091903  2243235      20.43     100.71  1
        2014091906  1852903      21.06     100.87  1
        2014091909  1686044      21.53     100.61  1
        2014091912  1336095      22.28     100.93  1
        2014091915  1080463      22.69     100.82  1
        2014091918   881602      22.97     100.54  1
        2014091921   623318      23.05      99.53  1
        2014092000   404700      22.74      97.62  1
        2014092003   286538      22.35      95.16  1
        2014092006   452087      22.18      93.71  1
        2014092009   654664      22.13      92.60  1
        2014092012   629894      22.23      91.97  1
        2014092015   595742      22.37      91.52  1
        2014092018   595396      22.44      91.02  1
        2014092021   596639      22.48      90.16  1
        2014092100   621830      22.59      89.70  1
        2014092103   623893      22.76      89.47  1
        2014092106   700721      23.04      89.41  1
        2014092109   760266      23.31      89.42  1
        2014092112   759771      23.52      89.43  1
        2014092115   744754      23.68      89.44  1
        2014092118   765260      23.79      89.44  1
        2014092121   857501      23.94      89.41  1
        2014092200   847764      24.02      89.42  1
        2014092203   812587      24.12      89.43  1
        2014092206   834414      24.23      89.51  1
        2014092209   814069      24.33      89.61  1
        2014092212   733043      24.36      89.74  1
        2014092215   661091      24.41      89.96  1
        2014092218   625843      24.43      90.12  1
        2014092221   633931      24.49      90.34  1
        2014092300   635196      24.52      90.52  1
        2014092303   644913      24.54      90.68  1
        2014092306   696251      24.53      90.83  1
        2014092309   605714      24.66      91.03  1
        2014092312   493061      24.77      91.16  1
        2014092315   413649      24.82      91.25  1
        2014092318   375834      24.81      91.29  1
        2014092321   329669      24.77      91.37  1
LPT    11.0100
        2014091618   319724      13.16     145.08  1
        2014091621   360329      13.17     144.49  1
        2014091700   442520      13.05     143.81  1
        2014091703   546008      12.86     142.81  1
        2014091706   632684      12.53     141.50  1
        2014091709   763921      12.25     140.37  1
        2014091712   897264      12.09     139.49  1
        2014091715  1112345      11.94     138.06  1
        2014091718  1252190      11.76     136.77  1
        2014091721  1373813      11.63     136.00  1
        2014091800  1512777      11.53     135.18  1
        2014091803  1676792      11.42     134.54  1
        2014091806  1905123      11.32     134.16  1
        2014091809  2050112      11.26     134.17  1
        2014091812  2275602      11.16     134.03  1
        2014091815  2649311      10.79     134.77  1
        2014091818  2955481      10.47     135.08  1
        2014091821  3262719      10.13     135.33  1
        2014091900  3502015       9.76     135.41  1
        2014091903  3707116       9.44     135.43  1
        2014091906  3917149       9.14     135.47  1
        2014091909  3883502       8.89     135.30  1
        2014091912  3804454       8.57     135.10  1
        2014091915  1757849      13.03     125.28  1
        2014091918  1848108      13.29     124.72  1
        2014091921  1829885      13.68     124.06  1
        2014092000  1822863      14.08     123.47  1
        2014092003  1834816      14.52     122.89  1
        2014092006  1898372      14.90     122.42  1
        2014092009  1936368      15.29     122.06  1
        2014092012  1937112      15.67     121.73  1
        2014092015  2001470      16.04     121.45  1
        2014092018  1985938      16.53     121.08  1
        2014092021  2066696      17.14     120.85  1
        2014092100  2184577      17.91     120.78  1
        2014092103  2428241      19.00     120.90  1
        2014092106  2671844      19.93     121.12  1
        2014092109  2805046      20.55     121.27  1
        2014092112  2865423      20.92     121.38  1
        2014092115  2895532      21.44     121.55  1
        2014092118  2945366      21.86     121.75  1
        2014092121  2931264      22.14     121.82  1
        2014092200  2903340      22.34     121.78  1
        2014092203  2839181      22.58     121.76  1
        2014092206  2780208      22.84     121.75  1
        2014092209  2716658      22.99     121.73  1
        2014092212  2637088      23.20     121.82  1
        2014092215  2556540      23.36     121.89  1
        2014092218  2404242      23.72     122.07  1
        2014092221  2265157      24.13     122.32  1
        2014092300  2149875      24.52     122.55  1
        2014092303  2001028      24.92     122.79  1
        2014092306  1813738      25.48     123.15  1
        2014092309  1596711      26.04     123.51  1
        2014092312  1413807      26.59     123.87  1
        2014092315  1275964      26.98     124.13  1
        2014092318  1156853      27.48     124.44  1
        2014092321  1072692      27.98     124.76  1
        2014092400   965810      28.51     125.20  1
        2014092403   837026      28.85     125.53  1
        2014092406   681007      29.26     125.91  1
        2014092409   510931      29.61     126.23  1
        2014092412   350208      29.90     126.40  1
LPT    12.0100
        2014092200   857668       8.87     154.42  1
        2014092203  1454494       9.10     154.28  1
        2014092206  1738503       9.42     154.80  1
        2014092209  2060554       9.62     154.96  1
        2014092212  2430773       9.71     155.05  1
        2014092215  2964262       9.76     155.38  1
        2014092218  3328815       9.74     155.24  1
        2014092221  3488668       9.75     155.25  1
        2014092300  3592885       9.77     155.36  1
        2014092303  3714135       9.88     155.29  1
        2014092306  3757124       9.99     155.03  1
        2014092309  3844650      10.09     154.78  1
        2014092312  3917456      10.19     154.41  1
        2014092315  4115125      10.30     154.08  1
        2014092318  5086993       8.10     154.25  1
        2014092321  5332564       7.96     154.03  1
        2014092400  5620377       7.98     153.91  1
        2014092403  5836920       7.96     153.80  1
        2014092406  5763928       8.10     153.61  2
        2014092409  5915315       8.15     153.54  2
        2014092412  6220038       8.03     153.58  1
        2014092415  6521999       7.87     153.53  1
        2014092418  6383220       8.21     153.44  1
        2014092421  6351879       8.35     153.61  2
        2014092500  6328386       8.40     153.81  2
        2014092503  6267760       8.51     154.02  2
        2014092506  6000964       8.55     154.28  2
        2014092509  5973852       8.42     154.44  2
        2014092512  5954952       8.24     154.59  2
        2014092515  5983896       8.21     154.66  2
        2014092518  5824025       8.08     154.73  2
        2014092521  5660585       8.04     154.88  2
        2014092600  5603286       8.20     154.86  2
        2014092603  5589288       8.24     154.93  2
        2014092606  5493871       8.31     155.10  2
        2014092609  5615305       8.29     155.57  2
        2014092612  6032580       8.17     156.60  2
        2014092615  6549921       8.32     157.23  2
        2014092618  6548551       8.57     157.33  2
        2014092621  6632603       8.67     157.50  2
        2014092700  6792672       8.92     157.51  2
        2014092703  6840880       9.66     157.08  1
        2014092706  6817063      10.43     156.72  1
        2014092709  6878910      11.07     156.49  1
        2014092712  7054230      11.84     156.20  1
        2014092715  7213793      12.61     155.96  1
        2014092718  7217911      13.25     155.92  1
        2014092721  7323000      13.60     155.87  1
        2014092800  7322986      13.91     155.79  1
        2014092803  7385880      14.14     155.68  1
        2014092806  7385720      14.22     155.61  1
        2014092809  7471090      14.36     155.50  1
        2014092812  7609429      14.30     155.36  1
        2014092815  7693126      14.51     155.10  1
        2014092818  7533677      14.53     154.69  1
        2014092821  7470938      14.51     154.19  1
        2014092900  7335366      14.38     153.61  1
        2014092903  4889009       6.74     155.64  1
        2014092906  4698108       6.73     154.54  1
        2014092909  4666933       6.67     153.89  1
        2014092912  4624081       6.58     153.38  1
        2014092915  4626723       6.51     152.86  1
        2014092918  4533509       6.55     152.21  1
        2014092921  4511672       6.55     151.85  1
        2014093000  4466489       6.67     151.43  1
        2014093003  4420021       6.85     151.03  1
        2014093006  4384854       7.08     150.72  1
        2014093009  4375912       7.29     150.48  1
        2014093012  4462163       7.51     150.28  1
        2014093015  4678371       7.78     150.02  1
        2014093018  4784990       8.18     149.70  1
        2014093021  4820073       8.35     149.75  1
        2014100100  4798739       8.48     149.69  1
        2014100103  4895402       8.56     149.72  1
        2014100106  4844288       8.71     149.64  1
        2014100109  6542209       7.47     153.91  1
        2014100112  7041680       7.44     154.62  1
        2014100115  7458645       7.57     154.85  1
        2014100118  7561320       7.67     154.88  1
        2014100121  7642100       7.84     154.88  1
        2014100200  7756025       8.02     154.95  1
        2014100203  7824663       8.12     155.01  1
        2014100206  7714291       8.22     154.98  1
        2014100209  7792184       8.25     155.03  1
        2014100212  7953755       8.29     154.99  1
        2014100215  8319848       8.30     154.97  1
        2014100218  8484377       8.39     154.94  1
        2014100221  8558437       8.42     155.05  1
        2014100300  8698345       8.52     155.00  1
        2014100303  8858293       8.57     154.93  1
        2014100306  8957146       8.58     154.72  1
        2014100309  9048018       8.56     154.55  1
        2014100312  9197075       8.42     154.37  1
        2014100315  9385003       8.30     154.04  1
        2014100318  9207031       8.28     153.66  1
        2014100321  9020202       8.16     153.49  1
        2014100400  8982841       8.18     153.10  1
        2014100403  9018804       8.29     152.68  1
        2014100406  8859778       8.28     152.30  1
        2014100409  8868371       8.23     152.14  1
        2014100412  8813595       8.22     151.89  1
        2014100415  8699442       8.29     151.49  1
        2014100418  8402764       8.37     151.06  1
        2014100421  8396371       8.59     150.69  1
        2014100500  8413024       8.97     150.24  1
        2014100503  8369089       9.72     149.76  1
        2014100506  8244768      10.44     149.35  1
        2014100509  8287847      11.08     149.30  1
        2014100512  5951592       3.75     154.90  1
        2014100515  5997199       3.58     155.10  1
        2014100518  5790752       3.53     154.92  1
        2014100521  5695245       3.36     154.96  1
        2014100600  5671669       3.22     154.91  1
        2014100603  5650058       2.83     155.10  1
        2014100606  5577941       2.28     155.29  1
        2014100609  5600355       1.82     155.37  1
        2014100612  5781369       1.39     155.25  1
        2014100615  5977243       1.01     154.98  1
        2014100618  5931298       0.79     154.54  1
        2014100621  5885027       0.42     154.23  1
        2014100700  5783819      -0.01     153.99  1
        2014100703  5548372      -0.63     153.65  1
        2014100706  1936297      12.61     141.11  1
        2014100709  1987794      12.84     140.69  1
        2014100712  2117221      13.08     139.99  1
        2014100715  2325257      13.29     139.33  1
        2014100718  2622941      13.49     138.58  1
        2014100721  2732436      13.67     138.30  1
        2014100800  2855874      13.84     137.94  1
        2014100803  3089283      14.04     137.34  1
        2014100806  3297277      14.22     136.83  1
        2014100809  3466069      14.39     136.59  1
        2014100812  7076993      12.48     120.27  1
        2014100815  7336305      12.58     120.72  1
        2014100818  7417784      12.67     120.90  1
        2014100821  7282249      12.87     121.31  1
        2014100900  1647872      10.47      93.12  1
        2014100903  1575892      10.59      92.64  1
        2014100906  1535707      10.74      92.23  1
        2014100909  1488075      10.87      92.01  1
        2014100912  1409484      10.99      91.69  1
        2014100915  1355949      11.10      91.45  1
        2014100918  1311395      11.25      91.17  1
        2014100921  1321872      11.43      90.79  1
        2014101000  1256130      11.59      90.44  1
        2014101003  1215327      11.76      90.11  1
        2014101006  1263218      12.01      89.74  1
        2014101009  1301316      12.24      89.35  1
        2014101012  1294606      12.37      89.08  1
        2014101015  1309609      12.53      88.79  1
        2014101018  1406872      12.76      88.41  1
        2014101021  1436548      12.96      88.17  1
        2014101100  1416377      13.20      87.96  1
        2014101103  1445871      13.41      87.77  1
        2014101106  1456359      13.66      87.54  1
        2014101109  1453894      13.93      87.33  1
        2014101112  1440169      14.09      87.23  1
        2014101115  1447588      14.22      87.18  1
        2014101118  1504428      14.32      87.07  1
        2014101121  1572830      14.46      86.97  1
        2014101200  1593206      14.64      86.83  1
        2014101203  1637396      14.80      86.63  1
        2014101206  1659034      14.99      86.42  1
        2014101209  1656267      15.15      86.31  1
        2014101212  1644050      15.29      86.23  1
        2014101215  1636036      15.45      86.19  1
        2014101218  1645183      15.61      86.16  1
        2014101221  1640083      15.68      86.13  1
        2014101300  1589268      15.83      86.09  1
        2014101303  1547897      15.90      86.09  1
        2014101306  1476073      15.99      86.00  1
        2014101309  1338664      16.15      85.84  1
        2014101312  1202599      16.37      85.69  1
        2014101315  1125357      16.54      85.59  1
        2014101318  1010708      16.83      85.49  1
        2014101321   793330      17.26      85.35  1
        2014101400   630647      17.64      85.25  1
        2014101403   464073      18.05      85.10  1
LPT    12.0200
        2014092200   857668       8.87     154.42  1
        2014092203  1454494       9.10     154.28  1
        2014092206  1738503       9.42     154.80  1
        2014092209  2060554       9.62     154.96  1
        2014092212  2430773       9.71     155.05  1
        2014092215  2964262       9.76     155.38  1
        2014092218  3328815       9.74     155.24  1
        2014092221  3488668       9.75     155.25  1
        2014092300  3592885       9.77     155.36  1
        2014092303  3714135       9.88     155.29  1
        2014092306  3757124       9.99     155.03  1
        2014092309  3844650      10.09     154.78  1
        2014092312  3917456      10.19     154.41  1
        2014092315  4115125      10.30     154.08  1
        2014092318  5086993       8.10     154.25  1
        2014092321  5332564       7.96     154.03  1
        2014092400  5620377       7.98     153.91  1
        2014092403  5836920       7.96     153.80  1
        2014092406  5763928       8.10     153.61  2
        2014092409  5915315       8.15     153.54  2
        2014092412  6220038       8.03     153.58  1
        2014092415  6521999       7.87     153.53  1
        2014092418  6383220       8.21     153.44  1
        2014092421  6351879       8.35     153.61  2
        2014092500  6328386       8.40     153.81  2
        2014092503  6267760       8.51     154.02  2
        2014092506  6000964       8.55     154.28  2
        2014092509  5973852       8.42     154.44  2
        2014092512  5954952       8.24     154.59  2
        2014092515  5983896       8.21     154.66  2
        2014092518  5824025       8.08     154.73  2
        2014092521  5660585       8.04     154.88  2
        2014092600  5603286       8.20     154.86  2
        2014092603  5589288       8.24     154.93  2
        2014092606  5493871       8.31     155.10  2
        2014092609  5615305       8.29     155.57  2
        2014092612  6032580       8.17     156.60  2
        2014092615  6549921       8.32     157.23  2
        2014092618  6548551       8.57     157.33  2
        2014092621  6632603       8.67     157.50  2
        2014092700  6792672       8.92     157.51  2
        2014092703  6840880       9.66     157.08  1
        2014092706  6817063      10.43     156.72  1
        2014092709  6878910      11.07     156.49  1
        2014092712  7054230      11.84     156.20  1
        2014092715  7213793      12.61     155.96  1
        2014092718  7217911      13.25     155.92  1
        2014092721  7323000      13.60     155.87  1
        2014092800  7322986      13.91     155.79  1
        2014092803  7385880      14.14     155.68  1
        2014092806  7385720      14.22     155.61  1
        2014092809  7471090      14.36     155.50  1
        2014092812  7609429      14.30     155.36  1
        2014092815  7693126      14.51     155.10  1
        2014092818  7533677      14.53     154.69  1
        2014092821  7470938      14.51     154.19  1
        2014092900  7335366      14.38     153.61  1
        2014092903  4889009       6.74     155.64  1
        2014092906  4698108       6.73     154.54  1
        2014092909  4666933       6.67     153.89  1
        2014092912  4624081       6.58     153.38  1
        2014092915  4626723       6.51     152.86  1
        2014092918  4533509       6.55     152.21  1
        2014092921  4511672       6.55     151.85  1
        2014093000  4466489       6.67     151.43  1
        2014093003  4420021       6.85     151.03  1
        2014093006  4384854       7.08     150.72  1
        2014093009  4375912       7.29     150.48  1
        2014093012  4462163       7.51     150.28  1
        2014093015  4678371       7.78     150.02  1
        2014093018  4784990       8.18     149.70  1
        2014093021  4820073       8.35     149.75  1
        2014100100  4798739       8.48     149.69  1
        2014100103  4895402       8.56     149.72  1
        2014100106  4844288       8.71     149.64  1
        2014100109  6542209       7.47     153.91  1
        2014100112  7041680       7.44     154.62  1
        2014100115  7458645       7.57     154.85  1
        2014100118  7561320       7.67     154.88  1
        2014100121  7642100       7.84     154.88  1
        2014100200  7756025       8.02     154.95  1
        2014100203  7824663       8.12     155.01  1
        2014100206  7714291       8.22     154.98  1
        2014100209  7792184       8.25     155.03  1
        2014100212  7953755       8.29     154.99  1
        2014100215  8319848       8.30     154.97  1
        2014100218  8484377       8.39     154.94  1
        2014100221  8558437       8.42     155.05  1
        2014100300  8698345       8.52     155.00  1
        2014100303  8858293       8.57     154.93  1
        2014100306  8957146       8.58     154.72  1
        2014100309  9048018       8.56     154.55  1
        2014100312  9197075       8.42     154.37  1
        2014100315  9385003       8.30     154.04  1
        2014100318  9207031       8.28     153.66  1
        2014100321  9020202       8.16     153.49  1
        2014100400  8982841       8.18     153.10  1
        2014100403  9018804       8.29     152.68  1
        2014100406  8859778       8.28     152.30  1
        2014100409  8868371       8.23     152.14  1
        2014100412  8813595       8.22     151.89  1
        2014100415  8699442       8.29     151.49  1
        2014100418  8402764       8.37     151.06  1
        2014100421  8396371       8.59     150.69  1
        2014100500  8413024       8.97     150.24  1
        2014100503  8369089       9.72     149.76  1
        2014100506  8244768      10.44     149.35  1
        2014100509  8287847      11.08     149.30  1
        2014100512  5951592       3.75     154.90  1
        2014100515  5997199       3.58     155.10  1
        2014100518  5790752       3.53     154.92  1
        2014100521  5695245       3.36     154.96  1
        2014100600  5671669       3.22     154.91  1
        2014100603  5650058       2.83     155.10  1
        2014100606  5577941       2.28     155.29  1
        2014100609  5600355       1.82     155.37  1
        2014100612  5781369       1.39     155.25  1
        2014100615  5977243       1.01     154.98  1
        2014100618  5931298       0.79     154.54  1
        2014100621  5885027       0.42     154.23  1
        2014100700  5783819      -0.01     153.99  1
        2014100703  5548372      -0.63     153.65  1
        2014100706  1936297      12.61     141.11  1
        2014100709  1987794      12.84     140.69  1
        2014100712  2117221      13.08     139.99  1
        2014100715  2325257      13.29     139.33  1
        2014100718  2622941      13.49     138.58  1
        2014100721  2732436      13.67     138.30  1
        2014100800  2855874      13.84     137.94  1
        2014100803  3089283      14.04     137.34  1
        2014100806  3297277      14.22     136.83  1
        2014100809  3466069      14.39     136.59  1
        2014100812  7076993      12.48     120.27  1
        2014100815  7336305      12.58     120.72  1
        2014100818  7417784      12.67     120.90  1
        2014100821  7282249      12.87     121.31  1
        2014100900  5570067      13.86     130.14  1
        2014100903  5655144      14.09     130.20  1
        2014100906  5842040      14.35     130.23  1
        2014100909  5918370      14.57     130.33  1
        2014100912  5996061      14.88     130.53  1
        2014100915  6088038      15.17     130.72  1
        2014100918  6108464      15.52     130.84  1
        2014100921  6070164      15.90     130.98  1
        2014101000  6120159      16.29     131.14  1
        2014101003  6165523      16.68     131.29  1
        2014101006  6271482      17.07     131.36  1
        2014101009  6301830      17.50     131.63  1
        2014101012  6367206      17.94     131.93  1
        2014101015  6384210      18.46     132.35  1
        2014101018  6305104      18.92     132.61  1
        2014101021  6173272      19.45     133.00  1
        2014101100  6081875      19.90     133.28  1
        2014101103  5956296      20.32     133.61  1
        2014101106  5743284      20.87     133.96  1
        2014101109  4853806      23.10     137.04  1
        2014101112  4858842      23.41     137.24  1
        2014101115  4836779      23.85     137.63  1
        2014101118  4812921      24.31     138.20  1
        2014101121  4911698      24.82     139.27  1
        2014101200  5284638      25.61     141.58  1
        2014101203  5542082      26.35     143.55  1
        2014101206  5654506      26.89     144.81  1
        2014101209  5756491      27.46     146.38  1
        2014101212  5864920      27.84     147.52  1
        2014101215  5932968      28.33     148.80  1
        2014101218  5834025      28.73     149.67  1
        2014101221  5779311      29.16     150.61  1
        2014101300  2893866      31.60     166.56  1
        2014101303  2875300      31.90     167.18  1
        2014101306  2861245      32.23     167.81  1
        2014101309  2835257      32.54     168.33  1
        2014101312  2778529      32.80     168.85  1
        2014101315  2732842      33.14     169.48  1
        2014101318  2704997      33.47     170.10  1
        2014101321  2663247      33.87     170.77  1
        2014101400  2564031      34.17     171.25  1
        2014101403  2453604      34.47     171.68  1
        2014101406  2334715      34.82     172.21  1
        2014101409  2239520      35.11     172.61  1
        2014101412  2068514      35.45     173.09  1
        2014101415  1565492      35.80     173.80  1
        2014101418  1238264      36.34     174.60  1
        2014101421  1016351      36.88     175.35  1
        2014101500   672973      37.80     176.65  1
        2014101503   288972      38.95     178.34  1
LPT    12.0300
        2014100415   313119       7.69      97.15  1
        2014100418   697288       7.64      96.88  1
        2014100421   977346       7.60      96.77  1
        2014100500  1254751       7.66      96.73  1
        2014100503  1483966       7.70      96.69  1
        2014100506  1817196       7.70      96.74  1
        2014100509  2059038       7.76      96.84  1
        2014100512  2229814       7.81      97.07  1
        2014100515  2396852       7.83      97.36  1
        2014100518  2629038       7.92      97.72  1
        2014100521  2806467       7.97      98.05  1
        2014100600  2955088       8.00      98.37  1
        2014100603  3077261       7.99      98.69  1
        2014100606  3206976       8.01      99.02  1
        2014100609  3328257       8.03      99.26  1
        2014100612  3397976       8.02      99.57  1
        2014100615  3466510       8.06      99.82  1
        2014100618  3549297       8.11     100.07  1
        2014100621  3615423       8.23     100.10  1
        2014100700  3636773       8.33     100.14  1
        2014100703  3614618       8.43     100.13  1
        2014100706  3670564       8.51     100.28  1
        2014100709  3691817       8.61     100.35  1
        2014100712  3660013       8.69     100.43  1
        2014100715  3616955       8.83     100.54  1
        2014100718  3663909       9.02     100.74  1
        2014100721  3510752       9.28     100.53  1
        2014100800  3406880       9.49     100.45  1
        2014100803  3309193       9.70     100.29  1
        2014100806  3374317       9.90     100.60  1
        2014100809  3319019      10.07     101.26  1
        2014100812  7076993      12.48     120.27  1
        2014100815  7336305      12.58     120.72  1
        2014100818  7417784      12.67     120.90  1
        2014100821  7282249      12.87     121.31  1
        2014100900  1647872      10.47      93.12  1
        2014100903  1575892      10.59      92.64  1
        2014100906  1535707      10.74      92.23  1
        2014100909  1488075      10.87      92.01  1
        2014100912  1409484      10.99      91.69  1
        2014100915  1355949      11.10      91.45  1
        2014100918  1311395      11.25      91.17  1
        2014100921  1321872      11.43      90.79  1
        2014101000  1256130      11.59      90.44  1
        2014101003  1215327      11.76      90.11  1
        2014101006  1263218      12.01      89.74  1
        2014101009  1301316      12.24      89.35  1
        2014101012  1294606      12.37      89.08  1
        2014101015  1309609      12.53      88.79  1
        2014101018  1406872      12.76      88.41  1
        2014101021  1436548      12.96      88.17  1
        2014101100  1416377      13.20      87.96  1
        2014101103  1445871      13.41      87.77  1
        2014101106  1456359      13.66      87.54  1
        2014101109  1453894      13.93      87.33  1
        2014101112  1440169      14.09      87.23  1
        2014101115  1447588      14.22      87.18  1
        2014101118  1504428      14.32      87.07  1
        2014101121  1572830      14.46      86.97  1
        2014101200  1593206      14.64      86.83  1
        2014101203  1637396      14.80      86.63  1
        2014101206  1659034      14.99      86.42  1
        2014101209  1656267      15.15      86.31  1
        2014101212  1644050      15.29      86.23  1
        2014101215  1636036      15.45      86.19  1
        2014101218  1645183      15.61      86.16  1
        2014101221  1640083      15.68      86.13  1
        2014101300  1589268      15.83      86.09  1
        2014101303  1547897      15.90      86.09  1
        2014101306  1476073      15.99      86.00  1
        2014101309  1338664      16.15      85.84  1
        2014101312  1202599      16.37      85.69  1
        2014101315  1125357      16.54      85.59  1
        2014101318  1010708      16.83      85.49  1
        2014101321   793330      17.26      85.35  1
        2014101400   630647      17.64      85.25  1
        2014101403   464073      18.05      85.10  1
LPT    12.0400
        2014100415   313119       7.69      97.15  1
        2014100418   697288       7.64      96.88  1
        2014100421   977346       7.60      96.77  1
        2014100500  1254751       7.66      96.73  1
        2014100503  1483966       7.70      96.69  1
        2014100506  1817196       7.70      96.74  1
        2014100509  2059038       7.76      96.84  1
        2014100512  2229814       7.81      97.07  1
        2014100515  2396852       7.83      97.36  1
        2014100518  2629038       7.92      97.72  1
        2014100521  2806467       7.97      98.05  1
        2014100600  2955088       8.00      98.37  1
        2014100603  3077261       7.99      98.69  1
        2014100606  3206976       8.01      99.02  1
        2014100609  3328257       8.03      99.26  1
        2014100612  3397976       8.02      99.57  1
        2014100615  3466510       8.06      99.82  1
        2014100618  3549297       8.11     100.07  1
        2014100621  3615423       8.23     100.10  1
        2014100700  3636773       8.33     100.14  1
        2014100703  3614618       8.43     100.13  1
        2014100706  3670564       8.51     100.28  1
        2014100709  3691817       8.61     100.35  1
        2014100712  3660013       8.69     100.43  1
        2014100715  3616955       8.83     100.54  1
        2014100718  3663909       9.02     100.74  1
        2014100721  3510752       9.28     100.53  1
        2014100800  3406880       9.49     100.45  1
        2014100803  3309193       9.70     100.29  1
        2014100806  3374317       9.90     100.60  1
        2014100809  3319019      10.07     101.26  1
        2014100812  7076993      12.48     120.27  1
        2014100815  7336305      12.58     120.72  1
        2014100818  7417784      12.67     120.90  1
        2014100821  7282249      12.87     121.31  1
        2014100900  5570067      13.86     130.14  1
        2014100903  5655144      14.09     130.20  1
        2014100906  5842040      14.35     130.23  1
        2014100909  5918370      14.57     130.33  1
        2014100912  5996061      14.88     130.53  1
        2014100915  6088038      15.17     130.72  1
        2014100918  6108464      15.52     130.84  1
        2014100921  6070164      15.90     130.98  1
        2014101000  6120159      16.29     131.14  1
        2014101003  6165523      16.68     131.29  1
        2014101006  6271482      17.07     131.36  1
        2014101009  6301830      17.50     131.63  1
        2014101012  6367206      17.94     131.93  1
        2014101015  6384210      18.46     132.35  1
        2014101018  6305104      18.92     132.61  1
        2014101021  6173272      19.45     133.00  1
        2014101100  6081875      19.90     133.28  1
        2014101103  5956296      20.32     133.61  1
        2014101106  5743284      20.87     133.96  1
        2014101109  4853806      23.10     137.04  1
        2014101112  4858842      23.41     137.24  1
        2014101115  4836779      23.85     137.63  1
        2014101118  4812921      24.31     138.20  1
        2014101121  4911698      24.82     139.27  1
        2014101200  5284638      25.61     141.58  1
        2014101203  5542082      26.35     143.55  1
        2014101206  5654506      26.89     144.81  1
        2014101209  5756491      27.46     146.38  1
        2014101212  5864920      27.84     147.52  1
        2014101215  5932968      28.33     148.80  1
        2014101218  5834025      28.73     149.67  1
        2014101221  5779311      29.16     150.61  1
        2014101300  2893866      31.60     166.56  1
        2014101303  2875300      31.90     167.18  1
        2014101306  2861245      32.23     167.81  1
        2014101309  2835257      32.54     168.33  1
        2014101312  2778529      32.80     168.85  1
        2014101315  2732842      33.14     169.48  1
        2014101318  2704997      33.47     170.10  1
        2014101321  2663247      33.87     170.77  1
        2014101400  2564031      34.17     171.25  1
        2014101403  2453604      34.47     171.68  1
        2014101406  2334715      34.82     172.21  1
        2014101409  2239520      35.11     172.61  1
        2014101412  2068514      35.45     173.09  1
        2014101415  1565492      35.80     173.80  1
        2014101418  1238264      36.34     174.60  1
        2014101421  1016351      36.88     175.35  1
        2014101500   672973      37.80     176.65  1
        2014101503   288972      38.95     178.34  1
LPT    13.0100
        2014101409   528194      -1.43      64.79  1
        2014101412   721157      -1.41      65.07  1
        2014101415   886284      -1.42      65.32  1
        2014101418  1113852      -1.46      65.68  1
        2014101421  1310530      -1.47      66.11  1
        2014101500  1467069      -1.46      66.36  1
        2014101503  1594275      -1.47      66.65  1
        2014101506  1702984      -1.49      66.99  1
        2014101509  1840149      -1.55      67.28  1
        2014101512  1923327      -1.64      67.49  1
        2014101515  2010400      -1.72      67.85  1
        2014101518  2131365      -1.81      68.25  1
        2014101521  2290932      -1.90      68.88  1
        2014101600  2316340      -1.99      69.18  1
        2014101603  2892392      -1.93      72.86  1
        2014101606  3099006      -2.04      73.79  1
        2014101609  3205270      -2.10      74.25  1
        2014101612  3168188      -2.14      74.60  1
        2014101615  3223645      -2.14      75.15  1
        2014101618  3283708      -2.11      75.74  1
        2014101621  3382290      -2.06      76.29  1
        2014101700  3306079      -1.96      77.00  1
        2014101703  3337665      -1.87      77.52  1
        2014101706  3389210      -1.75      78.22  1
        2014101709  3422303      -1.56      78.94  1
        2014101712  3389137      -1.35      79.67  1
        2014101715  3439890      -1.11      80.37  1
        2014101718  3530705      -0.89      81.13  1
        2014101721  3658287      -0.58      82.08  1
        2014101800  3691887      -0.32      82.84  1
        2014101803  3775363      -0.07      83.42  1
        2014101806  3901986       0.12      84.05  1
        2014101809  4007721       0.34      84.55  1
        2014101812  4038232       0.55      85.01  1
        2014101815  4104173       0.71      85.38  1
        2014101818  4223192       0.88      85.81  1
        2014101821  4318350       1.08      86.23  1
        2014101900  4333510       1.25      86.67  1
        2014101903  4348009       1.37      87.07  1
        2014101906  4377068       1.44      87.49  1
        2014101909  4349813       1.55      87.80  1
        2014101912  4282635       1.61      88.10  1
        2014101915  4295557       1.58      88.36  1
        2014101918  4301589       1.53      88.63  1
        2014101921  4259148       1.50      88.89  1
        2014102000  4092286       1.39      89.26  1
        2014102003  3920994       1.17      89.61  1
        2014102006  3695198       0.90      90.05  1
        2014102009  3464655       0.63      90.56  1
        2014102012  3159548       0.24      91.04  1
        2014102015  2954724      -0.07      91.24  1
        2014102018  2767429      -0.37      91.33  1
        2014102021  2622347      -0.56      91.23  1
        2014102100  2453302      -0.89      91.25  1
        2014102103  2373402      -1.28      91.16  1
        2014102106  2360336      -1.64      91.15  1
        2014102109  2312613      -1.98      91.28  1
        2014102112  2183503      -2.37      91.26  1
        2014102115  2110400      -2.83      91.15  1
        2014102118  2027302      -3.30      91.17  1
        2014102121  1957149      -3.81      91.08  1
        2014102200  1883239      -4.26      91.01  1
        2014102203  1795881      -4.92      90.85  1
        2014102206  1829576      -5.24      90.82  1
        2014102209  1776213      -5.69      90.67  1
        2014102212  1694795      -6.04      90.56  1
        2014102215  1628863      -6.33      90.38  1
        2014102218  1501146      -6.57      90.14  1
        2014102221  1384142      -6.82      90.02  1
        2014102300  1294131      -7.02      89.87  1
        2014102303  1175180      -7.19      89.70  1
        2014102306  1058408      -7.43      89.50  1
        2014102309   969591      -7.51      89.34  1
        2014102312   827278      -7.58      89.23  1
        2014102315   749247      -7.61      89.16  1
        2014102318   697327      -7.57      89.14  1
        2014102321   661335      -7.61      89.03  1
        2014102400   577778      -7.75      88.87  1
        2014102403   482880      -7.80      88.66  1
        2014102406   348126      -7.94      88.33  1
LPT    14.0100
        2014101509   305458      11.18     272.55  1
        2014101512   498321      11.38     271.90  1
        2014101515   614543      11.54     271.13  1
        2014101518   790309      11.71     270.34  1
        2014101521   933287      11.88     269.73  1
        2014101600   989319      12.04     269.16  1
        2014101603  1054416      12.17     268.62  1
        2014101606  1215748      12.34     268.10  1
        2014101609  1314452      12.49     267.56  1
        2014101612  1394503      12.57     267.18  1
        2014101615  1457632      12.71     266.82  1
        2014101618  1550897      12.83     266.57  1
        2014101621  1659993      12.92     266.24  1
        2014101700  1723959      13.01     266.06  1
        2014101703  1776761      13.08     265.79  1
        2014101706  1835432      13.17     265.54  1
        2014101709  1876046      13.25     265.25  1
        2014101712  1875597      13.31     264.96  1
        2014101715  1857123      13.38     264.66  1
        2014101718  1805089      13.44     264.40  1
        2014101721  1805370      13.51     264.05  1
        2014101800  1752423      13.58     263.77  1
        2014101803  1702009      13.62     263.51  1
        2014101806  1636840      13.62     263.24  1
        2014101809  1445383      13.69     262.96  1
        2014101812  1297285      13.77     262.62  1
        2014101815  1246757      13.83     262.38  1
        2014101818  1147144      13.98     262.17  1
        2014101821  1076481      14.20     261.98  1
        2014101900   990250      14.41     261.90  1
        2014101903   958271      14.55     261.83  1
        2014101906   915167      14.68     261.80  1
        2014101909   870223      14.90     261.74  1
        2014101912   827841      15.06     261.80  1
        2014101915   795491      15.13     261.82  1
        2014101918   748173      15.24     261.86  1
        2014101921   725193      15.42     262.09  1
        2014102000   648683      15.61     262.33  1
        2014102003   607326      15.77     262.49  1
        2014102006   540786      15.92     262.68  1
        2014102009   500350      16.05     262.85  1
        2014102012   441321      16.23     263.05  1
        2014102015   390492      16.43     263.25  1
        2014102018   350084      16.65     263.61  1
        2014102021   370362      16.88     264.04  1
        2014102100   327788      17.13     264.52  1
        2014102103   381297      17.31     264.89  1
        2014102106   416198      17.52     265.24  1
        2014102109   512603      17.80     265.52  1
        2014102112   605387      17.96     265.77  1
        2014102115   644936      18.19     266.02  1
        2014102118   633176      18.39     266.31  1
        2014102121   767944      18.55     266.79  1
        2014102200   838253      18.68     267.18  1
        2014102203   956339      18.73     267.59  1
        2014102206  1013935      18.75     267.86  1
        2014102209  1172707      18.81     268.16  1
        2014102212  1213555      18.91     268.58  1
        2014102215  1279214      19.10     269.09  1
        2014102218  1339636      19.29     269.62  1
        2014102221  1492811      19.48     270.26  1
        2014102300  1566859      19.64     270.72  1
        2014102303  1657044      19.76     271.12  1
        2014102306  1715733      19.83     271.43  1
        2014102309  1818849      19.88     271.77  1
        2014102312  1855607      20.02     272.14  1
        2014102315  1869290      20.15     272.49  1
        2014102318  1926377      20.27     272.91  1
        2014102321  1959822      20.31     273.20  1
        2014102400  1968459      20.37     273.50  1
        2014102403  1927476      20.48     273.79  1
        2014102406  1898943      20.57     274.25  1
        2014102409  1839708      20.64     274.66  1
        2014102412  1773954      20.78     275.15  1
        2014102415  1697995      20.94     275.63  1
        2014102418  1665270      21.03     276.07  1
        2014102421  1695552      21.09     276.43  1
        2014102500  1676497      21.24     276.99  1
        2014102503  1709778      21.41     277.54  1
        2014102506  1712251      21.56     278.07  1
        2014102509  1787221      21.69     278.55  1
        2014102512  1777635      21.88     279.12  1
        2014102515  1825790      22.08     279.69  1
        2014102518  1845014      22.35     280.42  1
        2014102521  1851764      22.53     280.99  1
        2014102600  1740683      22.75     281.68  1
        2014102603  1654160      22.91     282.17  1
        2014102606  1556433      23.07     282.69  1
        2014102609  1464760      23.09     282.90  1
        2014102612  1355433      23.24     283.32  1
        2014102615  1210428      23.30     283.60  1
        2014102618  1088478      23.31     283.83  1
        2014102621   823499      23.69     284.49  1
        2014102700   671623      24.12     285.28  1
        2014102703   537356      24.56     286.08  1
        2014102706   479587      24.80     286.66  1
        2014102709   368284      25.22     287.47  1
LPT    15.0100
        2014102215   345748      -6.04     152.57  1
        2014102218   418015      -5.96     152.85  1
        2014102221   464243      -5.81     153.55  1
        2014102300   485850      -5.70     154.22  1
        2014102303   644226      -5.63     155.20  1
        2014102306   694325      -5.49     155.89  1
        2014102309   794288      -5.42     156.42  1
        2014102312   913454      -5.36     156.90  1
        2014102315   928375      -5.12     157.08  1
        2014102318  1029241      -4.96     157.63  1
        2014102321  1056386      -4.75     157.83  1
        2014102400  1128150      -4.49     158.09  1
        2014102403  1289984      -4.11     158.17  1
        2014102406  1403956      -3.86     158.28  1
        2014102409  1526434      -3.53     158.37  1
        2014102412  1620020      -3.04     158.23  1
        2014102415  1734805      -2.31     157.70  1
        2014102418  1718696      -1.67     157.23  1
        2014102421  1730537      -1.46     156.88  1
        2014102500  1657707      -1.30     156.62  1
        2014102503  1700043      -1.40     156.45  1
        2014102506  1644042      -1.22     156.25  1
        2014102509  1631076      -1.07     156.01  1
        2014102512  1671165      -0.97     155.78  1
        2014102515  1731246      -0.93     155.47  1
        2014102518  1641174      -1.00     154.90  1
        2014102521  1631184      -1.07     154.48  1
        2014102600  1566575      -1.12     153.97  1
        2014102603  1619034      -1.23     153.44  1
        2014102606  1542909      -1.29     152.74  1
        2014102609  1542149      -1.40     152.29  1
        2014102612  1616192      -1.37     151.82  1
        2014102615  1749554      -1.35     151.38  1
        2014102618  1838161      -1.36     151.15  1
        2014102621  1825791      -1.45     150.94  1
        2014102700  1731061      -1.49     150.66  1
        2014102703  1751252      -1.37     150.20  1
        2014102706  1684337      -1.28     149.66  1
        2014102709  1669043      -1.15     149.40  1
        2014102712  1668346      -1.00     149.17  1
        2014102715  1760851      -0.88     149.21  1
        2014102718  1683849      -0.79     149.07  1
        2014102721  1708493      -0.79     149.34  1
        2014102800  1669231      -0.58     149.54  1
        2014102803  1808642      -0.25     149.86  1
        2014102806  1926223       0.26     150.25  1
        2014102809  2030519       0.71     150.65  1
        2014102812  2252873       1.29     151.18  1
        2014102815  2480281       1.79     151.66  1
        2014102818  2559348       2.20     151.99  1
        2014102821  2618517       2.55     152.25  1
        2014102900  2682605       2.77     152.42  1
        2014102903  2781740       3.01     152.42  1
        2014102906  2768655       3.28     152.36  1
        2014102909  2766006       3.61     152.37  1
        2014102912  2810522       3.99     152.27  1
        2014102915  2837748       4.48     152.10  1
        2014102918  2857737       5.02     151.82  1
        2014102921  2847916       5.33     151.64  1
        2014103000  2865583       5.66     151.40  1
        2014103003  2934063       5.88     151.18  1
        2014103006  2859567       6.06     151.05  1
        2014103009  2824966       6.23     150.88  1
        2014103012  2815648       6.38     150.61  1
        2014103015  2853955       6.60     150.25  1
        2014103018  2748579       6.91     149.77  1
        2014103021  2746122       7.22     149.40  1
        2014103100  2665463       7.78     148.87  1
        2014103103  2709777       8.15     148.39  1
        2014103106  2618930       8.84     147.73  1
        2014103109  2551372       9.44     147.02  1
        2014103112  2578957       9.95     146.27  1
        2014103115  2675975      10.37     145.38  1
        2014103118  2762211      10.76     144.63  1
        2014103121  2847298      10.98     144.22  1
        2014110100  2894984      11.15     143.82  1
        2014110103  2983796      11.35     143.34  1
        2014110106  2984011      11.56     142.74  1
        2014110109  2958392      11.71     142.30  1
        2014110112  2988348      11.86     141.78  1
        2014110115  3045755      11.98     141.11  1
        2014110118  2982494      12.11     140.50  1
        2014110121  2920554      12.32     139.91  1
        2014110200  2899625      12.44     139.51  1
        2014110203  2952889      12.58     138.84  1
        2014110206  2970701      12.71     138.25  1
        2014110209  2952183      12.80     137.79  1
        2014110212  2968985      12.94     137.31  1
        2014110215  3063660      13.13     136.81  1
        2014110218  3098132      13.33     136.35  1
        2014110221  3106992      13.48     136.02  1
        2014110300  3164713      13.71     135.69  1
        2014110303  3207882      14.06     135.43  1
        2014110306  3232705      14.36     135.20  1
        2014110309  3245238      14.69     135.03  1
        2014110312  3261074      15.03     134.89  1
        2014110315  3302175      15.49     134.68  1
        2014110318  3258169      15.99     134.59  1
        2014110321  3205613      16.34     134.50  1
        2014110400  3188505      16.69     134.49  1
        2014110403  3215721      17.09     134.55  1
        2014110406  3218311      17.66     134.69  1
        2014110409  4329314      22.98     138.45  1
        2014110412  4360745      23.36     138.64  1
        2014110415  4384192      23.85     138.87  1
        2014110418  4277596      24.41     139.10  1
        2014110421  4265746      24.92     139.39  1
        2014110500  4056503      25.12     139.36  1
        2014110503  3953100      25.53     139.54  1
        2014110506  3635645      25.61     139.27  1
        2014110509  3475272      26.02     139.44  1
        2014110512  3367308      26.30     139.59  1
        2014110515  3214500      26.72     139.89  1
        2014110518  2971121      27.13     140.19  1
        2014110521  2822563      27.70     140.67  1
        2014110600  2693319      28.17     141.07  1
        2014110603  2541539      28.79     141.66  1
        2014110606  2271552      29.29     142.03  1
        2014110609  2102380      29.88     142.51  1
        2014110612  1956783      30.49     142.96  1
        2014110615  1891907      31.31     143.57  1
        2014110618  1692224      32.01     144.16  1
        2014110621  1643786      32.67     144.88  1
        2014110700  1585509      33.17     145.36  1
        2014110703  1486158      33.52     145.74  1
        2014110706  1342690      33.79     145.99  1
        2014110709  1187157      34.06     146.25  1
        2014110712  1034532      34.27     146.42  1
        2014110715   884524      34.54     146.71  1
        2014110718   711477      34.87     147.03  1
        2014110721   554126      35.10     147.35  1
        2014110800   374726      35.24     147.42  1
LPT    16.0100
        2014102918   527513      -0.70      84.77  1
        2014102921   857825      -0.63      84.75  1
        2014103000   973575      -0.51      84.83  1
        2014103003  1130167      -0.37      84.93  1
        2014103006  1226573      -0.17      84.96  1
        2014103009  1355342       0.16      84.85  1
        2014103012  1363793       0.51      84.92  1
        2014103015  1400740       0.79      85.05  1
        2014103018  1492336       1.11      85.20  1
        2014103021  1609189       1.52      85.25  1
        2014103100  1719058       1.84      85.47  1
        2014103103  1839688       2.08      85.73  1
        2014103106  1934950       2.23      85.99  1
        2014103109  2081655       2.40      86.22  1
        2014103112  2217713       2.44      86.48  1
        2014103115  2343803       2.45      86.73  1
        2014103118  2552956       2.44      87.04  1
        2014103121  2765198       2.42      87.24  1
        2014110100  2847703       2.40      87.49  1
        2014110103  2914861       2.35      87.75  1
        2014110106  3042932       2.26      88.18  1
        2014110109  3152975       2.29      88.38  1
        2014110112  3157651       2.32      88.67  1
        2014110115  3239165       2.32      88.94  1
        2014110118  3305324       2.31      89.30  1
        2014110121  3400869       2.43      89.60  1
        2014110200  3414147       2.53      90.06  1
        2014110203  3468890       2.63      90.34  1
        2014110206  3484417       2.70      90.64  1
        2014110209  3556567       2.83      90.87  1
        2014110212  3564238       2.93      91.07  1
        2014110215  3663231       3.07      91.10  1
        2014110218  3701596       3.20      91.09  1
        2014110221  3750192       3.43      91.00  1
        2014110300  3732429       3.61      91.03  1
        2014110303  3720976       3.74      91.05  1
        2014110306  3735361       3.91      91.12  1
        2014110309  3816113       4.13      91.08  1
        2014110312  3820496       4.28      91.11  1
        2014110315  3852098       4.49      91.09  1
        2014110318  3883446       4.61      91.12  1
        2014110321  3849237       4.82      91.13  1
        2014110400  3809209       5.10      91.16  1
        2014110403  3837363       5.42      91.07  1
        2014110406  3879827       5.76      91.03  1
        2014110409  3882024       6.19      90.92  1
        2014110412  3837732       6.48      90.84  1
        2014110415  3808785       6.87      90.73  1
        2014110418  3774138       7.42      90.60  1
        2014110421  3744073       7.83      90.43  1
        2014110500  3561533       8.43      90.41  1
        2014110503  3452725       8.91      90.37  1
        2014110506  3326282       9.63      90.46  1
        2014110509  3304592      10.02      90.59  1
        2014110512  3168130      10.46      90.60  1
        2014110515  3076474      10.72      90.57  1
        2014110518  2953145      11.17      90.60  1
        2014110521  2976449      11.17      90.71  1
        2014110600  2810160      11.53      90.84  1
        2014110603  2662659      11.83      90.93  1
        2014110606  2498323      12.18      91.04  1
        2014110609  2343303      12.45      91.13  1
        2014110612  2134994      12.73      91.26  1
        2014110615  1968110      12.93      91.40  1
        2014110618  1757670      13.16      91.57  1
        2014110621  1629099      13.30      91.64  1
        2014110700  1459090      13.50      91.72  1
        2014110703  1255826      13.66      91.82  1
        2014110706  1011071      13.76      91.85  1
        2014110709   713088      13.88      91.84  1
        2014110712   346415      13.95      91.57  1
LPT    17.0100
        2014111803   319823      -0.49     103.07  1
        2014111806   571538      -0.38     103.00  1
        2014111809   701185      -0.48     103.01  1
        2014111812   819230      -0.40     103.06  1
        2014111815   978136      -0.21     103.13  1
        2014111818  1133900       0.07     103.24  1
        2014111821  1416040       0.34     103.21  1
        2014111900  1540855       0.58     103.35  1
        2014111903  1616318       0.81     103.52  1
        2014111906  1854331       1.01     103.62  1
        2014111909  1990567       1.22     103.73  1
        2014111912  2059642       1.51     103.88  1
        2014111915  2118742       1.77     103.92  1
        2014111918  2307206       2.08     103.73  1
        2014111921  2573082       2.22     102.80  1
        2014112000  2931628       2.35     101.18  1
        2014112003  3190888       2.32      99.67  1
        2014112006  3761370       1.95      97.53  1
        2014112009  3997164       1.88      96.48  1
        2014112012  4020923       1.95      96.00  1
        2014112015  4161097       1.87      95.10  1
        2014112018  4378412       1.75      94.28  1
        2014112021  4530863       1.65      93.13  1
        2014112100  4382986       1.61      92.31  1
        2014112103  4110545       1.50      91.22  1
        2014112106  3953062       1.24      89.88  1
        2014112109  3449437       0.62      86.76  1
        2014112112  3497065       0.74      86.50  1
        2014112115  3638637       0.71      86.13  1
        2014112118  3885034       0.72      85.91  1
        2014112121  4215227       0.71      85.31  1
        2014112200  4289244       0.65      84.90  1
        2014112203  4403985       0.48      84.49  1
        2014112206  4605639       0.28      84.26  1
        2014112209  4847205       0.13      83.98  1
        2014112212  4974814       0.05      83.81  1
        2014112215  5186147      -0.01      83.62  1
        2014112218  5537275      -0.13      83.69  1
        2014112221  5780277      -0.16      83.46  1
        2014112300  5915926      -0.16      83.34  1
        2014112303  6038369      -0.17      83.18  1
        2014112306  6231456      -0.19      83.27  1
        2014112309  6378230      -0.20      83.16  1
        2014112312  6452689      -0.23      83.24  1
        2014112315  6596224      -0.27      83.25  1
        2014112318  6781361      -0.31      83.38  1
        2014112321  6924395      -0.37      83.27  1
        2014112400  6911101      -0.44      83.32  1
        2014112403  6959071      -0.52      83.34  1
        2014112406  7049863      -0.62      83.50  1
        2014112409  7162321      -0.78      83.68  1
        2014112412  7184945      -0.93      83.89  1
        2014112415  7246423      -1.10      84.06  1
        2014112418  7362890      -1.26      84.34  1
        2014112421  7442712      -1.47      84.39  1
        2014112500  7389467      -1.67      84.45  1
        2014112503  7414082      -1.81      84.59  1
        2014112506  7511591      -1.92      84.79  1
        2014112509  7511811      -1.99      84.82  1
        2014112512  7399481      -2.11      84.82  1
        2014112515  7422828      -2.23      84.97  1
        2014112518  7439257      -2.35      85.17  1
        2014112521  7399104      -2.40      85.27  1
        2014112600  7288696      -2.47      85.52  1
        2014112603  7205127      -2.46      85.64  1
        2014112606  7183312      -2.42      86.01  1
        2014112609  7107949      -2.37      86.30  1
        2014112612  6973853      -2.33      86.69  1
        2014112615  6858563      -2.33      86.84  1
        2014112618  6734229      -2.34      87.29  1
        2014112621  6483314      -2.34      87.40  1
        2014112700  6096853      -2.24      88.09  1
        2014112703  5695860      -1.85      88.95  1
        2014112706  4846075      -0.50      91.37  1
        2014112709  4764028      -0.35      91.40  1
        2014112712  4590907      -0.20      91.31  1
        2014112715  4507284      -0.05      91.23  1
        2014112718  4482792       0.08      91.12  1
        2014112721  4382412       0.13      91.12  1
        2014112800  4248261       0.16      91.23  1
        2014112803  4176284       0.22      91.18  1
        2014112806  4099212       0.22      91.02  1
        2014112809  3993977       0.22      91.17  1
        2014112812  3903081       0.17      91.40  1
        2014112815  3812803       0.06      91.54  1
        2014112818  3772393      -0.15      91.78  1
        2014112821  3646642      -0.31      91.98  1
        2014112900  3335763      -0.60      92.10  1
        2014112903  2215215      -3.78      95.76  1
        2014112906  2223813      -4.06      95.89  1
        2014112909  2180765      -4.35      95.90  1
        2014112912  2156229      -4.58      95.82  1
        2014112915  2159591      -4.71      95.88  1
        2014112918  2202514      -4.71      96.05  1
        2014112921  2076854      -4.83      96.16  1
        2014113000  1984405      -4.91      96.13  1
        2014113003  1841163      -5.04      96.13  1
        2014113006  1838042      -5.05      96.26  1
        2014113009  1760981      -5.13      96.30  1
        2014113012  1657831      -5.22      96.19  1
        2014113015  1634000      -5.22      96.30  1
        2014113018  1747520      -4.95      96.77  1
        2014113021  4497748       2.14     109.39  1
        2014120100  4656501       2.03     109.34  1
        2014120103  4708694       2.09     109.75  1
        2014120106  4755207       1.99     109.44  1
        2014120109  4626072       1.99     109.46  1
        2014120112  4502964       1.92     109.33  1
        2014120115  4372276       1.78     109.42  1
        2014120118  4240864       1.83     109.78  1
        2014120121  3898587       1.96     110.44  1
        2014120200  3776687       2.03     111.04  1
        2014120203  3562988       2.19     111.95  1
        2014120206  3422735       2.10     112.55  1
        2014120209  3300299       1.91     113.10  1
        2014120212  3209067       1.65     113.52  1
        2014120215  7174315       2.02     131.78  1
        2014120218  7207600       1.90     131.66  1
        2014120221  7401269       1.78     131.66  1
        2014120300  7507374       1.67     131.49  1
        2014120303  7691197       1.53     131.38  1
        2014120306  7786006       1.48     131.05  1
        2014120309  7654761       1.53     131.14  1
        2014120312  7650205       1.56     131.13  1
        2014120315  7695823       1.64     131.04  1
        2014120318  7491649       1.67     130.99  1
        2014120321  7300640       1.71     131.12  1
        2014120400  7109173       1.76     131.16  1
        2014120403  6826988       1.95     131.56  1
        2014120406  6423813       2.17     131.95  1
        2014120409  6126580       2.33     132.43  1
        2014120412  6103787       2.48     132.57  1
        2014120415  6204551       2.65     132.48  1
        2014120418  6063716       2.80     132.40  1
        2014120421  6002353       2.88     132.23  1
        2014120500  5960891       2.92     132.04  1
        2014120503  5751549       3.07     132.04  1
        2014120506  5550085       3.20     131.59  1
        2014120509  5506269       3.27     131.28  1
        2014120512  5523309       3.21     130.73  1
        2014120515  5595209       3.30     129.83  1
        2014120518  5552238       3.27     128.96  1
        2014120521  3561173       6.94     134.20  1
        2014120600  3272076       7.59     133.73  1
        2014120603  3079742       8.17     133.26  1
        2014120606  2899405       8.94     132.78  1
        2014120609  2815895       9.31     132.42  1
        2014120612  2791922       9.64     132.11  1
        2014120615  2765821      10.05     131.55  1
        2014120618  2544538      10.62     130.89  1
        2014120621  2335111      11.47     130.10  1
        2014120700  2254031      11.73     129.61  1
        2014120703  2175112      11.91     129.24  1
        2014120706  2039009      12.21     128.80  1
        2014120709  1941508      12.48     128.39  1
        2014120712  1933719      12.62     128.16  1
        2014120715  1852627      12.81     127.89  1
        2014120718  1714561      13.02     127.63  1
        2014120721  1692750      13.24     127.39  1
        2014120800  1664445      13.43     127.18  1
        2014120803  1616017      13.61     126.99  1
        2014120806  1547196      13.71     126.75  1
        2014120809  1470630      13.97     126.54  1
        2014120812  1442209      14.20     126.39  1
        2014120815  1379724      14.40     126.30  1
        2014120818  1203338      14.57     126.08  1
        2014120821  1128411      14.77     125.88  1
        2014120900  1063707      14.89     125.70  1
        2014120903   931503      14.96     125.44  1
        2014120906   789109      14.98     125.10  1
        2014120909   579692      14.97     124.67  1
        2014120912   466428      14.93     124.27  1
        2014120915   324763      14.88     123.86  1
LPT    17.0200
        2014112709   733503      -0.37     166.48  1
        2014112712  1586886       0.79     167.82  1
        2014112715  2003450       0.89     167.85  1
        2014112718  2066516       0.88     167.54  1
        2014112721  2108915       0.70     167.05  1
        2014112800  2299896       0.49     166.70  1
        2014112803  2453144       0.27     166.19  1
        2014112806  2434870       0.18     165.76  1
        2014112809  2573626       0.07     165.37  1
        2014112812  2708531      -0.01     165.00  1
        2014112815  2906511       0.06     164.52  1
        2014112818  2945066       0.19     164.19  1
        2014112821  3061311       0.35     163.73  1
        2014112900  3190472       0.34     163.48  1
        2014112903  3389471       0.39     163.15  1
        2014112906  3509323       0.39     162.96  1
        2014112909  3617724       0.39     162.65  1
        2014112912  3821504       0.38     162.28  1
        2014112915  4024766       0.37     161.78  1
        2014112918  4067296       0.26     161.44  1
        2014112921  4153605       0.22     161.11  1
        2014113000  4173104       0.12     160.77  1
        2014113003  4174013       0.04     160.24  1
        2014113006  4176482      -0.01     159.85  1
        2014113009  4214309      -0.02     159.61  1
        2014113012  4255831       0.03     159.31  1
        2014113015  4259537       0.04     158.86  1
        2014113018  4247116       0.12     158.64  1
        2014113021  4228722       0.21     158.39  1
        2014120100  4251952       0.34     157.89  1
        2014120103  4286319       0.50     157.08  1
        2014120106  4205215       0.66     156.34  1
        2014120109  4157850       0.77     155.74  1
        2014120112  4043542       1.03     154.68  1
        2014120115  4073764       1.21     153.62  1
        2014120118  3898855       1.43     152.60  1
        2014120121  3777014       1.59     151.76  1
        2014120200  3708977       1.76     150.82  1
        2014120203  3780133       1.99     149.60  1
        2014120206  3683553       2.14     148.67  1
        2014120209  3675412       2.27     148.12  1
        2014120212  3770390       2.43     147.34  1
        2014120215  7174315       2.02     131.78  1
        2014120218  7207600       1.90     131.66  1
        2014120221  7401269       1.78     131.66  1
        2014120300  7507374       1.67     131.49  1
        2014120303  7691197       1.53     131.38  1
        2014120306  7786006       1.48     131.05  1
        2014120309  7654761       1.53     131.14  1
        2014120312  7650205       1.56     131.13  1
        2014120315  7695823       1.64     131.04  1
        2014120318  7491649       1.67     130.99  1
        2014120321  7300640       1.71     131.12  1
        2014120400  7109173       1.76     131.16  1
        2014120403  6826988       1.95     131.56  1
        2014120406  6423813       2.17     131.95  1
        2014120409  6126580       2.33     132.43  1
        2014120412  6103787       2.48     132.57  1
        2014120415  6204551       2.65     132.48  1
        2014120418  6063716       2.80     132.40  1
        2014120421  6002353       2.88     132.23  1
        2014120500  5960891       2.92     132.04  1
        2014120503  5751549       3.07     132.04  1
        2014120506  5550085       3.20     131.59  1
        2014120509  5506269       3.27     131.28  1
        2014120512  5523309       3.21     130.73  1
        2014120515  5595209       3.30     129.83  1
        2014120518  5552238       3.27     128.96  1
        2014120521  3561173       6.94     134.20  1
        2014120600  3272076       7.59     133.73  1
        2014120603  3079742       8.17     133.26  1
        2014120606  2899405       8.94     132.78  1
        2014120609  2815895       9.31     132.42  1
        2014120612  2791922       9.64     132.11  1
        2014120615  2765821      10.05     131.55  1
        2014120618  2544538      10.62     130.89  1
        2014120621  2335111      11.47     130.10  1
        2014120700  2254031      11.73     129.61  1
        2014120703  2175112      11.91     129.24  1
        2014120706  2039009      12.21     128.80  1
        2014120709  1941508      12.48     128.39  1
        2014120712  1933719      12.62     128.16  1
        2014120715  1852627      12.81     127.89  1
        2014120718  1714561      13.02     127.63  1
        2014120721  1692750      13.24     127.39  1
        2014120800  1664445      13.43     127.18  1
        2014120803  1616017      13.61     126.99  1
        2014120806  1547196      13.71     126.75  1
        2014120809  1470630      13.97     126.54  1
        2014120812  1442209      14.20     126.39  1
        2014120815  1379724      14.40     126.30  1
        2014120818  1203338      14.57     126.08  1
        2014120821  1128411      14.77     125.88  1
        2014120900  1063707      14.89     125.70  1
        2014120903   931503      14.96     125.44  1
        2014120906   789109      14.98     125.10  1
        2014120909   579692      14.97     124.67  1
        2014120912   466428      14.93     124.27  1
        2014120915   324763      14.88     123.86  1
LPT    18.0100
        2014120621   307153      26.42     305.11  1
        2014120700   516756      26.54     305.11  1
        2014120703   892569      26.48     305.30  1
        2014120706  1118246      26.74     305.37  1
        2014120709  1300474      26.97     305.39  1
        2014120712  1482399      27.25     305.41  1
        2014120715  1807543      27.98     305.51  1
        2014120718  2028002      28.52     305.57  1
        2014120721  2340301      29.39     305.74  1
        2014120800  2793118      30.91     306.15  1
        2014120803  3354693      32.93     306.98  1
        2014120806  3836637      34.44     307.59  1
        2014120809  4032622      34.90     307.81  1
        2014120812  4159093      35.10     307.98  1
        2014120815  4271655      35.37     308.17  1
        2014120818  4365866      35.49     308.26  1
        2014120821  4371761      35.76     308.50  1
        2014120900  4429860      36.00     308.76  1
        2014120903  4387790      36.36     309.02  1
        2014120906  4357625      36.67     309.24  1
        2014120909  4284826      36.97     309.46  1
        2014120912  4250825      37.26     309.67  1
        2014120915  4186114      37.52     309.79  1
        2014120918  4067450      37.91     309.88  1
        2014120921  3899676      38.33     309.98  1
        2014121000  3796012      38.53     309.97  1
        2014121003  3647756      38.80     309.94  1
        2014121006  4567980      39.33     305.28  1
        2014121009  4481130      39.59     305.21  1
        2014121012  4523415      39.84     304.89  1
        2014121015  4571951      40.20     304.52  1
        2014121018  4491262      40.95     304.00  1
        2014121021  4449176      41.40     303.71  1
        2014121100  4351300      41.68     303.45  2
        2014121103  4398950      41.97     302.89  1
        2014121106  2179093      42.43     293.30  1
        2014121109  2129946      42.70     292.96  1
        2014121112  2135447      42.87     292.81  1
        2014121115  2119314      43.02     292.75  1
        2014121118  2077812      43.18     292.61  1
        2014121121  2023999      43.32     292.56  1
        2014121200  2008259      43.36     292.57  1
        2014121203  1968519      43.41     292.62  1
        2014121206  1944020      43.46     292.69  1
        2014121209  1859242      43.60     292.87  1
        2014121212  1778480      43.75     293.10  1
        2014121215  1679542      43.93     293.45  1
        2014121218  1547182      44.17     293.97  1
        2014121221  1400397      44.45     294.36  1
        2014121300  1320287      44.58     294.75  1
        2014121303  1259325      44.63     295.07  1
        2014121306  1200631      44.71     295.40  1
        2014121309  1099568      44.96     295.50  1
        2014121312   972621      45.27     295.61  1
        2014121315   802503      45.71     295.68  1
        2014121318   586736      46.41     295.60  1
        2014121321   317289      47.50     295.37  1
LPT    19.0100
        2014121621   485085       3.42     105.22  1
        2014121700   657764       3.45     106.59  1
        2014121703   921164       3.58     107.59  1
        2014121706  1176697       3.63     108.45  1
        2014121709  1419834       3.62     108.96  1
        2014121712  1539576       3.69     109.53  1
        2014121715  1730387       3.96     109.88  1
        2014121718  2107599       4.25     110.00  1
        2014121721  2164234       4.58     110.09  1
        2014121800  2363576       5.02     110.39  1
        2014121803  2526613       5.28     110.55  1
        2014121806  2663433       5.52     110.79  1
        2014121809  2826034       5.62     110.95  1
        2014121812  2853639       5.79     110.97  1
        2014121815  3013181       5.84     110.99  1
        2014121818  3243070       5.78     110.78  1
        2014121821  3373618       5.68     110.68  1
        2014121900  3434771       5.69     110.54  1
        2014121903  3428402       5.59     110.28  1
        2014121906  3431243       5.48     110.20  1
        2014121909  3326235       5.39     110.18  1
        2014121912  3251960       5.22     110.14  1
        2014121915  3204383       5.10     110.08  1
        2014121918  3219661       4.96     109.99  1
        2014121921  3070143       4.99     110.19  1
        2014122000  2909515       5.12     110.27  1
        2014122003  2767457       5.25     110.22  1
        2014122006  2675376       5.30     110.31  1
        2014122009  2585735       5.32     110.38  1
        2014122012  2394439       5.44     110.63  1
        2014122015  2347048       5.44     110.56  1
        2014122018  6873682       4.61      91.04  1
        2014122021  7080828       4.53      90.76  1
        2014122100  7284746       4.39      91.09  1
        2014122103  7278553       4.21      90.68  1
        2014122106  7552825       3.89      91.16  1
        2014122109  7713288       3.57      91.25  1
        2014122112  7817821       3.30      91.43  1
        2014122115  7989297       3.10      91.72  1
        2014122118  8132643       2.96      91.89  1
        2014122121  8205544       2.85      91.87  1
        2014122200  8100769       2.74      92.27  1
        2014122203  8044500       2.64      92.53  1
        2014122206  8097533       2.46      93.06  1
        2014122209  7980936       2.23      93.77  1
        2014122212  7538608       1.84      95.50  1
        2014122215  7510749       1.67      96.05  1
        2014122218  7549692       1.47      96.50  1
        2014122221  7459395       1.27      96.69  1
        2014122300  7383147       1.10      97.02  1
        2014122303  7331118       0.95      97.18  1
        2014122306  7403127       0.80      97.35  1
        2014122309  7373088       0.69      97.59  1
        2014122312  7271800       0.60      97.81  1
        2014122315  7314887       0.56      97.74  1
        2014122318  7472141       0.50      97.84  1
        2014122321  7583004       0.47      97.57  1
        2014122400  7698560       0.49      97.44  1
        2014122403  7738655       0.53      97.20  1
        2014122406  7941065       0.60      96.85  1
        2014122409  7886040       0.64      96.46  1
        2014122412  7846579       0.66      96.24  1
        2014122415  7834660       0.69      95.97  1
        2014122418  7838879       0.68      95.66  1
        2014122421  7837983       0.66      95.34  1
        2014122500  7736321       0.65      95.28  1
        2014122503  7645704       0.67      95.04  1
        2014122506  7593477       0.72      94.84  1
        2014122509  7443994       0.80      94.54  1
        2014122512  7293416       0.84      94.29  1
        2014122515  7253687       0.89      93.97  1
        2014122518  7185245       0.86      93.56  1
        2014122521  7051273       0.89      93.15  1
        2014122600  6976306       0.83      92.97  1
        2014122603  6775752       0.78      92.61  1
        2014122606  6721365       0.66      92.51  1
        2014122609  6616593       0.64      92.40  1
        2014122612  6521181       0.54      92.43  1
        2014122615  6553806       0.40      92.55  1
        2014122618  6607258       0.27      92.81  1
        2014122621  6595451       0.23      92.99  1
        2014122700  6572453       0.15      93.24  1
        2014122703  6508959       0.08      93.46  1
        2014122706  6502165      -0.11      93.80  1
        2014122709  6362565      -0.27      94.19  1
        2014122712  6305007      -0.37      94.63  1
        2014122715  6308355      -0.43      95.03  1
        2014122718  6339708      -0.58      95.59  1
        2014122721  6344781      -0.67      96.30  1
        2014122800  6301581      -0.73      97.08  1
        2014122803  6251284      -0.70      97.69  1
        2014122806  6164220      -0.72      98.48  1
        2014122809  5991385      -0.74      99.17  1
        2014122812  5783253      -0.79      99.94  1
        2014122815  5646377      -0.69     100.47  1
        2014122818  4314324      -2.95     105.14  1
        2014122821  4272189      -2.63     105.79  1
        2014122900  4213122      -2.33     106.41  1
        2014122903  4185068      -1.91     107.05  1
        2014122906  4187582      -1.51     107.71  1
        2014122909  5846931       1.98     114.69  1
        2014122912  5927334       2.32     115.31  1
        2014122915  6032148       2.56     115.63  1
        2014122918  6099827       2.85     116.07  1
        2014122921  6049021       3.01     116.35  1
        2014123000  5935761       3.22     116.63  1
        2014123003  5842458       3.40     116.82  1
        2014123006  5763749       3.57     116.92  1
        2014123009  5639547       3.74     117.00  1
        2014123012  5548476       3.88     117.13  1
        2014123015  5542881       3.91     117.19  1
        2014123018  5506278       3.89     117.29  1
        2014123021  5345949       3.82     117.22  1
        2014123100  5231474       3.74     117.21  1
        2014123103  5105758       3.64     117.19  1
        2014123106  4985832       3.46     117.07  1
        2014123109  4814073       3.35     116.99  1
        2014123112  4689603       3.23     116.92  1
        2014123115  4492204       3.12     116.75  1
        2014123118  4887103       2.31     117.94  1
        2014123121  4543879       1.95     117.90  1
        2015010100  4205137       1.72     117.95  2
        2015010103  3773705       1.38     117.74  2
        2015010106  3810064       0.12     118.56  2
        2015010109  3757791      -0.61     119.15  2
        2015010112  3717812      -1.38     119.34  2
        2015010115  3749621      -2.28     119.51  2
        2015010118  4608712      -2.93     119.87  1
        2015010121  9332683      -3.37     138.79  1
        2015010200  9462967      -3.38     138.20  1
        2015010203  9539673      -3.37     137.95  1
        2015010206  9638916      -3.39     137.17  1
        2015010209  9691905      -3.35     137.03  2
        2015010212  9856539      -3.31     136.92  2
        2015010215  9940296      -3.29     136.89  2
        2015010218  9912258      -3.34     136.22  2
        2015010221  9795690      -3.36     135.79  2
        2015010300  9544088      -3.36     135.09  2
        2015010303  9431610      -3.42     135.01  2
        2015010306  9419826      -3.50     135.03  2
        2015010309  9509436      -3.49     135.39  2
        2015010312  9643403      -3.54     135.77  2
        2015010315  9791986      -3.54     136.11  2
        2015010318  9975540      -3.55     135.89  2
        2015010321  9991924      -3.57     135.86  2
        2015010400  9984836      -3.59     135.99  2
        2015010403  9903019      -3.64     136.45  2
        2015010406  9950717      -3.77     136.56  2
        2015010409  9758055      -3.82     137.22  2
        2015010412  9697118      -3.94     137.76  2
        2015010415  9662116      -4.04     138.24  2
        2015010418  9673532      -4.20     138.26  2
        2015010421  9136461      -4.41     139.38  2
        2015010500  8897688      -4.59     140.31  2
        2015010503  8521371      -4.84     142.12  2
        2015010506  8631924      -5.12     142.63  2
        2015010509  8444562      -5.30     144.32  2
        2015010512  8915242      -5.54     145.85  2
        2015010515  9578582      -5.81     146.70  1
        2015010518  9873015      -5.96     146.88  1
        2015010521  9787557      -5.92     147.67  1
        2015010600  9776312      -5.97     148.14  1
        2015010603  9864345      -6.02     148.51  1
        2015010606  9913410      -6.13     148.71  1
        2015010609  9853484      -6.23     149.11  1
        2015010612  9950447      -6.37     149.16  1
        2015010615  9865901      -6.27     149.36  1
        2015010618  9975329      -6.41     149.03  1
        2015010621  9803361      -6.45     149.16  1
        2015010700  9711494      -6.43     149.36  1
        2015010703  9614811      -6.39     149.75  1
        2015010706  9481944      -6.50     149.73  1
        2015010709  9244457      -6.48     150.18  1
        2015010712  9217609      -6.50     150.25  1
        2015010715  9252113      -6.54     150.40  1
        2015010718  9375236      -6.68     150.04  1
        2015010721  9159802      -6.51     150.37  1
        2015010800  8941999      -6.33     150.42  1
        2015010803  8811724      -6.28     150.31  1
        2015010806  8679439      -6.32     149.88  1
        2015010809  8420437      -6.16     149.82  1
        2015010812  8287009      -6.09     149.63  1
        2015010815  8116625      -6.02     149.28  1
        2015010818  7844815      -6.00     149.11  1
        2015010821  7612981      -5.82     149.67  1
        2015010900  7557609      -5.88     149.77  1
        2015010903  7550928      -5.89     149.99  1
        2015010906  7665660      -6.13     150.12  1
        2015010909  7682499      -6.18     150.57  1
        2015010912  7778225      -6.24     151.03  1
        2015010915  7927176      -6.32     151.51  1
        2015010918  7970065      -6.47     151.82  1
        2015010921  7892685      -6.53     152.24  1
        2015011000  7917923      -6.59     152.45  1
        2015011003  7993809      -6.74     152.65  1
        2015011006  7865492      -6.92     152.76  1
        2015011009  7817533      -6.99     153.04  1
        2015011012  7791950      -7.03     153.22  1
        2015011015  7781773      -7.04     153.26  1
        2015011018  7572369      -6.90     153.18  1
        2015011021  7361055      -6.76     153.17  1
        2015011100  7246940      -6.66     153.08  1
        2015011103  7308030      -6.59     153.12  1
        2015011106  7288449      -6.48     153.14  1
        2015011109  7266084      -6.35     153.21  1
        2015011112  7299011      -6.17     153.24  1
        2015011115  7407132      -6.04     153.21  1
        2015011118  7341590      -5.90     153.25  1
        2015011121  7316557      -5.79     153.16  1
        2015011200  7323516      -5.76     153.00  1
        2015011203  7333984      -5.74     152.86  1
        2015011206  7227096      -5.77     152.58  1
        2015011209  7162629      -5.77     152.48  1
        2015011212  7219103      -5.86     152.45  1
        2015011215  7559460      -6.28     152.93  1
        2015011218  7512473      -6.36     152.95  1
        2015011221  7632817      -6.44     153.15  1
        2015011300  7962443      -6.58     153.42  1
        2015011303  9446522      -5.10     150.69  1
        2015011306  9562924      -5.08     150.63  1
        2015011309  9668866      -5.21     150.83  1
        2015011312  9813714      -5.28     150.90  1
        2015011315 10017722      -5.23     150.94  1
        2015011318  9974273      -5.13     151.02  1
        2015011321  9944536      -5.24     151.40  1
        2015011400  9878486      -5.37     151.80  1
        2015011403  9740874      -5.47     152.21  1
        2015011406  9358365      -5.67     152.73  1
        2015011409  9138792      -5.87     153.04  1
        2015011412  8972492      -5.94     153.21  1
        2015011415  8667169      -5.96     153.44  1
        2015011418  8048110      -5.87     153.82  1
        2015011421  4561834       2.41     144.95  1
        2015011500  4063096       3.53     144.54  1
        2015011503  3603338       4.98     143.90  1
        2015011506  3145650       6.37     143.29  1
        2015011509  2734201       7.84     142.83  1
        2015011512  2541546       8.75     142.44  1
        2015011515  2508030       9.03     142.26  1
        2015011518  2435795       9.30     142.05  1
        2015011521  2365345       9.51     141.94  1
        2015011600  2263839       9.72     141.64  1
        2015011603  2130775      10.02     141.11  1
        2015011606  1946926      10.33     140.56  1
        2015011609  1748875      10.64     140.05  1
        2015011612  1628822      11.00     139.29  1
        2015011615  1571743      11.52     138.03  1
        2015011618  1348246      12.12     136.46  1
        2015011621  1204871      12.47     135.39  1
        2015011700  1220871      12.60     134.40  1
        2015011703  1318502      12.65     133.44  1
        2015011706  1340893      12.68     132.72  1
        2015011709  1410539      12.74     132.12  1
        2015011712  1492930      12.80     131.59  1
        2015011715  1554212      12.85     131.13  1
        2015011718  1513512      12.86     130.51  1
        2015011721  1477980      12.89     129.94  1
        2015011800  1447063      12.90     129.49  1
        2015011803  1378008      12.87     128.94  1
        2015011806  1292445      12.82     128.34  1
        2015011809  1267504      12.84     127.95  1
        2015011812  1261245      12.88     127.63  1
        2015011815  1253943      12.97     127.35  1
        2015011818  1203665      12.94     126.94  1
        2015011821  1172242      12.90     126.61  1
        2015011900  1182656      12.90     126.34  1
        2015011903  1169222      12.87     126.11  1
        2015011906  1143952      12.79     125.83  1
        2015011909  2918039       5.27     119.53  1
        2015011912  3078654       5.13     119.55  1
        2015011915  3199804       4.74     119.32  1
        2015011918  2095139      -0.11     115.90  1
        2015011921  2166650      -0.35     115.81  1
        2015012000  2173405      -0.58     115.60  1
        2015012003  2178576      -0.87     115.34  1
        2015012006  2182165      -1.16     115.12  1
        2015012009  2178156      -1.36     114.96  1
        2015012012  2114890      -1.48     114.75  1
        2015012015  2071696      -1.58     114.64  1
        2015012018  2038460      -1.69     114.61  1
        2015012021  1963673      -1.72     114.43  1
        2015012100  1865105      -1.63     114.40  1
        2015012103  1784296      -1.45     114.34  1
        2015012106  1781241      -1.31     114.31  1
        2015012109  1724294      -1.16     114.22  1
        2015012112  1636574      -1.04     114.21  1
        2015012115  1563465      -1.00     114.19  1
        2015012118  1503413      -1.06     114.16  1
        2015012121  1417896      -1.11     114.11  1
        2015012200  1212945      -1.10     114.01  1
        2015012203  1062638      -1.13     113.90  1
        2015012206   977858      -1.14     113.90  1
        2015012209   846799      -1.10     113.81  1
        2015012212   682486      -1.19     113.72  1
        2015012215   503468      -1.25     113.75  1
LPT    19.0200
        2014121621   485085       3.42     105.22  1
        2014121700   657764       3.45     106.59  1
        2014121703   921164       3.58     107.59  1
        2014121706  1176697       3.63     108.45  1
        2014121709  1419834       3.62     108.96  1
        2014121712  1539576       3.69     109.53  1
        2014121715  1730387       3.96     109.88  1
        2014121718  2107599       4.25     110.00  1
        2014121721  2164234       4.58     110.09  1
        2014121800  2363576       5.02     110.39  1
        2014121803  2526613       5.28     110.55  1
        2014121806  2663433       5.52     110.79  1
        2014121809  2826034       5.62     110.95  1
        2014121812  2853639       5.79     110.97  1
        2014121815  3013181       5.84     110.99  1
        2014121818  3243070       5.78     110.78  1
        2014121821  3373618       5.68     110.68  1
        2014121900  3434771       5.69     110.54  1
        2014121903  3428402       5.59     110.28  1
        2014121906  3431243       5.48     110.20  1
        2014121909  3326235       5.39     110.18  1
        2014121912  3251960       5.22     110.14  1
        2014121915  3204383       5.10     110.08  1
        2014121918  3219661       4.96     109.99  1
        2014121921  3070143       4.99     110.19  1
        2014122000  2909515       5.12     110.27  1
        2014122003  2767457       5.25     110.22  1
        2014122006  2675376       5.30     110.31  1
        2014122009  2585735       5.32     110.38  1
        2014122012  2394439       5.44     110.63  1
        2014122015  2347048       5.44     110.56  1
        2014122018  6873682       4.61      91.04  1
        2014122021  7080828       4.53      90.76  1
        2014122100  7284746       4.39      91.09  1
        2014122103  7278553       4.21      90.68  1
        2014122106  7552825       3.89      91.16  1
        2014122109  7713288       3.57      91.25  1
        2014122112  7817821       3.30      91.43  1
        2014122115  7989297       3.10      91.72  1
        2014122118  8132643       2.96      91.89  1
        2014122121  8205544       2.85      91.87  1
        2014122200  8100769       2.74      92.27  1
        2014122203  8044500       2.64      92.53  1
        2014122206  8097533       2.46      93.06  1
        2014122209  7980936       2.23      93.77  1
        2014122212  7538608       1.84      95.50  1
        2014122215  7510749       1.67      96.05  1
        2014122218  7549692       1.47      96.50  1
        2014122221  7459395       1.27      96.69  1
        2014122300  7383147       1.10      97.02  1
        2014122303  7331118       0.95      97.18  1
        2014122306  7403127       0.80      97.35  1
        2014122309  7373088       0.69      97.59  1
        2014122312  7271800       0.60      97.81  1
        2014122315  7314887       0.56      97.74  1
        2014122318  7472141       0.50      97.84  1
        2014122321  7583004       0.47      97.57  1
        2014122400  7698560       0.49      97.44  1
        2014122403  7738655       0.53      97.20  1
        2014122406  7941065       0.60      96.85  1
        2014122409  7886040       0.64      96.46  1
        2014122412  7846579       0.66      96.24  1
        2014122415  7834660       0.69      95.97  1
        2014122418  7838879       0.68      95.66  1
        2014122421  7837983       0.66      95.34  1
        2014122500  7736321       0.65      95.28  1
        2014122503  7645704       0.67      95.04  1
        2014122506  7593477       0.72      94.84  1
        2014122509  7443994       0.80      94.54  1
        2014122512  7293416       0.84      94.29  1
        2014122515  7253687       0.89      93.97  1
        2014122518  7185245       0.86      93.56  1
        2014122521  7051273       0.89      93.15  1
        2014122600  6976306       0.83      92.97  1
        2014122603  6775752       0.78      92.61  1
        2014122606  6721365       0.66      92.51  1
        2014122609  6616593       0.64      92.40  1
        2014122612  6521181       0.54      92.43  1
        2014122615  6553806       0.40      92.55  1
        2014122618  6607258       0.27      92.81  1
        2014122621  6595451       0.23      92.99  1
        2014122700  6572453       0.15      93.24  1
        2014122703  6508959       0.08      93.46  1
        2014122706  6502165      -0.11      93.80  1
        2014122709  6362565      -0.27      94.19  1
        2014122712  6305007      -0.37      94.63  1
        2014122715  6308355      -0.43      95.03  1
        2014122718  6339708      -0.58      95.59  1
        2014122721  6344781      -0.67      96.30  1
        2014122800  6301581      -0.73      97.08  1
        2014122803  6251284      -0.70      97.69  1
        2014122806  6164220      -0.72      98.48  1
        2014122809  5991385      -0.74      99.17  1
        2014122812  5783253      -0.79      99.94  1
        2014122815  5646377      -0.69     100.47  1
        2014122818  1015377       8.32      85.69  1
        2014122821   969934       8.77      85.55  1
        2014122900   914182       9.10      85.35  1
        2014122903   902766       9.39      85.24  1
        2014122906   925669       9.64      85.22  1
        2014122909   940131       9.90      85.28  1
        2014122912   954443      10.20      85.31  1
        2014122915  1024111      10.48      85.39  1
        2014122918  1020440      10.67      85.43  1
        2014122921  1102675      10.98      85.60  1
        2014123000  1097715      11.29      85.72  1
        2014123003  1117267      11.51      85.74  1
        2014123006  1139201      11.69      85.80  1
        2014123009  1175392      11.87      85.89  1
        2014123012  1191146      12.06      85.93  1
        2014123015  1203048      12.25      85.94  1
        2014123018  1191553      12.46      85.96  1
        2014123021  1226464      12.71      86.01  1
        2014123100  1207603      13.03      86.09  1
        2014123103  1192005      13.31      86.17  1
        2014123106  1172136      13.53      86.25  1
        2014123109  1146906      13.79      86.32  1
        2014123112  1106273      13.98      86.41  1
        2014123115  1072587      14.15      86.47  1
        2014123118  1029674      14.37      86.59  1
        2014123121   996747      14.55      86.67  1
        2015010100   946322      14.82      86.76  1
        2015010103   911978      15.01      86.82  1
        2015010106   873185      15.20      86.93  1
        2015010109   816634      15.38      87.04  1
        2015010112   790136      15.50      87.16  1
        2015010115   757759      15.61      87.31  1
        2015010118   709740      15.75      87.50  1
        2015010121   717815      15.77      87.67  1
        2015010200   615095      15.85      87.86  1
        2015010203   509567      15.89      87.97  1
        2015010206   416692      15.92      88.13  1
LPT    19.0300
        2014121912   821185     -18.61     214.44  1
        2014121915  1331412     -17.92     213.80  1
        2014121918  1704774     -17.77     213.57  1
        2014121921  2038493     -17.24     212.80  1
        2014122000  2410520     -16.94     212.03  1
        2014122003  2790314     -16.66     211.21  1
        2014122006  3105652     -16.44     210.53  1
        2014122009  3504776     -16.13     209.54  1
        2014122012  3744728     -15.57     208.18  1
        2014122015  3916472     -15.26     207.26  1
        2014122018  4112258     -15.02     206.31  1
        2014122021  4221745     -14.71     205.31  1
        2014122100  4291873     -14.38     204.24  1
        2014122103  4275029     -14.20     203.41  1
        2014122106  4305719     -14.06     202.59  1
        2014122109  4338131     -13.89     201.70  1
        2014122112  4264070     -13.49     200.12  1
        2014122115  4377634     -13.39     199.32  1
        2014122118  4500905     -13.43     199.12  1
        2014122121  4690556     -13.62     199.34  1
        2014122200  4984829     -13.91     199.93  1
        2014122203  5041693     -14.05     200.13  1
        2014122206  5154601     -14.25     200.48  1
        2014122209  5260286     -14.45     200.88  1
        2014122212  5291122     -14.56     201.03  1
        2014122215  5250762     -14.86     201.52  1
        2014122218  5289465     -15.07     201.94  1
        2014122221  5370750     -15.30     202.46  1
        2014122300  5481182     -15.70     203.26  1
        2014122303  5376984     -15.90     203.79  1
        2014122306  5332360     -16.06     204.21  1
        2014122309  5364558     -16.18     204.62  1
        2014122312  5362726     -16.35     205.16  1
        2014122315  5346033     -16.55     205.72  1
        2014122318  5456341     -16.67     206.10  1
        2014122321  5518173     -16.80     206.55  1
        2014122400  5584419     -17.00     207.08  1
        2014122403  5581347     -17.10     207.37  1
        2014122406  5582030     -17.19     207.63  1
        2014122409  5596132     -17.10     207.59  1
        2014122412  5634341     -17.09     207.69  1
        2014122415  5598816     -17.15     207.89  1
        2014122418  5475347     -17.24     208.25  1
        2014122421  5367990     -17.27     208.52  1
        2014122500  5249485     -17.23     208.62  1
        2014122503  5085937     -17.21     208.69  1
        2014122506  5043816     -17.09     208.48  1
        2014122509  4962893     -16.82     208.03  1
        2014122512  4831832     -16.39     207.24  1
        2014122515  4633371     -16.03     206.58  1
        2014122518  4294393     -15.43     205.56  1
        2014122521  3697582     -14.06     203.33  1
        2014122600  3120106     -12.86     200.93  1
        2014122603  2918663     -12.68     200.57  1
        2014122606  2822083     -12.70     200.54  1
        2014122609  2752463     -12.74     200.43  1
        2014122612  2700840     -12.85     200.28  1
        2014122615  2598130     -13.04     200.23  1
        2014122618  2586843     -13.17     200.00  1
        2014122621  2513546     -13.35     199.78  1
        2014122700  2459795     -13.46     199.50  1
        2014122703  2366607     -13.56     199.23  1
        2014122706  2348309     -13.65     199.07  1
        2014122709  2388777     -13.64     198.73  1
        2014122712  2512173     -13.64     198.24  1
        2014122715  2601785     -13.77     198.02  1
        2014122718  2777517     -13.76     197.50  1
        2014122721  2936058     -13.69     196.91  1
        2014122800  3075312     -13.65     196.30  1
        2014122803  3091409     -13.65     195.95  1
        2014122806  3123641     -13.63     195.64  1
        2014122809  3098956     -13.43     194.95  1
        2014122812  3106395     -13.19     194.26  1
        2014122815  3027173     -12.76     193.21  1
        2014122818  2916869     -12.23     192.03  1
        2014122821  2813389     -11.44     190.46  1
        2014122900  2902738     -11.08     189.55  1
        2014122903  3071426     -10.68     188.66  1
        2014122906  4851203      -7.58     179.83  1
        2014122909  4987724      -7.43     179.62  1
        2014122912  5250130      -7.22     179.40  1
        2014122915  5491078      -6.97     178.91  1
        2014122918  5537008      -6.93     178.71  1
        2014122921  5489709      -6.90     178.49  1
        2014123000  5404457      -6.92     178.33  1
        2014123003  5348837      -6.85     177.88  1
        2014123006  5284660      -6.81     177.62  1
        2014123009  5199523      -6.80     177.42  1
        2014123012  5136008      -6.69     177.02  1
        2014123015  4886398      -6.54     176.37  1
        2014123018  3480654      -3.66     170.57  1
        2014123021  3300482      -3.67     170.62  1
        2014123100  3166322      -3.68     170.69  1
        2014123103  3000381      -3.75     171.00  1
        2014123106  2904693      -3.78     171.25  1
        2014123109  2893077      -3.74     171.29  1
        2014123112  2898579      -3.65     171.20  1
        2014123115  2911010      -3.55     171.01  1
        2014123118  2894564      -3.37     170.78  1
        2014123121  2878087      -3.26     170.49  1
        2015010100  2819241      -3.20     170.09  1
        2015010103  3391757      -2.94     166.03  1
        2015010106  3592488      -2.94     164.24  1
        2015010109  3848323      -2.96     163.08  1
        2015010112  4066891      -3.00     162.05  1
        2015010115  4297589      -3.04     160.79  1
        2015010118  4450627      -3.09     159.33  1
        2015010121  9332683      -3.37     138.79  1
        2015010200  9462967      -3.38     138.20  1
        2015010203  9539673      -3.37     137.95  1
        2015010206  9638916      -3.39     137.17  1
        2015010209  9691905      -3.35     137.03  2
        2015010212  9856539      -3.31     136.92  2
        2015010215  9940296      -3.29     136.89  2
        2015010218  9912258      -3.34     136.22  2
        2015010221  9795690      -3.36     135.79  2
        2015010300  9544088      -3.36     135.09  2
        2015010303  9431610      -3.42     135.01  2
        2015010306  9419826      -3.50     135.03  2
        2015010309  9509436      -3.49     135.39  2
        2015010312  9643403      -3.54     135.77  2
        2015010315  9791986      -3.54     136.11  2
        2015010318  9975540      -3.55     135.89  2
        2015010321  9991924      -3.57     135.86  2
        2015010400  9984836      -3.59     135.99  2
        2015010403  9903019      -3.64     136.45  2
        2015010406  9950717      -3.77     136.56  2
        2015010409  9758055      -3.82     137.22  2
        2015010412  9697118      -3.94     137.76  2
        2015010415  9662116      -4.04     138.24  2
        2015010418  9673532      -4.20     138.26  2
        2015010421  9136461      -4.41     139.38  2
        2015010500  8897688      -4.59     140.31  2
        2015010503  8521371      -4.84     142.12  2
        2015010506  8631924      -5.12     142.63  2
        2015010509  8444562      -5.30     144.32  2
        2015010512  8915242      -5.54     145.85  2
        2015010515  9578582      -5.81     146.70  1
        2015010518  9873015      -5.96     146.88  1
        2015010521  9787557      -5.92     147.67  1
        2015010600  9776312      -5.97     148.14  1
        2015010603  9864345      -6.02     148.51  1
        2015010606  9913410      -6.13     148.71  1
        2015010609  9853484      -6.23     149.11  1
        2015010612  9950447      -6.37     149.16  1
        2015010615  9865901      -6.27     149.36  1
        2015010618  9975329      -6.41     149.03  1
        2015010621  9803361      -6.45     149.16  1
        2015010700  9711494      -6.43     149.36  1
        2015010703  9614811      -6.39     149.75  1
        2015010706  9481944      -6.50     149.73  1
        2015010709  9244457      -6.48     150.18  1
        2015010712  9217609      -6.50     150.25  1
        2015010715  9252113      -6.54     150.40  1
        2015010718  9375236      -6.68     150.04  1
        2015010721  9159802      -6.51     150.37  1
        2015010800  8941999      -6.33     150.42  1
        2015010803  8811724      -6.28     150.31  1
        2015010806  8679439      -6.32     149.88  1
        2015010809  8420437      -6.16     149.82  1
        2015010812  8287009      -6.09     149.63  1
        2015010815  8116625      -6.02     149.28  1
        2015010818  7844815      -6.00     149.11  1
        2015010821  7612981      -5.82     149.67  1
        2015010900  7557609      -5.88     149.77  1
        2015010903  7550928      -5.89     149.99  1
        2015010906  7665660      -6.13     150.12  1
        2015010909  7682499      -6.18     150.57  1
        2015010912  7778225      -6.24     151.03  1
        2015010915  7927176      -6.32     151.51  1
        2015010918  7970065      -6.47     151.82  1
        2015010921  7892685      -6.53     152.24  1
        2015011000  7917923      -6.59     152.45  1
        2015011003  7993809      -6.74     152.65  1
        2015011006  7865492      -6.92     152.76  1
        2015011009  7817533      -6.99     153.04  1
        2015011012  7791950      -7.03     153.22  1
        2015011015  7781773      -7.04     153.26  1
        2015011018  7572369      -6.90     153.18  1
        2015011021  7361055      -6.76     153.17  1
        2015011100  7246940      -6.66     153.08  1
        2015011103  7308030      -6.59     153.12  1
        2015011106  7288449      -6.48     153.14  1
        2015011109  7266084      -6.35     153.21  1
        2015011112  7299011      -6.17     153.24  1
        2015011115  7407132      -6.04     153.21  1
        2015011118  7341590      -5.90     153.25  1
        2015011121  7316557      -5.79     153.16  1
        2015011200  7323516      -5.76     153.00  1
        2015011203  7333984      -5.74     152.86  1
        2015011206  7227096      -5.77     152.58  1
        2015011209  7162629      -5.77     152.48  1
        2015011212  7219103      -5.86     152.45  1
        2015011215  7559460      -6.28     152.93  1
        2015011218  7512473      -6.36     152.95  1
        2015011221  7632817      -6.44     153.15  1
        2015011300  7962443      -6.58     153.42  1
        2015011303  9446522      -5.10     150.69  1
        2015011306  9562924      -5.08     150.63  1
        2015011309  9668866      -5.21     150.83  1
        2015011312  9813714      -5.28     150.90  1
        2015011315 10017722      -5.23     150.94  1
        2015011318  9974273      -5.13     151.02  1
        2015011321  9944536      -5.24     151.40  1
        2015011400  9878486      -5.37     151.80  1
        2015011403  9740874      -5.47     152.21  1
        2015011406  9358365      -5.67     152.73  1
        2015011409  9138792      -5.87     153.04  1
        2015011412  8972492      -5.94     153.21  1
        2015011415  8667169      -5.96     153.44  1
        2015011418  8048110      -5.87     153.82  1
        2015011421  4561834       2.41     144.95  1
        2015011500  4063096       3.53     144.54  1
        2015011503  3603338       4.98     143.90  1
        2015011506  3145650       6.37     143.29  1
        2015011509  2734201       7.84     142.83  1
        2015011512  2541546       8.75     142.44  1
        2015011515  2508030       9.03     142.26  1
        2015011518  2435795       9.30     142.05  1
        2015011521  2365345       9.51     141.94  1
        2015011600  2263839       9.72     141.64  1
        2015011603  2130775      10.02     141.11  1
        2015011606  1946926      10.33     140.56  1
        2015011609  1748875      10.64     140.05  1
        2015011612  1628822      11.00     139.29  1
        2015011615  1571743      11.52     138.03  1
        2015011618  1348246      12.12     136.46  1
        2015011621  1204871      12.47     135.39  1
        2015011700  1220871      12.60     134.40  1
        2015011703  1318502      12.65     133.44  1
        2015011706  1340893      12.68     132.72  1
        2015011709  1410539      12.74     132.12  1
        2015011712  1492930      12.80     131.59  1
        2015011715  1554212      12.85     131.13  1
        2015011718  1513512      12.86     130.51  1
        2015011721  1477980      12.89     129.94  1
        2015011800  1447063      12.90     129.49  1
        2015011803  1378008      12.87     128.94  1
        2015011806  1292445      12.82     128.34  1
        2015011809  1267504      12.84     127.95  1
        2015011812  1261245      12.88     127.63  1
        2015011815  1253943      12.97     127.35  1
        2015011818  1203665      12.94     126.94  1
        2015011821  1172242      12.90     126.61  1
        2015011900  1182656      12.90     126.34  1
        2015011903  1169222      12.87     126.11  1
        2015011906  1143952      12.79     125.83  1
        2015011909  2918039       5.27     119.53  1
        2015011912  3078654       5.13     119.55  1
        2015011915  3199804       4.74     119.32  1
        2015011918  2095139      -0.11     115.90  1
        2015011921  2166650      -0.35     115.81  1
        2015012000  2173405      -0.58     115.60  1
        2015012003  2178576      -0.87     115.34  1
        2015012006  2182165      -1.16     115.12  1
        2015012009  2178156      -1.36     114.96  1
        2015012012  2114890      -1.48     114.75  1
        2015012015  2071696      -1.58     114.64  1
        2015012018  2038460      -1.69     114.61  1
        2015012021  1963673      -1.72     114.43  1
        2015012100  1865105      -1.63     114.40  1
        2015012103  1784296      -1.45     114.34  1
        2015012106  1781241      -1.31     114.31  1
        2015012109  1724294      -1.16     114.22  1
        2015012112  1636574      -1.04     114.21  1
        2015012115  1563465      -1.00     114.19  1
        2015012118  1503413      -1.06     114.16  1
        2015012121  1417896      -1.11     114.11  1
        2015012200  1212945      -1.10     114.01  1
        2015012203  1062638      -1.13     113.90  1
        2015012206   977858      -1.14     113.90  1
        2015012209   846799      -1.10     113.81  1
        2015012212   682486      -1.19     113.72  1
        2015012215   503468      -1.25     113.75  1
LPT    20.0100
        2015010906   331136     -15.60      46.85  1
        2015010909   421784     -15.66      46.93  1
        2015010912   574732     -15.75      46.96  1
        2015010915   632319     -15.87      47.12  1
        2015010918   670726     -15.94      47.33  1
        2015010921   876079     -16.02      48.05  1
        2015011000  1001927     -15.93      48.17  1
        2015011003  1117821     -15.92      48.65  1
        2015011006  1216042     -15.89      49.03  1
        2015011009  1352113     -15.86      49.62  1
        2015011012  1497478     -15.88      49.83  1
        2015011015  1608624     -15.90      50.25  1
        2015011018  1746514     -15.83      50.82  1
        2015011021  1922494     -15.74      51.28  1
        2015011100  2024772     -15.60      51.44  1
        2015011103  2101637     -15.49      51.61  1
        2015011106  2200467     -15.41      51.77  1
        2015011109  2305216     -15.35      51.92  1
        2015011112  2452814     -15.32      51.85  1
        2015011115  2575867     -15.29      51.81  1
        2015011118  2683393     -15.31      51.82  1
        2015011121  2951936     -15.36      51.52  1
        2015011200  3050622     -15.33      51.28  1
        2015011203  3128720     -15.33      51.17  1
        2015011206  3208613     -15.31      51.02  1
        2015011209  3275437     -15.32      51.04  1
        2015011212  3320363     -15.35      50.76  1
        2015011215  3322918     -15.38      50.67  1
        2015011218  3349264     -15.45      50.77  1
        2015011221  3396959     -15.53      51.07  1
        2015011300  3347068     -15.63      51.38  1
        2015011303  3330138     -15.76      51.71  1
        2015011306  3355093     -15.91      51.97  1
        2015011309  3400914     -16.08      52.51  1
        2015011312  3428587     -16.24      52.65  1
        2015011315  3473271     -16.35      52.90  1
        2015011318  3457599     -16.48      53.48  1
        2015011321  3424825     -16.61      54.07  1
        2015011400  3330206     -16.73      54.72  1
        2015011403  3330459     -16.88      55.06  1
        2015011406  3361632     -17.03      55.26  1
        2015011409  3315366     -17.12      56.03  2
        2015011412  3456398     -17.17      56.05  1
        2015011415  3513030     -17.20      56.27  2
        2015011418  3546686     -17.15      56.78  2
        2015011421  3644353     -17.10      57.21  2
        2015011500  3500403     -17.05      58.24  2
        2015011503  3521399     -17.09      58.62  2
        2015011506  3585526     -17.16      58.67  2
        2015011509  3639023     -17.28      58.92  2
        2015011512  3785587     -17.45      58.57  2
        2015011515  3824273     -17.58      58.53  2
        2015011518  3876760     -17.69      58.63  2
        2015011521  4032743     -17.84      58.44  2
        2015011600  4104062     -17.94      58.46  2
        2015011603  4214029     -18.10      58.37  1
        2015011606  4318926     -18.24      58.40  1
        2015011609  4381943     -18.41      58.66  1
        2015011612  4443827     -18.52      58.56  1
        2015011615  4486532     -18.65      58.64  1
        2015011618  4523934     -18.81      58.78  1
        2015011621  4551539     -19.01      58.99  1
        2015011700  4550706     -19.20      59.16  1
        2015011703  4515492     -19.43      59.18  1
        2015011706  4510044     -19.66      59.32  1
        2015011709  4545629     -19.93      59.59  1
        2015011712  4525428     -20.19      59.65  1
        2015011715  4493635     -20.44      59.88  1
        2015011718  4453997     -20.75      60.36  1
        2015011721  4422008     -21.10      60.80  1
        2015011800  4302777     -21.47      61.43  1
        2015011803  4157928     -21.84      61.99  1
        2015011806  2750003     -22.93      69.50  1
        2015011809  2749416     -23.44      70.25  1
        2015011812  2662472     -24.01      71.23  1
        2015011815  2608837     -24.43      72.01  1
        2015011818  2553667     -24.80      72.66  1
        2015011821  2453610     -25.22      73.46  1
        2015011900  2322837     -25.65      74.24  1
        2015011903  2156002     -26.06      74.89  1
        2015011906  1965436     -26.41      75.48  1
        2015011909  1759507     -26.84      76.21  1
        2015011912  1498720     -27.38      77.15  1
        2015011915  1335214     -27.72      77.75  1
        2015011918  1175353     -28.04      78.35  1
        2015011921  1003875     -28.40      78.99  1
        2015012000   804017     -28.71      79.75  1
        2015012003   658843     -28.97      80.36  1
        2015012006   517279     -29.18      80.89  1
        2015012009   357471     -29.38      81.41  1
LPT    21.0100
        2015011209   493741       9.99     230.12  1
        2015011212   854699      10.06     230.78  1
        2015011215  1027856      10.08     230.92  1
        2015011218  1203124      10.13     231.08  1
        2015011221  1378487      10.13     231.35  1
        2015011300  1485902      10.20     231.47  1
        2015011303  1564361      10.29     231.58  1
        2015011306  1681363      10.39     231.74  1
        2015011309  1788573      10.47     231.98  1
        2015011312  1826006      10.55     232.29  1
        2015011315  1849783      10.63     232.52  1
        2015011318  1900989      10.69     232.78  1
        2015011321  1947699      10.74     233.21  1
        2015011400  1937262      10.85     233.48  1
        2015011403  1938836      10.96     233.67  1
        2015011406  1992858      11.04     233.97  1
        2015011409  2039903      11.14     234.41  1
        2015011412  1950552      11.17     234.98  1
        2015011415  1976265      11.18     235.43  1
        2015011418  2026222      11.18     235.97  1
        2015011421  2040960      11.13     236.49  1
        2015011500  2027730      11.07     237.07  1
        2015011503  1975479      11.08     237.58  1
        2015011506  1968145      11.14     238.06  1
        2015011509  1919074      11.22     238.55  1
        2015011512  1816332      11.31     238.93  1
        2015011515  1618130      11.33     239.58  1
        2015011518  1589443      11.45     239.93  1
        2015011521  1589206      11.61     240.42  1
        2015011600  1535833      11.69     240.90  1
        2015011603  1544448      11.76     241.28  1
        2015011606  1583668      11.89     241.63  1
        2015011609  1616331      11.97     242.11  1
        2015011612  1572396      12.00     242.55  1
        2015011615  1521861      12.00     242.78  1
        2015011618  1541983      12.04     242.95  1
        2015011621  1476890      12.08     243.16  1
        2015011700  1396048      12.12     243.32  1
        2015011703  1365725      12.15     243.40  1
        2015011706  1364620      12.22     243.38  1
        2015011709  1359826      12.27     243.32  1
        2015011712  1269756      12.35     243.17  1
        2015011715  1221891      12.44     243.05  1
        2015011718  1248933      12.45     243.07  1
        2015011721  1232413      12.44     243.10  1
        2015011800  1260171      12.45     243.18  1
        2015011803  1275085      12.48     243.37  1
        2015011806  1309771      12.47     243.56  1
        2015011809  1357204      12.46     243.89  1
        2015011812  1368884      12.38     244.23  1
        2015011815  1406102      12.32     244.52  1
        2015011818  1451490      12.29     244.88  1
        2015011821  1463067      12.25     245.21  1
        2015011900  1421086      12.08     245.59  1
        2015011903  1420646      12.02     245.92  1
        2015011906  1461359      11.90     246.44  1
        2015011909  1371689      11.74     246.85  1
        2015011912  1258543      11.56     247.19  1
        2015011915  1168111      11.50     247.40  1
        2015011918  1086667      11.45     247.59  1
        2015011921   974900      11.41     247.88  1
        2015012000   896247      11.41     248.00  1
        2015012003   813783      11.41     248.23  1
        2015012006   727478      11.43     248.40  1
        2015012009   629945      11.39     248.66  1
        2015012012   510437      11.35     248.97  1
        2015012015   419604      11.34     249.16  1
        2015012018   309073      11.32     249.39  1
LPT    22.0100
        2015011706   304959     -18.80     216.76  1
        2015011709   456529     -18.43     216.22  1
        2015011712   678407     -18.06     215.60  1
        2015011715   903123     -17.87     215.23  1
        2015011718  1129009     -17.66     214.85  1
        2015011721  1353032     -17.57     214.68  1
        2015011800  1543676     -17.52     214.63  1
        2015011803  1646960     -17.47     214.58  1
        2015011806  1772694     -17.53     214.57  1
        2015011809  1917902     -17.48     214.38  1
        2015011812  2191268     -17.39     214.09  1
        2015011815  2340183     -17.27     213.83  1
        2015011818  2432993     -17.12     213.55  1
        2015011821  2551967     -16.99     213.34  1
        2015011900  2600334     -16.87     213.04  1
        2015011903  2636285     -16.79     212.77  1
        2015011906  2748860     -17.00     212.93  1
        2015011909  2832186     -17.15     213.03  1
        2015011912  2961566     -17.41     213.28  1
        2015011915  3005880     -17.67     213.52  1
        2015011918  3029405     -17.94     213.79  1
        2015011921  3008277     -18.11     214.01  1
        2015012000  3059167     -18.51     214.44  1
        2015012003  2999100     -18.97     214.97  1
        2015012006  3003842     -19.41     215.50  1
        2015012009  2987563     -19.62     215.77  1
        2015012012  3008388     -19.99     216.26  1
        2015012015  2975835     -20.46     216.84  1
        2015012018  2981677     -20.67     217.15  1
        2015012021  2937646     -20.78     217.38  1
        2015012100  2972340     -20.78     217.49  1
        2015012103  3004148     -20.67     217.50  1
        2015012106  3079779     -20.49     217.44  1
        2015012109  3065626     -20.13     217.12  1
        2015012112  3119213     -19.90     217.00  1
        2015012115  2950274     -19.96     217.23  1
        2015012118  2861055     -19.96     217.31  1
        2015012121  2703564     -19.89     217.32  1
        2015012200  2576202     -19.90     217.34  1
        2015012203  2490598     -19.68     217.13  1
        2015012206  2430847     -19.35     216.77  1
        2015012209  2345883     -18.83     216.12  1
        2015012212  2363526     -18.20     215.29  1
        2015012215  1833666     -15.46     211.26  1
        2015012218  1899458     -15.25     210.95  1
        2015012221  2048382     -15.21     210.84  1
        2015012300  2125605     -15.07     210.62  1
        2015012303  2122238     -14.97     210.43  1
        2015012306  2226323     -14.97     210.37  1
        2015012309  2312530     -15.05     210.39  1
        2015012312  2402851     -15.14     210.39  1
        2015012315  2421918     -15.22     210.34  1
        2015012318  2445633     -15.28     210.29  1
        2015012321  2431663     -15.27     210.15  1
        2015012400  2543403     -15.40     210.06  1
        2015012403  2604151     -15.39     209.76  1
        2015012406  2693599     -15.34     209.40  1
        2015012409  2780078     -15.28     209.07  1
        2015012412  2977782     -15.01     208.44  1
        2015012415  3016354     -14.84     207.90  1
        2015012418  3075791     -14.68     207.56  1
        2015012421  3143258     -14.43     207.17  1
        2015012500  3231837     -14.26     206.87  1
        2015012503  3184108     -14.13     206.65  1
        2015012506  3168342     -14.01     206.43  1
        2015012509  3131424     -13.67     205.84  1
        2015012512  3127540     -13.24     204.93  1
        2015012515  3071975     -12.79     203.79  1
        2015012518  2997346     -12.36     202.53  1
        2015012521  2885647     -11.51     200.48  1
        2015012600  2649158     -10.08     196.86  1
        2015012603  2687962      -9.81     195.50  1
        2015012606  2623926      -9.74     195.09  1
        2015012609  2731915      -9.55     194.10  1
        2015012612  6366944      -6.08     178.76  1
        2015012615  6579737      -6.12     178.17  1
        2015012618  6566626      -6.19     177.89  1
        2015012621  6681262      -6.29     177.58  1
        2015012700  6883094      -6.42     177.38  1
        2015012703  6947406      -6.50     176.84  1
        2015012706  6895500      -6.53     176.31  1
        2015012709  6960502      -6.55     175.78  1
        2015012712  7159025      -6.66     175.53  1
        2015012715  7130724      -6.60     174.46  1
        2015012718  7037011      -6.67     173.98  1
        2015012721  7021834      -6.73     173.57  1
        2015012800  7096902      -6.82     173.53  1
        2015012803  7153552      -6.97     173.68  1
        2015012806  7052285      -7.18     174.02  1
        2015012809  7029081      -7.41     174.42  1
        2015012812  7039301      -7.69     174.80  1
        2015012815  7047056      -7.90     174.85  1
        2015012818  6857276      -8.25     175.03  1
        2015012821  6844052      -8.49     175.17  1
        2015012900  6875257      -8.69     175.30  1
        2015012903  6737921      -8.95     175.10  1
        2015012906  6643414      -9.22     175.14  1
        2015012909  6723938      -9.45     175.57  1
        2015012912  6805360      -9.70     175.95  1
        2015012915  6747449      -9.97     176.20  1
        2015012918  6469141     -10.20     177.09  1
        2015012921  6289548     -10.41     177.91  2
        2015013000  6234296     -10.62     178.87  2
        2015013003  6011602     -10.92     179.72  2
        2015013006  5837894     -11.19     180.71  2
        2015013009  5878285     -11.37     181.08  2
        2015013012  5973502     -11.56     181.25  2
        2015013015  6097411     -11.62     180.82  2
        2015013018  6024020     -11.75     180.89  2
        2015013021  6002439     -11.85     180.96  2
        2015013100  5976759     -11.94     180.92  2
        2015013103  5970903     -12.09     180.80  2
        2015013106  5893095     -12.20     180.65  2
        2015013109  6005972     -12.27     180.33  2
        2015013112  6185326     -12.30     179.92  2
        2015013115  6463714     -12.26     179.12  2
        2015013118  6497330     -12.33     179.04  2
        2015013121  6555301     -12.26     179.08  2
        2015020100  7113964     -11.95     178.44  1
        2015020103  7692980     -11.31     177.10  1
        2015020106  7878245     -10.92     176.77  1
        2015020109  8146122     -10.47     176.13  1
        2015020112  8371508     -10.17     175.64  1
        2015020115  8444030      -9.98     175.31  1
        2015020118  8250301      -9.91     175.44  1
        2015020121  8151968      -9.85     175.35  1
        2015020200  8212831      -9.86     175.26  1
        2015020203  8080523      -9.75     174.74  1
        2015020206  7884410      -9.46     174.08  1
        2015020209  7172126      -7.59     170.44  1
        2015020212  7186181      -7.29     169.72  1
        2015020215  7220709      -6.86     168.87  1
        2015020218  7013677      -6.61     168.61  1
        2015020221  6951063      -6.45     168.52  1
        2015020300  6913203      -6.26     168.26  1
        2015020303  6869401      -6.09     168.10  1
        2015020306  6780114      -5.99     168.19  1
        2015020309  6743563      -5.87     168.26  1
        2015020312  6779349      -5.69     168.18  1
        2015020315  6902207      -5.40     167.87  1
        2015020318  6720009      -5.14     167.76  1
        2015020321  6622232      -4.82     167.48  1
        2015020400  6653241      -4.51     167.30  1
        2015020403  6540918      -3.96     166.71  1
        2015020406  6379989      -3.62     166.27  1
        2015020409  6398860      -3.33     165.86  1
        2015020412  6449602      -3.08     165.53  1
        2015020415  6675551      -2.95     165.05  1
        2015020418  6780384      -2.89     164.72  1
        2015020421  6917520      -2.80     164.53  1
        2015020500  7107935      -2.83     164.59  1
        2015020503  7213139      -2.67     164.23  1
        2015020506  7049428      -2.52     164.26  1
        2015020509  6951586      -2.32     164.12  1
        2015020512  6932203      -2.00     163.85  1
        2015020515  7195776      -1.42     162.41  1
        2015020518  6939573      -0.83     161.78  1
        2015020521  6785857      -0.28     161.36  1
        2015020600  6631538       0.47     160.40  1
        2015020603  6363753       1.27     159.76  1
        2015020606  6109575       1.73     159.48  1
        2015020609  5825243       2.12     159.62  1
        2015020612  5644191       2.57     159.73  1
        2015020615  5711557       2.86     159.33  1
        2015020618  5209761       3.49     159.38  1
        2015020621  5095879       3.77     159.23  1
        2015020700  5136649       3.99     158.52  1
        2015020703  5070299       4.19     157.61  1
        2015020706  4870081       4.47     156.71  1
        2015020709  4765783       4.64     156.40  1
        2015020712  4690581       4.81     155.98  1
        2015020715  4701210       4.98     155.45  1
        2015020718  4523651       5.29     155.35  1
        2015020721  4516598       5.51     155.23  1
        2015020800  4569940       5.71     154.85  1
        2015020803  4581373       5.96     154.45  1
        2015020806  4500776       6.22     154.49  1
        2015020809  4576341       6.36     154.49  1
        2015020812  4720629       6.39     154.35  1
        2015020815  4784639       6.31     154.31  1
        2015020818  4683987       6.35     154.49  1
        2015020821  4654366       6.42     154.69  1
        2015020900  4635986       6.43     154.75  1
        2015020903  4557825       6.43     154.96  1
        2015020906  4392263       6.38     155.02  1
        2015020909  4309353       6.38     155.03  1
        2015020912  4383118       6.18     154.86  1
        2015020915  4356890       5.98     154.61  1
        2015020918  4219793       5.96     154.41  1
        2015020921  4084482       6.01     154.45  1
        2015021000  3906734       6.06     154.33  1
        2015021003  3755921       6.03     154.29  1
        2015021006  3537515       6.19     154.26  1
        2015021009  3373711       6.23     154.25  1
        2015021012  3438237       5.95     154.06  1
        2015021015  3424268       5.54     153.82  1
        2015021018  3275291       5.15     153.52  1
        2015021021  3130693       4.70     153.33  1
        2015021100  2855178       4.00     152.89  1
        2015021103  1695097      -2.54     149.07  1
        2015021106  1795739      -3.17     149.05  1
        2015021109  1926579      -3.48     149.09  1
        2015021112  2111271      -3.69     149.07  1
        2015021115  2211547      -3.81     149.27  1
        2015021118  2286921      -4.03     149.26  1
        2015021121  2299438      -4.25     149.33  1
        2015021200  2377353      -4.37     149.49  1
        2015021203  2361827      -4.67     149.62  1
        2015021206  2440390      -4.98     149.68  1
        2015021209  2542135      -5.23     149.68  1
        2015021212  2683083      -5.34     149.76  1
        2015021215  2794188      -5.59     149.71  1
        2015021218  2789055      -5.86     149.61  1
        2015021221  2749842      -6.22     149.69  1
        2015021300  2755451      -6.46     149.70  1
        2015021303  2783329      -6.80     149.74  1
        2015021306  2783696      -7.26     149.76  1
        2015021309  2779996      -7.60     149.89  1
        2015021312  2818780      -7.96     150.03  1
        2015021315  2842433      -8.41     150.18  1
        2015021318  2816566      -8.94     150.22  1
        2015021321  2739557      -9.40     150.14  1
        2015021400  2735052      -9.80     150.08  1
        2015021403  2753762     -10.12     150.04  1
        2015021406  2745501     -10.40     149.96  1
        2015021409  2754294     -10.54     149.95  1
        2015021412  2820195     -10.64     150.04  1
        2015021415  2909789     -10.78     150.16  1
        2015021418  2991980     -10.98     150.11  1
        2015021421  2996077     -11.19     150.13  1
        2015021500  3070955     -11.41     150.15  1
        2015021503  3063816     -11.67     150.12  1
        2015021506  3091350     -11.86     150.01  1
        2015021509  3062169     -11.99     149.94  1
        2015021512  3128509     -12.09     150.04  1
        2015021515  3420092     -12.04     151.12  1
        2015021518  3703062     -11.89     152.06  1
        2015021521  4033297     -11.64     153.17  1
        2015021600  4140277     -11.49     153.60  1
        2015021603  4292747     -11.33     154.18  1
        2015021606  4359814     -11.23     154.41  1
        2015021609  4473519     -11.04     154.84  1
        2015021612  4613899     -10.94     154.98  1
        2015021615  4792209     -10.80     154.89  1
        2015021618  4830721     -10.76     154.62  1
        2015021621  4780410     -10.74     154.66  1
        2015021700  4731941     -10.70     154.61  1
        2015021703  4677031     -10.73     154.60  1
        2015021706  4588576     -10.78     154.40  1
        2015021709  4566556     -10.77     154.37  1
        2015021712  4671157     -10.82     154.25  1
        2015021715  4764519     -10.72     154.17  1
        2015021718  4734860     -10.73     153.97  1
        2015021721  4633332     -10.68     154.12  1
        2015021800  4613193     -10.60     154.19  1
        2015021803  4561555     -10.46     154.17  1
        2015021806  4608200     -10.38     154.05  1
        2015021809  4623952     -10.29     153.94  1
        2015021812  4697134     -10.24     153.87  1
        2015021815  4763429     -10.16     153.46  1
        2015021818  4591465     -10.06     153.15  1
        2015021821  4401741     -10.07     153.19  1
        2015021900  4253278     -10.17     152.77  1
        2015021903  4050660     -10.25     152.48  1
        2015021906  3858776     -10.40     151.89  1
        2015021909  1048417      -9.85     138.72  1
        2015021912  1046392      -9.76     138.19  1
        2015021915  1089900      -9.69     137.44  1
        2015021918  1009525      -9.59     136.62  1
        2015021921   950422      -9.50     136.02  1
        2015022000  1024576      -9.37     135.62  1
        2015022003  1053839      -9.25     135.23  1
        2015022006  1138877      -9.07     134.87  1
        2015022009  1199623      -8.88     134.50  1
        2015022012  1314845      -8.58     134.14  1
        2015022015  1481874      -8.11     133.59  1
        2015022018  1765156      -7.67     133.03  1
        2015022021  1912993      -7.41     132.49  1
        2015022100  2115486      -7.28     132.03  1
        2015022103  2398678      -7.11     131.09  1
        2015022106  2599417      -7.08     130.44  1
        2015022109  2714540      -7.17     129.80  1
        2015022112  2734237      -7.21     129.39  1
        2015022115  2769487      -7.18     129.09  1
        2015022118  2841865      -7.04     128.68  1
        2015022121  2879806      -7.04     128.66  1
        2015022200  2941714      -6.96     128.73  1
        2015022203  2976639      -6.77     128.74  1
        2015022206  2998687      -6.73     128.54  1
        2015022209  2988823      -6.50     128.68  1
        2015022212  3009667      -6.21     128.88  1
        2015022215  3111672      -5.87     129.12  1
        2015022218  3090152      -5.29     129.49  1
        2015022221  2923608      -4.75     130.03  1
        2015022300  2812491      -4.29     130.61  1
        2015022303  2538169      -3.70     131.35  1
        2015022306  1552169       0.20     136.94  1
        2015022309  1481097       0.74     137.56  1
        2015022312  1512300       1.33     138.26  1
        2015022315  1591176       1.94     138.96  1
        2015022318  1559020       2.57     139.72  1
        2015022321  1497479       3.26     140.44  1
        2015022400  1506055       3.82     141.19  1
        2015022403  1564658       4.26     141.92  1
        2015022406  1632698       4.48     142.59  1
        2015022409  1633055       4.70     143.15  1
        2015022412  1740501       4.78     143.62  1
        2015022415  1818869       4.80     144.04  1
        2015022418  1849669       4.80     144.43  1
        2015022421  1773698       4.79     144.95  1
        2015022500  1741701       4.69     145.54  1
        2015022503  1641128       4.64     146.30  1
        2015022506  1531392       4.53     147.22  1
        2015022509  1483335       4.32     147.85  1
        2015022512  1455288       4.06     148.55  1
        2015022515  1416595       3.72     149.16  1
        2015022518  1353873       3.44     149.73  1
        2015022521  1313395       3.19     150.23  1
        2015022600  1304409       2.97     150.67  1
        2015022603  1260743       2.75     151.25  1
        2015022606  1271713       2.54     151.61  1
        2015022609  1228789       2.27     151.90  1
        2015022612  1218148       2.06     152.18  1
        2015022615  1167407       1.84     152.70  1
        2015022618  1021054       1.56     153.10  1
        2015022621   903164       1.28     153.40  1
        2015022700   731997       0.91     153.82  1
        2015022703   559944       0.44     154.33  1
        2015022706   417905      -0.13     154.67  1
        2015022709   353800      -0.45     155.05  1
        2015022712   396255      -0.71     155.18  1
        2015022715   447166      -1.11     155.09  1
LPT    23.0100
        2015012309   327292      -7.16      90.38  1
        2015012312   521717      -7.31      90.25  1
        2015012315   757927      -7.51      90.07  1
        2015012318   973897      -7.72      89.82  1
        2015012321  1226914      -7.96      89.50  1
        2015012400  1345042      -8.03      89.39  1
        2015012403  1481447      -8.10      89.31  1
        2015012406  1628594      -8.15      89.27  1
        2015012409  1749940      -8.32      88.83  1
        2015012412  1853099      -8.45      88.49  1
        2015012415  1992475      -8.63      87.99  1
        2015012418  2116556      -8.81      87.34  1
        2015012421  3263226     -10.31      77.99  1
        2015012500  3277481     -10.52      77.36  1
        2015012503  3218460     -10.70      76.90  1
        2015012506  3092371     -10.85      76.62  1
        2015012509  2956558     -10.98      76.66  1
        2015012512  2645316     -10.99      77.64  1
        2015012515  2528413     -11.12      77.35  1
        2015012518  2474581     -11.21      76.64  1
        2015012521  2555650     -11.28      75.81  1
        2015012600  2529382     -11.34      74.77  1
        2015012603  2614364     -11.37      74.16  1
        2015012606  2680267     -11.35      73.55  1
        2015012609  2743330     -11.38      72.97  1
        2015012612  2811638     -11.42      72.40  1
        2015012615  2905941     -11.42      72.03  1
        2015012618  3022119     -11.43      71.68  1
        2015012621  3193347     -11.43      71.52  1
        2015012700  3239971     -11.43      71.22  1
        2015012703  3288625     -11.44      71.08  1
        2015012706  3412131     -11.44      70.86  1
        2015012709  3568810     -11.51      70.58  1
        2015012712  3704998     -11.53      70.08  1
        2015012715  3896365     -11.59      69.62  1
        2015012718  4062770     -11.70      69.42  1
        2015012721  4226884     -11.79      69.17  1
        2015012800  4319714     -11.90      69.11  1
        2015012803  4431176     -12.03      69.07  1
        2015012806  4496184     -12.17      69.13  1
        2015012809  4566481     -12.35      69.28  1
        2015012812  4587220     -12.48      69.34  1
        2015012815  4578116     -12.60      69.44  1
        2015012818  4595221     -12.76      69.74  1
        2015012821  4584629     -12.92      69.90  1
        2015012900  4508502     -13.10      70.00  1
        2015012903  4415749     -13.29      70.20  1
        2015012906  4306236     -13.55      70.47  1
        2015012909  4147127     -13.84      70.76  1
        2015012912  3982920     -14.09      71.04  1
        2015012915  3830749     -14.30      71.32  1
        2015012918  3683629     -14.54      71.63  1
        2015012921  3561468     -14.75      71.79  1
        2015013000  3373235     -15.03      71.82  1
        2015013003  3256391     -15.32      71.99  1
        2015013006  3162913     -15.65      72.18  1
        2015013009  3005058     -16.03      72.38  1
        2015013012  2734686     -16.36      72.57  1
        2015013015  2581687     -16.74      73.00  1
        2015013018  2336840     -17.13      73.43  1
        2015013021  1201726     -14.51      67.41  1
        2015013100  1005044     -14.90      67.65  1
        2015013103   830896     -15.19      67.78  1
        2015013106   663659     -15.55      67.94  1
        2015013109   497567     -15.96      68.10  1
        2015013112   325024     -16.14      68.05  1
LPT    24.0100
        2015020618   345187      -1.89      94.34  1
        2015020621   770661      -1.74      92.28  1
        2015020700   972183      -1.72      90.57  1
        2015020703  1018535      -1.60      88.63  1
        2015020706   688149      -1.15      83.81  1
        2015020709   908870      -1.23      83.57  1
        2015020712  1001448      -1.28      83.37  1
        2015020715  1104800      -1.39      83.21  1
        2015020718  1231260      -1.52      83.02  1
        2015020721  1454060      -1.75      83.22  1
        2015020800  1527906      -1.91      82.90  1
        2015020803  1594776      -2.08      82.64  1
        2015020806  1653861      -2.31      82.39  1
        2015020809  1787683      -2.49      82.34  1
        2015020812  1857443      -2.70      82.17  1
        2015020815  1971982      -2.83      82.23  1
        2015020818  2026957      -3.03      81.99  1
        2015020821  2256863      -3.13      82.23  1
        2015020900  2288078      -3.23      82.19  1
        2015020903  2273155      -3.32      82.19  1
        2015020906  2221449      -3.33      82.22  1
        2015020909  2242022      -3.34      82.27  1
        2015020912  2116206      -3.45      82.14  1
        2015020915  2041960      -3.54      82.11  1
        2015020918  1911221      -3.72      82.21  1
        2015020921  1710156      -3.97      82.26  1
        2015021000   627447      -7.74      77.60  1
        2015021003   425770      -8.93      76.98  1
        2015021006   375259      -9.80      76.69  1
        2015021009   426922     -10.44      76.58  1
        2015021012   425327     -11.04      76.47  1
        2015021015   403560     -11.43      76.43  1
        2015021018   399262     -11.80      76.53  1
        2015021021   386686     -12.14      76.48  1
        2015021100   330496     -12.40      76.45  1
        2015021109   304351     -12.82      75.76  1
        2015021112   320106     -12.86      75.17  1
        2015021115   335229     -12.81      74.63  1
        2015021118   471595     -12.36      73.25  1
        2015021121   906102     -11.15      69.85  1
        2015021200  1090027     -10.76      68.53  1
        2015021203  1218866     -10.57      67.81  1
        2015021206  1288764     -10.35      67.11  1
        2015021209  1327979     -10.05      66.29  1
        2015021212  1254155      -9.52      65.11  1
        2015021215  1236712      -9.29      64.63  1
        2015021218  1244752      -9.16      64.36  1
        2015021221  1281183      -9.19      64.37  1
        2015021300  1308031      -9.32      64.59  1
        2015021303  1267034      -9.29      64.55  1
        2015021306  1173159      -9.15      64.27  1
        2015021309  1155261      -9.04      64.12  1
        2015021312  1061395      -8.84      63.77  1
        2015021315  1000686      -8.74      63.72  1
        2015021318   933727      -8.68      63.80  1
        2015021321   827076      -8.61      63.83  1
        2015021400   671467      -8.55      63.88  1
        2015021403   450879      -8.45      63.97  1
LPT    25.0100
        2015021412   378313      -2.02      83.13  1
        2015021415   615719      -2.63      82.16  1
        2015021418   822022      -3.10      81.56  1
        2015021421   976637      -3.39      81.18  1
        2015021500  1037291      -3.58      80.95  1
        2015021503  1160226      -3.79      80.72  1
        2015021506  1399845      -4.09      80.45  1
        2015021509  1638674      -4.28      80.15  1
        2015021512  1763700      -4.42      79.86  1
        2015021515  1949303      -4.56      79.62  1
        2015021518  2118608      -4.72      79.34  1
        2015021521  2358974      -4.94      79.06  1
        2015021600  2453605      -5.09      78.93  1
        2015021603  2552699      -5.27      78.79  1
        2015021606  2670794      -5.46      78.63  1
        2015021609  2829022      -5.58      78.55  1
        2015021612  2844004      -5.67      78.53  1
        2015021615  2920281      -5.76      78.55  1
        2015021618  2987265      -5.86      78.69  1
        2015021621  3064806      -6.00      78.85  1
        2015021700  3059466      -6.15      78.98  1
        2015021703  3103195      -6.29      79.19  1
        2015021706  3155444      -6.41      79.46  1
        2015021709  3214978      -6.56      79.78  1
        2015021712  3183660      -6.70      80.12  1
        2015021715  3216848      -6.79      80.41  1
        2015021718  3291494      -6.84      80.73  1
        2015021721  3318043      -6.89      80.97  1
        2015021800  3319514      -6.91      81.27  1
        2015021803  3310331      -6.93      81.59  1
        2015021806  3404444      -6.86      82.45  1
        2015021809  3502003      -6.77      83.70  1
        2015021812  3579074      -6.63      85.14  1
        2015021815  3661152      -6.52      86.41  1
        2015021818  3796241      -6.36      87.98  1
        2015021821  3813002      -6.25      89.33  1
        2015021900  3762479      -6.10      90.98  1
        2015021903  3747891      -5.98      92.23  1
        2015021906  3917740      -5.77      93.76  1
        2015021909  3936311      -5.62      94.87  1
        2015021912  3844866      -5.51      95.62  1
        2015021915  3847161      -5.50      96.04  1
        2015021918  3901726      -5.44      96.47  1
        2015021921  3815066      -5.52      96.74  1
        2015022000  3658365      -5.54      97.02  1
        2015022003  3571365      -5.58      97.13  1
        2015022006  3482196      -5.62      97.31  1
        2015022009  3399907      -5.65      97.50  1
        2015022012  3212789      -5.67      97.69  1
        2015022015  3041520      -5.74      97.64  1
        2015022018  2858784      -5.81      97.57  1
        2015022021  2456272      -6.01      97.11  1
        2015022100  2026464      -6.32      96.23  1
        2015022103  1525669      -6.83      94.34  1
        2015022106  1181152      -7.28      92.46  1
        2015022109   952454      -7.52      91.42  1
        2015022112   838239      -7.62      90.91  1
        2015022115   760802      -7.70      90.37  1
        2015022118   668108      -7.79      89.76  1
        2015022121   521831      -7.92      88.84  1
        2015022200   341921      -8.09      88.06  1
LPT    26.0100
        2015022303   360413     -10.84      80.08  1
        2015022306   422388     -10.99      79.79  1
        2015022309   490123     -11.28      79.57  1
        2015022312   558579     -11.51      79.23  1
        2015022315   629831     -11.78      79.00  1
        2015022318   732483     -12.10      78.78  1
        2015022321   832692     -12.39      78.48  1
        2015022400   885140     -12.71      78.25  1
        2015022403   932492     -12.93      77.99  1
        2015022406   974464     -13.16      77.68  1
        2015022409  1035724     -13.42      77.33  1
        2015022412  1122634     -13.61      77.09  1
        2015022415  1200499     -13.78      76.82  1
        2015022418  1247541     -13.94      76.55  1
        2015022421  1306071     -14.05      76.06  1
        2015022500  1279970     -14.16      75.61  1
        2015022503  1307917     -14.24      75.20  1
        2015022506  1316212     -14.36      74.76  1
        2015022509  1322671     -14.40      74.33  1
        2015022512  1320063     -14.45      73.88  1
        2015022515  1375225     -14.46      73.49  1
        2015022518  1446519     -14.39      72.97  1
        2015022521  1541586     -14.33      72.35  1
        2015022600  1610884     -14.32      71.96  1
        2015022603  1679392     -14.32      71.63  1
        2015022606  1717917     -14.44      71.44  1
        2015022609  1766844     -14.64      71.31  1
        2015022612  1784309     -14.85      71.14  1
        2015022615  1796404     -15.08      71.00  1
        2015022618  1794805     -15.35      70.93  1
        2015022621  1806110     -15.64      70.78  1
        2015022700  1729893     -15.96      70.65  1
        2015022703  1667497     -16.32      70.55  1
        2015022706  1578455     -16.82      70.53  1
        2015022709  1490504     -17.58      70.55  1
        2015022712  1386973     -18.33      70.45  1
        2015022715  1338446     -19.27      70.31  1
        2015022718  1271898     -20.14      70.18  1
        2015022721  1230942     -20.92      70.04  1
        2015022800  1151707     -21.86      69.88  1
        2015022803  1134656     -22.73      69.71  1
        2015022806  1097091     -23.68      69.52  1
        2015022809  1094310     -24.59      69.37  1
        2015022812  1080699     -25.19      69.30  1
        2015022815  1092836     -25.70      69.23  1
        2015022818  1100935     -26.32      69.19  1
        2015022821  1114694     -26.89      69.15  1
        2015030100  1087390     -27.37      69.13  1
        2015030103  1057972     -27.80      69.11  1
        2015030106  1008489     -28.14      69.12  1
        2015030109   945840     -28.46      69.08  1
        2015030112   884540     -28.82      69.13  1
        2015030115   807950     -29.20      69.17  1
        2015030118   747895     -29.58      69.25  1
        2015030121   688567     -29.92      69.32  1
        2015030200   597864     -30.32      69.42  1
        2015030203   535979     -30.56      69.48  1
        2015030206   440309     -30.84      69.55  1
        2015030209   331345     -31.11      69.59  1
LPT    27.0100
        2015030306   426455       0.02     149.53  1
        2015030309   736102      -0.23     149.28  1
        2015030312  1083408      -0.39     149.24  1
        2015030315  1478447      -0.37     149.33  1
        2015030318  1665869      -0.34     149.28  1
        2015030321  1822516      -0.22     149.12  1
        2015030400  2068767      -0.20     148.28  1
        2015030403  2301268      -0.08     147.85  1
        2015030406  2606959      -0.26     147.46  1
        2015030409  2786038      -0.34     147.24  1
        2015030412  3077772      -0.53     147.54  1
        2015030415  3471114      -0.83     147.45  1
        2015030418  3605468      -1.02     146.87  1
        2015030421  3813636      -1.23     146.61  1
        2015030500  3928482      -1.44     146.26  1
        2015030503  4047904      -1.67     146.50  1
        2015030506  4030561      -1.97     146.77  1
        2015030509  4185944      -2.20     147.04  1
        2015030512  4507131      -2.39     148.36  1
        2015030515  5575552      -1.65     153.81  1
        2015030518  5802574      -1.62     155.89  1
        2015030521  5963867      -1.54     157.94  1
        2015030600  6439790      -1.47     159.45  1
        2015030603  6643393      -1.20     161.82  1
        2015030606  6524700      -1.06     164.48  2
        2015030609  6904788      -1.11     165.08  2
        2015030612  7672582      -1.14     165.90  2
        2015030615  8357295      -1.44     165.33  1
        2015030618  8674580      -1.66     164.92  1
        2015030621  9047483      -2.01     163.94  1
        2015030700  9368864      -2.33     163.47  1
        2015030703  8353219      -2.09     168.87  1
        2015030706  8501286      -2.34     168.51  1
        2015030709  8586076      -2.49     168.52  1
        2015030712  8744289      -2.70     168.38  1
        2015030715  8873578      -2.98     167.98  1
        2015030718  8833292      -3.09     167.96  1
        2015030721  8955438      -3.20     167.69  1
        2015030800  9035451      -3.19     167.78  1
        2015030803  9206890      -3.23     167.63  1
        2015030806  9394109      -3.28     167.34  1
        2015030809  9603992      -3.25     167.34  1
        2015030812  9822120      -3.31     167.23  1
        2015030815 10150929      -3.32     167.08  1
        2015030818 10180956      -3.37     167.10  1
        2015030821 10292177      -3.43     167.08  1
        2015030900 10449210      -3.49     167.01  1
        2015030903 10475967      -3.63     166.89  1
        2015030906 10430686      -3.87     166.50  1
        2015030909 10431762      -4.02     166.29  1
        2015030912 10471500      -4.10     166.25  1
        2015030915 10424996      -4.28     165.70  1
        2015030918 10289410      -4.32     165.71  1
        2015030921 10214931      -4.33     165.64  1
        2015031000 10181738      -4.38     165.67  1
        2015031003 10172910      -4.40     165.62  1
        2015031006 10255901      -4.48     165.50  1
        2015031009 10402612      -4.48     165.63  1
        2015031012 10617824      -4.52     165.74  1
        2015031015 10877465      -4.52     165.82  1
        2015031018 10837631      -4.61     165.89  1
        2015031021 10909247      -4.64     165.98  1
        2015031100 10858924      -4.77     166.05  1
        2015031103 10955244      -4.91     166.13  1
        2015031106 11358800      -5.28     167.20  1
        2015031109 11562584      -5.47     167.59  1
        2015031112 11843268      -5.78     168.05  1
        2015031115 12083229      -6.06     168.30  1
        2015031118 12006072      -6.39     168.51  1
        2015031121 12089052      -6.58     168.71  1
        2015031200 12050706      -6.77     168.95  1
        2015031203 11933008      -6.89     168.97  1
        2015031206 11724991      -6.96     168.88  1
        2015031209 11622867      -7.00     168.83  1
        2015031212 11492216      -7.08     168.58  1
        2015031215 11374399      -7.10     168.29  1
        2015031218 10990404      -7.10     168.01  1
        2015031221 10819720      -7.09     167.59  1
        2015031300 10709598      -7.17     167.34  1
        2015031303 10558619      -7.29     167.17  1
        2015031306 10362777      -7.47     167.05  1
        2015031309 10258087      -7.69     167.03  1
        2015031312 10119663      -7.97     166.99  1
        2015031315  9872711      -8.26     166.96  1
        2015031318  9473993      -8.72     167.31  1
        2015031321  9178393      -9.14     167.50  1
        2015031400  6318686     -12.95     172.10  1
        2015031403  6294574     -13.42     172.17  1
        2015031406  6218650     -13.98     172.24  1
        2015031409  6230083     -14.50     172.28  1
        2015031412  6148360     -14.98     172.40  1
        2015031415  6180921     -15.62     172.31  1
        2015031418  6141514     -16.16     172.32  1
        2015031421  6073046     -16.59     172.27  1
        2015031500  5987597     -17.10     172.29  1
        2015031503  5974114     -17.87     172.39  1
        2015031506  5888390     -18.69     172.54  1
        2015031509  5822936     -19.39     172.76  1
        2015031512  5728978     -20.04     173.02  1
        2015031515  5479537     -20.75     173.18  1
        2015031518  5181811     -21.74     173.54  1
        2015031521  4807749     -22.59     173.73  1
        2015031600  4236668     -23.77     174.20  1
        2015031603  3810295     -25.08     174.71  1
        2015031606  3426224     -26.23     174.98  1
        2015031609  3093892     -27.24     175.25  1
        2015031612  2832430     -28.18     175.60  1
        2015031615  2600115     -29.10     175.92  1
        2015031618  2349840     -30.09     176.33  1
        2015031621  2112588     -31.15     176.81  1
        2015031700  1863013     -31.98     177.28  1
        2015031703  1616802     -33.01     177.89  1
        2015031706  1366945     -34.08     178.58  1
        2015031709  1162700     -34.96     179.09  1
        2015031712   966980     -35.70     179.51  1
        2015031715   857901     -36.46     179.91  1
        2015031718   678762     -37.42     180.52  1
        2015031721   525199     -38.32     181.08  1
        2015031800   364907     -39.00     181.52  1
LPT    27.0200
        2015030306   426455       0.02     149.53  1
        2015030309   736102      -0.23     149.28  1
        2015030312  1083408      -0.39     149.24  1
        2015030315  1478447      -0.37     149.33  1
        2015030318  1665869      -0.34     149.28  1
        2015030321  1822516      -0.22     149.12  1
        2015030400  2068767      -0.20     148.28  1
        2015030403  2301268      -0.08     147.85  1
        2015030406  2606959      -0.26     147.46  1
        2015030409  2786038      -0.34     147.24  1
        2015030412  3077772      -0.53     147.54  1
        2015030415  3471114      -0.83     147.45  1
        2015030418  3605468      -1.02     146.87  1
        2015030421  3813636      -1.23     146.61  1
        2015030500  3928482      -1.44     146.26  1
        2015030503  4047904      -1.67     146.50  1
        2015030506  4030561      -1.97     146.77  1
        2015030509  4185944      -2.20     147.04  1
        2015030512  4507131      -2.39     148.36  1
        2015030515  5575552      -1.65     153.81  1
        2015030518  5802574      -1.62     155.89  1
        2015030521  5963867      -1.54     157.94  1
        2015030600  6439790      -1.47     159.45  1
        2015030603  6643393      -1.20     161.82  1
        2015030606  6524700      -1.06     164.48  2
        2015030609  6904788      -1.11     165.08  2
        2015030612  7672582      -1.14     165.90  2
        2015030615  8357295      -1.44     165.33  1
        2015030618  8674580      -1.66     164.92  1
        2015030621  9047483      -2.01     163.94  1
        2015030700  9368864      -2.33     163.47  1
        2015030703   708552      -6.38     119.51  1
        2015030706  1017074      -6.33     119.95  1
        2015030709  1100285      -6.52     119.57  1
        2015030712  1177394      -6.66     119.39  1
        2015030715  1201306      -6.90     118.85  1
        2015030718  1156658      -7.30     118.28  1
        2015030721  1141306      -7.60     117.78  1
        2015030800  1119127      -7.89     117.35  1
        2015030803  1077777      -8.19     117.06  1
        2015030806  1068534      -8.50     116.76  1
        2015030809  1018323      -8.72     116.51  1
        2015030812   936931      -8.92     116.35  1
        2015030815   862539      -9.09     116.20  1
        2015030818   849904      -9.28     116.01  1
        2015030821   758872      -9.44     115.83  1
        2015030900   658678      -9.66     115.63  1
        2015030903   573821      -9.87     115.45  1
        2015030906   497528     -10.00     115.32  1
        2015030909   422082     -10.12     115.24  1
        2015031015   366348     -11.54     113.90  1
        2015031018   515325     -11.57     113.87  1
        2015031021   564391     -11.62     113.81  1
        2015031100   599686     -11.74     113.83  1
        2015031103   638777     -11.82     113.79  1
        2015031106   674241     -11.84     113.71  1
        2015031109   668204     -11.83     113.72  1
        2015031112   655393     -11.82     113.69  1
        2015031115   693928     -11.82     113.64  1
        2015031118   841432     -11.74     113.43  1
        2015031121   938846     -11.51     112.99  1
        2015031200  1046866     -11.31     112.57  1
        2015031203  1083697     -11.16     112.33  1
        2015031206  1161968     -10.87     111.86  1
        2015031209  1213060     -10.78     111.75  1
        2015031212  1191631     -10.83     111.79  1
        2015031215  1178590     -10.87     111.86  1
        2015031218  1164380     -11.02     112.01  1
        2015031221  1007901     -11.18     112.31  1
        2015031300   794240     -11.28     112.60  1
        2015031303   517885     -11.36     112.81  1
LPT    28.0100
        2015030318   362278     -14.80      45.07  1
        2015030321   675944     -14.28      46.74  1
        2015030400   919976     -14.24      47.13  1
        2015030403  1105170     -14.31      47.52  1
        2015030406  1286253     -14.42      47.73  1
        2015030409  1461195     -14.53      47.61  1
        2015030412  1558582     -14.70      47.30  1
        2015030415  1665746     -14.83      47.35  1
        2015030418  1822320     -14.82      47.56  1
        2015030421  1934374     -14.79      47.97  1
        2015030500  1939460     -14.89      47.95  1
        2015030503  1911447     -15.02      47.80  1
        2015030506  1888861     -15.12      47.82  1
        2015030509  1784785     -15.28      47.66  1
        2015030512  1707891     -15.58      47.22  1
        2015030515  1658370     -15.82      47.21  1
        2015030518  1633283     -15.98      47.28  1
        2015030521  1617463     -16.10      47.31  1
        2015030600  1659462     -16.21      47.27  1
        2015030603  1706169     -16.29      47.32  1
        2015030606  1735947     -16.35      47.35  1
        2015030609  1832368     -16.40      47.36  1
        2015030612  1814823     -16.61      47.55  1
        2015030615  1800635     -16.78      47.73  1
        2015030618  1779425     -16.99      47.88  1
        2015030621  1662948     -17.07      47.98  1
        2015030700  1582624     -17.25      48.01  1
        2015030703  1482841     -17.39      48.15  1
        2015030706  1311836     -17.53      48.24  1
        2015030709  1214077     -17.63      48.40  1
        2015030712  1065277     -17.80      48.54  1
        2015030715  1079756     -17.95      48.60  1
        2015030718  1029682     -18.11      48.70  1
        2015030721   945845     -18.28      48.88  1
        2015030800   973347     -18.47      48.80  1
        2015030803   976276     -18.61      48.85  1
        2015030806   996013     -18.61      48.83  1
        2015030809  1027822     -18.56      48.65  1
        2015030812  1094265     -18.58      48.61  1
        2015030815  1120895     -18.64      48.68  1
        2015030818  1139916     -18.75      48.91  1
        2015030821  1156059     -18.85      49.21  1
        2015030900  1216360     -18.89      49.48  1
        2015030903  1239229     -18.96      49.95  1
        2015030906  1272742     -18.97      50.30  1
        2015030909  1287654     -19.02      50.69  1
        2015030912  1263846     -19.18      51.03  1
        2015030915  1273125     -19.31      51.25  1
        2015030918  1262810     -19.42      51.64  1
        2015030921  1269012     -19.56      52.12  1
        2015031000  1318061     -19.70      52.42  1
        2015031003  1283569     -19.83      52.77  1
        2015031006  1237492     -19.97      53.09  1
        2015031009  1197482     -20.08      53.40  1
        2015031012  1195055     -20.30      53.80  1
        2015031015  1220575     -20.55      54.14  1
        2015031018  1179559     -20.80      54.62  1
        2015031021  1156523     -21.07      55.16  1
        2015031100  1212239     -21.38      55.52  1
        2015031103  1203614     -21.72      55.92  1
        2015031106  1165834     -22.04      56.25  1
        2015031109  1195240     -22.44      56.63  1
        2015031112  1254989     -22.76      56.88  1
        2015031115  1245228     -23.12      57.09  1
        2015031118  1195406     -23.45      57.33  1
        2015031121  1169646     -23.79      57.71  1
        2015031200  1152495     -24.20      58.03  1
        2015031203  1132908     -24.58      58.37  1
        2015031206  1109066     -25.05      58.64  1
        2015031209  1141750     -25.50      59.03  1
        2015031212  1175144     -25.92      59.37  1
        2015031215  1184048     -26.21      59.64  1
        2015031218  1173931     -26.52      59.90  1
        2015031221  1124281     -26.80      60.14  1
        2015031300  1076442     -27.13      60.41  1
        2015031303  1042053     -27.43      60.67  1
        2015031306   988902     -27.71      60.89  1
        2015031309   945368     -28.01      61.16  1
        2015031312   912231     -28.22      61.41  1
        2015031315   826523     -28.50      61.72  1
        2015031318   727935     -28.73      62.00  1
        2015031321   618431     -28.94      62.24  1
        2015031400   519281     -29.18      62.58  1
        2015031403   399646     -29.43      63.02  1
        2015031406   281258     -29.67      63.40  1
LPT    29.0100
        2015031418   380135     -21.54     209.35  1
        2015031421   813008     -21.44     209.47  1
        2015031500  1158458     -21.25     209.44  1
        2015031503  1378587     -21.23     209.66  1
        2015031506  1602573     -21.17     209.80  1
        2015031509  1846469     -21.19     210.07  1
        2015031512  2185996     -21.04     210.30  1
        2015031515  2338455     -21.00     210.46  1
        2015031518  2557151     -20.88     210.52  1
        2015031521  2841104     -20.73     210.67  1
        2015031600  3099815     -20.56     210.83  1
        2015031603  3269992     -20.38     210.87  1
        2015031606  3433565     -20.31     211.05  1
        2015031609  3614457     -20.27     211.32  1
        2015031612  3827497     -20.26     211.55  1
        2015031615  3778766     -19.96     211.59  1
        2015031618  3938391     -19.90     211.69  1
        2015031621  4050578     -19.87     211.87  1
        2015031700  4271954     -19.47     211.35  1
        2015031703  4435631     -19.11     210.81  1
        2015031706  4635404     -18.75     210.24  1
        2015031709  4925292     -18.39     209.62  1
        2015031712  5344551     -17.94     208.78  1
        2015031715  5563666     -17.63     208.25  1
        2015031718  5737235     -17.42     208.04  1
        2015031721  5820457     -17.26     207.95  1
        2015031800  5910836     -16.95     207.43  1
        2015031803  5947798     -16.71     206.97  1
        2015031806  5971124     -16.51     206.73  1
        2015031809  5989774     -16.20     206.32  1
        2015031812  6046344     -15.85     205.88  1
        2015031815  6030338     -15.32     204.91  1
        2015031818  6066245     -14.85     204.29  1
        2015031821  6053877     -14.29     203.49  1
        2015031900  5941797     -13.68     202.52  1
        2015031903  5766047     -13.05     201.36  1
        2015031906  5731227     -12.59     200.42  1
        2015031909  5666792     -12.04     199.33  1
        2015031912  5547783     -11.35     197.85  1
        2015031915  5431074     -11.09     197.11  1
        2015031918  5452528     -11.01     196.67  1
        2015031921  5378208     -10.96     196.20  1
        2015032000  5404166     -10.99     195.83  1
        2015032003  5289327     -11.09     195.67  1
        2015032006  5258384     -11.16     195.37  1
        2015032009  5277869     -11.20     194.88  1
        2015032012  5370312     -11.24     194.48  1
        2015032015  5250530     -11.21     194.05  1
        2015032018  5254072     -11.26     193.67  1
        2015032021  5277717     -11.25     193.17  1
        2015032100  5451255     -11.23     192.90  1
        2015032103  5433733     -11.32     192.86  1
        2015032106  5469906     -11.40     192.78  1
        2015032109  5510667     -11.56     192.57  1
        2015032112  5725495     -11.72     192.48  1
        2015032115  5802647     -11.87     192.23  1
        2015032118  5760986     -12.11     192.21  1
        2015032121  5799572     -12.30     191.91  1
        2015032200  5887539     -12.39     191.43  1
        2015032203  5895089     -12.56     191.12  1
        2015032206  5865148     -12.71     190.90  1
        2015032209  5867956     -12.83     190.65  1
        2015032212  5882447     -12.91     190.43  1
        2015032215  5775030     -13.03     190.15  1
        2015032218  5820067     -13.06     190.02  1
        2015032221  5705224     -13.01     189.88  1
        2015032300  5787371     -12.86     189.76  1
        2015032303  5617920     -12.78     189.54  1
        2015032306  5413648     -12.61     189.29  1
        2015032309  5061559     -12.27     189.15  1
        2015032312  3858947      -8.37     189.56  1
        2015032315  3617094      -7.92     188.75  1
        2015032318  3369616      -7.47     188.13  1
        2015032321  3184939      -6.85     187.22  1
        2015032400  3144239      -6.12     186.37  1
        2015032403  3024182      -5.48     185.68  1
        2015032406  2925098      -5.02     185.53  1
        2015032409  2887855      -4.57     185.37  1
        2015032412  3037373      -4.25     185.36  1
        2015032415  2970548      -3.69     185.01  1
        2015032418  2911095      -3.43     184.93  1
        2015032421  2843647      -3.25     184.84  1
        2015032500  2892906      -3.13     184.91  1
        2015032503  2683141      -2.83     184.84  2
        2015032506  2757852      -2.86     184.96  2
        2015032509  2844341      -2.83     184.98  2
        2015032512  3144058      -3.02     185.30  2
        2015032515  3228095      -2.94     185.11  1
        2015032518  3438591      -2.93     185.04  1
        2015032521  3598188      -2.78     184.70  1
        2015032600  3718659      -2.70     184.50  1
        2015032603  3549127      -2.71     184.33  1
        2015032606  3553975      -2.69     184.15  1
        2015032609  3600742      -2.71     184.08  1
        2015032612  3661569      -2.69     183.93  1
        2015032615  3537476      -2.93     184.05  1
        2015032618  3417010      -3.06     184.07  1
        2015032621  2033675      -7.62     191.20  1
        2015032700  2035742      -7.99     191.51  1
        2015032703  2056008      -8.20     191.64  1
        2015032706  2091981      -8.31     191.63  1
        2015032709  2132895      -8.34     191.51  1
        2015032712  2166417      -8.32     191.39  1
        2015032715  2164062      -8.32     191.19  1
        2015032718  2157748      -8.35     191.02  1
        2015032721  2115967      -8.33     190.82  1
        2015032800  2037749      -8.27     190.67  1
        2015032803  1929154      -8.04     190.36  1
        2015032806  1832255      -7.88     190.04  1
        2015032809  1671664      -7.78     189.71  1
        2015032812  1585971      -7.60     189.29  1
        2015032815  1365214      -7.36     188.59  1
        2015032818  1283059      -7.14     188.06  1
        2015032821  1201487      -6.66     187.39  1
        2015032900  1020446      -5.87     186.60  1
        2015032903   756636      -2.54     184.00  1
        2015032906   837442      -1.51     182.92  1
        2015032909   946453      -0.93     182.08  1
        2015032912  1090038      -0.43     181.40  1
        2015032915  1235062      -0.12     180.93  1
        2015032918  1313738       0.08     180.60  1
        2015032921  1343066       0.15     180.44  1
        2015033000  1430945       0.38     180.26  1
        2015033003  1470270       0.63     179.94  1
        2015033006  1462536       0.84     179.72  1
        2015033009  1466328       1.11     179.40  1
        2015033012  1455448       1.44     179.12  1
        2015033015  1540164       1.71     178.55  1
        2015033018  1459861       1.98     178.24  1
        2015033021  1320901       2.26     177.94  1
        2015033100  1263652       2.54     177.42  1
        2015033103  1350687       2.66     176.63  1
        2015033106  1282714       2.81     176.14  1
        2015033109  1298072       2.92     175.20  1
        2015033112  1450004       2.91     174.13  1
        2015033115  1644285       2.88     173.07  1
        2015033118  1674486       2.80     172.37  1
        2015033121  1665288       2.76     171.56  1
        2015040100  1665219       2.76     170.84  1
        2015040103  1683645       2.75     170.16  1
        2015040106  1668174       2.75     169.52  1
        2015040109  1686595       2.78     168.97  1
        2015040112  1768956       2.82     168.47  1
        2015040115  1904410       2.90     168.04  1
        2015040118  1938845       3.05     167.79  1
        2015040121  1957889       3.17     167.64  1
        2015040200  1989239       3.30     167.62  1
        2015040203  1979036       3.40     167.55  1
        2015040206  1989662       3.47     167.62  1
        2015040209  2014947       3.53     167.79  1
        2015040212  2022614       3.53     168.01  1
        2015040215  2071976       3.49     168.35  1
        2015040218  2096001       3.40     168.62  1
        2015040221  2118488       3.31     168.82  1
        2015040300  2147132       3.22     168.98  1
        2015040303  2148772       3.16     169.06  1
        2015040306  2106522       3.12     169.13  1
        2015040309  2102742       3.07     169.25  1
        2015040312  2104432       2.99     169.35  1
        2015040315  2086896       2.89     169.56  1
        2015040318  2033949       2.77     169.72  1
        2015040321  1977159       2.60     169.99  1
        2015040400  1984389       2.30     170.46  1
        2015040403  1978523       1.98     170.91  1
        2015040406  1917159       1.62     171.27  1
        2015040409  1917386       1.20     171.71  1
        2015040412  2002258       0.76     171.92  1
        2015040415  2082370       0.38     172.02  1
        2015040418  1985942      -0.17     172.42  1
        2015040421  1976560      -0.48     172.48  1
        2015040500  2046241      -0.92     172.79  1
        2015040503  2130379      -1.38     173.00  1
        2015040506  2184303      -1.79     173.15  1
        2015040509  2344413      -2.36     173.42  1
        2015040512  2537559      -3.05     173.76  1
        2015040515  2695256      -3.24     173.56  1
        2015040518  2685296      -3.52     173.60  1
        2015040521  2684737      -3.55     173.32  1
        2015040600  2642972      -3.67     173.30  1
        2015040603  2569781      -3.62     173.06  1
        2015040606  2525244      -3.51     172.61  1
        2015040609  2520162      -3.29     171.94  1
        2015040612  2633321      -3.08     170.85  1
        2015040615  2992706      -2.96     169.70  1
        2015040618  3130382      -2.71     168.67  1
        2015040621  3262633      -2.63     167.84  1
        2015040700  3449562      -2.54     166.96  1
        2015040703  3562943      -2.45     166.12  1
        2015040706  3655840      -2.49     165.59  1
        2015040709  3742244      -2.51     165.14  1
        2015040712  3843531      -2.61     164.71  1
        2015040715  3875450      -2.65     164.07  1
        2015040718  3667545      -2.71     163.35  1
        2015040721  3492022      -2.70     162.56  1
        2015040800  3404219      -2.84     162.01  1
        2015040803  3332039      -3.02     161.41  1
        2015040806  3284693      -3.38     161.39  1
        2015040809  3331833      -3.68     161.49  1
        2015040812  3385409      -4.04     161.53  1
        2015040815  3572670      -4.42     161.62  1
        2015040818  3568928      -4.82     161.47  1
        2015040821  3648268      -5.12     161.31  1
        2015040900  3619191      -5.36     161.12  1
        2015040903  3670581      -5.58     160.92  1
        2015040906  3667830      -5.89     160.65  1
        2015040909  3611459      -6.20     160.37  1
        2015040912  3575586      -6.52     160.12  1
        2015040915  3565400      -6.95     159.87  1
        2015040918  3404128      -7.46     159.61  1
        2015040921  3313363      -7.84     159.43  1
        2015041000  3224903      -8.22     159.32  1
        2015041003  3195466      -8.64     159.28  1
        2015041006  3121824      -8.98     159.14  1
        2015041009  3062463      -9.26     159.08  1
        2015041012  3010849      -9.52     159.11  1
        2015041015  3002422      -9.70     159.12  1
        2015041018  2898157      -9.94     159.19  1
        2015041021  2854057     -10.14     159.19  1
        2015041100  2790802     -10.36     159.14  1
        2015041103  2730503     -10.67     159.14  1
        2015041106  2629913     -10.92     159.12  1
        2015041109  2550196     -11.21     159.07  1
        2015041112  2476491     -11.42     159.03  1
        2015041115  2417701     -11.66     159.06  1
        2015041118  2230084     -11.91     159.06  1
        2015041121  2104201     -12.19     159.25  1
        2015041200  1921454     -12.45     159.46  1
        2015041203  1796373     -12.79     159.65  1
        2015041206  1639266     -13.14     159.96  1
        2015041209  1480150     -13.51     160.30  1
        2015041212  1329873     -13.85     160.65  1
        2015041215  1152287     -14.19     160.95  1
        2015041218   894219     -14.60     161.32  1
        2015041221   659297     -15.02     161.76  1
        2015041300   454965     -15.40     162.11  1
LPT    29.0200
        2015031418   380135     -21.54     209.35  1
        2015031421   813008     -21.44     209.47  1
        2015031500  1158458     -21.25     209.44  1
        2015031503  1378587     -21.23     209.66  1
        2015031506  1602573     -21.17     209.80  1
        2015031509  1846469     -21.19     210.07  1
        2015031512  2185996     -21.04     210.30  1
        2015031515  2338455     -21.00     210.46  1
        2015031518  2557151     -20.88     210.52  1
        2015031521  2841104     -20.73     210.67  1
        2015031600  3099815     -20.56     210.83  1
        2015031603  3269992     -20.38     210.87  1
        2015031606  3433565     -20.31     211.05  1
        2015031609  3614457     -20.27     211.32  1
        2015031612  3827497     -20.26     211.55  1
        2015031615  3778766     -19.96     211.59  1
        2015031618  3938391     -19.90     211.69  1
        2015031621  4050578     -19.87     211.87  1
        2015031700  4271954     -19.47     211.35  1
        2015031703  4435631     -19.11     210.81  1
        2015031706  4635404     -18.75     210.24  1
        2015031709  4925292     -18.39     209.62  1
        2015031712  5344551     -17.94     208.78  1
        2015031715  5563666     -17.63     208.25  1
        2015031718  5737235     -17.42     208.04  1
        2015031721  5820457     -17.26     207.95  1
        2015031800  5910836     -16.95     207.43  1
        2015031803  5947798     -16.71     206.97  1
        2015031806  5971124     -16.51     206.73  1
        2015031809  5989774     -16.20     206.32  1
        2015031812  6046344     -15.85     205.88  1
        2015031815  6030338     -15.32     204.91  1
        2015031818  6066245     -14.85     204.29  1
        2015031821  6053877     -14.29     203.49  1
        2015031900  5941797     -13.68     202.52  1
        2015031903  5766047     -13.05     201.36  1
        2015031906  5731227     -12.59     200.42  1
        2015031909  5666792     -12.04     199.33  1
        2015031912  5547783     -11.35     197.85  1
        2015031915  5431074     -11.09     197.11  1
        2015031918  5452528     -11.01     196.67  1
        2015031921  5378208     -10.96     196.20  1
        2015032000  5404166     -10.99     195.83  1
        2015032003  5289327     -11.09     195.67  1
        2015032006  5258384     -11.16     195.37  1
        2015032009  5277869     -11.20     194.88  1
        2015032012  5370312     -11.24     194.48  1
        2015032015  5250530     -11.21     194.05  1
        2015032018  5254072     -11.26     193.67  1
        2015032021  5277717     -11.25     193.17  1
        2015032100  5451255     -11.23     192.90  1
        2015032103  5433733     -11.32     192.86  1
        2015032106  5469906     -11.40     192.78  1
        2015032109  5510667     -11.56     192.57  1
        2015032112  5725495     -11.72     192.48  1
        2015032115  5802647     -11.87     192.23  1
        2015032118  5760986     -12.11     192.21  1
        2015032121  5799572     -12.30     191.91  1
        2015032200  5887539     -12.39     191.43  1
        2015032203  5895089     -12.56     191.12  1
        2015032206  5865148     -12.71     190.90  1
        2015032209  5867956     -12.83     190.65  1
        2015032212  5882447     -12.91     190.43  1
        2015032215  5775030     -13.03     190.15  1
        2015032218  5820067     -13.06     190.02  1
        2015032221  5705224     -13.01     189.88  1
        2015032300  5787371     -12.86     189.76  1
        2015032303  5617920     -12.78     189.54  1
        2015032306  5413648     -12.61     189.29  1
        2015032309  5061559     -12.27     189.15  1
        2015032312  3858947      -8.37     189.56  1
        2015032315  3617094      -7.92     188.75  1
        2015032318  3369616      -7.47     188.13  1
        2015032321  3184939      -6.85     187.22  1
        2015032400  3144239      -6.12     186.37  1
        2015032403  3024182      -5.48     185.68  1
        2015032406  2925098      -5.02     185.53  1
        2015032409  2887855      -4.57     185.37  1
        2015032412  3037373      -4.25     185.36  1
        2015032415  2970548      -3.69     185.01  1
        2015032418  2911095      -3.43     184.93  1
        2015032421  2843647      -3.25     184.84  1
        2015032500  2892906      -3.13     184.91  1
        2015032503  2683141      -2.83     184.84  2
        2015032506  2757852      -2.86     184.96  2
        2015032509  2844341      -2.83     184.98  2
        2015032512  3144058      -3.02     185.30  2
        2015032515  3228095      -2.94     185.11  1
        2015032518  3438591      -2.93     185.04  1
        2015032521  3598188      -2.78     184.70  1
        2015032600  3718659      -2.70     184.50  1
        2015032603  3549127      -2.71     184.33  1
        2015032606  3553975      -2.69     184.15  1
        2015032609  3600742      -2.71     184.08  1
        2015032612  3661569      -2.69     183.93  1
        2015032615  3537476      -2.93     184.05  1
        2015032618  3417010      -3.06     184.07  1
        2015032621  1097878       4.48     171.01  1
        2015032700   915497       5.12     168.87  1
        2015032703   798668       5.65     166.41  1
        2015032706   788969       5.97     164.94  1
        2015032709   855514       6.10     164.14  1
        2015032712   942796       6.20     163.56  1
        2015032715  1064587       6.27     162.96  1
        2015032718  1053644       6.36     162.49  1
        2015032721  1121027       6.40     162.34  1
        2015032800  1099367       6.49     162.14  1
        2015032803  1089366       6.50     161.98  1
        2015032806  1044052       6.55     161.87  1
        2015032809  1027218       6.54     161.81  1
        2015032812  1031107       6.52     161.71  1
        2015032815  1031905       6.52     161.42  1
        2015032818  1036306       6.62     160.99  1
        2015032821   989941       6.81     160.38  1
        2015032900   987281       6.99     159.69  1
        2015032903   999124       7.18     159.06  1
        2015032906  1000285       7.33     158.51  1
        2015032909   979457       7.40     157.94  1
        2015032912   967040       7.47     157.42  1
        2015032915   993057       7.47     156.86  1
        2015032918  1010638       7.47     156.38  1
        2015032921  1043586       7.45     156.03  1
        2015033000  1058900       7.45     155.64  1
        2015033003  1032065       7.48     155.25  1
        2015033006   986193       7.46     154.85  1
        2015033009   964139       7.40     154.59  1
        2015033012   988078       7.30     154.37  1
        2015033015   983645       7.23     154.07  1
        2015033018   894880       7.21     153.70  1
        2015033021   883432       7.19     153.41  1
        2015033100   865800       7.21     153.04  1
        2015033103   824301       7.29     152.58  1
        2015033106   754355       7.45     151.90  1
        2015033109   664563       7.61     151.30  1
        2015033112   610752       7.77     150.70  1
        2015033115   575972       8.03     149.82  1
        2015033118   515386       8.17     149.11  1
        2015033121   409733       8.32     148.34  1
        2015040100   312585       8.42     147.64  1
LPT    30.0100
        2015031803   359989      -3.86     294.51  1
        2015031806   484111      -3.77     294.49  1
        2015031809   588900      -3.81     294.70  1
        2015031812   491815      -3.79     294.36  1
        2015031815   528774      -3.85     294.32  1
        2015031818   951514      -4.15     295.93  1
        2015031821  1241884      -4.18     297.12  1
        2015031900  1176382      -4.24     297.86  1
        2015031903  1341907      -4.25     297.84  1
        2015031906  1515232      -4.17     297.74  1
        2015031909  1638557      -4.06     297.55  1
        2015031912  1524038      -3.94     297.34  1
        2015031915  1533392      -3.82     296.95  1
        2015031918  1856750      -3.76     296.76  1
        2015031921  1968018      -3.50     295.83  1
        2015032000  2027720      -3.30     295.40  1
        2015032003  2317439      -3.25     295.62  1
        2015032006  2646076      -3.34     295.96  1
        2015032009  2823745      -3.39     295.66  1
        2015032012  2781491      -3.39     295.33  1
        2015032015  2905818      -3.52     295.43  1
        2015032018  3181130      -3.79     295.97  1
        2015032021  3135377      -3.87     295.59  1
        2015032100  3087298      -3.99     295.47  1
        2015032103  3029069      -4.16     295.73  1
        2015032106  2975087      -4.43     296.29  1
        2015032109  2721354      -4.67     296.42  1
        2015032112  2359627      -4.84     296.86  1
        2015032115  2042779      -4.90     296.96  1
        2015032118  2178145      -5.10     298.08  1
        2015032121  2078692      -4.94     298.38  1
        2015032200  1895392      -4.79     298.50  1
        2015032203  1789083      -4.58     298.57  1
        2015032206  1949191      -4.57     299.83  1
        2015032209  1833413      -4.45     301.12  1
        2015032212   935994      -4.78     310.48  1
        2015032215   928174      -4.25     312.57  1
        2015032218  1492097      -3.70     315.89  1
        2015032221  1734536      -3.44     317.56  1
        2015032300  1806477      -3.27     318.70  1
        2015032303  1931547      -3.10     320.22  1
        2015032306  2059626      -2.99     321.40  1
        2015032309  2134753      -2.77     322.64  1
        2015032312  2189626      -2.66     323.16  1
        2015032315  2211351      -2.53     323.64  1
        2015032318  2328245      -2.60     323.54  1
        2015032321  2355146      -2.59     323.63  1
        2015032400  2368932      -2.57     323.68  1
        2015032403  2463714      -2.53     324.11  1
        2015032406  2552282      -2.54     324.32  1
        2015032409  2760032      -2.39     325.29  1
        2015032412  3052769      -2.18     326.74  1
        2015032415  3307647      -1.98     328.10  1
        2015032418  3608583      -1.91     328.61  1
        2015032421  3712213      -1.85     328.87  1
        2015032500  3756552      -1.76     329.06  1
        2015032503  3925918      -1.71     328.54  1
        2015032506  4057491      -1.70     327.43  1
        2015032509  3838816      -1.66     327.12  1
        2015032512  3381588      -1.67     327.03  1
        2015032515  3014531      -1.65     326.79  1
        2015032518  2913337      -1.75     324.85  1
        2015032521  1061769      -2.23     308.81  1
        2015032600  1122620      -2.13     308.41  1
        2015032603  1191210      -2.00     308.14  1
        2015032606  1170377      -1.90     307.86  1
        2015032609  1126444      -1.77     307.55  1
        2015032612  1107936      -1.72     307.40  1
        2015032615  1073234      -1.68     307.33  1
        2015032618  1183280      -1.84     307.31  1
        2015032621  1190943      -1.86     307.31  1
        2015032700  1064673      -1.71     307.39  1
        2015032703   984516      -1.66     307.45  1
        2015032706   890557      -1.47     307.58  1
        2015032709   747223      -1.15     307.72  1
        2015032712   629252      -0.87     307.79  1
        2015032715   534380      -0.61     307.85  1
        2015032718   640063      -0.73     307.96  1
        2015032721   524370      -0.48     308.01  1
        2015032800   332157      -0.34     308.08  1
LPT    31.0100
        2015032812   314902     -13.98      78.86  1
        2015032815   392812     -14.00      78.81  1
        2015032818   488089     -13.95      78.89  1
        2015032821   582678     -13.89      78.86  1
        2015032900   601936     -13.98      78.51  1
        2015032903   661620     -14.07      78.11  1
        2015032906   722146     -14.11      77.82  1
        2015032909   809425     -14.19      77.51  1
        2015032912   863996     -14.20      77.39  1
        2015032915   923935     -14.18      77.28  1
        2015032918   990292     -14.24      77.03  1
        2015032921  1048047     -14.20      76.88  1
        2015033000  1036073     -14.20      76.65  1
        2015033003  1041243     -14.21      76.38  1
        2015033006  1041324     -14.20      76.21  1
        2015033009  1013476     -14.23      75.82  1
        2015033012  1029344     -14.20      75.62  1
        2015033015  1063797     -14.19      75.45  1
        2015033018  1100534     -14.18      75.41  1
        2015033021  1153834     -14.14      75.21  1
        2015033100  1166677     -14.11      75.08  1
        2015033103  1185531     -14.09      74.97  1
        2015033106  1217104     -14.06      74.93  1
        2015033109  1218865     -14.02      74.77  1
        2015033112  1213716     -14.00      74.74  1
        2015033115  1200814     -14.04      74.70  1
        2015033118  1228509     -14.04      74.73  1
        2015033121  1309220     -14.06      74.48  1
        2015040100  1265089     -14.19      74.58  1
        2015040103  1252496     -14.30      74.69  1
        2015040106  1187588     -14.41      75.00  1
        2015040109  1145035     -14.55      75.24  1
        2015040112  1094046     -14.58      75.39  1
        2015040115  1019610     -14.69      75.56  1
        2015040118   964444     -14.84      75.68  1
        2015040121   848164     -15.00      75.83  1
        2015040200   768297     -15.23      75.88  1
        2015040203   703681     -15.40      75.87  1
        2015040206   616868     -15.56      75.90  1
        2015040209   597927     -15.67      75.92  1
        2015040212   564930     -15.77      75.82  1
        2015040215   595769     -15.90      75.74  1
        2015040218   611107     -15.98      75.69  1
        2015040221   632540     -16.00      75.64  1
        2015040300   593763     -16.07      75.60  1
        2015040303   593078     -16.05      75.61  1
        2015040306   598461     -15.98      75.61  1
        2015040309   589830     -15.89      75.68  1
        2015040312   578123     -15.83      75.67  1
        2015040315   556112     -15.73      75.66  1
        2015040318   546797     -15.60      75.67  1
        2015040321   547405     -15.36      75.68  1
        2015040400   466662     -15.18      75.74  1
        2015040403   470996     -14.90      75.91  1
        2015040406  2033203     -11.97      86.94  1
        2015040409  2211246     -11.70      86.71  1
        2015040412  2201606     -11.40      86.34  1
        2015040415  2126980     -11.17      86.00  1
        2015040418  2081270     -11.01      85.50  1
        2015040421  2034313     -10.80      85.16  1
        2015040500  1990695     -10.63      84.85  1
        2015040503  1958055     -10.40      84.74  1
        2015040506  1973811     -10.19      84.71  1
        2015040509  2064297     -10.17      84.54  1
        2015040512  2047598     -10.05      84.47  1
        2015040515  2052561      -9.99      84.43  1
        2015040518  2099064      -9.96      84.46  1
        2015040521  2345792     -10.11      83.79  1
        2015040600  2346302     -10.14      83.95  1
        2015040603  2387125     -10.16      83.96  1
        2015040606  2400325     -10.19      84.41  1
        2015040609  2539786     -10.11      83.89  1
        2015040612  2641071      -9.98      83.01  1
        2015040615  2749283      -9.84      82.11  1
        2015040618  2945429      -9.89      81.39  1
        2015040621  3189539      -9.98      80.45  1
        2015040700  3270308     -10.11      79.94  1
        2015040703  3456362     -10.22      79.41  1
        2015040706  3461029     -10.37      79.28  1
        2015040709  3316009     -10.47      79.04  1
        2015040712  1991175      -8.36      71.14  1
        2015040715  2032321      -8.24      70.99  1
        2015040718  2150976      -8.02      71.13  1
        2015040721  2368185      -7.76      71.53  1
        2015040800  2470498      -7.61      71.82  1
        2015040803  2579669      -7.44      72.10  1
        2015040806  2594654      -7.32      72.28  1
        2015040809  2602014      -7.13      72.56  1
        2015040812  1472416      -2.15      78.55  1
        2015040815  1485058      -1.82      79.10  1
        2015040818  1513003      -1.61      79.70  1
        2015040821  1556292      -1.46      80.29  1
        2015040900  1489351      -1.27      81.03  1
        2015040903  1476266      -1.20      81.63  1
        2015040906  1551807      -1.18      82.16  1
        2015040909  1551860      -1.12      82.62  1
        2015040912  1494891      -1.01      83.14  1
        2015040915  1467972      -1.01      83.85  1
        2015040918  1481128      -1.13      84.72  1
        2015040921  1577492      -1.38      86.02  1
        2015041000  1722146      -1.82      87.80  1
        2015041003  1866404      -2.32      89.28  1
        2015041006  2081433      -2.63      90.23  1
        2015041009  2294640      -2.96      91.05  1
        2015041012  2367010      -3.21      91.52  1
        2015041015  2441681      -3.42      91.81  1
        2015041018  2556154      -3.65      92.15  1
        2015041021  2583350      -3.76      92.32  1
        2015041100  2504195      -3.96      92.57  1
        2015041103  2476293      -4.20      92.79  1
        2015041106  2458157      -4.50      93.02  1
        2015041109  2422651      -4.76      93.21  1
        2015041112  2363156      -5.06      93.44  1
        2015041115  2335329      -5.29      93.56  1
        2015041118  2347156      -5.57      93.74  1
        2015041121  2354580      -5.79      93.93  1
        2015041200  2306689      -6.07      94.09  1
        2015041203  2255761      -6.34      94.26  1
        2015041206  2218006      -6.57      94.47  1
        2015041209  2160022      -6.89      94.64  1
        2015041212  2144338      -7.15      94.74  1
        2015041215  2165895      -7.43      94.90  1
        2015041218  2210739      -7.76      95.29  1
        2015041221  2294721      -8.01      95.55  1
        2015041300  2313919      -8.38      95.85  1
        2015041303  2257446      -8.92      96.27  1
        2015041306  2211976      -9.52      96.79  1
        2015041309  2170100     -10.15      97.40  1
        2015041312  2098521     -10.68      97.86  1
        2015041315  2121644     -10.94      98.14  1
        2015041318  2212279     -11.05      98.35  1
        2015041321  2232042     -11.13      98.43  1
        2015041400  2253896     -11.13      98.40  1
        2015041403  2286472     -11.11      98.40  1
        2015041406  2288286     -11.08      98.48  1
        2015041409  2311305     -10.94      98.52  1
        2015041412  2308865     -10.87      98.66  1
        2015041415  2354961     -10.87      98.96  1
        2015041418  2488634     -10.86      99.28  1
        2015041421  2554886     -10.87      99.61  1
        2015041500  2652959     -10.86      99.85  1
        2015041503  2747484     -10.82     100.03  1
        2015041506  2874086     -10.81     100.23  1
        2015041509  2918268     -10.83     100.37  1
        2015041512  2905010     -10.93     100.52  1
        2015041515  2848735     -11.15     100.78  1
        2015041518  2799661     -11.41     101.03  1
        2015041521  2684467     -11.73     101.25  1
        2015041600  2545828     -12.09     101.56  1
        2015041603  2441999     -12.35     101.76  1
        2015041606  2363945     -12.58     101.99  1
        2015041609  2249172     -12.74     102.22  1
        2015041612  2145642     -12.91     102.42  1
        2015041615  2078529     -13.13     102.64  1
        2015041618  2041059     -13.30     102.90  1
        2015041621  1990926     -13.47     103.12  1
        2015041700  1946815     -13.65     103.36  1
        2015041703  1886886     -13.85     103.57  1
        2015041706  1846530     -14.03     103.85  1
        2015041709  1788115     -14.25     104.12  1
        2015041712  1717469     -14.52     104.40  1
        2015041715  1673166     -14.77     104.71  1
        2015041718  1628084     -15.03     105.04  1
        2015041721  1537786     -15.29     105.28  1
        2015041800  1486647     -15.48     105.48  1
        2015041803  1405949     -15.67     105.67  1
        2015041806  1327197     -15.79     105.87  1
        2015041809  1202890     -15.99     106.11  1
        2015041812  1115891     -16.17     106.35  1
        2015041815  1035711     -16.35     106.69  1
        2015041818   976168     -16.57     107.24  1
        2015041821   820774     -16.77     107.68  1
        2015041900   708275     -17.01     108.20  1
        2015041903   606581     -17.19     108.70  1
        2015041906   517616     -17.35     109.32  1
        2015041909   428288     -17.40     110.01  1
        2015041912   390493     -17.50     110.58  1
        2015041915   407923     -17.61     111.24  1
        2015041918   456390     -17.65     111.90  1
        2015041921   457774     -17.68     112.55  1
        2015042000   523990     -17.68     113.03  1
        2015042003   548251     -17.68     113.44  1
        2015042006   612376     -17.64     113.90  1
        2015042009   614637     -17.62     114.25  1
        2015042012   637512     -17.60     114.61  1
        2015042015   669354     -17.55     115.03  1
        2015042018   670182     -17.52     115.46  1
        2015042021   622561     -17.46     115.76  1
        2015042100   628680     -17.39     116.03  1
        2015042103   620717     -17.35     116.33  1
        2015042106   666824     -17.23     116.67  1
        2015042109   701246     -17.09     116.97  1
        2015042112   759438     -16.92     117.25  1
        2015042115   801347     -16.79     117.48  1
        2015042118   871935     -16.53     117.76  1
        2015042121   876592     -16.31     118.03  1
        2015042200   893424     -16.19     118.20  1
        2015042203   881981     -16.10     118.41  1
        2015042206   869212     -15.97     118.55  1
        2015042209   853707     -15.78     118.58  1
        2015042212   833384     -15.66     118.68  1
        2015042215   828884     -15.49     118.78  1
        2015042218   838232     -15.19     118.87  1
        2015042221   787071     -14.93     118.95  1
        2015042300   736280     -14.74     119.01  1
        2015042303   643623     -14.52     119.06  1
        2015042306   601060     -14.24     119.01  1
        2015042309   485607     -14.00     119.05  1
        2015042312   386152     -13.90     119.06  1
LPT    32.0100
        2015042315   370748      -0.80      98.32  1
        2015042318   656998      -1.31      98.79  1
        2015042321   913611      -1.87      99.35  1
        2015042400  1223047      -2.42     100.02  1
        2015042403  1480476      -2.93     100.70  1
        2015042406  1823387      -3.61     101.86  1
        2015042409  2084111      -3.95     102.56  1
        2015042412  2152431      -4.31     103.02  1
        2015042415  2153018      -4.71     103.57  1
        2015042418  2371668      -5.04     104.53  1
        2015042421  2431235      -5.18     105.17  1
        2015042500  2472240      -5.34     105.93  1
        2015042503  2473578      -5.42     106.61  1
        2015042506  2511909      -5.61     107.49  1
        2015042509  2581033      -5.76     108.05  1
        2015042512  2597701      -5.97     108.68  1
        2015042515  2694823      -6.17     109.42  1
        2015042518  2860264      -6.31     109.96  1
        2015042521  2883521      -6.42     110.45  1
        2015042600  2863770      -6.53     110.96  1
        2015042603  2843317      -6.63     111.52  1
        2015042606  2913861      -6.73     112.11  1
        2015042609  2986405      -6.74     112.40  1
        2015042612  2977901      -6.87     112.80  1
        2015042615  3018520      -6.94     113.07  1
        2015042618  3118776      -7.01     113.34  1
        2015042621  3127468      -7.05     113.59  1
        2015042700  3080425      -7.09     113.77  1
        2015042703  2971694      -7.22     114.16  1
        2015042706  2865337      -7.32     114.38  1
        2015042709  2660425      -7.54     114.77  1
        2015042712  2482231      -7.81     115.06  1
        2015042715  2340701      -8.09     115.37  1
        2015042718  2278248      -8.42     115.52  1
        2015042721  2136718      -8.77     115.66  1
        2015042800  2000088      -9.12     115.73  1
        2015042803  1898713      -9.44     115.75  1
        2015042806  1824940      -9.74     115.73  1
        2015042809  1710423     -10.01     115.59  1
        2015042812  1611453     -10.23     115.41  1
        2015042815  1494111     -10.52     115.14  1
        2015042818  1414774     -10.80     114.89  1
        2015042821  1308693     -11.17     114.66  1
        2015042900  1224980     -11.48     114.42  1
        2015042903  1174049     -11.75     114.21  1
        2015042906  1168349     -12.03     114.00  1
        2015042909  1109076     -12.33     113.73  1
        2015042912  1095971     -12.58     113.51  1
        2015042915  1104457     -12.88     113.37  1
        2015042918  1152610     -13.18     113.17  1
        2015042921  1110721     -13.48     113.01  1
        2015043000  1094418     -13.77     112.88  1
        2015043003  1082622     -14.05     112.76  1
        2015043006  1146945     -14.34     112.65  1
        2015043009  1201186     -14.52     112.62  1
        2015043012  1222326     -14.74     112.54  1
        2015043015  1238933     -14.96     112.51  1
        2015043018  1244936     -15.20     112.44  1
        2015043021  1154289     -15.59     112.30  1
        2015050100  1074567     -15.93     112.24  1
        2015050103  1003156     -16.28     112.22  1
        2015050106   955320     -16.53     112.20  1
        2015050109   881563     -16.65     112.23  1
        2015050112   797618     -16.76     112.25  1
        2015050115   721163     -16.86     112.28  1
        2015050118   641687     -17.00     112.33  1
        2015050121   519668     -17.10     112.35  1
        2015050200   394633     -17.26     112.37  1
        2015050203   297810     -17.40     112.48  1
LPT    33.0100
        2015050112   341241     -24.38     155.71  1
        2015050115   482963     -24.47     155.74  1
        2015050118   622568     -24.50     155.83  1
        2015050121   784740     -24.50     156.00  1
        2015050200  1002138     -24.42     156.29  1
        2015050203  2351237     -18.01     159.86  1
        2015050206  2501693     -18.55     159.82  1
        2015050209  2635855     -18.95     159.87  1
        2015050212  2780187     -19.23     159.93  1
        2015050215  3022559     -19.27     160.12  1
        2015050218  3098357     -19.54     160.16  1
        2015050221  3116083     -19.94     160.13  1
        2015050300  3071916     -20.54     160.07  1
        2015050303  3059867     -20.88     160.11  1
        2015050306  3025536     -21.11     160.25  1
        2015050309  2946690     -21.40     160.36  1
        2015050312  2866885     -21.70     160.55  1
        2015050315  2832090     -21.78     160.79  1
        2015050318  2772679     -21.79     161.10  1
        2015050321  2809943     -21.76     161.32  1
        2015050400  2797679     -21.72     161.55  1
        2015050403  2787056     -21.13     162.02  1
        2015050406  2819302     -20.67     162.47  1
        2015050409  2893449     -20.21     162.94  1
        2015050412  3033864     -19.46     163.53  1
        2015050415  3295623     -18.58     164.17  1
        2015050418  3384537     -17.97     164.61  1
        2015050421  4119777     -14.61     164.36  1
        2015050500  4783763     -12.52     164.29  1
        2015050503  5249342     -10.80     164.02  1
        2015050506  5463971      -9.61     163.86  1
        2015050509  5678494      -8.82     163.85  1
        2015050512  5954864      -7.98     163.88  1
        2015050515  6252446      -7.02     163.68  1
        2015050518  6244435      -6.41     163.66  1
        2015050521  6290330      -6.07     163.75  1
        2015050600  6561552      -5.70     164.12  1
        2015050603  6848334      -5.19     163.95  1
        2015050606  6897625      -4.97     164.08  1
        2015050609  6925242      -4.90     164.28  1
        2015050612  7067378      -4.85     164.51  1
        2015050615  7175354      -4.78     164.46  1
        2015050618  7143504      -4.74     164.39  1
        2015050621  7160873      -4.68     164.41  1
        2015050700  7379711      -4.39     164.74  1
        2015050703  7621863      -3.99     165.08  1
        2015050706  7785961      -3.62     165.26  1
        2015050709  7921093      -3.26     165.45  1
        2015050712  8078141      -2.90     165.65  1
        2015050715  8225175      -2.53     165.63  1
        2015050718  8159847      -2.14     165.53  1
        2015050721  8099541      -1.89     165.57  1
        2015050800  8028363      -1.51     165.62  1
        2015050803  7761737      -0.95     165.44  1
        2015050806  7090684       0.42     165.24  1
        2015050809  7059842       0.52     165.51  1
        2015050812  7158431       0.67     166.07  1
        2015050815  7172905       0.77     166.41  1
        2015050818  7074039       0.88     166.78  1
        2015050821  7052057       1.01     167.11  1
        2015050900  7016397       1.17     167.51  1
        2015050903  6948876       1.35     167.72  1
        2015050906  6927625       1.53     168.28  1
        2015050909  7065841       1.69     168.91  1
        2015050912  7194002       1.85     169.38  1
        2015050915  7240671       1.96     169.70  1
        2015050918  7273564       2.06     169.99  1
        2015050921  7286422       2.13     170.16  1
        2015051000  7226282       2.19     170.23  1
        2015051003  7121356       2.27     170.12  1
        2015051006  7029430       2.37     170.12  1
        2015051009  6914148       2.50     170.09  1
        2015051012  6837115       2.63     170.15  1
        2015051015  6689041       2.80     170.03  1
        2015051018  6494315       3.01     170.14  1
        2015051021  6343447       3.18     170.11  1
        2015051100  6202432       3.33     170.00  1
        2015051103  6091094       3.40     169.90  1
        2015051106  5976277       3.46     169.95  1
        2015051109  5918624       3.43     169.96  1
        2015051112  5760976       3.39     169.70  1
        2015051115  5510936       3.29     168.88  1
        2015051118  5397569       3.15     168.70  1
        2015051121  5387673       2.94     168.53  1
        2015051200  5301447       2.65     168.10  1
        2015051203  5332332       2.30     167.73  1
        2015051206  5260623       2.00     167.67  1
        2015051209  5188237       1.72     167.59  1
        2015051212  5130118       1.35     167.45  1
        2015051215  5135391       0.97     167.36  1
        2015051218  4928808       0.58     167.22  1
        2015051221  4672777       0.24     167.00  1
        2015051300  3419006      -2.30     168.31  1
        2015051303  3221801      -2.96     167.92  1
        2015051306  3020440      -3.79     167.21  1
        2015051309  2926424      -4.38     166.62  1
        2015051312  2954478      -4.88     166.13  1
        2015051315  3134471      -5.21     165.76  1
        2015051318  3169293      -5.65     165.23  1
        2015051321  3198727      -6.04     164.70  1
        2015051400  3211237      -6.28     164.39  1
        2015051403  3272370      -6.35     164.28  1
        2015051406  3052732      -6.88     163.53  1
        2015051409  2355699      -9.07     160.32  1
        2015051412  2341389      -9.26     160.03  1
        2015051415  2414670      -9.42     159.89  1
        2015051418  2416303      -9.61     159.74  1
        2015051421  2410389      -9.79     159.65  1
        2015051500  2415109      -9.97     159.57  1
        2015051503  2420935     -10.19     159.49  1
        2015051506  2401080     -10.40     159.42  1
        2015051509  2399438     -10.50     159.34  1
        2015051512  2413150     -10.57     159.32  1
        2015051515  2470343     -10.59     159.26  1
        2015051518  2477796     -10.59     159.23  1
        2015051521  2526471     -10.55     159.15  1
        2015051600  2590691     -10.54     159.12  1
        2015051603  2681185     -10.46     159.02  1
        2015051606  2716447     -10.48     159.00  1
        2015051609  2758713     -10.47     159.02  1
        2015051612  2825229     -10.46     159.04  1
        2015051615  2908471     -10.42     159.10  1
        2015051618  2920436     -10.34     159.17  1
        2015051621  2939288     -10.25     159.26  1
        2015051700  2968262     -10.13     159.31  1
        2015051703  3029756     -10.01     159.32  1
        2015051706  3040913      -9.94     159.32  1
        2015051709  3047421      -9.89     159.33  1
        2015051712  3040754      -9.87     159.31  1
        2015051715  3021682      -9.88     159.30  1
        2015051718  2957482      -9.87     159.29  1
        2015051721  2879585      -9.87     159.29  1
        2015051800  2813545      -9.88     159.28  1
        2015051803  2762901      -9.87     159.28  1
        2015051806  2677628      -9.84     159.28  1
        2015051809  2629812      -9.76     159.28  1
        2015051812  2596469      -9.67     159.26  1
        2015051815  2603758      -9.50     159.21  1
        2015051818  2514628      -9.47     159.17  1
        2015051821  2424571      -9.46     159.12  1
        2015051900  2280906      -9.52     159.10  1
        2015051903  2144825      -9.59     159.15  1
        2015051906  1926418      -9.73     159.29  1
        2015051909  1803906      -9.82     159.45  1
        2015051912  1652521      -9.93     159.59  1
        2015051915  1490680     -10.00     159.80  1
        2015051918  1228706     -10.05     159.95  1
        2015051921  1061315     -10.18     159.91  1
        2015052000   857538     -10.32     159.87  1
        2015052003   684358     -10.37     159.83  1
        2015052006   461012     -10.48     159.87  1
        2015052009   333511     -10.44     159.83  1
LPT    33.0200
        2015050112   341241     -24.38     155.71  1
        2015050115   482963     -24.47     155.74  1
        2015050118   622568     -24.50     155.83  1
        2015050121   784740     -24.50     156.00  1
        2015050200  1002138     -24.42     156.29  1
        2015050203  2351237     -18.01     159.86  1
        2015050206  2501693     -18.55     159.82  1
        2015050209  2635855     -18.95     159.87  1
        2015050212  2780187     -19.23     159.93  1
        2015050215  3022559     -19.27     160.12  1
        2015050218  3098357     -19.54     160.16  1
        2015050221  3116083     -19.94     160.13  1
        2015050300  3071916     -20.54     160.07  1
        2015050303  3059867     -20.88     160.11  1
        2015050306  3025536     -21.11     160.25  1
        2015050309  2946690     -21.40     160.36  1
        2015050312  2866885     -21.70     160.55  1
        2015050315  2832090     -21.78     160.79  1
        2015050318  2772679     -21.79     161.10  1
        2015050321  2809943     -21.76     161.32  1
        2015050400  2797679     -21.72     161.55  1
        2015050403  2787056     -21.13     162.02  1
        2015050406  2819302     -20.67     162.47  1
        2015050409  2893449     -20.21     162.94  1
        2015050412  3033864     -19.46     163.53  1
        2015050415  3295623     -18.58     164.17  1
        2015050418  3384537     -17.97     164.61  1
        2015050421  4119777     -14.61     164.36  1
        2015050500  4783763     -12.52     164.29  1
        2015050503  5249342     -10.80     164.02  1
        2015050506  5463971      -9.61     163.86  1
        2015050509  5678494      -8.82     163.85  1
        2015050512  5954864      -7.98     163.88  1
        2015050515  6252446      -7.02     163.68  1
        2015050518  6244435      -6.41     163.66  1
        2015050521  6290330      -6.07     163.75  1
        2015050600  6561552      -5.70     164.12  1
        2015050603  6848334      -5.19     163.95  1
        2015050606  6897625      -4.97     164.08  1
        2015050609  6925242      -4.90     164.28  1
        2015050612  7067378      -4.85     164.51  1
        2015050615  7175354      -4.78     164.46  1
        2015050618  7143504      -4.74     164.39  1
        2015050621  7160873      -4.68     164.41  1
        2015050700  7379711      -4.39     164.74  1
        2015050703  7621863      -3.99     165.08  1
        2015050706  7785961      -3.62     165.26  1
        2015050709  7921093      -3.26     165.45  1
        2015050712  8078141      -2.90     165.65  1
        2015050715  8225175      -2.53     165.63  1
        2015050718  8159847      -2.14     165.53  1
        2015050721  8099541      -1.89     165.57  1
        2015050800  8028363      -1.51     165.62  1
        2015050803  7761737      -0.95     165.44  1
        2015050806  7090684       0.42     165.24  1
        2015050809  7059842       0.52     165.51  1
        2015050812  7158431       0.67     166.07  1
        2015050815  7172905       0.77     166.41  1
        2015050818  7074039       0.88     166.78  1
        2015050821  7052057       1.01     167.11  1
        2015050900  7016397       1.17     167.51  1
        2015050903  6948876       1.35     167.72  1
        2015050906  6927625       1.53     168.28  1
        2015050909  7065841       1.69     168.91  1
        2015050912  7194002       1.85     169.38  1
        2015050915  7240671       1.96     169.70  1
        2015050918  7273564       2.06     169.99  1
        2015050921  7286422       2.13     170.16  1
        2015051000  7226282       2.19     170.23  1
        2015051003  7121356       2.27     170.12  1
        2015051006  7029430       2.37     170.12  1
        2015051009  6914148       2.50     170.09  1
        2015051012  6837115       2.63     170.15  1
        2015051015  6689041       2.80     170.03  1
        2015051018  6494315       3.01     170.14  1
        2015051021  6343447       3.18     170.11  1
        2015051100  6202432       3.33     170.00  1
        2015051103  6091094       3.40     169.90  1
        2015051106  5976277       3.46     169.95  1
        2015051109  5918624       3.43     169.96  1
        2015051112  5760976       3.39     169.70  1
        2015051115  5510936       3.29     168.88  1
        2015051118  5397569       3.15     168.70  1
        2015051121  5387673       2.94     168.53  1
        2015051200  5301447       2.65     168.10  1
        2015051203  5332332       2.30     167.73  1
        2015051206  5260623       2.00     167.67  1
        2015051209  5188237       1.72     167.59  1
        2015051212  5130118       1.35     167.45  1
        2015051215  5135391       0.97     167.36  1
        2015051218  4928808       0.58     167.22  1
        2015051221  4672777       0.24     167.00  1
        2015051300   744586       8.13     159.41  1
        2015051303   669528       8.69     158.86  1
        2015051306   577372       9.06     158.54  1
        2015051309   514498       9.31     158.26  1
        2015051312   466907       9.57     158.01  1
        2015051315   482594       9.78     157.74  1
        2015051318   439751       9.96     157.48  1
        2015051321   445701      10.06     157.24  1
        2015051400   454666      10.17     156.92  1
        2015051403   430929      10.30     156.67  1
        2015051406   431517      10.42     156.44  1
        2015051409   444323      10.50     156.22  1
        2015051412   495046      10.58     156.03  1
        2015051415   537352      10.69     155.81  1
        2015051418   526609      10.77     155.59  1
        2015051421   540882      10.84     155.36  1
        2015051500   568033      10.92     155.09  1
        2015051503   593565      11.04     154.83  1
        2015051506   586503      11.17     154.53  1
        2015051509   575699      11.27     154.25  1
        2015051512   578438      11.41     153.93  1
        2015051515   571344      11.55     153.53  1
        2015051518   524085      11.75     153.04  1
        2015051521   472314      11.96     152.48  1
        2015051600   414452      12.26     151.77  1
        2015051603   387418      12.68     150.80  1
        2015051606   329606      13.09     149.72  1
        2015051612   310031      13.68     147.98  1
        2015051615   354664      13.94     147.17  1
        2015051618   335562      14.19     146.35  1
        2015051621   339722      14.40     145.77  1
        2015051700   344623      14.62     145.21  1
        2015051703   388245      14.88     144.65  1
        2015051706   437734      15.13     144.20  1
        2015051709   440249      15.35     143.86  1
        2015051712   440568      15.55     143.49  1
        2015051715   464488      15.82     143.13  1
        2015051718   478710      16.08     142.75  1
        2015051721   495751      16.38     142.42  1
        2015051800   529604      16.73     142.11  1
        2015051803   556335      17.18     141.74  1
        2015051806   547160      17.53     141.48  1
        2015051809   538693      17.90     141.22  1
        2015051812   512870      18.19     141.02  1
        2015051815   508122      18.55     140.85  1
        2015051818   447613      19.01     140.63  1
        2015051821   426989      19.36     140.50  1
        2015051900   377265      19.76     140.35  1
        2015051903   349075      20.35     140.20  1
        2015051906   294627      20.80     140.06  1
LPT    34.0100
        2015052115   711544       5.33     229.98  1
        2015052118  1173739       5.30     230.90  1
        2015052121  1722445       5.33     231.98  1
        2015052200  2052664       5.37     232.58  1
        2015052203  2254493       5.40     232.95  1
        2015052206  2453732       5.47     233.14  1
        2015052209  2671112       5.56     233.22  1
        2015052212  2784201       5.62     233.23  1
        2015052215  2815156       5.69     233.31  1
        2015052218  2854508       5.76     233.39  1
        2015052221  2968989       5.84     233.49  1
        2015052300  3052667       5.94     233.72  1
        2015052303  3134955       6.00     233.90  1
        2015052306  3222661       6.05     233.99  1
        2015052309  3414374       6.13     234.22  1
        2015052312  3537349       6.17     234.41  1
        2015052315  3580138       6.19     234.58  1
        2015052318  3651141       6.22     234.69  1
        2015052321  3695397       6.25     234.92  1
        2015052400  3701254       6.30     235.20  1
        2015052403  3631977       6.37     235.40  1
        2015052406  3561565       6.49     235.77  1
        2015052409  3466540       6.63     236.24  1
        2015052412  3184282       6.87     236.98  1
        2015052415  2890169       7.18     237.76  1
        2015052418  2623765       7.50     238.64  1
        2015052421  2396358       7.84     239.43  1
        2015052500  2069633       8.11     240.37  1
        2015052503  1858775       8.29     240.82  1
        2015052506  1734164       8.32     241.19  1
        2015052509  1609964       8.27     241.93  1
        2015052512  2045374       7.57     247.52  1
        2015052515  2255512       7.20     249.89  1
        2015052518  2408146       6.86     251.54  1
        2015052521  2377076       6.48     252.94  1
        2015052600  2273862       6.23     253.62  1
        2015052603  2186304       6.08     254.46  1
        2015052606  2289469       6.01     255.59  1
        2015052609  2389349       6.01     256.64  1
        2015052612  2308736       6.01     257.84  1
        2015052615  2251025       6.01     258.97  1
        2015052618  2128656       6.04     260.11  1
        2015052621  2132067       6.09     260.63  1
        2015052700  2166156       6.16     260.69  1
        2015052703  2096015       6.23     260.46  1
        2015052706  2249547       6.36     260.24  1
        2015052709  2396039       6.50     259.90  1
        2015052712  2420005       6.60     259.69  1
        2015052715  2490173       6.67     259.37  1
        2015052718  2542648       6.73     258.92  1
        2015052721  2618151       6.80     258.60  1
        2015052800  2663826       6.84     258.34  1
        2015052803  2658892       6.91     258.03  1
        2015052806  2654454       7.02     257.58  1
        2015052809  2737945       7.15     257.19  1
        2015052812  2835281       7.39     256.63  1
        2015052815  2836427       7.58     256.15  1
        2015052818  2876929       7.79     255.16  1
        2015052821  2928162       8.00     254.18  1
        2015052900  2957135       8.20     253.16  1
        2015052903  3001740       8.34     252.14  1
        2015052906  3121191       8.47     251.32  1
        2015052909  3280115       8.60     250.30  1
        2015052912  3430892       8.68     249.38  1
        2015052915  3505709       8.72     248.75  1
        2015052918  3569843       8.77     248.14  1
        2015052921  3697644       8.77     247.54  1
        2015053000  3763129       8.81     246.97  1
        2015053003  3838698       8.85     246.51  1
        2015053006  3919477       8.89     246.15  1
        2015053009  3976407       8.89     245.60  1
        2015053012  3970553       8.93     245.19  1
        2015053015  3946476       9.03     245.08  1
        2015053018  3902384       9.16     244.94  1
        2015053021  3907359       9.32     244.91  1
        2015053100  3883633       9.46     244.89  1
        2015053103  3801935       9.63     245.04  1
        2015053106  3711529       9.84     245.46  1
        2015053109  3687465      10.01     245.89  1
        2015053112  3617393      10.16     246.32  1
        2015053115  3547556      10.23     246.44  1
        2015053118  3547569      10.28     246.55  1
        2015053121  3549160      10.33     246.51  1
        2015060100  3575207      10.36     246.28  1
        2015060103  3545810      10.40     246.15  1
        2015060106  3686982      10.44     246.29  1
        2015060109  3845121      10.52     246.69  1
        2015060112  3948751      10.53     246.93  1
        2015060115  3955855      10.59     247.23  1
        2015060118  4058562      10.62     247.68  1
        2015060121  4028439      10.80     248.46  1
        2015060200  3808387      11.17     249.65  1
        2015060203  3746636      11.35     250.25  1
        2015060206  3736771      11.47     250.73  1
        2015060209  3743551      11.54     251.19  1
        2015060212  3721503      11.55     251.57  1
        2015060215  3632856      11.59     251.82  1
        2015060218  3554694      11.56     252.14  1
        2015060221  3462290      11.52     252.57  1
        2015060300  3300336      11.49     253.04  1
        2015060303  3170883      11.44     253.58  1
        2015060306  3096523      11.39     254.03  1
        2015060309  3025683      11.28     254.67  1
        2015060312  2920069      11.16     255.40  1
        2015060315  2853287      11.08     255.93  1
        2015060318  2825881      11.00     256.36  1
        2015060321  2824530      10.88     256.81  1
        2015060400  2808182      10.76     257.18  1
        2015060403  2854402      10.58     257.61  1
        2015060406  3514304       9.76     260.53  1
        2015060409  3974036       9.43     262.08  1
        2015060412  4697499      10.34     264.60  1
        2015060415  4909651      10.41     265.26  1
        2015060418  5054092      10.49     265.72  1
        2015060421  5116275      10.49     266.10  1
        2015060500  5076052      10.38     266.21  1
        2015060503  5079074      10.12     266.28  1
        2015060506  4876291       8.90     265.74  1
        2015060509  5209608       8.63     266.65  1
        2015060512  5313403       8.49     267.08  1
        2015060515  5376703       8.41     267.21  1
        2015060518  5444254       8.36     267.33  1
        2015060521  5513983       8.38     267.29  1
        2015060600  5521744       8.36     267.33  1
        2015060603  5455768       8.40     267.11  1
        2015060606  5307298       8.46     266.67  1
        2015060609  5249072       8.52     266.19  1
        2015060612  5063857       8.61     265.86  1
        2015060615  4925320       8.68     265.52  1
        2015060618  4700172       8.80     264.86  1
        2015060621  4551811       8.92     264.31  1
        2015060700  4309696       9.08     263.69  1
        2015060703  4239243       9.13     263.54  1
        2015060706  4167821       9.15     263.34  1
        2015060709  4158522       9.19     263.29  1
        2015060712  3996078       9.15     263.39  1
        2015060715  3938928       9.06     263.64  1
        2015060718  3935538       8.92     264.20  1
        2015060721  4785190       7.91     269.13  1
        2015060800  4780032       7.67     270.08  1
        2015060803  5266599       6.95     274.44  1
        2015060806  5262927       6.66     276.09  1
        2015060809  5009546       6.41     277.71  1
        2015060812  4515033       6.38     278.62  2
        2015060815  4443636       6.49     278.40  2
        2015060818  4691965       6.44     279.09  2
        2015060821  4841082       6.39     278.84  2
        2015060900  4769200       6.36     278.67  2
        2015060903  4698875       6.32     278.57  2
        2015060906  4635353       6.31     278.04  2
        2015060909  4604269       6.42     277.29  2
        2015060912  4367012       6.59     276.66  2
        2015060915  4304308       6.73     276.30  2
        2015060918  4466404       6.71     276.88  2
        2015060921  4647270       6.78     277.21  1
        2015061000  4473347       6.93     277.09  1
        2015061003  4427446       6.94     277.01  1
        2015061006  4252519       7.04     276.46  1
        2015061009  4127512       7.25     275.80  1
        2015061012  3841984       7.51     274.90  1
        2015061015  3018361       9.03     271.14  1
        2015061018  2913292       9.32     270.56  1
        2015061021  2831039       9.61     270.10  1
        2015061100  2693342       9.83     269.52  1
        2015061103  2576639      10.10     269.10  1
        2015061106  2449104      10.40     268.40  1
        2015061109  2389292      10.69     268.01  1
        2015061112  2320816      10.92     267.61  1
        2015061115  2295230      11.09     267.39  1
        2015061118  2160727      11.28     266.98  1
        2015061121  2089549      11.60     266.64  1
        2015061200  1973316      11.91     266.44  1
        2015061203  1928976      12.20     266.20  1
        2015061206  1929828      12.50     266.04  1
        2015061209  1955528      12.68     265.83  1
        2015061212  1950179      12.88     265.55  1
        2015061215  1952793      13.02     265.25  1
        2015061218  1974199      13.15     264.98  1
        2015061221  2040050      13.26     264.78  1
        2015061300  2070414      13.38     264.64  1
        2015061303  2102529      13.48     264.55  1
        2015061306  2140991      13.62     264.50  1
        2015061309  2197120      13.71     264.57  1
        2015061312  2236466      13.90     264.74  1
        2015061315  2268577      14.06     264.87  1
        2015061318  2284604      14.25     264.98  1
        2015061321  2256744      14.35     265.05  1
        2015061400  2235276      14.48     265.20  1
        2015061403  2218624      14.58     265.32  1
        2015061406  2188787      14.66     265.43  1
        2015061409  2184827      14.83     265.72  1
        2015061412  2135346      15.08     265.97  1
        2015061415  2087322      15.41     266.23  1
        2015061418  2008765      15.76     266.47  1
        2015061421  1915689      16.11     266.81  1
        2015061500  1722030      16.41     266.86  1
        2015061503  1539590      16.57     266.95  1
        2015061506  1295534      16.70     267.04  1
        2015061509  1043815      16.90     267.31  1
        2015061512   724866      17.26     267.94  1
        2015061515   308609      19.19     271.68  1
LPT    35.0100
        2015060306   368873       4.53      63.64  1
        2015060309   836232       4.28      64.07  1
        2015060312  1198200       3.93      64.53  1
        2015060315  1506190       3.66      64.95  1
        2015060318  1996458       3.20      65.72  1
        2015060321  2522258       2.92      66.31  1
        2015060400  2870615       2.95      66.59  1
        2015060403  3223807       2.82      67.07  1
        2015060406  3560457       2.76      67.39  1
        2015060409  3915878       2.72      67.82  1
        2015060412  4184352       2.72      68.18  1
        2015060415  4325680       2.70      68.35  1
        2015060418  4522819       2.70      68.54  1
        2015060421  4725445       2.64      68.78  1
        2015060500  4829994       2.69      68.87  1
        2015060503  4907573       2.79      68.98  1
        2015060506  5035652       2.87      69.11  1
        2015060509  5207469       2.93      69.38  1
        2015060512  5298076       2.98      69.67  1
        2015060515  5326463       2.95      69.87  1
        2015060518  5383850       2.92      70.21  1
        2015060521  5429039       2.86      70.56  1
        2015060600  5390163       2.95      70.84  1
        2015060603  5348525       3.00      71.15  1
        2015060606  5284649       3.02      71.50  1
        2015060609  5161800       3.20      71.83  1
        2015060612  4979256       3.40      72.24  1
        2015060615  4823642       3.56      72.50  1
        2015060618  4796789       3.59      72.77  1
        2015060621  4691849       3.67      72.94  1
        2015060700  4448151       3.76      73.41  1
        2015060703  4330057       3.67      74.35  1
        2015060706  4124647       3.53      76.23  1
        2015060709  2040646      -2.19      84.80  1
        2015060712  1943165      -2.41      86.53  1
        2015060715  1962310      -2.47      87.65  1
        2015060718  2073223      -2.51      88.50  1
        2015060721  2230305      -2.58      89.50  1
        2015060800  2271835      -2.61      90.36  1
        2015060803  2319440      -2.69      91.34  1
        2015060806  2347746      -2.77      92.23  1
        2015060809  2353075      -2.80      93.06  1
        2015060812  2339135      -2.80      93.83  1
        2015060815  2331444      -2.78      94.56  1
        2015060818  2517987      -2.73      95.65  1
        2015060821  2579735      -2.69      96.44  1
        2015060900  2535092      -2.68      96.85  1
        2015060903  2555233      -2.66      97.05  1
        2015060906  2503529      -2.69      97.09  1
        2015060909  2489811      -2.65      97.03  1
        2015060912  2348673      -2.67      96.50  1
        2015060915  2246836      -2.70      96.00  1
        2015060918  2147280      -2.78      95.57  1
        2015060921  2125443      -2.86      94.94  1
        2015061000  2004094      -3.08      94.64  1
        2015061003  1965909      -3.31      94.44  1
        2015061006  1866788      -3.62      94.50  1
        2015061009  1807890      -3.84      94.79  1
        2015061012  1673464      -4.07      95.06  1
        2015061015  1657791      -4.18      95.28  1
        2015061018  1610530      -4.34      95.32  1
        2015061021  1597397      -4.34      95.39  1
        2015061100  1502677      -4.38      95.27  1
        2015061103  1536409      -4.39      95.11  1
        2015061106  1540106      -4.43      94.80  1
        2015061109  1588598      -4.38      94.54  1
        2015061112  1658682      -4.31      94.47  1
        2015061115  1790213      -4.26      94.45  1
        2015061118  1935444      -4.26      94.46  1
        2015061121  2001463      -4.26      94.07  1
        2015061200  2020477      -4.28      93.89  1
        2015061203  2076556      -4.23      93.92  1
        2015061206  2134860      -4.18      93.99  1
        2015061209  2198049      -4.04      94.20  1
        2015061212  2141047      -4.03      94.31  1
        2015061215  2112624      -3.98      94.39  1
        2015061218  2080984      -3.97      94.48  1
        2015061221  2084078      -3.92      94.54  1
        2015061300  1924374      -3.84      94.77  1
        2015061303  1817779      -3.71      94.91  1
        2015061306  1709141      -3.40      95.29  1
        2015061309  1783069      -2.81      95.84  1
        2015061312  1916565      -1.83      97.13  1
        2015061315  2215172      -1.03      98.16  1
        2015061318  2449650      -0.24      99.23  1
        2015061321  2740923       0.39      99.90  1
        2015061400  2909543       0.66     100.20  1
        2015061403  3098011       0.75     100.45  1
        2015061406  3319248       1.11     100.92  1
        2015061409  3556177       1.44     101.16  1
        2015061412  3579900       1.51     101.22  1
        2015061415  3632681       1.57     101.28  1
        2015061418  3816105       2.16     101.50  1
        2015061421  3984104       3.00     101.55  1
        2015061500  3821418       3.82     101.85  1
        2015061503  3877107       4.73     102.15  1
        2015061506  4107693       5.55     102.24  1
        2015061509  4141053       6.22     102.46  1
        2015061512  4124432       6.48     102.48  1
        2015061515  4249371       6.65     102.41  1
        2015061518  4496563       6.84     102.34  1
        2015061521  4655022       6.99     102.11  1
        2015061600  4732457       7.11     101.88  1
        2015061603  4934051       7.11     101.87  1
        2015061606  5142215       7.15     101.97  1
        2015061609  5391956       7.33     101.68  1
        2015061612  5348260       7.42     101.81  1
        2015061615  5435673       7.54     101.89  1
        2015061618  5500181       7.71     102.03  1
        2015061621  5627002       8.01     101.75  1
        2015061700  5735332       8.28     101.56  1
        2015061703  5860978       8.55     101.35  1
        2015061706  6098537       8.84     101.17  1
        2015061709  6221228       9.15     101.04  1
        2015061712  6172091       9.24     100.98  1
        2015061715  6285300       9.31     101.11  1
        2015061718  6369603       9.39     101.14  1
        2015061721  6383049       9.54     100.76  1
        2015061800  7068835       9.02     104.21  1
        2015061803  7625874       8.80     105.89  1
        2015061806  8428485       8.06     109.06  1
        2015061809  9266137       7.62     111.49  1
        2015061812  9900674       7.39     112.71  1
        2015061815 10545350       7.09     114.36  1
        2015061818 11104904       7.09     115.01  1
        2015061821 11274675       7.31     114.62  1
        2015061900 11324419       7.32     114.96  1
        2015061903 11445484       7.36     115.11  1
        2015061906 11569653       7.46     115.23  1
        2015061909 11764782       7.50     115.53  1
        2015061912 11794053       7.51     115.89  1
        2015061915 11932573       7.45     116.37  1
        2015061918  7899252       3.94     132.53  1
        2015061921  7918949       4.08     132.24  1
        2015062000  7987552       4.11     132.19  1
        2015062003  8190584       4.19     132.05  1
        2015062006  8370964       4.26     131.87  1
        2015062009  8415096       4.31     131.82  1
        2015062012  8507972       4.22     132.14  1
        2015062015  9040904       3.86     133.48  1
        2015062018  9488904       3.55     134.90  1
        2015062021  9474248       3.68     135.02  1
        2015062100  9852378       3.78     136.03  1
        2015062103 10313008       3.99     136.96  1
        2015062106 10520018       4.23     137.14  1
        2015062109 10625216       4.50     137.11  1
        2015062112 10971647       4.54     138.05  1
        2015062115 11573821       4.36     139.47  1
        2015062118 11903707       4.32     140.18  1
        2015062121 11604773       4.51     140.05  1
        2015062200  2961329      -0.84     171.34  1
        2015062203  3080315      -0.98     171.68  1
        2015062206  3233065      -0.92     172.19  1
        2015062209  3290950      -0.75     172.62  1
        2015062212  3418133      -0.56     173.10  1
        2015062215  3529639      -0.27     173.45  1
        2015062218  3472506       0.17     173.96  1
        2015062221  3385880       0.67     174.54  1
        2015062300  3433268       1.06     175.60  1
        2015062303  3443547       1.53     176.55  1
        2015062306  3311959       1.97     177.67  1
        2015062309  3137649       2.77     179.36  1
        2015062312  3155096       3.40     181.59  1
        2015062315  3042932       3.89     183.42  1
        2015062318  3007569       4.08     184.67  1
        2015062321  3063220       4.18     185.75  1
        2015062400  3190672       4.19     186.38  1
        2015062403  3268189       4.18     187.13  1
        2015062406  3237870       4.23     187.80  1
        2015062409  3257578       4.28     188.26  1
        2015062412  3421581       4.35     188.77  1
        2015062415  3451252       4.42     189.39  1
        2015062418  3437299       4.47     189.97  1
        2015062421  3425800       4.48     190.67  1
        2015062500  3477454       4.48     191.48  1
        2015062503  3447596       4.48     192.35  1
        2015062506  3429163       4.51     193.16  1
        2015062509  3485366       4.52     194.13  1
        2015062512  3566608       4.60     195.16  1
        2015062515  3647649       4.72     196.29  1
        2015062518  3577327       4.84     197.08  1
        2015062521  3508450       4.98     197.89  1
        2015062600  3470270       5.13     198.95  1
        2015062603  3290054       5.26     200.09  1
        2015062606  3154428       5.39     201.39  1
        2015062609  3200915       5.51     203.08  1
        2015062612  3507038       5.63     205.98  1
        2015062615  3556347       5.76     208.79  1
        2015062618  3678596       5.87     210.96  1
        2015062621  3902718       5.98     212.80  1
        2015062700  3963906       6.08     214.47  1
        2015062703  3930755       6.18     215.87  1
        2015062706  3888360       6.27     217.06  1
        2015062709  3975974       6.32     217.66  1
        2015062712  4002422       6.36     217.97  1
        2015062715  3859278       6.42     218.46  1
        2015062718  3726539       6.54     218.87  1
        2015062721  3615064       6.69     219.11  1
        2015062800  3413236       6.85     219.54  1
        2015062803  3147148       7.01     220.06  1
        2015062806  2870590       7.15     220.43  1
        2015062809  2595620       7.30     220.76  1
        2015062812  2118725       7.47     221.31  1
        2015062815  1674629       7.70     222.33  1
        2015062818  1168388       8.12     224.37  1
        2015062821   880184       8.45     225.05  1
        2015062900   549735       8.76     224.86  1
        2015062903   307464       9.08     225.18  1
LPT    35.0200
        2015060306   368873       4.53      63.64  1
        2015060309   836232       4.28      64.07  1
        2015060312  1198200       3.93      64.53  1
        2015060315  1506190       3.66      64.95  1
        2015060318  1996458       3.20      65.72  1
        2015060321  2522258       2.92      66.31  1
        2015060400  2870615       2.95      66.59  1
        2015060403  3223807       2.82      67.07  1
        2015060406  3560457       2.76      67.39  1
        2015060409  3915878       2.72      67.82  1
        2015060412  4184352       2.72      68.18  1
        2015060415  4325680       2.70      68.35  1
        2015060418  4522819       2.70      68.54  1
        2015060421  4725445       2.64      68.78  1
        2015060500  4829994       2.69      68.87  1
        2015060503  4907573       2.79      68.98  1
        2015060506  5035652       2.87      69.11  1
        2015060509  5207469       2.93      69.38  1
        2015060512  5298076       2.98      69.67  1
        2015060515  5326463       2.95      69.87  1
        2015060518  5383850       2.92      70.21  1
        2015060521  5429039       2.86      70.56  1
        2015060600  5390163       2.95      70.84  1
        2015060603  5348525       3.00      71.15  1
        2015060606  5284649       3.02      71.50  1
        2015060609  5161800       3.20      71.83  1
        2015060612  4979256       3.40      72.24  1
        2015060615  4823642       3.56      72.50  1
        2015060618  4796789       3.59      72.77  1
        2015060621  4691849       3.67      72.94  1
        2015060700  4448151       3.76      73.41  1
        2015060703  4330057       3.67      74.35  1
        2015060706  4124647       3.53      76.23  1
        2015060709  2040646      -2.19      84.80  1
        2015060712  1943165      -2.41      86.53  1
        2015060715  1962310      -2.47      87.65  1
        2015060718  2073223      -2.51      88.50  1
        2015060721  2230305      -2.58      89.50  1
        2015060800  2271835      -2.61      90.36  1
        2015060803  2319440      -2.69      91.34  1
        2015060806  2347746      -2.77      92.23  1
        2015060809  2353075      -2.80      93.06  1
        2015060812  2339135      -2.80      93.83  1
        2015060815  2331444      -2.78      94.56  1
        2015060818  2517987      -2.73      95.65  1
        2015060821  2579735      -2.69      96.44  1
        2015060900  2535092      -2.68      96.85  1
        2015060903  2555233      -2.66      97.05  1
        2015060906  2503529      -2.69      97.09  1
        2015060909  2489811      -2.65      97.03  1
        2015060912  2348673      -2.67      96.50  1
        2015060915  2246836      -2.70      96.00  1
        2015060918  2147280      -2.78      95.57  1
        2015060921  2125443      -2.86      94.94  1
        2015061000  2004094      -3.08      94.64  1
        2015061003  1965909      -3.31      94.44  1
        2015061006  1866788      -3.62      94.50  1
        2015061009  1807890      -3.84      94.79  1
        2015061012  1673464      -4.07      95.06  1
        2015061015  1657791      -4.18      95.28  1
        2015061018  1610530      -4.34      95.32  1
        2015061021  1597397      -4.34      95.39  1
        2015061100  1502677      -4.38      95.27  1
        2015061103  1536409      -4.39      95.11  1
        2015061106  1540106      -4.43      94.80  1
        2015061109  1588598      -4.38      94.54  1
        2015061112  1658682      -4.31      94.47  1
        2015061115  1790213      -4.26      94.45  1
        2015061118  1935444      -4.26      94.46  1
        2015061121  2001463      -4.26      94.07  1
        2015061200  2020477      -4.28      93.89  1
        2015061203  2076556      -4.23      93.92  1
        2015061206  2134860      -4.18      93.99  1
        2015061209  2198049      -4.04      94.20  1
        2015061212  2141047      -4.03      94.31  1
        2015061215  2112624      -3.98      94.39  1
        2015061218  2080984      -3.97      94.48  1
        2015061221  2084078      -3.92      94.54  1
        2015061300  1924374      -3.84      94.77  1
        2015061303  1817779      -3.71      94.91  1
        2015061306  1709141      -3.40      95.29  1
        2015061309  1783069      -2.81      95.84  1
        2015061312  1916565      -1.83      97.13  1
        2015061315  2215172      -1.03      98.16  1
        2015061318  2449650      -0.24      99.23  1
        2015061321  2740923       0.39      99.90  1
        2015061400  2909543       0.66     100.20  1
        2015061403  3098011       0.75     100.45  1
        2015061406  3319248       1.11     100.92  1
        2015061409  3556177       1.44     101.16  1
        2015061412  3579900       1.51     101.22  1
        2015061415  3632681       1.57     101.28  1
        2015061418  3816105       2.16     101.50  1
        2015061421  3984104       3.00     101.55  1
        2015061500  3821418       3.82     101.85  1
        2015061503  3877107       4.73     102.15  1
        2015061506  4107693       5.55     102.24  1
        2015061509  4141053       6.22     102.46  1
        2015061512  4124432       6.48     102.48  1
        2015061515  4249371       6.65     102.41  1
        2015061518  4496563       6.84     102.34  1
        2015061521  4655022       6.99     102.11  1
        2015061600  4732457       7.11     101.88  1
        2015061603  4934051       7.11     101.87  1
        2015061606  5142215       7.15     101.97  1
        2015061609  5391956       7.33     101.68  1
        2015061612  5348260       7.42     101.81  1
        2015061615  5435673       7.54     101.89  1
        2015061618  5500181       7.71     102.03  1
        2015061621  5627002       8.01     101.75  1
        2015061700  5735332       8.28     101.56  1
        2015061703  5860978       8.55     101.35  1
        2015061706  6098537       8.84     101.17  1
        2015061709  6221228       9.15     101.04  1
        2015061712  6172091       9.24     100.98  1
        2015061715  6285300       9.31     101.11  1
        2015061718  6369603       9.39     101.14  1
        2015061721  6383049       9.54     100.76  1
        2015061800  7068835       9.02     104.21  1
        2015061803  7625874       8.80     105.89  1
        2015061806  8428485       8.06     109.06  1
        2015061809  9266137       7.62     111.49  1
        2015061812  9900674       7.39     112.71  1
        2015061815 10545350       7.09     114.36  1
        2015061818 11104904       7.09     115.01  1
        2015061821 11274675       7.31     114.62  1
        2015061900 11324419       7.32     114.96  1
        2015061903 11445484       7.36     115.11  1
        2015061906 11569653       7.46     115.23  1
        2015061909 11764782       7.50     115.53  1
        2015061912 11794053       7.51     115.89  1
        2015061915 11932573       7.45     116.37  1
        2015061918 11973763       7.47     116.59  2
        2015061921 12083743       7.66     116.07  2
        2015062000 12058628       7.67     116.17  2
        2015062003 12184420       7.68     116.46  2
        2015062006 12278414       7.69     116.65  2
        2015062009 12269884       7.77     116.68  2
        2015062012 12340595       7.72     117.01  2
        2015062015 12876051       7.38     118.51  2
        2015062018 13362676       7.13     119.78  2
        2015062021 13392707       7.29     119.73  2
        2015062100 13693696       7.27     120.95  2
        2015062103 14123694       7.33     122.12  2
        2015062106 14285791       7.49     122.48  2
        2015062109 14371142       7.71     122.54  2
        2015062112 14599258       7.65     123.85  2
        2015062115 15133270       7.37     125.65  2
        2015062118 15414716       7.27     126.62  2
        2015062121 15203428       7.57     125.98  2
        2015062200 12189299       9.51     116.10  2
        2015062203 12075576       9.65     115.92  2
        2015062206 11827793       9.75     115.96  2
        2015062209 11667708       9.89     115.96  2
        2015062212 11407175       9.97     116.03  2
        2015062215 11441254       9.85     117.07  2
        2015062218 11556591       9.87     117.63  2
        2015062221 11701063       9.96     118.07  2
        2015062300 11667658       9.92     118.90  2
        2015062303 11825906      10.12     118.73  1
        2015062306 11758995      10.23     118.86  1
        2015062309 11757629      10.37     118.84  1
        2015062312 10185597       8.79     126.44  1
        2015062315 10237541       8.62     127.13  1
        2015062318 10175447       8.45     127.58  1
        2015062321 10189899       8.46     127.36  1
        2015062400 10210307       8.38     127.45  1
        2015062403 10294031       8.28     127.43  1
        2015062406 10283623       8.24     127.26  1
        2015062409  6483842       3.01     141.15  1
        2015062412  6618594       2.91     141.47  1
        2015062415  6859882       2.58     142.45  1
        2015062418  7086501       2.42     143.11  1
        2015062421  7197163       2.20     144.07  1
        2015062500  7311793       2.10     144.65  1
        2015062503  7489744       1.99     145.39  1
        2015062506  7472141       1.89     146.15  1
        2015062509  7419244       1.77     146.91  1
        2015062512  7481611       1.60     147.70  1
        2015062515  7682953       1.45     148.38  1
        2015062518  7820372       1.31     148.93  1
        2015062521  7915214       1.17     149.47  1
        2015062600  8003950       1.08     149.78  1
        2015062603  8138174       0.98     150.37  1
        2015062606  8184843       0.90     150.85  1
        2015062609  8252697       0.85     151.40  1
        2015062612  8390893       0.81     152.20  1
        2015062615  8489234       0.72     153.07  1
        2015062618  8530701       0.69     153.77  1
        2015062621  8367448       0.60     154.64  1
        2015062700  8234696       0.47     155.56  1
        2015062703  8228404       0.34     156.31  1
        2015062706  7990516       0.14     157.46  1
        2015062709  8069061       0.13     157.93  1
        2015062712  8198768       0.20     157.90  1
        2015062715  8463112       0.23     158.08  1
        2015062718  8733856       0.39     158.08  1
        2015062721  8996851       0.54     158.26  1
        2015062800  9328066       0.74     158.58  1
        2015062803  9756792       0.95     159.26  1
        2015062806  9996095       1.12     159.95  1
        2015062809 10271729       1.29     160.62  1
        2015062812 10694976       1.46     161.28  1
        2015062815 11078869       1.60     161.73  1
        2015062818 11311406       1.76     161.89  1
        2015062821 11477634       1.85     162.24  1
        2015062900 11741908       1.96     162.34  1
        2015062903 11957800       2.00     162.62  1
        2015062906 12139510       2.08     162.72  1
        2015062909 12345337       2.12     162.82  1
        2015062912 12549045       2.16     162.91  1
        2015062915 12770907       2.18     162.94  1
        2015062918 12819040       2.21     162.91  1
        2015062921 12776540       2.26     162.99  1
        2015063000 12704243       2.26     162.96  1
        2015063003 12718552       2.30     163.13  1
        2015063006 12606084       2.33     163.30  1
        2015063009 12611231       2.37     163.53  1
        2015063012 12602769       2.40     163.52  1
        2015063015 12707072       2.38     163.66  1
        2015063018 12750083       2.43     163.57  1
        2015063021 12784362       2.50     163.44  1
LPT    35.0300
        2015060306   368873       4.53      63.64  1
        2015060309   836232       4.28      64.07  1
        2015060312  1198200       3.93      64.53  1
        2015060315  1506190       3.66      64.95  1
        2015060318  1996458       3.20      65.72  1
        2015060321  2522258       2.92      66.31  1
        2015060400  2870615       2.95      66.59  1
        2015060403  3223807       2.82      67.07  1
        2015060406  3560457       2.76      67.39  1
        2015060409  3915878       2.72      67.82  1
        2015060412  4184352       2.72      68.18  1
        2015060415  4325680       2.70      68.35  1
        2015060418  4522819       2.70      68.54  1
        2015060421  4725445       2.64      68.78  1
        2015060500  4829994       2.69      68.87  1
        2015060503  4907573       2.79      68.98  1
        2015060506  5035652       2.87      69.11  1
        2015060509  5207469       2.93      69.38  1
        2015060512  5298076       2.98      69.67  1
        2015060515  5326463       2.95      69.87  1
        2015060518  5383850       2.92      70.21  1
        2015060521  5429039       2.86      70.56  1
        2015060600  5390163       2.95      70.84  1
        2015060603  5348525       3.00      71.15  1
        2015060606  5284649       3.02      71.50  1
        2015060609  5161800       3.20      71.83  1
        2015060612  4979256       3.40      72.24  1
        2015060615  4823642       3.56      72.50  1
        2015060618  4796789       3.59      72.77  1
        2015060621  4691849       3.67      72.94  1
        2015060700  4448151       3.76      73.41  1
        2015060703  4330057       3.67      74.35  1
        2015060706  4124647       3.53      76.23  1
        2015060709  2040646      -2.19      84.80  1
        2015060712  1943165      -2.41      86.53  1
        2015060715  1962310      -2.47      87.65  1
        2015060718  2073223      -2.51      88.50  1
        2015060721  2230305      -2.58      89.50  1
        2015060800  2271835      -2.61      90.36  1
        2015060803  2319440      -2.69      91.34  1
        2015060806  2347746      -2.77      92.23  1
        2015060809  2353075      -2.80      93.06  1
        2015060812  2339135      -2.80      93.83  1
        2015060815  2331444      -2.78      94.56  1
        2015060818  2517987      -2.73      95.65  1
        2015060821  2579735      -2.69      96.44  1
        2015060900  2535092      -2.68      96.85  1
        2015060903  2555233      -2.66      97.05  1
        2015060906  2503529      -2.69      97.09  1
        2015060909  2489811      -2.65      97.03  1
        2015060912  2348673      -2.67      96.50  1
        2015060915  2246836      -2.70      96.00  1
        2015060918  2147280      -2.78      95.57  1
        2015060921  2125443      -2.86      94.94  1
        2015061000  2004094      -3.08      94.64  1
        2015061003  1965909      -3.31      94.44  1
        2015061006  1866788      -3.62      94.50  1
        2015061009  1807890      -3.84      94.79  1
        2015061012  1673464      -4.07      95.06  1
        2015061015  1657791      -4.18      95.28  1
        2015061018  1610530      -4.34      95.32  1
        2015061021  1597397      -4.34      95.39  1
        2015061100  1502677      -4.38      95.27  1
        2015061103  1536409      -4.39      95.11  1
        2015061106  1540106      -4.43      94.80  1
        2015061109  1588598      -4.38      94.54  1
        2015061112  1658682      -4.31      94.47  1
        2015061115  1790213      -4.26      94.45  1
        2015061118  1935444      -4.26      94.46  1
        2015061121  2001463      -4.26      94.07  1
        2015061200  2020477      -4.28      93.89  1
        2015061203  2076556      -4.23      93.92  1
        2015061206  2134860      -4.18      93.99  1
        2015061209  2198049      -4.04      94.20  1
        2015061212  2141047      -4.03      94.31  1
        2015061215  2112624      -3.98      94.39  1
        2015061218  2080984      -3.97      94.48  1
        2015061221  2084078      -3.92      94.54  1
        2015061300  1924374      -3.84      94.77  1
        2015061303  1817779      -3.71      94.91  1
        2015061306  1709141      -3.40      95.29  1
        2015061309  1783069      -2.81      95.84  1
        2015061312  1916565      -1.83      97.13  1
        2015061315  2215172      -1.03      98.16  1
        2015061318  2449650      -0.24      99.23  1
        2015061321  2740923       0.39      99.90  1
        2015061400  2909543       0.66     100.20  1
        2015061403  3098011       0.75     100.45  1
        2015061406  3319248       1.11     100.92  1
        2015061409  3556177       1.44     101.16  1
        2015061412  3579900       1.51     101.22  1
        2015061415  3632681       1.57     101.28  1
        2015061418  3816105       2.16     101.50  1
        2015061421  3984104       3.00     101.55  1
        2015061500  3821418       3.82     101.85  1
        2015061503  3877107       4.73     102.15  1
        2015061506  4107693       5.55     102.24  1
        2015061509  4141053       6.22     102.46  1
        2015061512  4124432       6.48     102.48  1
        2015061515  4249371       6.65     102.41  1
        2015061518  4496563       6.84     102.34  1
        2015061521  4655022       6.99     102.11  1
        2015061600  4732457       7.11     101.88  1
        2015061603  4934051       7.11     101.87  1
        2015061606  5142215       7.15     101.97  1
        2015061609  5391956       7.33     101.68  1
        2015061612  5348260       7.42     101.81  1
        2015061615  5435673       7.54     101.89  1
        2015061618  5500181       7.71     102.03  1
        2015061621  5627002       8.01     101.75  1
        2015061700  5735332       8.28     101.56  1
        2015061703  5860978       8.55     101.35  1
        2015061706  6098537       8.84     101.17  1
        2015061709  6221228       9.15     101.04  1
        2015061712  6172091       9.24     100.98  1
        2015061715  6285300       9.31     101.11  1
        2015061718  6369603       9.39     101.14  1
        2015061721  6383049       9.54     100.76  1
        2015061800  7068835       9.02     104.21  1
        2015061803  7625874       8.80     105.89  1
        2015061806  8428485       8.06     109.06  1
        2015061809  9266137       7.62     111.49  1
        2015061812  9900674       7.39     112.71  1
        2015061815 10545350       7.09     114.36  1
        2015061818 11104904       7.09     115.01  1
        2015061821 11274675       7.31     114.62  1
        2015061900 11324419       7.32     114.96  1
        2015061903 11445484       7.36     115.11  1
        2015061906 11569653       7.46     115.23  1
        2015061909 11764782       7.50     115.53  1
        2015061912 11794053       7.51     115.89  1
        2015061915 11932573       7.45     116.37  1
        2015061918 11973763       7.47     116.59  2
        2015061921 12083743       7.66     116.07  2
        2015062000 12058628       7.67     116.17  2
        2015062003 12184420       7.68     116.46  2
        2015062006 12278414       7.69     116.65  2
        2015062009 12269884       7.77     116.68  2
        2015062012 12340595       7.72     117.01  2
        2015062015 12876051       7.38     118.51  2
        2015062018 13362676       7.13     119.78  2
        2015062021 13392707       7.29     119.73  2
        2015062100 13693696       7.27     120.95  2
        2015062103 14123694       7.33     122.12  2
        2015062106 14285791       7.49     122.48  2
        2015062109 14371142       7.71     122.54  2
        2015062112 14599258       7.65     123.85  2
        2015062115 15133270       7.37     125.65  2
        2015062118 15414716       7.27     126.62  2
        2015062121 15203428       7.57     125.98  2
        2015062200 12189299       9.51     116.10  2
        2015062203 12075576       9.65     115.92  2
        2015062206 11827793       9.75     115.96  2
        2015062209 11667708       9.89     115.96  2
        2015062212 11407175       9.97     116.03  2
        2015062215 11441254       9.85     117.07  2
        2015062218 11556591       9.87     117.63  2
        2015062221 11701063       9.96     118.07  2
        2015062300 11667658       9.92     118.90  2
        2015062303 11825906      10.12     118.73  1
        2015062306 11758995      10.23     118.86  1
        2015062309 11757629      10.37     118.84  1
        2015062312 10185597       8.79     126.44  1
        2015062315 10237541       8.62     127.13  1
        2015062318 10175447       8.45     127.58  1
        2015062321 10189899       8.46     127.36  1
        2015062400 10210307       8.38     127.45  1
        2015062403 10294031       8.28     127.43  1
        2015062406 10283623       8.24     127.26  1
        2015062409  3612370      17.09     103.53  1
        2015062412  3482656      17.21     102.78  1
        2015062415  3313002      17.39     101.94  1
        2015062418  3367477      17.79     100.50  1
        2015062421  3311404      18.09      99.15  1
        2015062500  3321418      18.19      98.43  1
        2015062503  3354510      18.30      97.71  1
        2015062506  3385047      18.51      96.83  1
        2015062509  3387315      18.63      96.17  1
        2015062512  3354167      18.67      95.73  1
        2015062515  3363382      18.67      95.53  1
        2015062518  3495979      18.74      95.12  1
        2015062521  3513837      18.84      94.77  1
        2015062600  3520649      18.84      94.58  1
        2015062603  3473639      18.86      94.39  1
        2015062606  3464024      18.89      94.24  1
        2015062609  3474604      18.93      94.09  1
        2015062612  3432577      19.02      93.87  1
        2015062615  3364732      19.03      93.79  1
        2015062618  3377664      18.99      93.69  1
        2015062621  3366378      19.00      93.62  1
        2015062700  3335596      18.93      93.58  1
        2015062703  3324279      18.84      93.58  1
        2015062706  3350006      18.74      93.57  1
        2015062709  3387105      18.65      93.56  1
        2015062712  3358871      18.60      93.56  1
        2015062715  3320429      18.48      93.58  1
        2015062718  3305426      18.30      93.57  1
        2015062721  3193470      18.01      93.64  1
        2015062800  3127985      17.75      93.67  1
        2015062803  3024616      17.55      93.69  1
        2015062806  2954391      17.32      93.73  1
        2015062809  2830738      17.11      93.82  1
        2015062812  2723345      16.98      93.89  1
        2015062815  2585688      16.79      94.01  1
        2015062818  2452147      16.66      94.04  1
        2015062821  2194180      16.31      94.20  1
        2015062900  2041071      16.07      94.25  1
        2015062903  1884391      15.77      94.31  1
        2015062906  1717530      15.46      94.38  1
        2015062909  1603010      15.21      94.44  1
        2015062912  1480096      14.95      94.52  1
        2015062915  1377683      14.79      94.59  1
        2015062918  1323277      14.68      94.59  1
        2015062921  1183825      14.70      94.62  1
        2015063000  1113117      14.68      94.51  1
        2015063003  1025287      14.64      94.43  1
        2015063006   863543      14.61      94.32  1
        2015063009   683643      14.62      94.25  1
        2015063012   455698      14.71      94.20  1
        2015063015   328041      14.68      94.17  1
LPT    35.0400
        2015060306   368873       4.53      63.64  1
        2015060309   836232       4.28      64.07  1
        2015060312  1198200       3.93      64.53  1
        2015060315  1506190       3.66      64.95  1
        2015060318  1996458       3.20      65.72  1
        2015060321  2522258       2.92      66.31  1
        2015060400  2870615       2.95      66.59  1
        2015060403  3223807       2.82      67.07  1
        2015060406  3560457       2.76      67.39  1
        2015060409  3915878       2.72      67.82  1
        2015060412  4184352       2.72      68.18  1
        2015060415  4325680       2.70      68.35  1
        2015060418  4522819       2.70      68.54  1
        2015060421  4725445       2.64      68.78  1
        2015060500  4829994       2.69      68.87  1
        2015060503  4907573       2.79      68.98  1
        2015060506  5035652       2.87      69.11  1
        2015060509  5207469       2.93      69.38  1
        2015060512  5298076       2.98      69.67  1
        2015060515  5326463       2.95      69.87  1
        2015060518  5383850       2.92      70.21  1
        2015060521  5429039       2.86      70.56  1
        2015060600  5390163       2.95      70.84  1
        2015060603  5348525       3.00      71.15  1
        2015060606  5284649       3.02      71.50  1
        2015060609  5161800       3.20      71.83  1
        2015060612  4979256       3.40      72.24  1
        2015060615  4823642       3.56      72.50  1
        2015060618  4796789       3.59      72.77  1
        2015060621  4691849       3.67      72.94  1
        2015060700  4448151       3.76      73.41  1
        2015060703  4330057       3.67      74.35  1
        2015060706  4124647       3.53      76.23  1
        2015060709  1460475      11.40      69.56  1
        2015060712  1116131      12.50      69.49  1
        2015060715   935664      13.05      69.34  1
        2015060718   958547      13.35      69.50  1
        2015060721  1033548      13.54      69.74  1
        2015060800  1067541      13.66      69.69  1
        2015060803  1112337      13.69      69.71  1
        2015060806  1244063      13.71      69.77  1
        2015060809  1306795      13.75      69.80  1
        2015060812  1337569      13.86      69.84  1
        2015060815  1339121      13.85      69.78  1
        2015060818  1377191      13.86      69.71  1
        2015060821  1432213      13.92      69.54  1
        2015060900  1461278      13.94      69.47  1
        2015060903  1464965      13.95      69.38  1
        2015060906  1513701      13.92      69.28  1
        2015060909  1562907      13.84      69.29  1
        2015060912  1569697      13.82      69.28  1
        2015060915  1565379      13.80      69.32  1
        2015060918  1561668      13.79      69.32  1
        2015060921  1552001      13.78      69.30  1
        2015061000  1488214      13.82      69.32  1
        2015061003  1399254      13.80      69.34  1
        2015061006  1300704      13.76      69.30  1
        2015061009  1141108      13.62      69.35  1
        2015061012   945179      13.51      69.24  1
        2015061015   772859      13.44      69.16  1
        2015061018   578786      13.30      69.16  1
        2015061021   414464      13.16      69.24  1
LPT    36.0100
        2015061009   624801       1.28     125.57  1
        2015061012   875486       1.76     126.82  1
        2015061015  1165386       2.12     128.09  1
        2015061018  1500513       2.48     129.86  1
        2015061021  1646719       2.68     131.28  1
        2015061100  1667265       2.86     132.45  1
        2015061103  1723997       3.03     133.64  1
        2015061106  1841677       3.17     134.47  1
        2015061109  2021193       3.16     135.47  1
        2015061112  3219416       1.48     141.48  1
        2015061115  4128055       1.18     143.42  1
        2015061118  4641524       1.12     144.29  1
        2015061121  4966247       1.08     144.95  1
        2015061200  5352426       0.98     145.80  1
        2015061203  5694710       0.81     146.76  1
        2015061206  5948663       0.64     147.54  1
        2015061209  6141924       0.38     148.36  1
        2015061212  6378942       0.16     149.22  1
        2015061215  6706097      -0.15     150.51  1
        2015061218  6764336      -0.55     151.93  1
        2015061221  6596018      -0.86     153.23  1
        2015061300  6588792      -1.09     154.55  1
        2015061303  6596299      -1.27     155.40  1
        2015061306  6642530      -1.37     156.04  1
        2015061309  6672915      -1.42     156.57  1
        2015061312  6814709      -1.39     157.07  1
        2015061315  6931387      -1.30     157.44  1
        2015061318  6976167      -1.20     157.75  1
        2015061321  6891833      -1.13     158.15  1
        2015061400  6884350      -1.10     158.52  1
        2015061403  6817919      -1.05     158.75  1
        2015061406  6735986      -1.08     159.09  1
        2015061409  6673146      -1.12     159.40  1
        2015061412  6606286      -1.17     159.80  1
        2015061415  6538422      -1.28     160.32  1
        2015061418  6286745      -1.47     160.82  1
        2015061421  6071996      -1.61     161.44  1
        2015061500  5956482      -1.74     162.23  1
        2015061503  5775561      -1.88     163.22  1
        2015061506  5632562      -1.94     164.11  1
        2015061509  5727754      -1.79     165.11  1
        2015061512  6084045      -1.49     166.24  1
        2015061515  6359789      -1.33     166.86  1
        2015061518  6314609      -1.09     167.65  1
        2015061521  6137227      -0.79     168.38  1
        2015061600  6141473      -0.56     169.22  1
        2015061603  5903465      -0.29     170.05  1
        2015061606  5565311       0.02     170.96  1
        2015061609  5328336       0.28     171.70  1
        2015061612  5286731       0.44     172.09  1
        2015061615  5188094       0.55     172.37  1
        2015061618  4958487       0.71     172.99  1
        2015061621  4660484       0.99     174.00  1
        2015061700  4507155       1.17     174.70  1
        2015061703  4393899       1.28     175.23  1
        2015061706  4305250       1.37     175.62  1
        2015061709  4208774       1.51     176.11  1
        2015061712  4138589       1.63     176.50  1
        2015061715  4042995       1.73     176.79  1
        2015061718  3701740       1.90     177.12  1
        2015061721  3458221       2.06     177.48  1
        2015061800  4097580       2.55     183.34  1
        2015061803  3864199       2.79     184.41  1
        2015061806  3113453       3.06     185.07  1
        2015061809  2563461       3.42     187.09  1
        2015061812  1977331       3.71     191.31  1
        2015061815  1260008       3.57     195.73  2
        2015061818  1025911       3.29     200.15  2
        2015061821   853952       3.25     202.32  1
        2015061900   921063       3.22     203.98  1
        2015061903   899408       3.27     204.62  1
        2015061906   912483       3.29     204.93  1
        2015061909   924801       3.32     204.55  1
        2015061912   907829       3.34     203.59  1
        2015061915   732006       3.34     203.17  1
LPT    37.0100
        2015061812   504186     -26.90     205.08  1
        2015061815   868090     -26.82     205.22  1
        2015061818  1165684     -26.92     205.55  1
        2015061821  1469270     -27.13     205.96  1
        2015061900  1697793     -27.47     206.62  1
        2015061903  1870726     -27.74     207.25  1
        2015061906  2038649     -28.08     207.92  1
        2015061909  2314781     -28.30     208.54  1
        2015061912  2466573     -28.58     209.16  1
        2015061915  2605229     -28.72     209.66  1
        2015061918  2778292     -28.84     210.11  1
        2015061921  2921286     -28.97     210.55  1
        2015062000  3062314     -29.19     211.13  1
        2015062003  3179012     -29.46     211.74  1
        2015062006  3217152     -29.63     212.17  1
        2015062009  3324445     -29.81     212.59  1
        2015062012  3438495     -30.03     213.18  1
        2015062015  3535698     -30.24     213.75  1
        2015062018  3586129     -30.38     214.24  1
        2015062021  3529515     -30.33     214.44  1
        2015062100  3568321     -30.45     214.93  1
        2015062103  3501791     -30.46     215.33  1
        2015062106  3383748     -30.38     215.60  1
        2015062109  3205145     -30.28     215.86  1
        2015062112  3003585     -30.22     216.15  1
        2015062115  2640277     -29.78     215.90  1
        2015062118  2316439     -29.41     215.70  1
        2015062121  2107212     -29.35     216.02  1
        2015062200  1794819     -29.11     216.23  1
        2015062203  1514939     -29.11     216.71  1
        2015062206  1247580     -29.12     217.21  1
        2015062209  1010013     -29.04     217.73  1
        2015062212   625043     -28.35     217.74  1
        2015062215   595806     -27.24     217.74  1
        2015062218   545679     -26.39     217.77  1
        2015062221   609071     -25.77     217.99  1
        2015062300   716859     -25.29     218.03  1
        2015062303   645616     -24.78     218.07  1
        2015062306   603888     -24.43     218.09  1
        2015062309   627836     -24.28     218.13  1
        2015062312   595566     -23.96     218.13  1
        2015062315   600954     -23.72     218.09  1
        2015062318   631498     -23.54     218.08  1
        2015062321   676004     -23.41     218.13  1
        2015062400   756441     -23.34     218.28  1
        2015062403   801677     -23.24     218.43  1
        2015062406   803363     -23.19     218.51  1
        2015062409   803640     -23.15     218.66  1
        2015062412   812925     -23.02     218.85  1
        2015062415   823273     -22.95     218.97  1
        2015062418   812815     -22.92     219.13  1
        2015062421   833209     -22.83     219.32  1
        2015062500   833458     -22.68     219.38  1
        2015062503   827106     -22.55     219.43  1
        2015062506   813776     -22.51     219.46  1
        2015062509   790303     -22.38     219.51  1
        2015062512   751979     -22.21     219.56  1
        2015062515   660517     -22.06     219.68  1
        2015062518   482478     -21.84     219.85  1
        2015062521   345375     -21.63     220.06  1
