LPT nnnnn.nnnn
        YYYYMMDDHH _A_[km2] cen_lat.__ cen_lon.__ Nobj
LPT     0.0100
        1999060100  2871400       8.13     132.59  1
        1999060103  2922524       8.30     132.85  1
        1999060106  4668382      14.87     136.28  1
        1999060109  4855641      15.37     136.65  1
        1999060112  5033520      15.81     136.94  1
        1999060115  5233965      16.26     137.11  1
        1999060118  5720466      16.36     136.28  1
        1999060121  5907639      16.63     135.79  1
        1999060200  5947522      16.80     135.26  1
        1999060203  5972013      16.78     134.85  1
        1999060206  5884101      16.67     134.35  1
        1999060209  5885175      16.47     133.80  1
        1999060212  5894505      16.27     133.14  1
        1999060215  5998762      16.11     132.51  1
        1999060218  6039892      16.00     132.00  1
        1999060221  6132504      15.83     131.30  1
        1999060300  6142552      15.66     130.73  1
        1999060303  6211234      15.49     130.19  1
        1999060306  6243287      15.34     129.70  1
        1999060309  6226937      15.08     129.02  1
        1999060312  6098555      14.75     128.31  1
        1999060315  5895508      14.28     127.37  1
        1999060318  5685148      13.82     126.18  1
        1999060321  9475520      13.49     112.31  1
        1999060400  9412111      13.28     111.26  1
        1999060403  9227986      13.19     110.80  1
        1999060406  9139258      13.20     110.60  1
        1999060409  9295497      13.28     110.32  1
        1999060412  9264882      13.36     110.29  1
        1999060415  9209340      13.31     110.41  1
        1999060418  9192037      13.32     110.44  1
        1999060421  9190217      13.36     110.60  1
        1999060500  9140288      13.45     110.57  1
        1999060503  9016731      13.57     110.72  1
        1999060506  8960716      13.68     110.87  1
        1999060509  8892770      13.84     111.13  1
        1999060512  8725752      14.01     111.38  1
        1999060515  8556864      14.09     111.47  1
        1999060518  8386520      14.20     111.50  1
        1999060521  8295022      14.29     111.64  1
        1999060600  8128666      14.51     111.71  1
        1999060603  7976879      14.66     111.94  1
        1999060606  7821287      14.80     112.32  1
        1999060609  7612582      14.93     112.61  1
        1999060612  7208541      15.04     113.27  1
        1999060615  6851304      15.23     113.98  1
        1999060618  6684359      15.40     114.25  1
        1999060621  6484820      15.59     114.61  1
        1999060700   851320      15.13      93.78  1
        1999060703   665457      15.24      93.38  1
        1999060706   590075      15.29      93.14  1
        1999060709   553842      15.47      92.87  1
        1999060900   330788      16.24      91.08  1
        1999060903   312090      16.34      91.11  1
        1999060906   357118      16.44      91.00  1
        1999060909   636339      16.86      91.10  1
        1999060912   909416      17.33      91.33  1
        1999060915  1002579      17.39      91.37  1
        1999060918  1149278      17.58      91.51  1
        1999060921  1271500      17.64      91.53  1
        1999061000  1415111      17.59      91.42  1
        1999061003  1531467      17.64      91.37  1
        1999061006  1675767      17.60      91.30  1
        1999061009  1973870      17.72      91.57  1
        1999061012  2162322      17.77      91.71  1
        1999061015  2287072      17.80      91.66  1
        1999061018  2370169      17.88      91.55  1
        1999061021  2563083      18.05      91.19  1
        1999061100  2710004      18.00      91.21  1
        1999061103  2722893      18.06      91.18  1
        1999061106  2746626      18.08      91.16  1
        1999061109  2923447      18.07      91.27  1
        1999061112  3001724      18.20      91.05  1
        1999061115  2949844      18.17      90.87  1
        1999061118  2884003      18.37      90.64  1
        1999061121  3928768      16.82      86.13  1
        1999061200  4029079      16.78      85.29  1
        1999061203  3959297      16.84      84.56  1
        1999061206  4022259      16.75      83.96  1
        1999061209  4166888      16.68      83.47  1
        1999061212  3929376      16.70      82.77  1
        1999061215  3513848      16.54      81.60  1
        1999061218  3300650      16.47      80.62  1
        1999061221  3056739      16.48      79.92  1
        1999061300  2848302      16.51      79.29  1
        1999061303  2518825      16.30      78.26  1
        1999061306  2156247      15.96      77.31  1
        1999061309  1504738      14.18      74.01  1
        1999061312  1448208      14.50      74.04  1
        1999061315  1334407      14.47      73.96  1
        1999061318  1210568      14.36      73.80  1
        1999061321  1069268      14.26      73.74  1
        1999061400   922661      14.14      73.58  1
        1999061403   808925      14.18      73.56  1
        1999061406   682549      14.45      73.61  1
        1999061409   527067      14.81      73.71  1
        1999061412   374160      15.21      73.88  1
LPT     1.0100
        1999060712   495402       4.15     142.25  1
        1999060715   945845       4.10     142.12  1
        1999060718  1306129       3.97     142.00  1
        1999060721  1643026       3.93     141.92  1
        1999060800  1880705       3.89     141.83  1
        1999060803  2024485       3.88     141.69  1
        1999060806  2188239       3.89     141.67  1
        1999060809  2355978       3.84     141.62  1
        1999060812  2531443       3.77     141.73  1
        1999060815  2648469       3.75     141.71  1
        1999060818  2704231       3.68     141.68  1
        1999060821  2823728       3.60     141.80  1
        1999060900  2857034       3.57     141.94  1
        1999060903  2850556       3.43     142.02  1
        1999060906  2830144       3.31     142.25  1
        1999060909  2847279       3.22     142.47  1
        1999060912  2817955       3.23     142.74  1
        1999060915  2749551       3.20     142.92  1
        1999060918  2723528       3.15     142.99  1
        1999060921  2679677       3.14     142.98  1
        1999061000  2572114       3.10     143.05  1
        1999061003  2486948       3.06     142.99  1
        1999061006  2383242       3.03     142.74  1
        1999061009  2207327       2.92     142.43  1
        1999061012  2015954       2.77     142.17  1
        1999061015  1874533       2.61     141.95  1
        1999061018  1669811       2.49     141.74  1
        1999061021  1546501       2.49     141.40  1
        1999061100  1464815       2.47     141.14  1
        1999061103  1308458       2.37     141.14  1
        1999061106  1266078       2.32     141.09  1
        1999061109  1175150       2.24     140.95  1
        1999061112  1081929       2.12     140.94  1
        1999061115  1025577       2.21     140.66  1
        1999061118  1019316       2.34     140.57  1
        1999061121   983731       2.48     140.45  1
        1999061200   903368       2.68     140.15  1
        1999061203   856992       2.83     139.88  1
        1999061206   842210       2.98     139.61  1
        1999061209   855278       3.01     139.27  1
        1999061212   905331       3.03     138.95  1
        1999061215  1079542       2.96     138.79  1
        1999061218  1273647       3.00     138.87  1
        1999061221  1302973       2.98     138.85  1
        1999061300  1306078       3.02     139.21  1
        1999061303  1472220       3.32     140.30  1
        1999061306  1723689       3.57     141.27  1
        1999061309  1883458       3.75     142.00  1
        1999061312  2064702       3.89     142.47  1
        1999061315  2348342       3.94     142.60  1
        1999061318  2631884       3.97     142.61  1
        1999061321  2786779       4.08     142.64  1
        1999061400  2951924       4.13     142.36  1
        1999061403  3138726       4.12     142.07  1
        1999061406  3341865       4.05     141.71  1
        1999061409  3427990       4.03     141.55  1
        1999061412  3579556       3.94     141.36  1
        1999061415  3748846       3.86     141.14  1
        1999061418  3877409       3.78     140.99  1
        1999061421  3967714       3.70     140.94  1
        1999061500  4068507       3.50     140.69  1
        1999061503  4211897       3.19     140.39  1
        1999061506  4329885       2.82     140.04  1
        1999061509  4497377       2.29     140.26  1
        1999061512  4676082       1.75     140.31  1
        1999061515  4770573       1.22     140.01  1
        1999061518  3398538       1.27     135.27  1
        1999061521  3313844       0.81     134.52  1
        1999061600  3296113       0.59     134.18  1
        1999061603  3291571       0.39     133.84  1
        1999061606  3323870       0.14     133.49  1
        1999061609  3290209      -0.08     133.20  1
        1999061612  3264226      -0.21     132.91  1
        1999061615  3332787      -0.48     132.77  1
        1999061618  3355078      -0.82     132.68  1
        1999061621  3276733      -1.09     132.52  1
        1999061700  3268970      -1.34     132.54  1
        1999061703  3113673      -1.81     132.58  1
        1999061706  2946553      -2.29     132.66  1
        1999061709  2765963      -2.76     132.92  1
        1999061712  2711679      -3.03     133.11  1
        1999061715  2732018      -3.22     133.39  1
        1999061718  2747645      -3.49     133.80  1
        1999061721  2697325      -3.64     133.88  1
        1999061800  2668599      -3.76     133.99  1
        1999061803  2570537      -3.94     134.32  1
        1999061806  2473402      -4.04     134.67  1
        1999061809  2362537      -4.07     134.87  1
        1999061812  2317027      -4.11     134.97  1
        1999061815  2366154      -4.13     135.72  1
        1999061818  2317703      -4.13     136.21  1
        1999061821  2304051      -4.08     136.76  1
        1999061900  2288051      -4.03     137.23  1
        1999061903  2376814      -3.88     137.88  1
        1999061906  2359874      -3.84     138.22  1
        1999061909  2299775      -3.82     138.49  1
        1999061912  2229570      -3.85     138.67  1
        1999061915  2257178      -3.85     138.94  1
        1999061918  2183501      -3.85     139.17  1
        1999061921  2149935      -3.89     139.81  1
        1999062000  2378432      -4.11     141.45  1
        1999062003  2503413      -4.36     142.83  1
        1999062006  2579776      -4.55     143.49  1
        1999062009  2650042      -4.70     144.03  1
        1999062012  2694089      -4.85     144.67  1
        1999062015  2759423      -5.03     145.39  1
        1999062018  2666447      -5.22     146.03  1
        1999062021  2608824      -5.41     146.63  1
        1999062100  2484949      -5.63     147.32  1
        1999062103  2252340      -5.81     147.85  1
        1999062106  2000621      -6.00     148.21  1
        1999062109  1778922      -6.19     148.83  1
        1999062112  1637232      -6.34     149.34  1
        1999062115  1557725      -6.49     149.83  1
        1999062118  1128602      -6.92     152.29  1
        1999062121   950178      -7.20     153.41  1
        1999062200   825733      -7.38     154.02  1
        1999062203   732233      -7.43     154.11  1
        1999062206   624955      -7.49     154.08  1
        1999062209   577461      -7.51     153.95  1
        1999062212   524602      -7.54     153.74  1
        1999062215   526929      -7.51     153.53  1
        1999062218   433525      -7.50     153.30  1
LPT     2.0100
        1999061421   529926       8.20     258.56  1
        1999061500   708502       8.36     258.66  1
        1999061503   793103       8.46     258.56  1
        1999061506   810517       8.53     258.02  1
        1999061509   743982       8.58     257.32  1
        1999061512   705578       8.69     256.63  1
        1999061515   755420       8.96     256.77  1
        1999061518   886722       9.23     257.37  1
        1999061521  1007312       9.70     258.43  1
        1999061600  1051722      10.10     259.23  1
        1999061603  1244946      10.24     259.20  1
        1999061606  1391180      10.32     258.93  1
        1999061609  1471524      10.50     258.96  1
        1999061612  1472919      10.67     258.99  1
        1999061615  1447786      10.85     259.12  1
        1999061618  1391800      10.99     259.23  1
        1999061621  1337161      11.18     259.48  1
        1999061700  1208307      11.39     259.86  1
        1999061703  1111658      11.52     260.15  1
        1999061706  1139960      11.63     260.53  1
        1999061709  1161793      11.82     261.14  1
        1999061712  1188433      11.93     261.48  1
        1999061715  1188882      12.00     261.45  1
        1999061718  1159674      12.11     261.35  1
        1999061721  1167492      12.22     261.32  1
        1999061800  1162615      12.30     261.29  1
        1999061803  1196803      12.40     261.27  1
        1999061806  1346706      12.56     261.33  1
        1999061809  1507913      12.66     261.35  1
        1999061812  1691050      12.72     261.18  1
        1999061815  1818489      12.77     260.93  1
        1999061818  1956742      12.87     260.63  1
        1999061821  2135155      12.99     260.36  1
        1999061900  2217531      13.09     260.15  1
        1999061903  2317384      13.23     259.87  1
        1999061906  2418746      13.50     259.60  1
        1999061909  2556027      13.75     259.51  1
        1999061912  2702054      13.86     259.45  1
        1999061915  2805667      13.88     259.42  1
        1999061918  2856875      13.91     259.41  1
        1999061921  2919023      13.96     259.43  1
        1999062000  2943474      14.04     259.43  1
        1999062003  2940103      14.12     259.36  1
        1999062006  2947819      14.21     259.31  1
        1999062009  2902657      14.29     259.15  1
        1999062012  2921786      14.36     259.05  1
        1999062015  2884059      14.45     258.88  1
        1999062018  2863870      14.52     258.78  1
        1999062021  2917737      14.56     258.88  1
        1999062100  2984821      14.56     259.09  1
        1999062103  3002017      14.55     259.20  1
        1999062106  3056365      14.32     259.63  1
        1999062109  3117364      13.99     260.21  1
        1999062112  3174772      13.67     260.75  1
        1999062115  3227883      13.36     261.46  1
        1999062118  3245326      13.15     262.11  1
        1999062121  3277985      12.99     262.96  1
        1999062200  3187637      12.92     263.61  1
        1999062203  3079472      12.89     264.06  1
        1999062206  2807334      12.73     264.51  1
        1999062209  2496474      12.15     266.03  1
        1999062212  1996350      11.34     268.25  1
        1999062215  1597617      10.81     270.76  1
        1999062218  1430645      10.84     271.66  1
        1999062221  1505843      10.94     271.98  1
        1999062300  1517616      11.16     271.57  1
        1999062303  1517559      11.46     271.07  1
        1999062306  1554483      11.62     270.73  1
        1999062309  1584665      11.90     270.12  1
        1999062312  1603334      12.06     269.74  1
        1999062315  1541597      12.18     269.01  1
        1999062318  1580449      12.24     268.43  1
        1999062321  1612328      12.33     267.61  1
        1999062400  1545475      12.53     266.42  1
        1999062403  1220095      12.63     264.54  1
        1999062406  1104265      12.75     263.77  1
        1999062409  1082411      13.09     263.76  1
        1999062412  1079246      13.46     263.65  1
        1999062415  1068866      13.75     263.74  1
        1999062418   994127      14.05     263.91  1
        1999062421   995348      14.28     264.06  1
        1999062500   984748      14.47     264.11  1
        1999062503   956086      14.53     263.98  1
        1999062506   901547      14.53     263.74  1
        1999062509   926465      14.47     263.70  1
        1999062512   965459      14.44     263.45  1
        1999062515  1017806      14.43     263.14  1
        1999062518  1096295      14.41     262.89  1
        1999062521  1217310      14.41     262.70  1
        1999062600  1231917      14.33     262.35  1
        1999062603  1150910      14.24     262.06  1
        1999062606  1033201      14.14     261.80  1
        1999062609  1065583      13.93     261.57  1
        1999062612  1034490      13.85     261.43  1
        1999062615   977029      13.79     261.30  1
        1999062618   926820      13.80     261.30  1
        1999062621   926789      13.80     261.33  1
        1999062700   885153      13.92     261.37  1
        1999062703   783885      13.96     261.35  1
        1999062706   720437      13.90     261.33  1
        1999062709   583069      13.69     261.23  1
        1999062712   353055      13.49     260.77  1
LPT     3.0100
        1999062309   304695      33.14     133.42  1
        1999062312   544329      33.79     133.08  1
        1999062315   649763      34.10     133.17  1
        1999062318   825438      34.43     133.22  1
        1999062321  1025370      35.03     133.53  1
        1999062400  1101723      35.36     133.61  1
        1999062403  1027301      35.53     133.73  1
        1999062406  1066856      35.62     133.73  1
        1999062409  1011279      35.80     133.87  1
        1999062412  1040142      35.89     133.91  1
        1999062415  1105384      35.88     133.83  1
        1999062418  1059665      36.03     133.86  1
        1999062421  1022114      36.09     133.74  1
        1999062500   995447      36.12     133.57  1
        1999062503   916762      36.30     133.67  1
        1999062506   695458      36.42     133.64  1
        1999062509   391617      36.54     133.15  1
        1999062512   328567      36.49     132.64  1
        1999062515   315764      36.43     132.34  1
        1999062518   308257      36.28     131.76  1
        1999062521   405062      35.73     130.52  1
        1999062600   677019      35.14     129.24  1
        1999062603   925424      35.04     129.32  1
        1999062606   669624      34.49     128.80  1
        1999062609   404796      33.99     128.54  1
        1999062612   357698      33.77     128.56  1
        1999062615   265234      33.36     127.94  1
        1999062618   428088      33.03     127.05  1
        1999062621   739876      32.67     125.82  1
        1999062700   947695      32.44     125.19  1
        1999062703  1146292      32.34     124.86  1
        1999062706  1444116      32.34     124.73  1
        1999062709  1400233      32.32     124.62  1
        1999062712  1379022      32.30     124.55  1
        1999062715  1457817      32.27     124.56  1
        1999062718  1550186      32.28     124.58  1
        1999062721  1699196      32.29     124.57  1
        1999062800  1802884      32.29     124.50  1
        1999062803  1949784      32.25     124.31  1
        1999062806  2002711      32.24     124.18  1
        1999062809  2011301      32.23     124.13  1
        1999062812  2012122      32.34     124.53  1
        1999062815  2141933      32.55     125.06  1
        1999062818  2335104      32.76     125.59  1
        1999062821  2558593      32.91     126.03  1
        1999062900  2658791      32.91     126.14  1
        1999062903  2677024      32.99     126.52  1
        1999062906  2573410      33.09     126.81  1
        1999062909  2544199      33.12     126.95  1
        1999062912  2547925      33.19     127.22  1
        1999062915  2703049      33.32     127.79  1
        1999062918  2832630      33.41     128.50  1
        1999062921  2877743      33.54     129.17  1
        1999063000  2703635      33.75     130.02  1
        1999063003  2575947      33.94     130.63  1
        1999063006  2367861      34.25     131.44  1
        1999063009  2160858      34.57     132.28  1
        1999063012  2173387      34.53     132.07  1
        1999063015  2268522      34.44     131.69  1
        1999063018  2333097      34.36     131.25  1
        1999063021  2337119      34.30     130.98  1
        1999070100  2325531      34.40     131.01  1
        1999070103  2299769      34.54     131.22  1
        1999070106  2267748      34.72     131.49  1
        1999070109  2292658      34.75     131.45  1
        1999070112  2315962      34.85     131.52  1
        1999070115  2327812      34.90     131.59  1
        1999070118  2275221      34.91     131.70  1
        1999070121  2190656      34.86     131.70  1
        1999070200  2014741      34.80     131.72  1
        1999070203  1881605      34.84     131.75  1
        1999070206  1741274      34.95     131.89  1
        1999070209  1652618      34.90     131.74  1
        1999070212  1592205      34.89     131.72  1
        1999070215  1533465      34.88     131.67  1
        1999070218  1150071      34.34     129.96  1
        1999070221   913809      34.03     128.81  1
        1999070300   801056      33.98     128.42  1
        1999070303   755233      33.95     128.34  1
        1999070306   713253      33.99     128.48  1
        1999070309   686374      33.99     128.64  1
        1999070312   644982      34.05     128.86  1
        1999070315   581252      34.11     129.11  1
        1999070318   425360      34.23     129.53  1
LPT     4.0100
        1999062415   364865      -3.21     130.04  1
        1999062418   725722      -3.16     130.17  1
        1999062421   933873      -3.08     130.44  1
        1999062500   997948      -2.91     130.64  1
        1999062503  1047402      -2.75     130.84  1
        1999062506  1158503      -2.61     131.05  1
        1999062509  1214831      -2.52     131.26  1
        1999062512  1244189      -2.46     131.47  1
        1999062515  1273599      -2.34     131.66  1
        1999062518  1362382      -2.20     131.80  1
        1999062521  1324694      -2.12     131.81  1
        1999062600  1256234      -1.95     131.65  1
        1999062603  1279417      -1.89     131.65  1
        1999062606  1357423      -1.72     131.72  1
        1999062609  1365964      -1.62     131.84  1
        1999062612  1409154      -1.61     131.94  1
        1999062615  1484748      -1.55     131.83  1
        1999062618  1561035      -1.54     131.87  1
        1999062621  1524741      -1.59     131.77  1
        1999062700  1473781      -1.66     131.75  1
        1999062703  1457574      -1.59     131.80  1
        1999062706  1577881      -1.41     131.86  1
        1999062709  1477627      -1.41     131.92  1
        1999062712  1358149      -1.35     132.13  1
        1999062715  1291108      -1.13     132.62  1
        1999062718  1119154      -0.97     133.21  1
        1999062721  1376403       2.00     135.50  1
        1999062800  1524977       3.82     136.76  1
        1999062803  1772207       4.85     137.27  1
        1999062806  2123661       5.33     137.34  1
        1999062809  2228645       5.44     137.09  1
        1999062812  2290211       5.47     136.77  1
        1999062815  2460306       5.40     136.23  1
        1999062818  2631923       5.10     135.36  1
        1999062821  2675401       4.84     134.14  1
        1999062900  2581524       4.34     132.81  1
        1999062903  2397977       3.56     131.67  1
        1999062906  2010858       1.65     129.46  1
        1999062909  1971099       1.48     129.10  1
        1999062912  2065669       1.51     129.06  1
        1999062915  2114991       1.34     129.26  1
        1999062918  2236591       1.17     129.65  1
        1999062921  2280266       1.16     129.74  1
        1999063000  2306270       1.14     129.88  1
        1999063003  2315521       1.11     130.12  1
        1999063006  2290496       0.80     130.50  1
        1999063009  2303977       0.42     130.89  1
        1999063012  2358212       0.11     131.32  1
        1999063015  2425424      -0.17     131.72  1
        1999063018  2422475      -0.35     132.00  1
        1999063021  2373237      -0.47     132.13  1
        1999070100  2299292      -0.66     132.31  1
        1999070103  2178458      -0.80     132.56  1
        1999070106  1981330      -0.98     132.76  1
        1999070109  1766450      -1.16     132.97  1
        1999070112  1522929      -1.42     133.19  1
        1999070115  1263889      -1.70     133.44  1
        1999070118   981570      -2.04     133.97  1
        1999070121   655203      -2.34     134.82  1
        1999070200   430618      -2.59     135.53  1
LPT     5.0100
        1999063015   422155      11.70     272.37  1
        1999063018   591875      11.91     272.16  1
        1999063021   784655      12.13     272.05  1
        1999070100  1001921      12.36     271.57  1
        1999070103  1116964      12.43     271.22  1
        1999070106  1214364      12.55     270.90  1
        1999070109  1402394      12.60     270.38  1
        1999070112  1590865      12.68     270.22  1
        1999070115  1752613      12.79     270.10  1
        1999070118  1904177      12.92     270.02  1
        1999070121  2067359      13.16     269.82  1
        1999070200  2179702      13.42     269.65  1
        1999070203  2184365      13.56     269.47  1
        1999070206  2231353      13.74     269.19  1
        1999070209  2278021      13.87     269.02  1
        1999070212  2307041      13.97     268.81  1
        1999070215  2320494      14.20     268.66  1
        1999070218  2306935      14.43     268.39  1
        1999070221  2398408      14.66     268.14  1
        1999070300  2397244      14.76     267.75  1
        1999070303  2319432      14.86     267.31  1
        1999070306  2344886      15.04     266.92  1
        1999070309  2353316      15.20     266.55  1
        1999070312  2288266      15.30     266.22  1
        1999070315  2185404      15.46     265.88  1
        1999070318  2151046      15.61     265.60  1
        1999070321  2211158      15.80     265.38  1
        1999070400  2218997      15.88     265.12  1
        1999070403  2242426      15.90     264.75  1
        1999070406  2410463      15.96     264.52  1
        1999070409  2606234      16.03     264.37  1
        1999070412  2634530      16.01     264.24  1
        1999070415  2667632      15.95     263.99  1
        1999070418  2751641      15.85     263.72  1
        1999070421  2915623      15.85     263.51  1
        1999070500  2903619      15.74     263.16  1
        1999070503  2884732      15.70     262.83  1
        1999070506  2907730      15.74     262.70  1
        1999070509  2926951      15.73     262.63  1
        1999070512  2899406      15.68     262.48  1
        1999070515  2855024      15.66     262.35  1
        1999070518  2811679      15.63     262.22  1
        1999070521  2829077      15.55     262.07  1
        1999070600  2782300      15.56     261.91  1
        1999070603  2739201      15.52     261.87  1
        1999070606  2715029      15.39     261.72  1
        1999070609  2661587      15.23     261.56  1
        1999070612  2576271      15.05     261.48  1
        1999070615  2510722      15.01     261.33  1
        1999070618  2445101      14.98     261.19  1
        1999070621  2378926      14.92     261.05  1
        1999070700  2288142      14.81     260.91  1
        1999070703  2146552      14.70     260.77  1
        1999070706  1939558      14.55     260.75  1
        1999070709  1653869      14.19     260.60  1
        1999070712  1333554      13.80     260.37  1
        1999070715  1146681      13.73     260.29  1
        1999070718   942081      13.74     260.22  1
        1999070721   709392      13.84     260.24  1
        1999070800   423025      13.85     260.23  1
LPT     6.0100
        1999070209   547357       7.10     355.75  1
        1999070212   784121       7.14     354.51  1
        1999070215  1000240       7.11     353.68  1
        1999070218  1271930       7.20     352.76  1
        1999070221  1417242       7.26     352.25  1
        1999070300  1518096       7.32     351.94  1
        1999070303  1566271       7.33     351.73  1
        1999070306  1587641       7.35     351.59  1
        1999070309  1592370       7.32     351.42  1
        1999070312  1583170       7.33     351.31  1
        1999070315  1571621       7.35     351.26  1
        1999070318  1624877       7.43     351.08  1
        1999070321  1639044       7.53     350.85  1
        1999070400  1616822       7.55     350.57  1
        1999070403  1518306       7.51     350.11  1
        1999070406  1404385       7.49     349.60  1
        1999070409  1247348       7.53     348.89  1
        1999070412   982164       7.62     346.97  1
        1999070415   864788       7.76     346.25  1
        1999070418   806225       7.97     345.96  1
        1999070421   605612       8.14     345.39  1
        1999070500   565591       8.33     345.00  1
        1999070503   400224       8.63     344.56  1
        1999070700   697659       8.80     345.08  1
        1999070703  1105058       9.03     344.85  1
        1999070706  1239123       9.06     344.65  1
        1999070709  1310783       9.06     344.50  1
        1999070712  1415350       9.02     344.23  1
        1999070715  1525465       8.95     343.92  1
        1999070718  1619613       8.87     343.86  1
        1999070721  1620980       8.75     343.57  1
        1999070800  1675032       8.62     343.04  1
        1999070803  1694265       8.44     342.47  1
        1999070806  1705119       8.25     342.38  1
        1999070809  1760642       8.14     342.48  1
        1999070812  1754786       8.09     342.33  1
        1999070815  1715202       8.06     342.30  1
        1999070818  1742795       8.04     342.43  1
        1999070821  1654933       8.03     342.38  1
        1999070900  1679458       8.01     342.42  1
        1999070903  1644831       8.07     342.37  1
        1999070906  1537619       8.12     342.02  1
        1999070909  1265977       8.22     342.08  1
        1999070912   734449       8.74     345.43  1
        1999070915   526518       8.97     345.82  1
        1999070918   390483       9.19     346.14  1
LPT     7.0100
        1999070403   528835      -2.14     127.88  1
        1999070406   784241      -2.15     127.81  1
        1999070409   982483      -2.16     127.59  1
        1999070412  1061139      -2.18     127.52  1
        1999070415  1126684      -2.22     127.32  1
        1999070418  1176069      -2.23     127.25  1
        1999070421  1176864      -2.23     127.24  1
        1999070500  1068144      -2.18     127.56  1
        1999070503   957101      -2.12     127.94  1
        1999070506   892334      -2.04     128.20  1
        1999070509   878503      -1.95     128.74  1
        1999070512   873950      -1.81     129.28  1
        1999070515   914966      -1.63     130.00  1
        1999070518   844037      -1.50     130.86  1
        1999070521   823249      -1.32     131.47  1
        1999070600   739117      -1.17     131.81  1
        1999070603   675833      -0.99     132.07  1
        1999070606   677391      -0.82     132.29  1
        1999070609   637234      -0.76     132.07  1
        1999070612   578552      -0.73     131.69  1
        1999070615   561561      -0.72     131.37  1
        1999070618   385476      -0.80     130.83  1
        1999070818   453481       0.06     131.61  1
        1999070821   699798      -0.09     131.48  1
        1999070900   795522      -0.16     131.44  1
        1999070903   902832      -0.41     131.95  1
        1999070906  1168346      -0.69     133.14  1
        1999070909  1514041      -1.17     136.00  1
        1999070912  2366942      -2.54     142.76  1
        1999070915  3214337      -3.17     146.50  1
        1999070918  3728062      -3.45     148.66  1
        1999070921  4147201      -3.51     149.83  1
        1999071000  4269317      -3.53     150.76  1
        1999071003  4438480      -3.44     151.25  1
        1999071006  4460751      -3.42     151.36  1
        1999071009  4499083      -3.41     151.54  1
        1999071012  4584553      -3.36     151.72  1
        1999071015  4776955      -3.28     151.75  1
        1999071018  4913493      -3.18     151.73  1
        1999071021  4976903      -3.17     151.89  1
        1999071100  5042112      -3.17     151.83  1
        1999071103  5109676      -3.13     151.80  1
        1999071106  5052096      -3.11     151.77  1
        1999071109  4969738      -3.11     151.91  1
        1999071112  4954869      -3.11     152.01  1
        1999071115  4945831      -3.05     152.17  1
        1999071118  4850854      -2.95     152.51  1
        1999071121  4766822      -2.86     152.89  1
        1999071200  4742556      -2.73     153.06  1
        1999071203  4742951      -2.57     153.12  1
        1999071206  4718050      -2.35     153.15  1
        1999071209  4681021      -2.19     153.34  1
        1999071212  4652369      -2.01     153.47  1
        1999071215  4532325      -1.82     153.34  1
        1999071218  4066525      -1.55     152.85  1
        1999071221  3431961      -1.21     151.89  1
        1999071300  2693640      -0.72     150.57  1
        1999071303  2282605      -0.30     149.69  1
        1999071306  1787315       0.00     148.58  1
        1999071309  1408840       0.11     147.89  1
        1999071312   939821      -0.01     146.70  1
        1999071315   491302      -0.38     144.67  1
LPT     8.0100
        1999071009   516953      25.59      88.70  1
        1999071012   817913      25.36      88.59  1
        1999071015   980980      25.20      88.50  1
        1999071018  1218134      25.01      87.97  1
        1999071021  1511787      24.89      87.27  1
        1999071100  1708979      24.84      87.07  1
        1999071103  1804731      24.80      87.02  1
        1999071106  1901117      24.77      87.12  1
        1999071109  2096950      24.60      87.36  1
        1999071112  2218305      24.55      87.37  1
        1999071115  2280886      24.46      87.52  1
        1999071118  2361244      24.33      87.70  1
        1999071121  2495200      24.11      87.95  1
        1999071200  2647967      23.88      88.19  1
        1999071203  2763608      23.56      88.53  1
        1999071206  2940061      23.14      88.94  1
        1999071209  3184000      22.68      89.32  1
        1999071212  3227264      22.51      89.47  1
        1999071215  3256844      22.21      89.80  1
        1999071218  3304854      21.84      90.04  1
        1999071221  3412874      21.42      90.32  1
        1999071300  3444064      20.84      90.65  1
        1999071303  3367542      20.01      91.14  1
        1999071306  3390546      19.52      91.32  1
        1999071309  3457956      19.17      91.53  1
        1999071312  3347064      18.92      91.71  1
        1999071315  3274713      18.48      91.97  1
        1999071318  3194163      18.16      92.33  1
        1999071321  3121809      17.67      92.99  1
        1999071400  3086645      17.17      93.33  1
        1999071403  3072874      16.87      93.33  1
        1999071406  3123903      16.60      93.42  1
        1999071409  3085117      16.39      93.45  1
        1999071412  3116098      16.23      93.27  1
        1999071415  3087177      15.91      93.38  1
        1999071418  3026285      15.84      93.43  1
        1999071421  3001278      15.63      93.48  1
        1999071500  2919395      15.43      93.28  1
        1999071503  2734480      15.36      92.87  1
        1999071506  2645729      15.47      92.10  1
        1999071509  2421282      15.71      91.34  1
        1999071512  2258212      15.98      90.40  1
        1999071515  2143720      16.13      89.59  1
        1999071518  1979753      16.34      88.70  1
        1999071521  1970861      16.52      87.72  1
        1999071600  2048161      16.58      86.41  1
        1999071603  2143623      16.66      85.09  1
        1999071606  2106107      16.72      83.87  1
        1999071609  2075959      16.70      83.24  1
        1999071612  2145091      16.66      82.68  1
        1999071615  2116676      16.56      82.17  1
        1999071618  2000878      16.31      81.64  1
        1999071621  2072221      16.22      81.72  1
        1999071700  2094891      16.18      81.27  1
        1999071703  1883933      16.07      80.62  1
        1999071706  1657109      15.85      80.00  2
        1999071709  1754313      15.76      80.72  2
        1999071712  2105105      15.94      81.49  2
        1999071715  2042139      15.83      81.57  2
        1999071718  2235582      15.90      82.03  2
        1999071721  2432149      15.94      82.17  2
        1999071800  2549743      15.94      82.10  2
        1999071803  2555792      15.95      81.86  2
        1999071806  2614523      16.06      82.02  2
        1999071809  2729889      16.48      82.42  2
        1999071812  2864152      16.79      82.81  2
        1999071815  2777519      16.93      83.06  2
        1999071818  2874945      17.24      83.43  2
        1999071821  3145272      17.57      83.15  2
        1999071900  3239654      17.81      83.14  2
        1999071903  3216264      18.03      82.95  2
        1999071906  3214418      18.24      83.16  2
        1999071909  3347102      18.55      83.66  2
        1999071912  3508325      18.88      83.67  2
        1999071915  3420483      18.99      83.55  2
        1999071918  3423106      19.09      83.68  2
        1999071921  3498095      19.32      83.73  2
        1999072000  3591453      19.53      83.62  2
        1999072003  3551126      19.75      83.82  2
        1999072006  3546216      19.99      84.16  1
        1999072009  3599845      20.27      84.46  1
        1999072012  3580085      20.45      84.37  1
        1999072015  3388696      20.50      84.49  1
        1999072018  3350202      20.56      84.82  1
        1999072021  3384492      20.59      85.23  1
        1999072100  3304073      20.55      85.66  1
        1999072103  3328595      20.42      85.75  1
        1999072106  3398235      20.14      85.94  1
        1999072109  3449105      19.93      86.19  1
        1999072112  3323484      19.45      86.56  1
        1999072115  3240192      19.06      86.75  1
        1999072118  3269739      18.66      86.67  1
        1999072121  3294132      18.29      86.58  1
        1999072200  3190272      17.95      87.15  1
        1999072203  3240231      17.66      87.07  1
        1999072206  3201831      17.37      87.22  1
        1999072209  2869009      17.26      87.50  1
        1999072212  2860037      17.07      87.40  1
        1999072215  2790978      16.81      87.23  1
        1999072218  2760180      16.59      87.15  1
        1999072221  2616708      16.31      87.32  1
        1999072300  2560426      15.98      87.29  1
        1999072303  2484715      15.70      87.15  2
        1999072306  2499914      15.46      86.74  1
        1999072309  2632446      15.28      86.25  1
        1999072312  2601287      15.17      86.15  1
        1999072315  1703024      15.71      90.50  1
        1999072318  1611268      15.69      90.82  1
        1999072321  1440680      15.57      91.05  1
        1999072400  1289718      15.73      91.41  1
        1999072403  1259633      15.80      91.64  1
        1999072406  1230403      15.86      91.87  1
        1999072409  1235727      15.72      92.61  1
        1999072412 11094318      12.66     125.49  1
        1999072415 11313028      12.81     125.09  1
        1999072418 11471584      13.00     124.54  1
        1999072421 11784420      13.21     123.78  1
        1999072500 11939195      13.37     123.51  1
        1999072503 11998858      13.54     123.42  1
        1999072506 12185932      13.63     123.41  1
        1999072509 12450885      13.81     123.35  1
        1999072512 12781248      13.97     123.29  1
        1999072515 13063449      14.01     123.79  1
        1999072518 13268964      14.13     123.97  1
        1999072521 13436880      14.42     123.69  1
        1999072600 13541157      14.84     123.26  1
        1999072603 13521642      15.11     123.10  1
        1999072606 13467921      15.38     122.94  1
        1999072609 13652106      15.73     122.63  1
        1999072612 13703443      15.93     122.60  1
        1999072615 13771801      16.01     122.80  1
        1999072618 13891377      15.94     123.32  1
        1999072621 13855758      15.96     123.64  1
        1999072700 13794939      16.11     123.75  1
        1999072703 13798295      16.23     124.10  1
        1999072706 13704569      16.36     124.12  1
        1999072709 13893285      16.59     123.71  1
        1999072712 13626583      16.88     123.28  1
        1999072715 11903296      18.19     118.57  1
        1999072718 11631682      18.24     118.99  1
        1999072721 11281236      18.30     119.56  1
        1999072800 10608870      18.45     120.79  2
        1999072803 10361167      18.51     121.45  2
        1999072806 10263346      18.57     122.00  2
        1999072809 10343277      18.66     121.95  2
        1999072812 10150212      18.51     122.24  2
        1999072815  9835052      18.41     122.36  2
        1999072818  9792716      18.45     122.49  2
        1999072821  9914553      18.44     122.53  2
        1999072900  9887640      18.41     122.64  2
        1999072903  9765423      18.28     123.08  2
        1999072906  9810418      18.24     123.09  2
        1999072909  9871946      18.11     122.87  2
        1999072912  9763899      17.76     123.01  2
        1999072915  9705875      17.48     123.43  2
        1999072918  9638785      17.35     123.45  2
        1999072921 10160634      16.88     122.82  2
        1999073000 10488968      16.34     122.78  2
        1999073003 10195423      15.73     121.46  1
        1999073006  9640394      14.25     121.26  1
        1999073009 10017932      14.22     121.13  1
        1999073012 10068953      14.03     121.99  1
        1999073015  9985027      13.67     124.03  1
        1999073018 10032884      13.68     124.54  1
        1999073021 10227680      13.79     124.36  1
        1999073100 10357102      13.88     124.21  1
        1999073103 10468502      13.98     124.17  1
        1999073106 10450166      14.06     123.99  1
        1999073109 10245286      14.16     123.25  1
        1999073112 10014249      14.21     122.68  1
        1999073115  9640196      14.26     122.60  1
        1999073118  9417240      14.39     122.13  2
        1999073121  9363510      14.52     121.77  2
        1999080100  9248224      14.65     121.90  2
        1999080103  9066490      14.74     122.15  2
        1999080106  9033424      14.81     122.16  2
        1999080109  8961191      14.81     122.39  2
        1999080112  8942246      14.80     122.78  2
        1999080115  9026278      14.76     123.33  2
        1999080118  9239148      14.78     123.79  2
        1999080121  9309541      14.84     124.06  2
        1999080200  9264053      14.96     124.39  2
        1999080203  9216091      14.99     124.96  2
        1999080206  9351176      15.13     125.83  2
        1999080209 10369178      17.75     125.48  2
        1999080212 10651356      18.23     125.71  2
        1999080215 10667223      18.45     126.09  2
        1999080218 10687060      18.67     126.29  2
        1999080221 11041382      18.96     125.97  2
        1999080300 11091932      19.12     126.23  2
        1999080303 10958436      19.16     126.80  2
        1999080306 10731404      19.25     127.46  2
        1999080309 10644117      19.34     127.64  2
        1999080312 10484237      19.33     128.16  2
        1999080315  9888225      19.31     130.23  2
        1999080318  9779940      19.33     130.59  2
        1999080321  9751543      19.41     131.02  2
        1999080400  9682674      19.51     131.25  2
        1999080403  9481354      19.60     131.50  2
        1999080406  9414810      19.68     131.54  2
        1999080409  9452838      19.68     131.18  2
        1999080412  9450956      19.73     130.76  2
        1999080415  9302150      19.86     130.80  2
        1999080418  9236195      20.02     130.52  2
        1999080421  9036906      20.17     130.24  2
        1999080500  8757366      20.16     129.95  2
        1999080503  8391370      19.98     129.54  2
        1999080506  8219947      19.93     128.80  2
        1999080509  8132521      19.87     127.77  2
        1999080512  7783776      19.76     127.19  2
        1999080515  7299390      19.65     127.14  2
        1999080518  7191489      19.59     125.98  2
        1999080521  7073375      19.59     124.92  2
        1999080600  6797395      19.61     124.11  2
        1999080603  6730506      19.81     123.25  2
        1999080606  6868622      20.01     122.23  2
        1999080609  6942625      20.19     121.17  2
        1999080612  6764457      20.43     120.54  2
        1999080615  6737342      20.62     120.31  2
        1999080618  6766265      20.77     119.98  2
        1999080621  6837764      20.94     119.46  3
        1999080700  6845507      21.05     118.84  3
        1999080703  6910699      21.11     118.46  2
        1999080706  6878518      21.17     118.16  2
        1999080709  6823576      21.22     117.58  2
        1999080712  6196151      21.30     117.01  2
        1999080715  6153689      21.33     116.89  2
        1999080718  6101462      21.35     116.55  2
        1999080721  6039946      21.29     116.59  2
        1999080800  5906623      21.30     116.80  2
        1999080803  6010126      21.31     117.24  2
        1999080806  6242969      21.34     117.91  2
        1999080809  6192269      21.36     118.05  2
        1999080812  6062979      21.34     118.34  2
        1999080815  5907639      21.29     118.92  2
        1999080818  6001424      21.27     118.96  2
        1999080821  6115050      21.35     119.35  2
        1999080900  5957581      21.40     120.06  2
        1999080903  5793787      21.48     120.89  2
        1999080906  5566177      21.53     121.28  2
        1999080909  5198718      21.57     121.79  2
        1999080912  4917405      21.59     122.47  2
        1999080915  4549920      21.52     123.24  2
        1999080918  4327674      21.44     123.63  2
        1999080921  4148817      21.39     123.94  2
        1999081000  3681837      21.28     124.52  2
        1999081003  3130659      21.15     125.21  2
        1999081006  2719680      21.05     125.70  2
        1999081009  2457204      20.99     123.88  2
        1999081012  2131728      21.03     122.08  2
        1999081015  2025239      21.13     121.23  2
        1999081018  2023230      21.28     119.75  2
        1999081021  2063926      21.40     119.10  2
        1999081100  2135534      21.51     117.99  2
        1999081103  2261856      21.65     117.45  2
        1999081106  2302296      21.72     116.65  2
        1999081109  2828793      22.04     114.27  2
        1999081112  2984483      22.13     113.78  1
        1999081115  3077912      22.21     113.21  1
        1999081118  3146016      22.23     112.93  1
        1999081121  2930150      22.22     113.57  1
        1999081200  2738361      22.20     114.54  1
        1999081203  2793346      22.23     114.99  1
        1999081206  2885344      22.26     114.42  1
        1999081209  2930147      22.27     113.55  1
        1999081212  2620523      22.26     113.26  1
        1999081215   639700      21.31      97.52  1
        1999081218   668809      21.70      96.34  1
        1999081221   611466      21.85      95.39  1
        1999081300   672245      21.87      94.83  1
        1999081303   872734      21.87      94.37  1
        1999081306  1124612      21.79      94.13  1
        1999081309  1377447      21.85      93.90  1
        1999081312  1441141      21.92      93.55  1
        1999081315  1479115      21.91      93.35  1
        1999081318  1496343      21.97      93.13  1
        1999081321  1503621      21.95      92.93  1
        1999081400  1573753      21.87      92.75  1
        1999081403  1636867      21.79      92.53  1
        1999081406  1716524      21.71      92.47  1
        1999081409  1780557      21.68      92.35  1
        1999081412  1764533      21.70      92.23  1
        1999081415  1761919      21.74      92.17  1
        1999081418  1734658      21.86      92.07  1
        1999081421  1692239      21.89      92.14  1
        1999081500  1694239      21.90      92.26  1
        1999081503  1687975      21.95      92.22  1
        1999081506  1743557      21.96      92.35  1
        1999081509  1782030      22.03      92.52  1
        1999081512  1717970      21.89      92.60  1
        1999081515  1597413      21.68      92.74  1
        1999081518  1500349      21.44      92.76  1
        1999081521  1448313      21.18      92.81  1
        1999081600  1432378      20.97      92.78  1
        1999081603  1414210      20.83      92.65  1
        1999081606  1376230      20.66      92.58  1
        1999081609  1384135      20.50      92.50  1
        1999081612  1304268      20.30      92.32  1
        1999081615  1186017      20.08      92.33  1
        1999081618  1059692      20.02      92.32  1
        1999081621  1032903      20.12      92.46  1
        1999081700  1017036      20.11      92.65  1
        1999081703   926079      20.19      92.91  1
        1999081706   781144      20.21      93.30  1
        1999081709   873693      20.86      94.26  1
        1999081712   720939      20.98      94.64  1
        1999081715   460174      20.72      94.38  1
LPT     8.0200
        1999071518   329883      21.52     153.68  1
        1999071521   459763      21.34     153.05  1
        1999071600   576827      21.20     152.50  1
        1999071603   711314      21.08     151.89  1
        1999071606   813429      20.98     151.32  1
        1999071609   932155      20.90     150.71  1
        1999071612  1031468      20.82     150.40  1
        1999071615  1203484      20.86     150.06  1
        1999071618  1343790      20.80     149.73  1
        1999071621  1444483      20.74     149.34  1
        1999071700  1507216      20.67     149.06  1
        1999071703  1604407      20.61     148.67  1
        1999071706  1690502      20.59     148.41  1
        1999071709  1744908      20.56     148.12  1
        1999071712  1782345      20.50     147.88  1
        1999071715  1854442      20.45     147.62  1
        1999071718  1928938      20.44     147.22  1
        1999071721  2008906      20.51     146.77  1
        1999071800  2068351      20.55     146.28  1
        1999071803  2118625      20.51     145.91  1
        1999071806  2085522      20.45     145.67  1
        1999071809  2091821      20.37     145.30  1
        1999071812  2180829      20.26     144.67  1
        1999071815  2202283      20.18     144.22  1
        1999071818  2252587      20.16     143.56  1
        1999071821  2315897      20.08     143.04  1
        1999071900  2325157      19.99     142.48  1
        1999071903  2397344      19.76     141.81  1
        1999071906  2457007      19.49     141.06  1
        1999071909  3071609      17.29     138.24  1
        1999071912  3486293      16.36     136.74  1
        1999071915  3839184      15.67     135.56  1
        1999071918  4250588      14.74     134.34  1
        1999071921  4649820      13.97     133.59  1
        1999072000  5078066      13.26     133.15  1
        1999072003  8412007       7.50     139.60  1
        1999072006  8614775       7.42     139.21  1
        1999072009  8721259       7.35     138.93  1
        1999072012  8789666       7.15     138.88  1
        1999072015  9010517       6.99     138.87  1
        1999072018  9312390       6.94     138.81  1
        1999072021  9464236       6.95     138.66  1
        1999072100  9554047       6.93     138.53  1
        1999072103  9680784       6.99     138.59  1
        1999072106  9806450       7.19     138.45  1
        1999072109  9910114       7.43     138.49  1
        1999072112  9888925       7.69     138.51  1
        1999072115  9815223       7.99     138.69  1
        1999072118  9430939       8.76     138.18  1
        1999072121  9275779       9.03     137.81  1
        1999072200  9244528       9.23     137.60  1
        1999072203  9231763       9.32     137.58  1
        1999072206  9303660       9.46     137.32  1
        1999072209  9301038       9.61     137.07  1
        1999072212  9222667       9.58     137.13  1
        1999072215  9278675       9.67     136.91  1
        1999072218  9345793       9.78     136.66  1
        1999072221  9421869       9.87     136.50  1
        1999072300  9438621       9.96     136.32  1
        1999072303  9426308      10.05     135.99  1
        1999072306  9460021      10.22     135.43  1
        1999072309  9534302      10.40     134.87  1
        1999072312  9750580      10.47     134.65  1
        1999072315  9806858      10.56     134.39  1
        1999072318  9669038      10.71     133.83  1
        1999072321  9328924      11.04     132.75  1
        1999072400  9152859      11.22     132.29  1
        1999072403  9193140      11.49     131.95  1
        1999072406  9310862      11.70     131.54  1
        1999072409  9549563      12.00     130.73  1
        1999072412 11094318      12.66     125.49  1
        1999072415 11313028      12.81     125.09  1
        1999072418 11471584      13.00     124.54  1
        1999072421 11784420      13.21     123.78  1
        1999072500 11939195      13.37     123.51  1
        1999072503 11998858      13.54     123.42  1
        1999072506 12185932      13.63     123.41  1
        1999072509 12450885      13.81     123.35  1
        1999072512 12781248      13.97     123.29  1
        1999072515 13063449      14.01     123.79  1
        1999072518 13268964      14.13     123.97  1
        1999072521 13436880      14.42     123.69  1
        1999072600 13541157      14.84     123.26  1
        1999072603 13521642      15.11     123.10  1
        1999072606 13467921      15.38     122.94  1
        1999072609 13652106      15.73     122.63  1
        1999072612 13703443      15.93     122.60  1
        1999072615 13771801      16.01     122.80  1
        1999072618 13891377      15.94     123.32  1
        1999072621 13855758      15.96     123.64  1
        1999072700 13794939      16.11     123.75  1
        1999072703 13798295      16.23     124.10  1
        1999072706 13704569      16.36     124.12  1
        1999072709 13893285      16.59     123.71  1
        1999072712 13626583      16.88     123.28  1
        1999072715 11903296      18.19     118.57  1
        1999072718 11631682      18.24     118.99  1
        1999072721 11281236      18.30     119.56  1
        1999072800 10608870      18.45     120.79  2
        1999072803 10361167      18.51     121.45  2
        1999072806 10263346      18.57     122.00  2
        1999072809 10343277      18.66     121.95  2
        1999072812 10150212      18.51     122.24  2
        1999072815  9835052      18.41     122.36  2
        1999072818  9792716      18.45     122.49  2
        1999072821  9914553      18.44     122.53  2
        1999072900  9887640      18.41     122.64  2
        1999072903  9765423      18.28     123.08  2
        1999072906  9810418      18.24     123.09  2
        1999072909  9871946      18.11     122.87  2
        1999072912  9763899      17.76     123.01  2
        1999072915  9705875      17.48     123.43  2
        1999072918  9638785      17.35     123.45  2
        1999072921 10160634      16.88     122.82  2
        1999073000 10488968      16.34     122.78  2
        1999073003 10195423      15.73     121.46  1
        1999073006  9640394      14.25     121.26  1
        1999073009 10017932      14.22     121.13  1
        1999073012 10068953      14.03     121.99  1
        1999073015  9985027      13.67     124.03  1
        1999073018 10032884      13.68     124.54  1
        1999073021 10227680      13.79     124.36  1
        1999073100 10357102      13.88     124.21  1
        1999073103 10468502      13.98     124.17  1
        1999073106 10450166      14.06     123.99  1
        1999073109 10245286      14.16     123.25  1
        1999073112 10014249      14.21     122.68  1
        1999073115  9640196      14.26     122.60  1
        1999073118  9417240      14.39     122.13  2
        1999073121  9363510      14.52     121.77  2
        1999080100  9248224      14.65     121.90  2
        1999080103  9066490      14.74     122.15  2
        1999080106  9033424      14.81     122.16  2
        1999080109  8961191      14.81     122.39  2
        1999080112  8942246      14.80     122.78  2
        1999080115  9026278      14.76     123.33  2
        1999080118  9239148      14.78     123.79  2
        1999080121  9309541      14.84     124.06  2
        1999080200  9264053      14.96     124.39  2
        1999080203  9216091      14.99     124.96  2
        1999080206  9351176      15.13     125.83  2
        1999080209 10369178      17.75     125.48  2
        1999080212 10651356      18.23     125.71  2
        1999080215 10667223      18.45     126.09  2
        1999080218 10687060      18.67     126.29  2
        1999080221 11041382      18.96     125.97  2
        1999080300 11091932      19.12     126.23  2
        1999080303 10958436      19.16     126.80  2
        1999080306 10731404      19.25     127.46  2
        1999080309 10644117      19.34     127.64  2
        1999080312 10484237      19.33     128.16  2
        1999080315  9888225      19.31     130.23  2
        1999080318  9779940      19.33     130.59  2
        1999080321  9751543      19.41     131.02  2
        1999080400  9682674      19.51     131.25  2
        1999080403  9481354      19.60     131.50  2
        1999080406  9414810      19.68     131.54  2
        1999080409  9452838      19.68     131.18  2
        1999080412  9450956      19.73     130.76  2
        1999080415  9302150      19.86     130.80  2
        1999080418  9236195      20.02     130.52  2
        1999080421  9036906      20.17     130.24  2
        1999080500  8757366      20.16     129.95  2
        1999080503  8391370      19.98     129.54  2
        1999080506  8219947      19.93     128.80  2
        1999080509  8132521      19.87     127.77  2
        1999080512  7783776      19.76     127.19  2
        1999080515  7299390      19.65     127.14  2
        1999080518  7191489      19.59     125.98  2
        1999080521  7073375      19.59     124.92  2
        1999080600  6797395      19.61     124.11  2
        1999080603  6730506      19.81     123.25  2
        1999080606  6868622      20.01     122.23  2
        1999080609  6942625      20.19     121.17  2
        1999080612  6764457      20.43     120.54  2
        1999080615  6737342      20.62     120.31  2
        1999080618  6766265      20.77     119.98  2
        1999080621  6837764      20.94     119.46  3
        1999080700  6845507      21.05     118.84  3
        1999080703  6910699      21.11     118.46  2
        1999080706  6878518      21.17     118.16  2
        1999080709  6823576      21.22     117.58  2
        1999080712  6196151      21.30     117.01  2
        1999080715  6153689      21.33     116.89  2
        1999080718  6101462      21.35     116.55  2
        1999080721  6039946      21.29     116.59  2
        1999080800  5906623      21.30     116.80  2
        1999080803  6010126      21.31     117.24  2
        1999080806  6242969      21.34     117.91  2
        1999080809  6192269      21.36     118.05  2
        1999080812  6062979      21.34     118.34  2
        1999080815  5907639      21.29     118.92  2
        1999080818  6001424      21.27     118.96  2
        1999080821  6115050      21.35     119.35  2
        1999080900  5957581      21.40     120.06  2
        1999080903  5793787      21.48     120.89  2
        1999080906  5566177      21.53     121.28  2
        1999080909  5198718      21.57     121.79  2
        1999080912  4917405      21.59     122.47  2
        1999080915  4549920      21.52     123.24  2
        1999080918  4327674      21.44     123.63  2
        1999080921  4148817      21.39     123.94  2
        1999081000  3681837      21.28     124.52  2
        1999081003  3130659      21.15     125.21  2
        1999081006  2719680      21.05     125.70  2
        1999081009  2457204      20.99     123.88  2
        1999081012  2131728      21.03     122.08  2
        1999081015  2025239      21.13     121.23  2
        1999081018  2023230      21.28     119.75  2
        1999081021  2063926      21.40     119.10  2
        1999081100  2135534      21.51     117.99  2
        1999081103  2261856      21.65     117.45  2
        1999081106  2302296      21.72     116.65  2
        1999081109  2828793      22.04     114.27  2
        1999081112  2984483      22.13     113.78  1
        1999081115  3077912      22.21     113.21  1
        1999081118  3146016      22.23     112.93  1
        1999081121  2930150      22.22     113.57  1
        1999081200  2738361      22.20     114.54  1
        1999081203  2793346      22.23     114.99  1
        1999081206  2885344      22.26     114.42  1
        1999081209  2930147      22.27     113.55  1
        1999081212  2620523      22.26     113.26  1
        1999081215   639700      21.31      97.52  1
        1999081218   668809      21.70      96.34  1
        1999081221   611466      21.85      95.39  1
        1999081300   672245      21.87      94.83  1
        1999081303   872734      21.87      94.37  1
        1999081306  1124612      21.79      94.13  1
        1999081309  1377447      21.85      93.90  1
        1999081312  1441141      21.92      93.55  1
        1999081315  1479115      21.91      93.35  1
        1999081318  1496343      21.97      93.13  1
        1999081321  1503621      21.95      92.93  1
        1999081400  1573753      21.87      92.75  1
        1999081403  1636867      21.79      92.53  1
        1999081406  1716524      21.71      92.47  1
        1999081409  1780557      21.68      92.35  1
        1999081412  1764533      21.70      92.23  1
        1999081415  1761919      21.74      92.17  1
        1999081418  1734658      21.86      92.07  1
        1999081421  1692239      21.89      92.14  1
        1999081500  1694239      21.90      92.26  1
        1999081503  1687975      21.95      92.22  1
        1999081506  1743557      21.96      92.35  1
        1999081509  1782030      22.03      92.52  1
        1999081512  1717970      21.89      92.60  1
        1999081515  1597413      21.68      92.74  1
        1999081518  1500349      21.44      92.76  1
        1999081521  1448313      21.18      92.81  1
        1999081600  1432378      20.97      92.78  1
        1999081603  1414210      20.83      92.65  1
        1999081606  1376230      20.66      92.58  1
        1999081609  1384135      20.50      92.50  1
        1999081612  1304268      20.30      92.32  1
        1999081615  1186017      20.08      92.33  1
        1999081618  1059692      20.02      92.32  1
        1999081621  1032903      20.12      92.46  1
        1999081700  1017036      20.11      92.65  1
        1999081703   926079      20.19      92.91  1
        1999081706   781144      20.21      93.30  1
        1999081709   873693      20.86      94.26  1
        1999081712   720939      20.98      94.64  1
        1999081715   460174      20.72      94.38  1
LPT     9.0100
        1999081100   487490       4.58     164.99  1
        1999081103   853889       4.61     164.59  1
        1999081106  1161020       4.54     164.47  1
        1999081109  1389628       4.48     164.29  1
        1999081112  1610562       4.41     163.99  1
        1999081115  1887725       4.28     163.63  1
        1999081118  2109502       4.15     163.07  1
        1999081121  2255728       4.08     162.81  1
        1999081200  2331037       4.07     162.68  1
        1999081203  2402655       3.99     162.43  1
        1999081206  2431165       3.95     162.20  1
        1999081209  2465202       3.85     161.88  1
        1999081212  2454650       3.73     161.49  1
        1999081215  2427287       3.55     160.98  1
        1999081218  2428494       3.27     160.54  1
        1999081221  2486404       3.06     160.03  1
        1999081300  2542115       2.72     159.59  1
        1999081303  2403800       2.40     159.09  1
        1999081306  2456342       1.85     158.29  1
        1999081309  2507986       1.31     157.70  1
        1999081312  2648758       0.90     157.09  1
        1999081315  2753067       0.59     156.40  1
        1999081318  3312359       0.47     153.56  1
        1999081321  3743401       0.49     151.00  1
        1999081400  3876851       0.37     149.83  1
        1999081403  4271666       0.22     149.10  1
        1999081406  4607646       0.12     148.35  1
        1999081409  4808928       0.08     147.90  1
        1999081412  4880958       0.00     147.72  1
        1999081415  4931076      -0.21     147.66  1
        1999081418  4856643      -0.50     147.43  1
        1999081421  4829080      -0.68     146.93  1
        1999081500  4887637      -0.78     146.69  1
        1999081503  5048562      -0.96     146.79  1
        1999081506  5139132      -0.98     146.65  1
        1999081509  5204707      -0.92     146.58  1
        1999081512  5269082      -0.75     146.52  1
        1999081515  5428999      -0.62     146.50  1
        1999081518  5522822      -0.48     146.54  1
        1999081521  5523632      -0.24     146.20  1
        1999081600  5455937      -0.05     145.90  1
        1999081603  5472141       0.15     145.48  1
        1999081606  5632335       0.28     145.14  1
        1999081609  5554541       0.47     144.48  1
        1999081612  5462447       0.69     143.84  1
        1999081615  5420714       0.88     143.08  1
        1999081618  5381507       1.08     142.32  1
        1999081621  5244924       1.42     141.50  1
        1999081700  5161617       1.63     141.07  1
        1999081703  5118111       1.85     140.62  1
        1999081706  5058307       2.26     139.93  1
        1999081709  4947222       2.57     139.43  1
        1999081712  4901306       2.83     139.06  1
        1999081715  4913284       3.14     138.56  1
        1999081718  4912415       3.64     137.76  1
        1999081721  4959504       4.13     136.98  1
        1999081800  4894132       4.52     136.44  1
        1999081803  4896438       4.96     135.86  1
        1999081806  4823112       5.43     135.19  1
        1999081809  4731401       5.88     134.61  1
        1999081812  4676757       6.23     134.12  1
        1999081815  4644183       6.56     133.66  1
        1999081818  4550378       7.03     132.97  1
        1999081821  4426489       7.43     132.45  1
        1999081900  4328261       7.89     131.92  1
        1999081903  4223992       8.26     131.42  1
        1999081906  4212495       8.68     130.88  1
        1999081909  4192941       9.12     130.34  1
        1999081912  4179199       9.51     129.82  1
        1999081915  4168924       9.80     129.35  1
        1999081918  4145807      10.09     128.95  1
        1999081921  4090757      10.44     128.59  1
        1999082000  4060081      10.77     128.16  1
        1999082003  4067414      11.00     127.75  1
        1999082006  4103510      11.33     127.30  1
        1999082009  4084290      11.66     126.84  1
        1999082012  4058221      12.04     126.46  1
        1999082015  4063374      12.42     126.03  1
        1999082018  4034335      12.88     125.45  1
        1999082021  3960140      13.35     124.76  1
        1999082100  3833307      13.76     124.25  1
        1999082103  3767608      13.99     123.87  1
        1999082106  3721906      14.24     123.43  1
        1999082109  3704882      14.46     123.10  1
        1999082112  3632388      14.65     122.75  1
        1999082115  3568662      14.90     122.38  1
        1999082118  3492902      15.25     121.97  1
        1999082121  3428439      15.64     121.46  1
        1999082200  3361909      15.93     121.12  1
        1999082203  3250199      16.23     120.68  1
        1999082206  3195257      16.51     120.31  1
        1999082209  3091834      16.87     119.92  1
        1999082212  2889210      17.19     119.53  1
        1999082215  2726312      17.48     119.13  1
        1999082218  2595768      17.90     118.79  1
        1999082221  2490301      18.28     118.51  1
        1999082300  2427654      18.58     118.14  1
        1999082303  2301060      18.89     117.84  1
        1999082306  2174375      19.12     117.58  1
        1999082309  2078560      19.34     117.26  1
        1999082312  1917563      19.39     116.89  1
        1999082315  1768201      19.44     116.60  1
        1999082318  1567803      19.58     116.29  1
        1999082321  1340005      19.83     115.96  1
        1999082400  1119471      20.25     115.76  1
        1999082403   962797      20.44     115.63  1
        1999082406   920121      20.56     115.60  1
        1999082409   811376      20.78     115.45  1
        1999082412   668451      20.96     115.39  1
        1999082415   474296      21.05     115.35  1
LPT    10.0100
        1999081800   478443       2.15      73.96  1
        1999081803   573109       2.67      73.61  1
        1999081806   683132       3.04      73.34  1
        1999081809   847943       3.10      73.10  1
        1999081812   992679       3.15      72.99  1
        1999081815  1172914       3.05      72.91  1
        1999081818  1225262       3.04      72.84  1
        1999081821  1359323       2.90      72.85  1
        1999081900  1479351       2.95      72.99  1
        1999081903  1560866       3.01      73.17  1
        1999081906  1681848       2.90      73.45  1
        1999081909  1879174       2.66      73.76  1
        1999081912  2049500       2.45      74.14  1
        1999081915  2195179       2.20      74.43  1
        1999081918  2394788       1.88      74.78  1
        1999081921  2662986       1.39      75.23  1
        1999082000  2850228       0.99      75.61  1
        1999082003  2904990       0.77      75.86  1
        1999082006  2962107       0.46      76.08  1
        1999082009  3010685       0.16      76.26  1
        1999082012  2960376      -0.11      76.52  1
        1999082015  2905432      -0.34      76.83  1
        1999082018  2942028      -0.52      77.05  1
        1999082021  2998011      -0.81      77.40  1
        1999082100  3175061      -0.88      78.15  1
        1999082103  3925254      -0.18      81.09  1
        1999082106  4413142       0.21      82.74  1
        1999082109  4623586       0.40      83.61  1
        1999082112  4726317       0.56      84.32  1
        1999082115  4878172       0.68      84.92  1
        1999082118  4986870       0.78      85.41  1
        1999082121  5246459       0.88      85.46  1
        1999082200  5307492       0.99      85.66  1
        1999082203  5373283       1.05      85.63  1
        1999082206  5409958       1.12      85.69  1
        1999082209  5447287       1.21      85.88  1
        1999082212  5372293       1.30      86.05  1
        1999082215  5334491       1.46      86.42  1
        1999082218  5355279       1.65      86.79  1
        1999082221  5374210       1.90      87.32  1
        1999082300  5285688       2.15      87.70  1
        1999082303  5145389       2.44      88.24  1
        1999082306  5186057       2.57      88.49  1
        1999082309  5137662       2.85      89.04  1
        1999082312  5015509       3.07      89.40  1
        1999082315  4906534       3.17      89.63  1
        1999082318  4893879       3.22      89.69  1
        1999082321  4847399       3.30      89.77  1
        1999082400  4745309       3.43      89.75  1
        1999082403  4660115       3.64      90.01  1
        1999082406  4531879       3.99      90.34  1
        1999082409  4418340       4.49      90.59  1
        1999082412  4207157       5.17      91.24  1
        1999082415  3901122       5.72      91.87  1
        1999082418  3832785       6.70      92.58  1
        1999082421  5718801      12.78      92.35  1
        1999082500  6070136      13.53      92.36  1
        1999082503  6130150      13.80      92.40  1
        1999082506  6153844      13.99      92.59  1
        1999082509  6696869      13.91      93.37  1
        1999082512  6816461      14.04      93.40  1
        1999082515  6808288      14.01      93.53  1
        1999082518  6747307      14.26      93.49  1
        1999082521  6564612      14.75      93.57  1
        1999082600  5792347      15.94      92.74  1
        1999082603  5595518      16.33      92.99  1
        1999082606  5506278      16.65      93.23  1
        1999082609  5521088      17.18      93.55  1
        1999082612  5201674      17.96      93.18  1
        1999082615  4895121      18.49      92.94  1
        1999082618  4876827      18.46      93.45  1
        1999082621  4991272      18.33      93.81  1
        1999082700  5009948      18.37      94.10  1
        1999082703  4927959      18.43      94.18  1
        1999082706  4835552      18.60      94.37  1
        1999082709  4840929      18.70      94.51  1
        1999082712  4599760      18.86      94.43  1
        1999082715  4438573      18.82      94.62  1
        1999082718  4387828      18.66      94.79  1
        1999082721  4293058      18.45      94.95  1
        1999082800  4222567      18.16      94.98  1
        1999082803  4168033      17.94      94.99  1
        1999082806  4332939      17.78      95.01  1
        1999082809  4645864      17.70      95.31  1
        1999082812  4600588      17.53      95.08  1
        1999082815  4511662      17.49      94.99  1
        1999082818  4511329      17.47      95.01  1
        1999082821  4403157      17.43      94.81  1
        1999082900  4286006      17.40      94.43  1
        1999082903  4216556      17.51      94.22  1
        1999082906  4205821      17.62      94.00  1
        1999082909  4271998      17.78      93.93  1
        1999082912  4268583      17.84      93.76  1
        1999082915  4263801      17.83      93.77  1
        1999082918  4283173      17.82      93.78  1
        1999082921  4252130      17.87      93.64  1
        1999083000  4142975      17.91      93.46  1
        1999083003  4033484      17.87      93.36  1
        1999083006  3989986      17.79      93.46  1
        1999083009  4060390      17.78      93.84  1
        1999083012  3972777      17.92      93.89  1
        1999083015  3843139      17.94      94.15  1
        1999083018  3738519      18.17      94.32  1
        1999083021  3708768      18.39      94.43  1
        1999083100  3619903      18.58      94.44  1
        1999083103  3378960      18.68      94.34  1
        1999083106  3247927      18.64      94.69  1
        1999083109  3035936      18.67      95.03  1
        1999083112  2695429      18.47      94.52  1
        1999083115  2479817      18.42      94.70  1
        1999083118  2311903      18.22      94.90  1
        1999083121  2354900      18.17      95.00  1
        1999090100  2254445      17.76      95.40  1
        1999090103  1971053      17.64      95.64  1
        1999090106  1859507      17.40      96.44  1
        1999090109  1926306      17.53      97.00  1
        1999090112  1688719      17.53      97.42  1
        1999090115  1384786      17.58      97.01  1
        1999090118  1303585      18.04      96.53  1
        1999090121  1464030      18.48      96.08  1
        1999090200  1457521      18.56      95.68  1
        1999090203  1463585      18.46      95.08  1
        1999090206  1623618      18.62      94.95  1
        1999090209  1894207      19.01      95.17  1
        1999090212  1941154      18.92      94.67  1
        1999090215  1806771      18.74      93.93  1
        1999090218  1902814      18.75      93.72  1
        1999090221  1977862      18.48      93.37  1
        1999090300  1994730      18.07      93.05  1
        1999090303  1986769      17.52      92.82  1
        1999090306  2104090      17.45      92.77  1
        1999090309  2391068      18.06      93.29  1
        1999090312  2421039      17.75      93.04  1
        1999090315  2211701      17.17      92.84  1
        1999090318  2249965      16.84      92.57  1
        1999090321  2616048      16.93      91.88  1
        1999090400  2506777      15.93      91.94  1
        1999090403  2446905      15.35      91.97  1
        1999090406  2457244      14.93      91.98  1
        1999090409  2637159      14.26      92.21  1
        1999090412  2618773      13.51      92.29  1
        1999090415  2457103      12.54      92.79  1
        1999090418  2373591      11.47      93.38  1
        1999090421  2492391      10.88      93.72  1
        1999090500  3908723      10.02     102.25  1
        1999090503  3764494       9.46     101.67  1
        1999090506  3650842       9.03     101.70  1
        1999090509  3754347       8.91     101.57  1
        1999090512  3706779       8.96     101.23  1
        1999090515  3652164       9.00     100.86  1
        1999090518  3720886       9.16     100.45  1
        1999090521  3798236       9.47      99.85  1
        1999090600  3685674       9.61      99.47  1
        1999090603  3609021       9.81      99.34  1
        1999090606  3587438      10.08      99.14  1
        1999090609  3695749      10.43      98.97  1
        1999090612  3703037      10.69      98.76  1
        1999090615  3600179      10.89      98.52  1
        1999090618  3529592      11.07      98.42  1
        1999090621  3589365      11.25      98.18  1
        1999090700  3353914      11.23      98.30  1
        1999090703  3178406      11.54      98.10  1
        1999090706  3171223      11.90      97.71  1
        1999090709  3355732      12.25      97.54  1
        1999090712  3405289      12.67      97.23  1
        1999090715  3429242      13.02      96.80  1
        1999090718  3485156      13.26      96.44  1
        1999090721  3730519      13.69      95.32  1
        1999090800  3605971      13.88      94.61  1
        1999090803  3470183      14.17      93.87  1
        1999090806  3370388      14.40      93.56  1
        1999090809  3486172      14.70      93.42  1
        1999090812  3354260      14.85      92.95  1
        1999090815  3022041      14.93      92.25  1
        1999090818  2731062      15.10      91.27  1
        1999090821  2828918      15.26      90.43  1
        1999090900  2359055      15.25      89.15  1
        1999090903  2127844      15.30      88.32  1
        1999090906  1907331      15.32      87.42  1
        1999090909  1772880      15.47      86.74  1
        1999090912  1673017      15.84      85.82  1
        1999090915  1460708      15.97      85.28  1
        1999090918  1335261      16.21      84.96  1
        1999090921  1304664      16.47      84.81  1
        1999091000  1096998      16.72      84.85  1
        1999091003  1036224      17.04      84.82  1
        1999091006  1060228      17.37      85.04  1
        1999091009  1207003      18.10      85.13  1
        1999091012  1297817      18.70      84.52  1
        1999091015  1139125      18.84      84.02  1
        1999091018   982908      18.97      83.65  1
        1999091021  1050956      19.29      83.79  1
        1999091100   760404      20.21      84.38  1
        1999091103   895344      20.56      85.51  1
        1999091106   960349      20.69      86.14  1
        1999091109  1284689      20.84      86.34  1
        1999091112  1348284      20.91      86.09  1
        1999091115  1234380      20.91      86.01  1
        1999091118  1212888      20.81      86.40  1
        1999091121  1304877      20.68      86.84  1
        1999091200  1045842      20.86      86.81  1
        1999091203  1069316      20.70      87.30  1
        1999091206  1117864      20.67      87.48  1
        1999091209  1205601      20.72      87.56  1
        1999091212  1257635      20.80      87.18  1
        1999091215  1133804      20.76      87.62  1
        1999091218  1103537      20.75      87.63  1
        1999091221  1087136      20.72      87.73  1
        1999091300  1123497      20.78      87.71  1
        1999091303  1123992      20.80      87.57  1
        1999091306  1095723      20.82      87.53  1
        1999091309  1097420      20.89      87.30  1
        1999091312   970580      20.99      86.91  1
        1999091315   771005      20.97      87.12  1
        1999091318   688801      20.97      87.13  1
        1999091321   618852      20.97      87.21  1
        1999091400   545983      20.99      87.48  1
        1999091403   426360      20.96      87.58  1
LPT    10.0200
        1999082600   325443       7.66     122.12  1
        1999082606   537577       6.99     118.87  1
        1999082609   737253       6.79     119.18  1
        1999082612  1298566       3.78     130.31  1
        1999082615  1816084       3.08     133.67  1
        1999082618  2104575       2.66     135.51  1
        1999082621  2370512       2.35     137.43  1
        1999082700  2642091       2.23     138.58  1
        1999082703  3061437       2.17     139.28  1
        1999082706  3475105       2.12     139.65  1
        1999082709  3743297       2.01     139.86  1
        1999082712  3928971       1.95     140.27  1
        1999082715  4243761       1.85     140.77  1
        1999082718  4544409       1.89     140.88  1
        1999082721  4802550       1.93     140.94  1
        1999082800  4930264       2.00     141.15  1
        1999082803  5086371       2.06     141.48  1
        1999082806  5137779       2.14     141.86  1
        1999082809  5133128       2.23     142.21  1
        1999082812  5099231       2.31     142.50  1
        1999082815  5114643       2.37     142.71  1
        1999082818  5100211       2.45     142.79  1
        1999082821  5110505       2.51     142.82  1
        1999082900  5031533       2.55     142.89  1
        1999082903  4927391       2.54     142.97  1
        1999082906  5028318       2.54     142.96  1
        1999082909  4940972       2.56     143.02  1
        1999082912  4825216       2.60     143.15  1
        1999082915  4697582       2.59     142.99  1
        1999082918  4524042       2.60     142.75  1
        1999082921  4351735       2.64     142.47  1
        1999083000  4104864       2.71     142.07  1
        1999083003  3857420       2.74     141.61  1
        1999083006  3531147       2.91     140.76  1
        1999083009  3261406       3.17     140.04  1
        1999083012  2837502       3.65     139.03  1
        1999083015  2600452       4.03     138.26  1
        1999083018  2296692       4.69     137.35  1
        1999083021  1994316       5.19     136.66  1
        1999083100  1670383       5.81     135.96  1
        1999083103  1461926       6.35     135.32  1
        1999083106  1285898       6.88     134.84  1
        1999083109  1205504       7.19     134.53  1
        1999083112  1151129       7.51     134.32  1
        1999083115  1206933       7.80     133.87  1
        1999083118  1264729       8.15     133.44  1
        1999083121  1429469       8.42     132.69  1
        1999090100  1648264       8.64     131.77  1
        1999090103  1881672       8.78     131.00  1
        1999090106  2103124       8.96     130.36  1
        1999090109  2190773       9.07     129.95  1
        1999090112  2266335       9.15     129.59  1
        1999090115  2447345       9.26     129.10  1
        1999090118  2635172       9.35     128.68  1
        1999090121  2826273       9.57     128.11  1
        1999090200  2937164       9.73     127.59  1
        1999090203  3024112       9.90     127.11  1
        1999090206  3117169      10.13     126.75  1
        1999090209  3173192      10.40     126.32  1
        1999090212  3234448      10.59     125.98  1
        1999090215  3355028      10.84     125.67  1
        1999090218  3468212      11.02     125.38  1
        1999090221  3538115      11.40     124.90  1
        1999090300  3619312      11.75     124.48  1
        1999090303  3709405      12.08     124.23  1
        1999090306  3768469      12.45     123.89  1
        1999090309  3790467      12.60     123.66  1
        1999090312  3768383      12.61     123.42  1
        1999090315  3692611      12.65     123.09  1
        1999090318  3594387      12.78     122.62  1
        1999090321  3523437      12.85     122.13  1
        1999090400  3409772      13.19     121.48  1
        1999090403  3190095      13.73     120.93  1
        1999090406  3020213      14.25     120.53  1
        1999090409  2775166      14.48     120.18  1
        1999090412  2561211      14.43     120.01  1
        1999090415  2354688      14.34     119.78  1
        1999090418  2196759      14.39     119.34  1
        1999090421  2134432      14.54     118.77  1
        1999090500  3908723      10.02     102.25  1
        1999090503  3764494       9.46     101.67  1
        1999090506  3650842       9.03     101.70  1
        1999090509  3754347       8.91     101.57  1
        1999090512  3706779       8.96     101.23  1
        1999090515  3652164       9.00     100.86  1
        1999090518  3720886       9.16     100.45  1
        1999090521  3798236       9.47      99.85  1
        1999090600  3685674       9.61      99.47  1
        1999090603  3609021       9.81      99.34  1
        1999090606  3587438      10.08      99.14  1
        1999090609  3695749      10.43      98.97  1
        1999090612  3703037      10.69      98.76  1
        1999090615  3600179      10.89      98.52  1
        1999090618  3529592      11.07      98.42  1
        1999090621  3589365      11.25      98.18  1
        1999090700  3353914      11.23      98.30  1
        1999090703  3178406      11.54      98.10  1
        1999090706  3171223      11.90      97.71  1
        1999090709  3355732      12.25      97.54  1
        1999090712  3405289      12.67      97.23  1
        1999090715  3429242      13.02      96.80  1
        1999090718  3485156      13.26      96.44  1
        1999090721  3730519      13.69      95.32  1
        1999090800  3605971      13.88      94.61  1
        1999090803  3470183      14.17      93.87  1
        1999090806  3370388      14.40      93.56  1
        1999090809  3486172      14.70      93.42  1
        1999090812  3354260      14.85      92.95  1
        1999090815  3022041      14.93      92.25  1
        1999090818  2731062      15.10      91.27  1
        1999090821  2828918      15.26      90.43  1
        1999090900  2359055      15.25      89.15  1
        1999090903  2127844      15.30      88.32  1
        1999090906  1907331      15.32      87.42  1
        1999090909  1772880      15.47      86.74  1
        1999090912  1673017      15.84      85.82  1
        1999090915  1460708      15.97      85.28  1
        1999090918  1335261      16.21      84.96  1
        1999090921  1304664      16.47      84.81  1
        1999091000  1096998      16.72      84.85  1
        1999091003  1036224      17.04      84.82  1
        1999091006  1060228      17.37      85.04  1
        1999091009  1207003      18.10      85.13  1
        1999091012  1297817      18.70      84.52  1
        1999091015  1139125      18.84      84.02  1
        1999091018   982908      18.97      83.65  1
        1999091021  1050956      19.29      83.79  1
        1999091100   760404      20.21      84.38  1
        1999091103   895344      20.56      85.51  1
        1999091106   960349      20.69      86.14  1
        1999091109  1284689      20.84      86.34  1
        1999091112  1348284      20.91      86.09  1
        1999091115  1234380      20.91      86.01  1
        1999091118  1212888      20.81      86.40  1
        1999091121  1304877      20.68      86.84  1
        1999091200  1045842      20.86      86.81  1
        1999091203  1069316      20.70      87.30  1
        1999091206  1117864      20.67      87.48  1
        1999091209  1205601      20.72      87.56  1
        1999091212  1257635      20.80      87.18  1
        1999091215  1133804      20.76      87.62  1
        1999091218  1103537      20.75      87.63  1
        1999091221  1087136      20.72      87.73  1
        1999091300  1123497      20.78      87.71  1
        1999091303  1123992      20.80      87.57  1
        1999091306  1095723      20.82      87.53  1
        1999091309  1097420      20.89      87.30  1
        1999091312   970580      20.99      86.91  1
        1999091315   771005      20.97      87.12  1
        1999091318   688801      20.97      87.13  1
        1999091321   618852      20.97      87.21  1
        1999091400   545983      20.99      87.48  1
        1999091403   426360      20.96      87.58  1
LPT    11.0100
        1999090612   432468       6.12     149.36  1
        1999090615   628142       6.21     149.27  1
        1999090618   797680       6.26     149.05  1
        1999090621   865079       6.34     148.79  1
        1999090700   825108       6.39     148.52  1
        1999090703   644048       6.39     148.23  1
        1999090706   652501       6.38     148.11  1
        1999090709   677856       6.37     148.06  1
        1999090712   686294       6.37     147.95  1
        1999090715   741550       6.37     147.69  1
        1999090718   782224       6.37     146.98  1
        1999090721   778207       6.47     146.00  1
        1999090800   834751       6.58     145.42  1
        1999090803   993946       6.72     145.21  1
        1999090806  1188711       6.99     145.06  1
        1999090809  1363353       7.23     144.72  1
        1999090812  1553634       7.51     144.31  1
        1999090815  1864324       7.61     144.13  1
        1999090818  2109082       7.71     143.98  1
        1999090821  2262483       7.88     143.87  1
        1999090900  2290223       7.97     143.88  1
        1999090903  2524699       7.93     143.80  1
        1999090906  2672893       8.01     143.72  1
        1999090909  2723416       8.20     143.84  1
        1999090912  2822533       8.27     143.90  1
        1999090915  2864296       8.33     144.04  1
        1999090918  2902493       8.34     144.08  1
        1999090921  2839723       8.26     144.26  1
        1999091000  2834515       8.24     144.38  1
        1999091003  2950020       8.15     144.41  1
        1999091006  3236535       8.08     144.29  1
        1999091009  3266283       8.14     143.97  1
        1999091012  3236984       8.29     143.75  1
        1999091015  3463239       8.65     143.04  1
        1999091018  3749945       9.04     142.00  1
        1999091021  3995143       9.38     140.89  1
        1999091100  4102303       9.64     140.06  1
        1999091103  4227924       9.90     139.29  1
        1999091106  4300213      10.14     138.49  1
        1999091109  4242102      10.38     137.78  1
        1999091112  4277144      10.70     137.02  1
        1999091115  4336994      11.01     136.16  1
        1999091118  4369453      11.36     135.24  1
        1999091121  4378617      11.69     134.31  1
        1999091200  4323337      11.99     133.52  1
        1999091203  4377956      12.27     132.84  1
        1999091206  4371034      12.59     132.26  1
        1999091209  4337366      12.90     131.74  1
        1999091212  4334888      13.12     131.36  1
        1999091215  4384775      13.33     131.01  1
        1999091218  4487266      13.60     130.63  1
        1999091221  4501572      13.79     130.24  1
        1999091300  4497497      14.03     129.86  1
        1999091303  4604137      14.31     129.58  1
        1999091306  4670707      14.65     129.29  1
        1999091309  4691063      14.91     129.04  1
        1999091312  4708828      15.19     128.95  1
        1999091315  4766291      15.37     129.03  1
        1999091318  4780782      15.79     128.92  1
        1999091321  4714477      16.35     128.83  1
        1999091400  4671052      17.05     128.72  1
        1999091403  4653802      17.54     128.77  1
        1999091406  4676265      17.84     128.86  1
        1999091409  4708873      18.04     128.90  1
        1999091412  4810696      18.13     129.12  1
        1999091415  4965222      18.15     129.27  1
        1999091418  5188197      18.19     129.28  1
        1999091421  5336301      18.26     129.15  1
        1999091500  5420879      18.31     129.15  1
        1999091503  5462733      18.39     129.12  1
        1999091506  5454072      18.49     129.04  1
        1999091509  5485033      18.56     128.89  1
        1999091512  5484017      18.60     128.92  1
        1999091515  5496366      18.63     128.82  1
        1999091518  5592043      18.69     128.71  1
        1999091521  5568336      18.80     128.55  1
        1999091600  5524293      18.90     128.31  1
        1999091603  5483256      18.98     128.12  1
        1999091606  5388412      19.13     127.80  1
        1999091609  5224266      19.29     127.40  1
        1999091612  5089394      19.42     127.09  1
        1999091615  4898182      19.57     126.82  1
        1999091618  4720087      19.79     126.49  1
        1999091621  4326027      20.23     125.71  1
        1999091700  3285446      21.83     121.69  1
        1999091703  2964526      21.98     121.11  1
        1999091706  2951231      22.70     121.53  1
        1999091709  2516447      21.64     120.01  1
        1999091712  2280258      21.41     119.69  1
        1999091715  2099895      21.22     119.27  1
        1999091718  1872323      21.14     119.11  1
        1999091721  1579490      21.01     118.88  1
        1999091800  1270410      20.92     118.51  1
        1999091803   863122      21.11     116.44  1
        1999091806   740593      21.13     116.41  1
        1999091809   665648      21.14     116.65  1
        1999091812   502160      21.15     116.70  1
        1999091815   316342      21.14     116.52  1
LPT    12.0100
        1999091021   435804      18.23     303.90  1
        1999091100   677405      18.51     303.46  1
        1999091103   871715      18.71     303.13  1
        1999091106  1073072      19.09     302.65  1
        1999091109  1234333      19.34     302.28  1
        1999091112  1356937      19.54     301.92  1
        1999091115  1422691      19.74     301.63  1
        1999091118  1519425      19.93     301.32  1
        1999091121  1609593      20.03     301.07  1
        1999091200  1661817      20.15     300.85  1
        1999091203  1710386      20.27     300.70  1
        1999091206  1774512      20.47     300.50  1
        1999091209  1831303      20.54     300.29  1
        1999091212  1864726      20.65     300.03  1
        1999091215  1887229      20.75     299.83  1
        1999091218  1935519      20.92     299.57  1
        1999091221  1968124      21.07     299.21  1
        1999091300  2002270      21.26     298.91  1
        1999091303  2015491      21.45     298.58  1
        1999091306  2028028      21.69     298.21  1
        1999091309  2024866      21.87     297.93  1
        1999091312  2055239      22.05     297.62  1
        1999091315  2070102      22.21     297.28  1
        1999091318  2119063      22.38     296.74  1
        1999091321  2186144      22.52     296.15  1
        1999091400  2194349      22.68     295.66  1
        1999091403  2133965      22.87     294.99  1
        1999091406  2147712      23.08     294.16  1
        1999091409  2057633      23.18     293.22  1
        1999091412  2039918      23.36     292.28  1
        1999091415  1988513      23.53     291.38  1
        1999091418  2019028      23.70     290.61  1
        1999091421  2048904      23.98     289.62  1
        1999091500  2088812      24.29     288.74  1
        1999091503  2184471      24.63     288.06  1
        1999091506  2300247      24.94     287.48  1
        1999091509  2385171      25.29     286.96  1
        1999091512  2453199      25.65     286.46  1
        1999091515  2496386      26.05     285.97  1
        1999091518  2593479      26.47     285.53  1
        1999091521  2718218      26.95     285.10  1
        1999091600  2813947      27.64     284.64  1
        1999091603  2867595      28.25     284.33  1
        1999091606  2991522      28.93     284.11  1
        1999091609  3112284      29.62     283.90  1
        1999091612  3192688      30.13     283.81  1
        1999091615  3214208      30.58     283.71  1
        1999091618  3276351      31.18     283.67  1
        1999091621  3269840      31.72     283.59  1
        1999091700  3257999      32.49     283.60  1
        1999091703  3295355      33.41     283.71  1
        1999091706  3326590      34.43     283.89  1
        1999091709  3253385      35.09     284.00  1
        1999091712  3154176      35.36     283.99  1
        1999091715  3051838      35.73     284.01  1
        1999091718  2964265      36.01     284.02  1
        1999091721  2861713      36.46     284.08  1
        1999091800  2696880      37.07     284.18  1
        1999091803  2494682      37.73     284.27  1
        1999091806  2281880      38.38     284.40  1
        1999091809  2073138      38.97     284.52  1
        1999091812  1874455      39.46     284.63  1
        1999091815  1667956      39.99     284.82  1
        1999091818  1459579      40.41     284.90  1
        1999091821  1196743      41.10     285.17  1
        1999091900   859651      41.94     285.51  1
        1999091903   437215      43.03     285.96  1
LPT    13.0100
        1999091515   417831      17.77     315.18  1
        1999091518   549830      17.89     314.71  1
        1999091521   619664      17.87     314.39  1
        1999091600   719428      17.91     314.01  1
        1999091603   808974      17.92     313.73  1
        1999091606   881598      17.93     313.39  1
        1999091609   910608      17.86     313.15  1
        1999091612   947627      17.80     312.86  1
        1999091615   986844      17.75     312.57  1
        1999091618  1040583      17.73     312.23  1
        1999091621  1099414      17.73     311.94  1
        1999091700  1199503      17.81     311.55  1
        1999091703  1257303      17.84     311.21  1
        1999091706  1314600      17.93     310.72  1
        1999091709  1321954      18.02     310.24  1
        1999091712  1415455      18.16     309.67  1
        1999091715  1426493      18.24     309.32  1
        1999091718  1451177      18.34     308.95  1
        1999091721  1504173      18.47     308.57  1
        1999091800  1541031      18.59     308.17  1
        1999091803  1553250      18.69     307.87  1
        1999091806  1562354      18.81     307.55  1
        1999091809  1566553      18.98     307.24  1
        1999091812  1600015      19.13     306.91  1
        1999091815  1570425      19.25     306.69  1
        1999091818  1554468      19.40     306.43  1
        1999091821  1554724      19.60     306.14  1
        1999091900  1587272      19.82     305.90  1
        1999091903  1608096      19.98     305.67  1
        1999091906  1597583      20.16     305.43  1
        1999091909  1595082      20.40     305.16  1
        1999091912  1595913      20.66     304.90  1
        1999091915  1629886      20.98     304.58  1
        1999091918  1721047      21.48     304.12  1
        1999091921  1754092      21.94     303.69  1
        1999092000  1770557      22.28     303.36  1
        1999092003  1761336      22.72     302.96  1
        1999092006  1818630      23.20     302.55  1
        1999092009  1831675      23.69     302.10  1
        1999092012  1792467      23.98     301.89  1
        1999092015  1753231      24.58     301.41  1
        1999092018  1804969      25.01     301.12  1
        1999092021  1804903      25.39     300.87  1
        1999092100  1761218      25.76     300.61  1
        1999092103  1747865      26.19     300.36  1
        1999092106  1712602      26.43     300.15  1
        1999092109  1724760      26.81     299.96  1
        1999092112  1734558      27.19     299.75  1
        1999092115  1716821      27.63     299.51  1
        1999092118  1761399      27.98     299.35  1
        1999092121  1779433      28.36     299.22  1
        1999092200  1793788      28.86     299.07  1
        1999092203  1834385      29.44     298.92  1
        1999092206  1913746      30.21     298.82  1
        1999092209  2063296      31.10     298.76  1
        1999092212  2193834      31.98     298.71  1
        1999092215  2650413      34.63     298.25  1
        1999092218  3012427      36.45     297.96  1
        1999092221  3149685      37.57     297.80  1
        1999092300  3307245      38.32     297.67  1
        1999092303  3416091      38.86     297.75  1
        1999092306  3461990      39.33     297.87  1
        1999092309  3413335      39.82     297.96  1
        1999092312  3395889      40.31     298.13  1
        1999092315  3423974      40.46     298.30  1
        1999092318  3331136      40.84     298.45  1
        1999092321  3553575      41.97     300.29  1
        1999092400  3638829      42.57     301.48  1
        1999092403  3591966      42.92     302.14  1
        1999092406  3545247      43.31     302.99  1
        1999092409  3600310      43.49     303.66  1
        1999092412  3499461      43.80     304.30  1
        1999092415  3309438      44.12     304.61  1
        1999092418  3133649      44.41     304.90  1
        1999092421  2937501      44.68     305.25  1
        1999092500  2782312      44.91     305.56  1
        1999092503  2599199      45.17     305.98  1
        1999092506  2277416      45.56     306.63  1
        1999092509   785344      46.93     318.75  1
        1999092512   766654      46.95     318.91  1
        1999092515   749869      46.98     318.97  1
        1999092518   728446      47.00     319.14  1
        1999092521   702811      47.03     319.32  1
        1999092600   690086      47.04     319.44  1
        1999092603   686794      47.05     319.58  1
        1999092606   636972      47.12     319.98  1
        1999092609   565561      47.27     320.43  1
        1999092612   542282      47.29     320.64  1
        1999092615   430426      47.52     321.41  1
        1999092618   260970      48.02     322.20  1
LPT    14.0100
        1999091918   456096      37.47     130.83  1
        1999091921   716560      37.84     131.44  1
        1999092000   782896      38.02     131.64  1
        1999092003   782686      38.15     131.79  1
        1999092006   682027      38.14     131.61  1
        1999092009   551686      38.20     131.37  1
        1999092012   605130      38.19     131.40  1
        1999092015   637159      38.14     131.36  1
        1999092018   725373      37.93     131.48  1
        1999092021   894073      37.61     131.68  1
        1999092100  1020634      37.20     131.75  1
        1999092103  1194503      36.71     131.92  1
        1999092106  2069574      32.44     130.26  1
        1999092109  2277557      32.16     130.22  1
        1999092112  2487953      31.96     130.15  1
        1999092115  2609284      31.82     130.07  1
        1999092118  2754867      31.59     130.00  1
        1999092121  2926173      31.57     130.02  1
        1999092200  3005139      31.65     130.26  1
        1999092203  3143272      31.71     130.51  1
        1999092206  3280662      31.77     130.75  1
        1999092209  3419082      31.79     131.02  1
        1999092212  3505813      31.80     131.42  1
        1999092215  3506245      31.54     131.62  1
        1999092218  3429146      31.20     131.67  1
        1999092221  3232372      30.74     131.69  1
        1999092300  3071763      30.43     131.32  1
        1999092303  3089607      30.61     131.38  1
        1999092306  3206894      31.02     131.66  1
        1999092309  3382420      31.55     132.30  1
        1999092312  3515233      31.85     132.59  1
        1999092315  3586409      32.07     132.70  1
        1999092318  3600127      32.25     132.47  1
        1999092321  3523218      32.40     132.24  1
        1999092400  3304416      32.41     131.76  1
        1999092403  3128911      32.53     131.48  1
        1999092406  3052549      32.88     131.48  1
        1999092409  3062249      33.69     131.85  1
        1999092412  3064901      34.44     132.22  1
        1999092415  2856353      34.75     132.22  1
        1999092418  2701716      35.08     132.33  1
        1999092421  2972385      37.12     134.25  1
        1999092500  2887026      37.94     134.92  1
        1999092503  2748559      38.35     135.24  1
        1999092506  2573755      38.73     135.65  1
        1999092509  2246844      38.93     135.69  1
        1999092512  1516247      36.48     132.28  1
        1999092515  1391014      36.60     132.18  1
        1999092518  1309005      36.81     132.26  1
        1999092521  1238187      37.04     132.39  1
        1999092600  1108632      37.24     132.52  1
        1999092603   941277      37.38     132.67  1
        1999092606   737770      37.45     132.85  1
        1999092609   453885      37.51     133.03  1
LPT    15.0100
        1999092109   522901      -0.13      69.71  1
        1999092112   579248      -0.32      69.66  1
        1999092115   681878      -0.69      69.92  1
        1999092118   759784      -0.94      70.00  1
        1999092121   863869      -1.26      70.16  1
        1999092200   835319      -1.25      69.95  1
        1999092203   950902      -1.57      70.07  1
        1999092206  1013259      -1.79      70.10  1
        1999092209  1016240      -1.99      69.98  1
        1999092212  1044652      -2.19      69.99  1
        1999092215  1106169      -2.40      70.18  1
        1999092218  1083530      -2.79      70.68  1
        1999092221  1129298      -3.35      71.74  1
        1999092300  1072376      -4.02      73.49  1
        1999092303  1287139      -4.59      75.10  1
        1999092306  1554933      -4.90      75.88  1
        1999092309  1788095      -5.08      76.55  1
        1999092312  2032751      -5.19      76.66  1
        1999092315  2145301      -5.27      76.70  1
        1999092318  2235538      -5.36      76.64  1
        1999092321  2352819      -5.38      76.48  1
        1999092400  2358321      -5.34      76.32  1
        1999092403  2397946      -5.41      76.25  1
        1999092406  2322434      -5.48      76.16  1
        1999092409  2252500      -5.51      76.21  1
        1999092412  2101039      -5.60      76.23  1
        1999092415  2037224      -5.62      76.27  1
        1999092418  1965023      -5.63      76.36  1
        1999092421  1914308      -5.64      76.49  1
        1999092500  1871346      -5.63      76.84  1
        1999092503  1769304      -5.61      77.29  1
        1999092506  1710694      -5.42      77.73  1
        1999092509  1972797      -4.82      78.94  1
        1999092512  2152004      -4.24      79.75  1
        1999092515  2319818      -3.61      80.55  1
        1999092518  2459099      -2.98      81.45  1
        1999092521  2681527      -2.33      82.08  1
        1999092600  2856770      -1.65      82.71  1
        1999092603  2924404      -1.06      83.40  1
        1999092606  2883710      -0.63      84.06  1
        1999092609  3104105      -0.24      84.82  1
        1999092612  3091481       0.05      85.45  1
        1999092615  2162303       1.46      90.28  1
        1999092618  2333796       1.58      90.34  1
        1999092621  2595500       1.60      90.25  1
        1999092700  2822662       1.82      90.37  1
        1999092703  2963725       1.95      90.54  1
        1999092706  3072377       2.14      90.77  1
        1999092709  3304974       2.29      91.08  1
        1999092712  3355675       2.30      91.24  1
        1999092715  3528381       2.12      91.54  1
        1999092718  3712934       2.07      91.83  1
        1999092721  3845809       2.03      91.88  1
        1999092800  3962078       2.04      91.65  1
        1999092803  4012358       2.00      91.44  1
        1999092806  4071735       1.85      91.40  1
        1999092809  4216957       1.72      91.52  1
        1999092812  3953504       1.69      91.51  1
        1999092815  3979358       1.43      91.58  1
        1999092818  4000589       1.23      91.91  1
        1999092821  4158367       0.97      92.18  1
        1999092900  4203859       0.79      92.45  1
        1999092903  4249368       0.56      92.72  1
        1999092906  4383269       0.26      93.10  1
        1999092909  5122228       0.33      95.02  1
        1999092912  5040407       0.29      95.00  1
        1999092915  5081851       0.25      95.13  1
        1999092918  5283455       0.31      95.17  1
        1999092921  5583277       0.25      94.93  1
        1999093000  5608410       0.21      94.22  1
        1999093003  5341106       0.17      93.36  1
        1999093006  5486974       0.17      92.91  1
        1999093009  5643217       0.20      92.56  1
        1999093012  5624023       0.21      92.19  1
        1999093015  5621371       0.22      92.07  1
        1999093018  5575872       0.26      91.91  1
        1999093021  5603616       0.35      91.86  1
        1999100100  5610230       0.31      91.75  1
        1999100103  5525342       0.28      91.71  1
        1999100106  5508879       0.28      91.78  1
        1999100109  5556645       0.36      91.94  1
        1999100112  5412337       0.35      91.88  1
        1999100115  5276442       0.28      91.83  1
        1999100118  5097670       0.23      91.80  1
        1999100121  5038313       0.19      91.66  1
        1999100200  4862526       0.16      91.36  1
        1999100203  4725603       0.15      91.13  1
        1999100206  4642190       0.21      90.89  1
        1999100209  4659782       0.37      90.73  1
        1999100212  4498954       0.41      90.59  1
        1999100215  4365983       0.24      90.34  1
        1999100218  4307829       0.12      90.18  1
        1999100221  4237281      -0.04      90.00  1
        1999100300  3928501      -0.20      90.06  1
        1999100303  3610145      -0.30      90.24  1
        1999100306  3399543      -0.69      90.13  1
        1999100309  3100437      -0.85      90.48  1
        1999100312  2758241      -1.05      90.63  1
        1999100315  2519840      -1.15      90.63  1
        1999100318  2396859      -0.95      90.76  1
        1999100321  2417819      -0.79      90.59  1
        1999100400  2344938      -0.60      90.37  1
        1999100403  2350618      -0.22      90.00  1
        1999100406  2479595      -0.06      89.22  1
        1999100409  3068018       0.14      86.70  1
        1999100412  3409888       0.27      84.87  1
        1999100415  3551476       0.05      83.77  1
        1999100418  3877748      -0.00      82.74  1
        1999100421  4126602      -0.10      81.81  1
        1999100500  4016558      -0.31      80.25  1
        1999100503  3695200      -0.64      78.68  1
        1999100506  3746391      -0.80      78.37  1
        1999100509  3650878      -1.05      78.07  1
        1999100512  3604071      -1.00      77.86  1
        1999100515  3684978      -0.94      77.88  1
        1999100518  3773383      -1.08      77.97  1
        1999100521  3899288      -1.06      77.91  1
        1999100600  3954237      -0.99      77.89  1
        1999100603  3909441      -1.07      78.03  1
        1999100606  3938182      -1.09      78.11  1
        1999100609  4040846      -0.93      78.09  1
        1999100612  4136182      -0.81      78.08  1
        1999100615  4286194      -0.63      78.09  1
        1999100618  4449842      -0.43      78.05  1
        1999100621  4654340      -0.21      77.95  1
        1999100700  4675493      -0.27      77.87  1
        1999100703  4697790      -0.30      77.88  1
        1999100706  4703340      -0.30      77.82  1
        1999100709  4718634      -0.20      77.74  1
        1999100712  4581054      -0.29      77.67  1
        1999100715  4410031      -0.48      77.63  1
        1999100718  4285899      -0.58      77.55  1
        1999100721  4125257      -0.78      77.50  1
        1999100800  3986402      -0.71      77.40  1
        1999100803  3794434      -0.77      77.22  1
        1999100806  3740342      -0.61      76.81  1
        1999100809  3818171      -0.25      76.33  1
        1999100812  4038602       0.45      75.73  1
        1999100815  3944567       0.54      75.39  1
        1999100818  3889476       0.66      74.90  1
        1999100821  3782563       0.90      74.34  1
        1999100900  1670863       9.50      69.71  1
        1999100903  1560139       9.80      69.03  1
        1999100906  1529450       9.87      68.64  1
        1999100909  1496196       9.99      68.20  1
        1999100912  1431119      10.11      67.91  1
        1999100915  1353677      10.10      67.57  1
        1999100918  1245933      10.06      67.05  1
        1999100921  1190644      10.00      66.55  1
        1999101000  1132385       9.70      66.09  1
        1999101003  1075752       9.57      65.84  1
        1999101006  1036051       9.37      65.77  1
        1999101009   887724       9.03      65.80  1
        1999101012   666518       8.70      65.91  1
        1999101015   560035       8.46      66.27  1
        1999101018   373249       8.10      66.57  1
LPT    16.0100
        1999092703   531608      13.92     276.11  1
        1999092706   641551      13.74     275.14  1
        1999092709   778252      13.67     274.53  1
        1999092712   924559      13.47     274.10  1
        1999092715  1021220      13.32     273.99  1
        1999092718  1127913      13.14     273.77  1
        1999092721  1299422      13.09     273.66  1
        1999092800  1446228      13.16     273.17  1
        1999092803  1562331      13.21     272.75  1
        1999092806  1806032      13.46     271.78  1
        1999092809  2035254      13.67     270.87  1
        1999092812  2325788      13.83     270.16  1
        1999092815  2354985      13.98     269.58  1
        1999092818  2478606      14.10     268.94  1
        1999092821  2559735      14.26     268.48  1
        1999092900  2568940      14.42     267.83  1
        1999092903  2649569      14.59     267.08  1
        1999092906  2737183      14.78     266.53  1
        1999092909  2833617      15.02     265.90  1
        1999092912  2847836      15.22     265.33  1
        1999092915  2928018      15.42     264.87  1
        1999092918  2978196      15.63     264.52  1
        1999092921  3023047      15.75     264.19  1
        1999093000  3060766      15.88     263.86  1
        1999093003  3063709      16.06     263.58  1
        1999093006  3060415      16.26     263.21  1
        1999093009  2991895      16.34     262.91  1
        1999093012  2899457      16.45     262.65  1
        1999093015  2864440      16.62     262.50  1
        1999093018  2826809      16.71     262.38  1
        1999093021  2800059      16.78     262.27  1
        1999100100  2777770      16.80     262.30  1
        1999100103  2666720      16.80     262.10  1
        1999100106  2611735      16.84     262.01  1
        1999100109  2486292      16.82     262.05  1
        1999100112  2360975      16.84     262.10  1
        1999100115  2134425      16.94     262.09  1
        1999100118  2063096      17.00     262.19  1
        1999100121  1938118      17.12     262.54  1
        1999100200  1828109      17.16     262.96  1
        1999100203  1783111      17.10     263.51  1
        1999100206  1516728      17.14     264.16  1
        1999100209  1427720      16.84     265.69  1
        1999100212  1355885      16.36     267.67  1
        1999100215  1220995      16.15     268.83  1
        1999100218  1131838      16.06     269.67  1
        1999100221  1171716      16.09     270.70  1
        1999100300  1137047      16.18     271.25  1
        1999100303  1017085      16.14     271.86  1
        1999100306   980799      16.27     272.48  1
        1999100309  1017306      16.50     273.04  1
        1999100312  1061207      16.72     273.25  1
        1999100315  1135933      16.94     273.27  1
        1999100318  1224099      17.22     273.39  1
        1999100321  1342432      17.55     273.41  1
        1999100400  1296146      17.95     273.24  1
        1999100403  1242632      18.56     272.95  1
        1999100406  1370037      18.89     272.60  1
        1999100409  1582766      19.29     272.26  1
        1999100412  1587191      19.94     272.10  1
        1999100415  1638924      20.52     272.06  1
        1999100418  1761871      20.85     271.80  1
        1999100421  1969962      21.11     271.62  1
        1999100500  1952689      21.48     271.60  1
        1999100503  2077871      21.68     271.47  1
        1999100506  2173234      21.71     271.11  1
        1999100509  2351140      21.70     270.78  1
        1999100512  2481980      21.64     270.31  1
        1999100515  2529892      21.63     269.88  1
        1999100518  2642527      21.59     269.55  1
        1999100521  2769450      21.48     269.26  1
        1999100600  2831044      21.47     269.08  1
        1999100603  2917732      21.45     268.96  1
        1999100606  3017660      21.42     268.84  1
        1999100609  3100370      21.35     268.64  1
        1999100612  3126093      21.28     268.41  1
        1999100615  3135106      21.22     268.24  1
        1999100618  3121006      21.18     268.06  1
        1999100621  3107898      21.09     267.91  1
        1999100700  3072824      20.81     267.60  1
        1999100703  3055590      20.65     267.39  1
        1999100706  3001646      20.37     267.14  1
        1999100709  2902001      20.17     266.94  1
        1999100712  2694750      19.91     266.66  1
        1999100715  2515992      19.68     266.46  1
        1999100718  2342988      19.29     266.11  1
        1999100721  2166884      19.06     265.95  1
        1999100800  1955396      18.62     265.50  1
        1999100803  1838589      18.37     265.21  1
        1999100806  1631373      18.17     264.88  1
        1999100809  1343736      18.15     264.81  1
        1999100812   998177      18.22     264.93  1
        1999100815   554717      18.66     265.82  1
LPT    17.0100
        1999101100   329124      -0.25      97.71  1
        1999101103   374694      -0.17      97.38  1
        1999101115   384733      -0.09      97.81  1
        1999101118   540734       0.08      97.77  1
        1999101121   767693       0.36      97.72  1
        1999101200  1035388       0.73      97.31  1
        1999101203  1212643       1.04      96.72  1
        1999101206  1456143       1.24      96.39  1
        1999101209  1708796       1.43      96.20  1
        1999101212  1838942       1.51      96.00  1
        1999101215  1905148       1.56      95.81  1
        1999101218  1965099       1.72      95.56  1
        1999101221  2091308       1.93      95.42  1
        1999101300  2219651       2.23      95.27  1
        1999101303  2369167       2.33      95.49  1
        1999101306  3438148       2.87      92.16  1
        1999101309  4055586       2.99      92.46  1
        1999101312  4156052       3.16      92.09  1
        1999101315  4264876       3.32      92.38  1
        1999101318  4450804       3.52      93.10  1
        1999101321  4837408       3.82      93.33  1
        1999101400  5013035       4.12      93.24  1
        1999101403  5090229       4.39      93.07  1
        1999101406  5253829       4.66      93.37  1
        1999101409  5647789       4.82      93.48  1
        1999101412  5554863       5.02      93.23  1
        1999101415  5562966       5.22      93.19  1
        1999101418  5590451       5.44      93.21  1
        1999101421  5754445       5.58      92.89  1
        1999101500  5879961       5.88      92.58  1
        1999101503  5884897       6.12      92.39  1
        1999101506  6026953       6.24      92.43  1
        1999101509  6245001       6.41      92.59  1
        1999101512  6056066       6.54      92.49  1
        1999101515  5997522       6.74      92.26  1
        1999101518  6028599       6.94      92.32  1
        1999101521  6071838       7.07      92.46  1
        1999101600  6006125       7.39      92.28  1
        1999101603  5925937       7.67      91.99  1
        1999101606  5724168       8.11      91.58  1
        1999101609  5453585       8.58      91.30  1
        1999101612  5161174       8.89      91.39  1
        1999101615  4840507       9.04      91.84  1
        1999101618  4551071       9.21      92.01  1
        1999101621  4101266       9.28      93.37  1
        1999101700  4232782       9.33      92.58  1
        1999101703  4120560       9.43      92.05  1
        1999101706  4109292       9.47      91.52  1
        1999101709  4025352       9.59      90.85  1
        1999101712  3782368       9.91      90.49  1
        1999101715  3604476      10.39      90.40  1
        1999101718  3415241      10.95      90.06  1
        1999101721  3383663      11.49      89.80  1
        1999101800  3271614      12.10      89.81  1
        1999101803  3047848      12.97      89.89  1
        1999101806  2864278      13.99      89.97  1
        1999101809  2666568      15.19      89.94  1
        1999101812  2387756      16.33      89.79  1
        1999101815  2264805      17.02      89.64  1
        1999101818  2262028      17.80      89.52  1
        1999101821  2237962      18.40      89.48  1
        1999101900  2145777      19.06      89.49  1
        1999101903  2011762      19.70      89.51  1
        1999101906  1905121      20.34      89.58  1
        1999101909  1815301      20.94      89.65  1
        1999101912  1686657      21.48      89.62  1
        1999101915  1538858      21.93      89.61  1
        1999101918  1429437      22.24      89.60  1
        1999101921  1263144      22.75      89.58  1
        1999102000  1144411      23.12      89.75  1
        1999102003   945701      23.57      89.89  1
        1999102006   731610      24.08      90.03  1
        1999102009   588492      24.42      90.11  1
        1999102012   431816      24.62      90.18  1
LPT    18.0100
        1999101118   433272      10.80     282.21  1
        1999101121   660587      10.89     282.02  1
        1999101200   764543      10.84     282.12  1
        1999101203   871889      10.93     282.08  1
        1999101206   936014      11.01     282.08  1
        1999101209   969760      11.11     282.05  1
        1999101212  1006951      11.30     281.99  1
        1999101215  1049434      11.47     281.93  1
        1999101218  1144313      11.55     281.88  1
        1999101221  1258143      11.59     281.93  1
        1999101300  1268606      11.77     281.87  1
        1999101303  1217816      11.97     281.71  1
        1999101306  1292454      12.27     281.57  1
        1999101309  1241993      12.74     281.36  1
        1999101312  1186589      13.46     281.08  1
        1999101315  1138610      14.08     280.94  1
        1999101318  1081805      14.85     280.76  1
        1999101321  1148523      15.48     280.69  1
        1999101400  1082303      16.06     280.49  1
        1999101403  1106769      16.71     280.35  1
        1999101406  1235322      17.27     280.31  1
        1999101409  1338576      17.84     280.10  1
        1999101412  1363660      18.29     279.90  1
        1999101415  1384906      18.65     279.79  1
        1999101418  1418202      19.03     279.80  1
        1999101421  1272824      19.27     279.67  1
        1999101500  1290377      19.62     279.70  1
        1999101503  1412482      19.93     279.78  1
        1999101506  1541866      20.32     279.89  1
        1999101509  1688609      20.63     280.00  1
        1999101512  1807048      20.90     280.12  1
        1999101515  1897124      21.22     280.21  1
        1999101518  2011225      21.52     280.32  1
        1999101521  2157817      21.80     280.44  1
        1999101600  2218566      22.10     280.46  1
        1999101603  2340670      22.74     280.59  1
        1999101606  2546705      23.43     280.82  1
        1999101609  2610334      24.10     280.96  1
        1999101612  2638159      24.58     281.13  1
        1999101615  2599984      25.03     281.27  1
        1999101618  2634102      25.53     281.49  1
        1999101621  2625410      25.86     281.63  1
        1999101700  2548951      26.02     281.60  1
        1999101703  2440604      26.06     281.59  1
        1999101706  2288494      26.13     281.52  1
        1999101709  2146928      26.41     281.54  1
        1999101712  2039986      26.78     281.61  1
        1999101715  1979984      27.07     281.68  1
        1999101718  1950202      27.40     281.76  1
        1999101721  1915168      27.80     281.83  1
        1999101800  2007339      27.99     281.89  1
        1999101803  2002067      28.48     282.05  1
        1999101806  1942697      29.09     282.24  1
        1999101809  1875989      29.71     282.44  1
        1999101812  1832640      30.46     282.75  1
        1999101815  1835456      31.24     283.15  1
        1999101818  1805827      31.95     283.58  1
        1999101821  1668164      32.41     283.76  1
        1999101900  1481160      32.84     283.92  1
        1999101903  1349971      33.18     284.03  1
        1999101906  1065777      33.82     284.29  1
        1999101909   713164      34.78     284.73  1
        1999101912   427705      35.81     285.33  1
        1999101915   262497      36.55     285.84  1
LPT    19.0100
        1999101518   321457      13.55     127.62  1
        1999101521   536116      13.57     127.30  1
        1999101600   787426      13.58     126.87  1
        1999101603   947925      13.58     126.61  1
        1999101606  1115052      13.59     126.34  1
        1999101609  1253328      13.66     126.07  1
        1999101612  1348577      13.76     125.73  1
        1999101615  1522042      13.89     125.48  1
        1999101618  1678048      14.02     125.27  1
        1999101621  1794129      14.16     125.04  1
        1999101700  1877668      14.34     124.78  1
        1999101703  1945839      14.46     124.64  1
        1999101706  2034536      14.61     124.38  1
        1999101709  2121026      14.75     124.08  1
        1999101712  2197100      14.96     123.78  1
        1999101715  2301347      15.16     123.41  1
        1999101718  2367452      15.30     123.03  1
        1999101721  2464312      15.47     122.47  1
        1999101800  2598457      15.63     121.65  1
        1999101803  2693810      15.68     120.83  1
        1999101806  2820461      15.69     120.17  1
        1999101809  2990442      15.52     119.30  1
        1999101812  3017310      15.44     118.85  1
        1999101815  3052628      15.35     118.16  1
        1999101818  3114700      15.15     117.37  1
        1999101821  3155775      14.92     116.58  1
        1999101900  3217637      14.69     116.00  1
        1999101903  3190329      14.50     115.46  1
        1999101906  3263535      14.28     114.87  1
        1999101909  3298807      14.04     114.35  1
        1999101912  3245379      13.86     113.93  1
        1999101915  3142231      13.76     113.69  1
        1999101918  3079969      13.54     113.27  1
        1999101921  3091414      13.34     112.76  1
        1999102000  3079917      13.10     112.38  1
        1999102003  3032777      12.83     112.11  1
        1999102006  3014528      12.63     111.88  1
        1999102009  3017789      12.23     111.55  1
        1999102012  2893234      11.89     111.29  1
        1999102015  2772276      11.54     110.95  1
        1999102018  2724328      10.97     110.56  1
        1999102021  2819448      10.29     110.15  1
        1999102100  2842293       9.53     109.83  1
        1999102103  2712267       8.93     109.67  1
        1999102106  2658291       8.10     109.84  1
        1999102109  2477842       7.41     110.16  1
        1999102112  2028278       6.50     110.51  1
        1999102115  1215479       2.55     111.56  1
        1999102118  1310542       2.40     112.38  1
        1999102121  1465922       2.61     113.37  1
        1999102200  1633744       3.09     114.25  1
        1999102203  1820803       3.41     114.55  1
        1999102206  2112264       3.69     114.33  1
        1999102209  2294219       3.75     114.02  1
        1999102212  2371515       3.87     113.72  1
        1999102215  2526774       4.12     113.14  1
        1999102218  2674561       4.23     112.65  1
        1999102221  3119412       4.65     111.53  1
        1999102300  3576112       5.11     110.41  1
        1999102303  3688293       5.31     109.86  1
        1999102306  3889268       5.48     109.18  1
        1999102309  4115794       5.58     108.66  1
        1999102312  4218251       5.68     108.31  1
        1999102315  4441508       5.76     108.01  1
        1999102318  4690987       5.69     107.73  1
        1999102321  5036578       5.73     107.18  1
        1999102400  5090324       5.80     107.04  1
        1999102403  5085917       5.90     106.85  1
        1999102406  5239583       5.97     106.51  1
        1999102409  5394132       6.00     106.22  1
        1999102412  5438283       6.03     105.97  1
        1999102415  5553151       6.15     105.70  1
        1999102418  5753947       6.21     105.29  1
        1999102421  5967922       6.27     104.94  1
        1999102500  6108451       6.29     104.66  1
        1999102503  6190171       6.37     104.44  1
        1999102506  6324755       6.39     104.26  1
        1999102509  6430898       6.40     104.13  1
        1999102512  6574978       6.39     103.98  1
        1999102515  6704961       6.41     103.96  1
        1999102518  6925332       6.44     103.99  1
        1999102521  7202999       6.53     104.06  1
        1999102600  7306113       6.64     103.74  1
        1999102603  7246372       6.74     103.62  1
        1999102606  7370119       6.81     103.53  1
        1999102609  7514145       6.74     103.38  1
        1999102612  7522791       6.75     103.18  1
        1999102615  7527311       6.79     103.07  1
        1999102618  7494768       6.66     102.92  1
        1999102621  7489574       6.66     102.70  1
        1999102700  7238019       6.70     102.38  1
        1999102703  6163610       6.96      99.96  1
        1999102706  5852847       7.15      99.23  1
        1999102709  5527328       7.16      98.67  1
        1999102712  5284728       7.14      98.27  1
        1999102715  5272393       7.23      98.03  1
        1999102718  5249545       7.18      97.94  1
        1999102721  5066789       7.45      97.66  1
        1999102800  4806293       7.61      97.39  1
        1999102803  1295226      -3.16     104.95  1
        1999102806  1253397      -3.31     105.02  1
        1999102809  1257718      -3.49     104.94  1
        1999102812  1235857      -3.72     104.84  1
        1999102815  1173325      -3.85     104.71  1
        1999102818  1077669      -4.08     104.61  1
        1999102821  1002829      -4.29     104.83  1
        1999102900   925694      -4.51     105.03  1
        1999102903   831785      -4.64     105.32  1
        1999102906   828736      -4.64     105.62  1
        1999102909   932888      -4.35     106.03  1
        1999102912   867748      -4.15     106.36  1
        1999102915  1009055      -3.74     107.14  1
        1999102918  1238508      -3.10     108.18  1
        1999102921  1356440      -2.40     109.51  1
        1999103000  1468952      -1.70     110.80  1
        1999103003  1631791      -1.40     111.31  1
        1999103006  1859888      -1.28     111.45  1
        1999103009  2074113      -1.05     111.60  1
        1999103012  2202214      -0.62     111.85  1
        1999103015  2256268      -0.34     112.07  1
        1999103018  2340181      -0.21     112.16  1
        1999103021  2478770      -0.07     112.17  1
        1999103100  2682592       0.17     112.21  1
        1999103103  2799432       0.34     112.33  1
        1999103106  2972295       0.55     112.33  1
        1999103109  3175045       0.64     112.27  1
        1999103112  3223353       0.85     112.24  1
        1999103115  3237705       1.09     112.30  1
        1999103118  3322492       1.32     112.36  1
        1999103121  3549253       1.54     112.22  1
        1999110100  3729117       2.03     111.87  1
        1999110103  3895591       2.41     111.49  1
        1999110106  4127821       2.86     111.27  1
        1999110109  4428868       3.32     110.94  1
        1999110112  4603777       3.97     110.69  1
        1999110115  4745378       4.53     110.30  1
        1999110118  5004831       5.48     109.72  1
        1999110121  5544337       6.26     109.68  1
        1999110200  6067022       7.16     109.47  1
        1999110203  6182572       7.52     109.40  1
        1999110206  6370361       7.93     109.55  1
        1999110209  6421912       8.16     109.47  1
        1999110212  6403949       8.27     109.57  1
        1999110215  6542883       8.52     109.80  1
        1999110218  6771295       8.88     110.01  1
        1999110221  7012060       9.00     110.28  1
        1999110300  7135681       9.23     110.49  1
        1999110303  7164952       9.44     110.68  1
        1999110306  7301504       9.48     110.93  1
        1999110309  7355189       9.54     111.13  1
        1999110312  7137835       9.95     111.33  1
        1999110315  7224177      10.02     111.68  1
        1999110318  7492331       9.82     111.92  1
        1999110321  7641293       9.66     111.98  1
        1999110400  7516197       9.77     111.95  1
        1999110403  7405015       9.59     112.05  1
        1999110406  7315916       9.50     112.26  1
        1999110409  7228370       9.36     112.32  1
        1999110412  6895659       9.60     112.37  1
        1999110415  6650050       9.73     112.38  1
        1999110418  6482818       9.81     112.33  1
        1999110421  6296996       9.79     112.38  1
        1999110500  5990898       9.96     112.22  1
        1999110503  5720112      10.19     112.13  1
        1999110506  5561625      10.34     112.01  1
        1999110509  5402827      10.41     111.90  1
        1999110512  5207152      10.51     111.81  1
        1999110515  5034020      10.66     111.65  1
        1999110518  4843936      10.83     111.35  1
        1999110521  4662252      11.00     110.96  1
        1999110600  4551742      11.24     110.75  1
        1999110603  4363686      11.44     110.50  1
        1999110606  4214060      11.69     110.27  1
        1999110609  4053178      11.91     110.11  1
        1999110612  3833192      12.14     109.90  1
        1999110615  3624663      12.42     109.75  1
        1999110618  3356451      12.81     109.36  1
        1999110621  3088223      13.21     109.13  1
        1999110700  2903662      13.62     109.17  1
        1999110703  2694391      14.16     109.24  1
        1999110706  2405498      14.77     109.21  1
        1999110709  2121857      15.34     109.23  1
        1999110712  1864185      15.96     109.24  1
        1999110715  1687507      16.38     109.25  1
        1999110718  1456577      16.94     109.17  1
        1999110721  1234181      17.48     109.07  1
        1999110800   999578      18.03     108.93  1
        1999110803   846957      18.51     108.87  1
        1999110806   603531      19.08     108.72  1
        1999110809   427371      19.51     108.60  1
        1999110812   318391      19.78     108.56  1
LPT    19.0200
        1999101518   321457      13.55     127.62  1
        1999101521   536116      13.57     127.30  1
        1999101600   787426      13.58     126.87  1
        1999101603   947925      13.58     126.61  1
        1999101606  1115052      13.59     126.34  1
        1999101609  1253328      13.66     126.07  1
        1999101612  1348577      13.76     125.73  1
        1999101615  1522042      13.89     125.48  1
        1999101618  1678048      14.02     125.27  1
        1999101621  1794129      14.16     125.04  1
        1999101700  1877668      14.34     124.78  1
        1999101703  1945839      14.46     124.64  1
        1999101706  2034536      14.61     124.38  1
        1999101709  2121026      14.75     124.08  1
        1999101712  2197100      14.96     123.78  1
        1999101715  2301347      15.16     123.41  1
        1999101718  2367452      15.30     123.03  1
        1999101721  2464312      15.47     122.47  1
        1999101800  2598457      15.63     121.65  1
        1999101803  2693810      15.68     120.83  1
        1999101806  2820461      15.69     120.17  1
        1999101809  2990442      15.52     119.30  1
        1999101812  3017310      15.44     118.85  1
        1999101815  3052628      15.35     118.16  1
        1999101818  3114700      15.15     117.37  1
        1999101821  3155775      14.92     116.58  1
        1999101900  3217637      14.69     116.00  1
        1999101903  3190329      14.50     115.46  1
        1999101906  3263535      14.28     114.87  1
        1999101909  3298807      14.04     114.35  1
        1999101912  3245379      13.86     113.93  1
        1999101915  3142231      13.76     113.69  1
        1999101918  3079969      13.54     113.27  1
        1999101921  3091414      13.34     112.76  1
        1999102000  3079917      13.10     112.38  1
        1999102003  3032777      12.83     112.11  1
        1999102006  3014528      12.63     111.88  1
        1999102009  3017789      12.23     111.55  1
        1999102012  2893234      11.89     111.29  1
        1999102015  2772276      11.54     110.95  1
        1999102018  2724328      10.97     110.56  1
        1999102021  2819448      10.29     110.15  1
        1999102100  2842293       9.53     109.83  1
        1999102103  2712267       8.93     109.67  1
        1999102106  2658291       8.10     109.84  1
        1999102109  2477842       7.41     110.16  1
        1999102112  2028278       6.50     110.51  1
        1999102115  1215479       2.55     111.56  1
        1999102118  1310542       2.40     112.38  1
        1999102121  1465922       2.61     113.37  1
        1999102200  1633744       3.09     114.25  1
        1999102203  1820803       3.41     114.55  1
        1999102206  2112264       3.69     114.33  1
        1999102209  2294219       3.75     114.02  1
        1999102212  2371515       3.87     113.72  1
        1999102215  2526774       4.12     113.14  1
        1999102218  2674561       4.23     112.65  1
        1999102221  3119412       4.65     111.53  1
        1999102300  3576112       5.11     110.41  1
        1999102303  3688293       5.31     109.86  1
        1999102306  3889268       5.48     109.18  1
        1999102309  4115794       5.58     108.66  1
        1999102312  4218251       5.68     108.31  1
        1999102315  4441508       5.76     108.01  1
        1999102318  4690987       5.69     107.73  1
        1999102321  5036578       5.73     107.18  1
        1999102400  5090324       5.80     107.04  1
        1999102403  5085917       5.90     106.85  1
        1999102406  5239583       5.97     106.51  1
        1999102409  5394132       6.00     106.22  1
        1999102412  5438283       6.03     105.97  1
        1999102415  5553151       6.15     105.70  1
        1999102418  5753947       6.21     105.29  1
        1999102421  5967922       6.27     104.94  1
        1999102500  6108451       6.29     104.66  1
        1999102503  6190171       6.37     104.44  1
        1999102506  6324755       6.39     104.26  1
        1999102509  6430898       6.40     104.13  1
        1999102512  6574978       6.39     103.98  1
        1999102515  6704961       6.41     103.96  1
        1999102518  6925332       6.44     103.99  1
        1999102521  7202999       6.53     104.06  1
        1999102600  7306113       6.64     103.74  1
        1999102603  7246372       6.74     103.62  1
        1999102606  7370119       6.81     103.53  1
        1999102609  7514145       6.74     103.38  1
        1999102612  7522791       6.75     103.18  1
        1999102615  7527311       6.79     103.07  1
        1999102618  7494768       6.66     102.92  1
        1999102621  7489574       6.66     102.70  1
        1999102700  7238019       6.70     102.38  1
        1999102703   585710       5.74     119.10  1
        1999102706   635054       5.57     120.76  1
        1999102709  1455761       3.14     127.21  1
        1999102712  1723503       2.87     128.34  1
        1999102715  2108104       2.70     129.11  1
        1999102718  2481689       2.61     129.57  1
        1999102721  2711809       2.57     129.97  1
        1999102800  2806892       2.54     130.83  1
        1999102803  2724582       2.29     132.14  1
        1999102806  2630015       1.98     133.47  1
        1999102809  2502550       1.60     134.52  1
        1999102812  2511779       1.48     134.92  1
        1999102815  2553190       1.47     135.08  1
        1999102818  2600852       1.46     135.23  1
        1999102821  2641484       1.49     135.33  1
        1999102900  2655206       1.57     135.35  1
        1999102903  2682041       1.67     135.33  1
        1999102906  2722024       1.72     135.30  1
        1999102909  2664377       1.82     135.37  1
        1999102912  2574467       1.93     135.48  1
        1999102915  2495227       2.04     135.51  1
        1999102918  2308898       2.25     135.66  1
        1999102921  1994464       2.61     135.92  1
        1999103000  1665406       2.93     136.13  1
        1999103003  1306972       3.32     136.27  1
        1999103006   935335       3.82     136.17  1
        1999103009   533061       4.24     136.02  1
LPT    20.0100
        1999101718   404195       9.20     323.68  1
        1999101721   452902       9.27     323.73  1
        1999101800   525966       9.35     323.49  1
        1999101803   658248       9.50     323.17  1
        1999101806   724280       9.61     322.96  1
        1999101809   718103       9.65     322.89  1
        1999101812   703655       9.64     322.96  1
        1999101815   724999       9.63     322.96  1
        1999101818   842914       9.67     322.87  1
        1999101821   762517       9.89     322.79  1
        1999101900  1003888      10.10     320.30  1
        1999101903  1306236      10.36     318.09  1
        1999101906  1426701      10.58     316.43  1
        1999101909  1412716      10.79     314.93  1
        1999101912   871310      11.66     307.75  1
        1999101915   961525      11.79     307.28  1
        1999101918  1136671      11.98     306.93  1
        1999101921  1281782      12.24     306.54  1
        1999102000  1372256      12.50     306.01  1
        1999102003  1549893      12.85     305.35  1
        1999102006  1656004      13.15     304.79  1
        1999102009  1804211      13.39     304.25  1
        1999102012  1891721      13.59     303.84  1
        1999102015  1945378      13.79     303.52  1
        1999102018  2071202      13.85     303.16  1
        1999102021  2083164      14.01     302.85  1
        1999102100  2126100      14.22     302.67  1
        1999102103  2213513      14.36     302.48  1
        1999102106  2317956      14.43     302.45  1
        1999102109  2432514      14.46     302.54  1
        1999102112  2487617      14.54     302.62  1
        1999102115  2561398      14.55     302.73  1
        1999102118  2859145      14.32     303.74  1
        1999102121  2975613      14.33     304.22  1
        1999102200  3145598      14.30     304.78  1
        1999102203  3173157      14.40     304.74  1
        1999102206  3105340      14.55     304.52  1
        1999102209  3003960      14.75     304.14  1
        1999102212  2897218      14.93     303.80  1
        1999102215  2818673      15.06     303.65  1
        1999102218  2815679      15.22     303.35  1
        1999102221  2753747      15.50     302.43  1
        1999102300  2322965      16.46     299.88  1
        1999102303  2355873      16.83     299.57  1
        1999102306  2279121      17.24     299.20  1
        1999102309  2210537      17.67     298.93  1
        1999102312  2071308      18.39     298.48  1
        1999102315  1992035      19.04     298.22  1
        1999102318  1963629      19.45     298.10  1
        1999102321  1907701      19.82     298.04  1
        1999102400  1903843      20.25     298.04  1
        1999102403  1914884      20.73     298.09  1
        1999102406  1896343      21.49     297.99  1
        1999102409  1879924      22.13     297.96  1
        1999102412  1915126      22.80     298.01  1
        1999102415  1878909      23.20     298.05  1
        1999102418  1842730      23.67     298.08  1
        1999102421  2306276      28.72     299.36  1
        1999102500  2451218      29.55     299.33  1
        1999102503  2533226      30.32     299.44  1
        1999102506  2748521      31.98     300.04  1
        1999102509  2884861      32.96     300.44  1
        1999102512  2958445      33.96     301.03  1
        1999102515  2911992      34.61     301.48  1
        1999102518  2847507      34.97     301.80  1
        1999102521  2727401      35.36     302.11  1
        1999102600  2510840      35.90     302.46  1
        1999102603  2228482      36.63     302.86  1
        1999102606  1149026      43.31     305.48  1
        1999102609  1076738      43.63     305.87  1
        1999102612   878756      44.20     306.47  1
        1999102615   444313      45.28     307.65  1
LPT    21.0100
        1999110115   315102      43.45     149.12  1
        1999110118  1001835      43.96     150.69  1
        1999110121  1509904      42.72     150.53  1
        1999110200  1735665      42.27     150.69  1
        1999110203  1738907      42.25     150.77  1
        1999110206  1826565      42.14     150.71  1
        1999110209  1890637      42.02     150.65  1
        1999110212  1924385      41.92     150.62  1
        1999110215  1955385      41.84     150.55  1
        1999110218  1985739      41.77     150.47  1
        1999110221  2027889      41.72     150.50  1
        1999110300  2064235      41.70     150.59  1
        1999110303  2086266      41.72     150.63  1
        1999110306  2077473      41.76     150.58  1
        1999110309  2067193      41.79     150.54  1
        1999110312  2063664      41.77     150.58  1
        1999110315  2098814      41.66     150.56  1
        1999110318  2154139      41.42     150.64  1
        1999110321  2157764      41.22     150.86  1
        1999110400  2083492      41.13     151.22  1
        1999110403  1883059      41.23     151.74  1
        1999110406  2027181      40.90     151.47  1
        1999110409  1963653      40.56     151.79  1
        1999110412  1723435      40.23     152.37  1
        1999110415  1392460      38.65     152.00  1
        1999110418  1166294      37.22     150.89  1
        1999110421  1040302      36.83     150.72  1
        1999110500   853615      36.74     150.96  1
        1999110503   770180      36.56     150.89  1
        1999110506   904756      36.27     150.98  1
        1999110509   938757      36.12     151.13  1
        1999110512  4072541      22.14     152.74  1
        1999110515  5058289      19.89     150.50  1
        1999110518  5440581      19.56     149.90  1
        1999110521  5671946      19.55     149.59  1
        1999110600  5823018      19.29     149.24  1
        1999110603  5936504      19.12     148.97  1
        1999110606  6021287      18.98     148.66  1
        1999110609  6093847      18.99     148.42  1
        1999110612  6159150      19.01     148.24  1
        1999110615  6254168      19.07     148.00  1
        1999110618  6238427      19.15     147.80  1
        1999110621  6396302      18.95     147.28  1
        1999110700  6340093      18.93     146.85  1
        1999110703  6412328      19.03     146.39  1
        1999110706  6750579      19.05     146.02  1
        1999110709  6654069      19.19     145.90  1
        1999110712  6468067      19.09     145.63  1
        1999110715  2517966       8.70     132.84  1
        1999110718  2538719       9.03     132.09  1
        1999110721  2497753       9.35     131.66  1
        1999110800  2472375       9.62     131.13  1
        1999110803  2465462       9.95     130.63  1
        1999110806  2424023      10.12     130.33  1
        1999110809  2435244      10.24     130.06  1
        1999110812  2475317      10.36     130.17  1
        1999110815  2502628      10.45     130.11  1
        1999110818  2585828      10.56     130.06  1
        1999110821  2654630      10.65     130.11  1
        1999110900  2716766      10.73     130.07  1
        1999110903  2698801      10.79     130.07  1
        1999110906  2714166      10.86     130.04  1
        1999110909  2758462      10.90     130.13  1
        1999110912  2768971      10.99     130.18  1
        1999110915  2781183      11.06     130.29  1
        1999110918  2767395      11.18     130.37  1
        1999110921  2757881      11.24     130.59  1
        1999111000  2611220      11.37     130.91  1
        1999111003  2589206      11.41     131.49  1
        1999111006  2564972      11.26     132.50  1
        1999111009  2586893      11.08     133.52  1
        1999111012  2733302      10.83     134.57  1
        1999111015  2822363      10.66     135.24  1
        1999111018  2803856      10.37     136.29  1
        1999111021  2805190      10.14     137.26  1
        1999111100  2841808       9.98     137.66  1
        1999111103  2939113       9.91     137.91  1
        1999111106  3082511       9.77     138.06  1
        1999111109  3205581       9.73     138.00  1
        1999111112  3316364       9.62     137.98  1
        1999111115  3337213       9.59     137.95  1
        1999111118  3357331       9.47     137.81  1
        1999111121  3314683       9.42     137.81  1
        1999111200  3240692       9.33     137.75  1
        1999111203  3154089       9.19     137.73  1
        1999111206  3089867       9.09     137.61  1
        1999111209  2992750       9.01     137.48  1
        1999111212  2842015       8.98     137.43  1
        1999111215  2749123       9.01     137.36  1
        1999111218  2640731       8.99     137.23  1
        1999111221  2542743       9.00     137.02  1
        1999111300  2404353       9.01     136.71  1
        1999111303  2241147       9.10     136.39  1
        1999111306  2087680       9.20     135.93  1
        1999111309  1892230       9.33     135.51  1
        1999111312  1758121       9.38     135.16  1
        1999111315  1649077       9.42     134.74  1
        1999111318  1524499       9.54     134.57  1
        1999111321  1334062       9.61     134.37  1
        1999111400  1078257       9.70     134.07  1
        1999111403   863529       9.81     133.90  1
        1999111406   442703      10.00     133.57  1
LPT    22.0100
        1999110812   381056      12.25     276.82  1
        1999110815   539352      12.65     276.45  1
        1999110818   622044      12.70     276.56  1
        1999110821   643432      12.58     276.81  1
        1999110900   611190      12.54     276.90  1
        1999110903   772381      12.80     276.64  1
        1999110906   844487      12.85     276.66  1
        1999110909   907302      13.37     276.15  1
        1999110912   857749      13.81     275.81  1
        1999110915   811223      14.27     275.56  1
        1999110918   844656      14.53     275.54  1
        1999110921   829341      14.83     275.59  1
        1999111000   795980      14.98     275.65  1
        1999111003   814990      15.08     275.87  1
        1999111006   856938      15.21     276.03  1
        1999111009   852550      15.37     276.18  1
        1999111012   877075      15.55     276.44  1
        1999111015   890358      15.75     276.59  1
        1999111018   949354      16.00     276.75  1
        1999111021   993568      16.21     276.90  1
        1999111100   982234      16.41     277.10  1
        1999111103   996911      16.58     277.22  1
        1999111106  1011625      16.74     277.44  1
        1999111109  1019472      16.93     277.64  1
        1999111112   987383      17.13     277.80  1
        1999111115   979141      17.30     278.01  1
        1999111118  1008853      17.52     278.23  1
        1999111121  1057378      17.66     278.48  1
        1999111200  1175873      17.87     278.89  1
        1999111203  1274820      18.10     279.28  1
        1999111206  1392893      18.37     279.91  1
        1999111209  1569072      18.64     280.56  1
        1999111212  1696322      18.84     281.03  1
        1999111215  1780718      19.07     281.57  1
        1999111218  1903319      19.23     282.02  1
        1999111221  2003445      19.31     282.34  1
        1999111300  2120908      19.39     282.50  1
        1999111303  2209530      19.44     282.62  1
        1999111306  2319564      19.46     282.84  1
        1999111309  2437029      19.47     283.14  1
        1999111312  2480060      19.55     283.43  1
        1999111315  2502182      19.62     283.72  1
        1999111318  2525606      19.65     283.99  1
        1999111321  2553536      19.72     284.33  1
        1999111400  2544426      19.74     284.44  1
        1999111403  2529332      19.78     284.57  1
        1999111406  2590181      19.69     284.59  1
        1999111409  2592609      19.58     284.46  1
        1999111412  2605743      19.43     284.36  1
        1999111415  2614710      19.27     284.33  1
        1999111418  2627784      19.12     284.38  1
        1999111421  2622532      18.94     284.48  1
        1999111500  2590406      18.86     284.57  1
        1999111503  2476410      18.69     284.60  1
        1999111506  2425105      18.45     284.72  1
        1999111509  2291374      18.06     284.57  1
        1999111512  2090747      17.56     284.34  1
        1999111515  1951065      17.09     284.32  1
        1999111518  1913041      16.70     284.32  1
        1999111521  1867906      16.33     284.36  1
        1999111600  1798996      16.11     284.43  1
        1999111603  1673945      15.94     284.60  1
        1999111606  1710479      15.83     285.15  1
        1999111609  1719340      15.76     285.57  1
        1999111612  1749367      15.64     286.02  1
        1999111615  1758744      15.50     286.25  1
        1999111618  1796916      15.39     286.58  1
        1999111621  1833522      15.28     286.92  1
        1999111700  1827181      15.16     287.15  1
        1999111703  1862594      15.11     287.57  1
        1999111706  1964187      15.07     288.16  1
        1999111709  2059356      15.08     288.94  1
        1999111712  2169351      15.16     289.83  1
        1999111715  2182070      15.22     290.33  1
        1999111718  2255787      15.19     290.90  1
        1999111721  2405210      15.03     291.32  1
        1999111800  2405259      14.93     291.51  1
        1999111803  2483267      14.92     291.77  1
        1999111806  2488410      14.97     291.96  1
        1999111809  2462605      15.07     292.25  1
        1999111812  2419942      15.16     292.51  1
        1999111815  2361387      15.26     292.83  1
        1999111818  2312621      15.36     293.18  1
        1999111821  2264209      15.43     293.56  1
        1999111900  2218652      15.58     293.89  1
        1999111903  2202836      15.66     294.15  1
        1999111906  2198760      15.75     294.41  1
        1999111909  2139106      15.93     294.82  1
        1999111912  2079885      16.20     295.25  1
        1999111915  1959221      16.53     295.68  1
        1999111918  1896072      16.73     295.97  1
        1999111921  1870782      16.99     296.32  1
        1999112000  1827333      17.29     296.62  1
        1999112003  1802246      17.38     296.81  1
        1999112006  1712228      17.50     297.04  1
        1999112009  1577046      17.60     297.32  1
        1999112012  1427910      17.80     297.64  1
        1999112015  1288186      17.95     297.98  1
        1999112018  1229941      17.90     298.28  1
        1999112021  1107571      18.12     298.58  1
        1999112100   934694      18.39     298.90  1
        1999112103   868894      18.38     299.12  1
        1999112106   738785      18.34     299.42  1
        1999112109   622682      18.24     299.68  1
        1999112112   515189      18.15     299.96  1
        1999112115   468607      18.01     300.13  1
        1999112118   382282      17.87     300.29  1
        1999112121   302306      17.80     300.50  1
LPT    23.0100
        1999112309   318258      -0.95     142.61  1
        1999112312   508223      -0.87     142.91  1
        1999112315   773781      -0.74     143.29  1
        1999112318  1006836      -0.58     143.64  1
        1999112321  1153404      -0.44     143.89  1
        1999112400  1265965      -0.41     143.97  1
        1999112403  1343829      -0.30     144.15  1
        1999112406  1387714      -0.28     144.26  1
        1999112409  1346052      -0.21     144.45  1
        1999112412  1326737       0.01     144.89  1
        1999112415  1466161       0.15     145.22  1
        1999112418  1677842       0.17     145.41  1
        1999112421  1821602       0.07     145.54  1
        1999112500  1988970      -0.07     145.49  1
        1999112503  2181554      -0.20     145.41  1
        1999112506  2318905      -0.70     145.09  1
        1999112509  2350468      -0.88     144.97  1
        1999112512  2436365      -0.92     145.08  1
        1999112515  2763388      -1.18     145.61  1
        1999112518  3280503      -2.19     147.05  1
        1999112521  3176884      -2.98     147.31  1
        1999112600  3359106      -4.01     147.79  1
        1999112603  3583618      -4.92     148.19  1
        1999112606  3625512      -5.76     148.38  1
        1999112609  3556440      -6.46     148.65  1
        1999112612  3474231      -7.14     148.99  1
        1999112615  3343142      -8.38     149.41  1
        1999112618  3252868      -8.80     149.90  1
        1999112621  3239070      -9.05     150.35  1
        1999112700  3384765      -9.36     151.08  1
        1999112703  3639219      -9.63     151.83  1
        1999112706  3832780      -9.94     152.17  1
        1999112709  4028252     -10.13     152.73  1
        1999112712  4126496     -10.21     153.12  1
        1999112715  4287792     -10.37     153.34  1
        1999112718  4339974     -10.61     153.49  1
        1999112721  4305232     -10.84     153.61  1
        1999112800  4315999     -11.06     153.95  1
        1999112803  4349901     -11.24     154.30  1
        1999112806  4355888     -11.37     154.52  1
        1999112809  4288581     -11.48     155.02  1
        1999112812  4434995     -11.53     155.69  1
        1999112815  4576447     -11.61     156.18  1
        1999112818  4808881     -11.68     157.05  1
        1999112821  7759865     -15.01     169.27  1
        1999112900  8105692     -14.90     169.65  1
        1999112903  8044706     -14.79     169.74  1
        1999112906  7822320     -14.69     169.66  1
        1999112909  7793591     -14.73     169.86  1
        1999112912  7701813     -14.60     169.85  1
        1999112915  7660798     -14.55     169.82  1
        1999112918  7404994     -14.37     169.71  1
        1999112921  7107544     -14.11     169.27  1
        1999113000  6768902     -13.63     168.35  1
        1999113003  5868684     -12.15     165.20  1
        1999113006  5396134     -11.80     164.12  1
        1999113009  4968852     -11.54     163.52  1
        1999113012  4530452     -11.20     162.68  1
        1999113015  4538590     -11.11     162.34  1
        1999113018  4513880     -11.03     162.39  1
        1999113021  4402775     -10.92     162.39  1
        1999120100  4336268     -10.90     162.37  1
        1999120103  4277968     -10.79     162.11  1
        1999120106  4148259     -10.70     161.91  1
        1999120109  3968335     -10.69     161.97  1
        1999120112  3799508     -10.69     161.92  1
        1999120115  3537196     -10.66     161.48  1
        1999120118  3212321     -10.71     161.31  1
        1999120121  2782470     -10.74     160.88  1
        1999120200  2451719     -10.79     160.51  1
        1999120203  2289366     -10.83     159.92  1
        1999120206  2187328     -10.91     159.41  1
        1999120209  2068133     -10.96     159.01  1
        1999120212  1917208     -11.00     158.69  1
        1999120215  1796445     -11.06     158.37  1
        1999120218  1638695     -11.12     158.05  1
        1999120221  1508207     -11.19     157.40  1
        1999120300  1225077     -11.19     156.67  1
        1999120303   981003     -11.26     155.77  1
        1999120306   868388     -11.43     154.93  1
        1999120309   799863     -11.57     154.54  1
        1999120312   831194     -11.71     154.36  1
        1999120315   779544     -11.80     154.16  1
        1999120318   709140     -11.84     154.02  1
        1999120321   629903     -11.79     153.78  1
        1999120400   519569     -11.77     153.85  1
        1999120403   454639     -11.71     153.81  1
        1999120406   414603     -11.68     153.80  1
        1999120409   390295     -11.75     153.91  1
        1999120412   401422     -11.90     154.28  1
        1999120415   449548     -12.04     154.59  1
        1999120418   496751     -12.25     155.07  1
        1999120421   441676     -12.24     155.21  1
        1999120500   338911     -12.32     155.65  1
LPT    24.0100
        1999112621   687491      -4.64      75.67  1
        1999112700   911707      -4.39      75.42  1
        1999112703  1211491      -4.07      74.92  1
        1999112706  1411942      -3.86      74.63  1
        1999112709  1738825      -3.59      74.05  1
        1999112712  1998084      -3.35      73.26  1
        1999112715  2140792      -3.25      72.68  1
        1999112718  2453016      -3.09      71.95  1
        1999112721  2751806      -3.00      71.69  1
        1999112800  2994561      -3.07      72.01  1
        1999112803  3104561      -3.21      72.34  1
        1999112806  3321932      -3.39      72.91  1
        1999112809  3553331      -3.47      73.32  1
        1999112812  3607692      -3.61      73.68  1
        1999112815  3714919      -3.60      73.91  1
        1999112818  3943528      -3.57      74.15  1
        1999112821  4132316      -3.50      74.19  1
        1999112900  4262095      -3.38      74.03  1
        1999112903  4328698      -3.15      73.76  1
        1999112906  4455352      -2.87      73.70  1
        1999112909  4577547      -2.54      73.47  1
        1999112912  4538821      -2.38      73.41  1
        1999112915  4649684      -2.24      73.06  1
        1999112918  5019273      -2.32      73.25  1
        1999112921  5186205      -2.45      73.44  1
        1999113000  5209243      -2.53      73.45  1
        1999113003  5542177      -2.97      74.05  1
        1999113006  5822834      -3.33      74.79  1
        1999113009  6149418      -3.50      75.16  1
        1999113012  6081521      -3.52      75.67  1
        1999113015  6534932      -3.33      76.74  1
        1999113018  7248749      -2.84      77.92  1
        1999113021  9794918       0.47      86.25  1
        1999120100 10419177       1.04      87.14  1
        1999120103 10541533       1.42      87.56  1
        1999120106 11178912       2.05      88.01  1
        1999120109 11289007       2.58      87.96  1
        1999120112 11207466       3.27      88.18  1
        1999120115 11284577       3.86      88.36  1
        1999120118 11244332       4.35      88.51  1
        1999120121 11085347       4.72      88.36  1
        1999120200 10786236       4.86      88.03  1
        1999120203 10414821       5.27      87.75  1
        1999120206 10379218       5.35      87.80  1
        1999120209 10147453       5.59      87.97  1
        1999120212  9559615       6.28      87.92  1
        1999120215  9425662       6.56      88.45  1
        1999120218  9471461       6.59      88.62  1
        1999120221  9260800       6.61      88.57  1
        1999120300  9201891       6.39      88.23  1
        1999120303  8531809       4.53      84.13  1
        1999120306  8596987       4.61      84.24  1
        1999120309  8781824       4.58      84.36  1
        1999120312  8931551       4.51      84.07  1
        1999120315  8888383       4.47      83.79  1
        1999120318  8782124       4.46      83.19  1
        1999120321  8550192       4.47      82.40  1
        1999120400  8200667       4.48      81.38  1
        1999120403  7932973       4.56      80.92  1
        1999120406  7767381       4.62      80.76  1
        1999120409  7412566       4.62      80.76  1
        1999120412  7242832       4.61      81.36  1
        1999120415  6977013       4.58      81.37  1
        1999120418  6793263       4.57      81.83  1
        1999120421  6830572       4.54      82.49  1
        1999120500  6823952       4.53      83.29  1
        1999120503  6796092       4.54      83.62  1
        1999120506  6716454       4.46      84.26  1
        1999120509  6678923       4.36      85.24  1
        1999120512  6681582       4.19      86.27  1
        1999120515  6427180       3.99      87.41  1
        1999120518  6426433       3.75      88.55  1
        1999120521  6254179       3.46      90.32  1
        1999120600  5022097       2.68      97.54  1
        1999120603  4976644       2.55      98.32  1
        1999120606  4917633       2.48      98.86  1
        1999120609  4900327       2.40      99.03  1
        1999120612  4508559       2.47      98.86  1
        1999120615  4174737       2.59      99.79  1
        1999120618  4168381       2.53     100.14  1
        1999120621  4237342       2.42     100.42  1
        1999120700  4573205       2.16     101.10  1
        1999120703  4809466       1.78     101.81  1
        1999120706  4925045       1.54     102.29  1
        1999120709  5132109       1.36     102.43  1
        1999120712  5347435       1.17     102.38  1
        1999120715  5502038       1.06     102.23  1
        1999120718  5958237       0.77     101.98  1
        1999120721  6597690       0.50     101.64  1
        1999120800  8944950       3.07     107.33  1
        1999120803  9293756       3.03     106.88  1
        1999120806  9605799       2.93     106.59  1
        1999120809  9789261       2.82     106.25  1
        1999120812  9828263       2.76     106.05  1
        1999120815  9753425       2.66     105.99  1
        1999120818  9910905       2.52     105.86  1
        1999120821 10061342       2.28     105.78  1
        1999120900 10114592       2.22     105.65  1
        1999120903  9939704       1.94     105.79  1
        1999120906  9844840       1.79     105.72  1
        1999120909  9514109       1.40     106.07  1
        1999120912  9265606       1.06     106.30  1
        1999120915  9195920       0.87     106.47  1
        1999120918  9190607       0.60     106.47  1
        1999120921  9349836       0.37     106.56  1
        1999121000  9407428       0.32     106.68  1
        1999121003  9359239       0.20     107.02  1
        1999121006  9612473       0.14     107.32  1
        1999121009  9679182      -0.03     107.37  1
        1999121012  9608680      -0.23     107.57  1
        1999121015  9651536      -0.53     108.08  1
        1999121018  9754088      -0.78     108.60  1
        1999121021  9733928      -1.05     109.01  1
        1999121100  9584842      -1.32     109.60  1
        1999121103  9538862      -1.56     110.31  1
        1999121106  9673727      -1.63     111.03  1
        1999121109  9694167      -1.74     111.46  1
        1999121112  9748734      -1.89     111.90  1
        1999121115  9987413      -1.96     112.37  1
        1999121118 10358135      -1.95     112.74  1
        1999121121 10849635      -1.84     113.38  1
        1999121200 11186613      -1.72     114.05  1
        1999121203 11236023      -1.77     114.57  1
        1999121206 11429189      -1.75     115.01  1
        1999121209 11356639      -1.85     115.28  1
        1999121212 11096084      -2.04     115.55  1
        1999121215 11122499      -1.89     115.73  1
        1999121218 11347532      -1.81     115.55  1
        1999121221 11559470      -1.81     115.22  1
        1999121300 11023381      -1.90     115.53  1
        1999121303 10444903      -2.21     115.97  1
        1999121306 10368703      -2.33     115.93  1
        1999121309  9768040      -2.91     116.36  1
        1999121312  9615933      -3.06     116.71  1
        1999121315  9649966      -2.95     116.97  1
        1999121318  9896624      -2.68     117.40  1
        1999121321 10204869      -2.45     118.02  1
        1999121400 10146504      -2.33     118.65  1
        1999121403  9943854      -2.20     119.06  1
        1999121406  9613600      -2.08     119.51  1
        1999121409  4807409       4.87     127.71  1
        1999121412  4851565       4.92     128.23  1
        1999121415  4920977       4.84     129.00  1
        1999121418  5014802       4.70     129.87  1
        1999121421  5031881       4.66     130.46  1
        1999121500  4923980       4.71     130.82  1
        1999121503  3223623       2.04     137.91  1
        1999121506  3195205       1.88     138.28  1
        1999121509  3158310       1.79     138.55  1
        1999121512  3198464       1.71     138.77  1
        1999121515  3360309       1.69     139.26  1
        1999121518  3632512       1.68     140.16  1
        1999121521  3812929       1.72     140.87  1
        1999121600  3956244       1.74     141.50  1
        1999121603  4018596       1.76     141.88  1
        1999121606  4087785       1.76     142.14  1
        1999121609  4134605       1.75     142.20  1
        1999121612  4209047       1.72     142.34  1
        1999121615  4239523       1.71     142.36  1
        1999121618  4272976       1.65     142.29  1
        1999121621  4259795       1.59     142.28  1
        1999121700  4200442       1.55     142.28  1
        1999121703  4184909       1.51     142.32  1
        1999121706  4157015       1.44     142.29  1
        1999121709  4067103       1.33     142.37  1
        1999121712  4014927       1.24     142.59  1
        1999121715  3947558       1.12     142.83  1
        1999121718  3837258       0.99     143.24  1
        1999121721  3665546       0.80     143.82  1
        1999121800  3461418       0.51     144.46  1
        1999121803  3381604       0.26     145.17  1
        1999121806  3303807       0.10     145.81  1
        1999121809  3207480      -0.01     146.28  1
        1999121812  3114240      -0.10     146.75  1
        1999121815  3103355      -0.11     147.01  1
        1999121818  3060121      -0.30     147.15  1
        1999121821  2939254      -0.50     147.16  1
        1999121900  2902296      -0.58     147.20  1
        1999121903  2822279      -0.71     147.26  1
        1999121906  2789885      -0.78     147.26  1
        1999121909  2688237      -0.74     147.41  1
        1999121912  2484789      -0.69     147.74  1
        1999121915  2205089      -0.54     148.30  1
        1999121918  2003942      -0.37     148.67  1
        1999121921  1758103      -0.11     149.08  1
        1999122000  1643280       0.06     149.15  1
        1999122003  1607820       0.17     149.12  1
        1999122006  1521493       0.18     149.02  1
        1999122009  1352704       0.27     149.04  1
        1999122012  1213950       0.30     149.02  1
        1999122015  1006533       0.40     149.05  1
        1999122018   695664       0.56     149.08  1
LPT    24.0200
        1999112621   687491      -4.64      75.67  1
        1999112700   911707      -4.39      75.42  1
        1999112703  1211491      -4.07      74.92  1
        1999112706  1411942      -3.86      74.63  1
        1999112709  1738825      -3.59      74.05  1
        1999112712  1998084      -3.35      73.26  1
        1999112715  2140792      -3.25      72.68  1
        1999112718  2453016      -3.09      71.95  1
        1999112721  2751806      -3.00      71.69  1
        1999112800  2994561      -3.07      72.01  1
        1999112803  3104561      -3.21      72.34  1
        1999112806  3321932      -3.39      72.91  1
        1999112809  3553331      -3.47      73.32  1
        1999112812  3607692      -3.61      73.68  1
        1999112815  3714919      -3.60      73.91  1
        1999112818  3943528      -3.57      74.15  1
        1999112821  4132316      -3.50      74.19  1
        1999112900  4262095      -3.38      74.03  1
        1999112903  4328698      -3.15      73.76  1
        1999112906  4455352      -2.87      73.70  1
        1999112909  4577547      -2.54      73.47  1
        1999112912  4538821      -2.38      73.41  1
        1999112915  4649684      -2.24      73.06  1
        1999112918  5019273      -2.32      73.25  1
        1999112921  5186205      -2.45      73.44  1
        1999113000  5209243      -2.53      73.45  1
        1999113003  5542177      -2.97      74.05  1
        1999113006  5822834      -3.33      74.79  1
        1999113009  6149418      -3.50      75.16  1
        1999113012  6081521      -3.52      75.67  1
        1999113015  6534932      -3.33      76.74  1
        1999113018  7248749      -2.84      77.92  1
        1999113021  9794918       0.47      86.25  1
        1999120100 10419177       1.04      87.14  1
        1999120103 10541533       1.42      87.56  1
        1999120106 11178912       2.05      88.01  1
        1999120109 11289007       2.58      87.96  1
        1999120112 11207466       3.27      88.18  1
        1999120115 11284577       3.86      88.36  1
        1999120118 11244332       4.35      88.51  1
        1999120121 11085347       4.72      88.36  1
        1999120200 10786236       4.86      88.03  1
        1999120203 10414821       5.27      87.75  1
        1999120206 10379218       5.35      87.80  1
        1999120209 10147453       5.59      87.97  1
        1999120212  9559615       6.28      87.92  1
        1999120215  9425662       6.56      88.45  1
        1999120218  9471461       6.59      88.62  1
        1999120221  9260800       6.61      88.57  1
        1999120300  9201891       6.39      88.23  1
        1999120303  8531809       4.53      84.13  1
        1999120306  8596987       4.61      84.24  1
        1999120309  8781824       4.58      84.36  1
        1999120312  8931551       4.51      84.07  1
        1999120315  8888383       4.47      83.79  1
        1999120318  8782124       4.46      83.19  1
        1999120321  8550192       4.47      82.40  1
        1999120400  8200667       4.48      81.38  1
        1999120403  7932973       4.56      80.92  1
        1999120406  7767381       4.62      80.76  1
        1999120409  7412566       4.62      80.76  1
        1999120412  7242832       4.61      81.36  1
        1999120415  6977013       4.58      81.37  1
        1999120418  6793263       4.57      81.83  1
        1999120421  6830572       4.54      82.49  1
        1999120500  6823952       4.53      83.29  1
        1999120503  6796092       4.54      83.62  1
        1999120506  6716454       4.46      84.26  1
        1999120509  6678923       4.36      85.24  1
        1999120512  6681582       4.19      86.27  1
        1999120515  6427180       3.99      87.41  1
        1999120518  6426433       3.75      88.55  1
        1999120521  6254179       3.46      90.32  1
        1999120600  5022097       2.68      97.54  1
        1999120603  4976644       2.55      98.32  1
        1999120606  4917633       2.48      98.86  1
        1999120609  4900327       2.40      99.03  1
        1999120612  4508559       2.47      98.86  1
        1999120615  4174737       2.59      99.79  1
        1999120618  4168381       2.53     100.14  1
        1999120621  4237342       2.42     100.42  1
        1999120700  4573205       2.16     101.10  1
        1999120703  4809466       1.78     101.81  1
        1999120706  4925045       1.54     102.29  1
        1999120709  5132109       1.36     102.43  1
        1999120712  5347435       1.17     102.38  1
        1999120715  5502038       1.06     102.23  1
        1999120718  5958237       0.77     101.98  1
        1999120721  6597690       0.50     101.64  1
        1999120800  8944950       3.07     107.33  1
        1999120803  9293756       3.03     106.88  1
        1999120806  9605799       2.93     106.59  1
        1999120809  9789261       2.82     106.25  1
        1999120812  9828263       2.76     106.05  1
        1999120815  9753425       2.66     105.99  1
        1999120818  9910905       2.52     105.86  1
        1999120821 10061342       2.28     105.78  1
        1999120900 10114592       2.22     105.65  1
        1999120903  9939704       1.94     105.79  1
        1999120906  9844840       1.79     105.72  1
        1999120909  9514109       1.40     106.07  1
        1999120912  9265606       1.06     106.30  1
        1999120915  9195920       0.87     106.47  1
        1999120918  9190607       0.60     106.47  1
        1999120921  9349836       0.37     106.56  1
        1999121000  9407428       0.32     106.68  1
        1999121003  9359239       0.20     107.02  1
        1999121006  9612473       0.14     107.32  1
        1999121009  9679182      -0.03     107.37  1
        1999121012  9608680      -0.23     107.57  1
        1999121015  9651536      -0.53     108.08  1
        1999121018  9754088      -0.78     108.60  1
        1999121021  9733928      -1.05     109.01  1
        1999121100  9584842      -1.32     109.60  1
        1999121103  9538862      -1.56     110.31  1
        1999121106  9673727      -1.63     111.03  1
        1999121109  9694167      -1.74     111.46  1
        1999121112  9748734      -1.89     111.90  1
        1999121115  9987413      -1.96     112.37  1
        1999121118 10358135      -1.95     112.74  1
        1999121121 10849635      -1.84     113.38  1
        1999121200 11186613      -1.72     114.05  1
        1999121203 11236023      -1.77     114.57  1
        1999121206 11429189      -1.75     115.01  1
        1999121209 11356639      -1.85     115.28  1
        1999121212 11096084      -2.04     115.55  1
        1999121215 11122499      -1.89     115.73  1
        1999121218 11347532      -1.81     115.55  1
        1999121221 11559470      -1.81     115.22  1
        1999121300 11023381      -1.90     115.53  1
        1999121303 10444903      -2.21     115.97  1
        1999121306 10368703      -2.33     115.93  1
        1999121309  9768040      -2.91     116.36  1
        1999121312  9615933      -3.06     116.71  1
        1999121315  9649966      -2.95     116.97  1
        1999121318  9896624      -2.68     117.40  1
        1999121321 10204869      -2.45     118.02  1
        1999121400 10146504      -2.33     118.65  1
        1999121403  9943854      -2.20     119.06  1
        1999121406  9613600      -2.08     119.51  1
        1999121409  4807409       4.87     127.71  1
        1999121412  4851565       4.92     128.23  1
        1999121415  4920977       4.84     129.00  1
        1999121418  5014802       4.70     129.87  1
        1999121421  5031881       4.66     130.46  1
        1999121500  4923980       4.71     130.82  1
        1999121503  1381899      10.25     116.84  1
        1999121506  1219560      10.60     116.08  1
        1999121509  1125819      10.92     115.50  1
        1999121512  1087208      11.11     115.18  1
        1999121515  1087788      11.36     114.89  1
        1999121518  1075413      11.62     114.52  1
        1999121521  1078969      11.86     114.16  1
        1999121600  1105931      12.10     113.87  1
        1999121603  1144561      12.40     113.55  1
        1999121606  1171962      12.67     113.20  1
        1999121609  1165478      12.93     112.86  1
        1999121612  1135121      13.15     112.66  1
        1999121615  1115105      13.42     112.43  1
        1999121618  1117817      13.64     112.27  1
        1999121621  1032863      13.86     112.05  1
        1999121700   936733      14.11     111.86  1
        1999121703   869965      14.35     111.71  1
        1999121706   783385      14.53     111.54  1
        1999121709   714289      14.64     111.41  1
        1999121712   687399      14.88     111.26  1
        1999121715   658763      14.97     111.16  1
        1999121718   652571      15.04     111.18  1
        1999121721   582382      15.09     111.16  1
        1999121800   480854      15.16     111.08  1
        1999121803   388883      15.33     110.99  1
        1999121806   309842      15.39     111.09  1
LPT    24.0300
        1999120406   355310       6.66     144.86  1
        1999120409   486270       6.89     144.98  1
        1999120412   504607       6.95     145.21  1
        1999120415   641738       7.02     145.16  1
        1999120418   742861       7.04     145.30  1
        1999120421   850003       7.11     144.98  1
        1999120500   807713       7.21     145.42  1
        1999120503   828025       7.42     146.05  1
        1999120506   772541       7.64     146.46  1
        1999120509   553261       7.93     147.79  1
        1999120512   382362       8.24     149.34  1
        1999120515   621983       8.55     145.90  1
        1999120518   829462       9.01     144.20  1
        1999120521  1025330       9.31     142.99  1
        1999120600   794396       9.90     139.54  1
        1999120603  1000912      10.01     139.64  1
        1999120606  1000726      10.31     139.17  1
        1999120609   958843      10.59     138.75  1
        1999120612   974641      10.87     138.15  1
        1999120615   951362      11.26     137.19  1
        1999120618   998041      11.54     136.50  1
        1999120621   991968      11.76     135.90  1
        1999120700  1063486      11.83     135.68  1
        1999120703  1145923      11.98     135.12  1
        1999120706  1241136      12.12     134.60  1
        1999120709  1291874      12.23     134.02  1
        1999120712  1325198      12.35     133.36  1
        1999120715  1421825      12.46     132.75  1
        1999120718  1514675      12.69     131.74  1
        1999120721  1661275      12.84     130.59  1
        1999120800  8944950       3.07     107.33  1
        1999120803  9293756       3.03     106.88  1
        1999120806  9605799       2.93     106.59  1
        1999120809  9789261       2.82     106.25  1
        1999120812  9828263       2.76     106.05  1
        1999120815  9753425       2.66     105.99  1
        1999120818  9910905       2.52     105.86  1
        1999120821 10061342       2.28     105.78  1
        1999120900 10114592       2.22     105.65  1
        1999120903  9939704       1.94     105.79  1
        1999120906  9844840       1.79     105.72  1
        1999120909  9514109       1.40     106.07  1
        1999120912  9265606       1.06     106.30  1
        1999120915  9195920       0.87     106.47  1
        1999120918  9190607       0.60     106.47  1
        1999120921  9349836       0.37     106.56  1
        1999121000  9407428       0.32     106.68  1
        1999121003  9359239       0.20     107.02  1
        1999121006  9612473       0.14     107.32  1
        1999121009  9679182      -0.03     107.37  1
        1999121012  9608680      -0.23     107.57  1
        1999121015  9651536      -0.53     108.08  1
        1999121018  9754088      -0.78     108.60  1
        1999121021  9733928      -1.05     109.01  1
        1999121100  9584842      -1.32     109.60  1
        1999121103  9538862      -1.56     110.31  1
        1999121106  9673727      -1.63     111.03  1
        1999121109  9694167      -1.74     111.46  1
        1999121112  9748734      -1.89     111.90  1
        1999121115  9987413      -1.96     112.37  1
        1999121118 10358135      -1.95     112.74  1
        1999121121 10849635      -1.84     113.38  1
        1999121200 11186613      -1.72     114.05  1
        1999121203 11236023      -1.77     114.57  1
        1999121206 11429189      -1.75     115.01  1
        1999121209 11356639      -1.85     115.28  1
        1999121212 11096084      -2.04     115.55  1
        1999121215 11122499      -1.89     115.73  1
        1999121218 11347532      -1.81     115.55  1
        1999121221 11559470      -1.81     115.22  1
        1999121300 11023381      -1.90     115.53  1
        1999121303 10444903      -2.21     115.97  1
        1999121306 10368703      -2.33     115.93  1
        1999121309  9768040      -2.91     116.36  1
        1999121312  9615933      -3.06     116.71  1
        1999121315  9649966      -2.95     116.97  1
        1999121318  9896624      -2.68     117.40  1
        1999121321 10204869      -2.45     118.02  1
        1999121400 10146504      -2.33     118.65  1
        1999121403  9943854      -2.20     119.06  1
        1999121406  9613600      -2.08     119.51  1
        1999121409  4807409       4.87     127.71  1
        1999121412  4851565       4.92     128.23  1
        1999121415  4920977       4.84     129.00  1
        1999121418  5014802       4.70     129.87  1
        1999121421  5031881       4.66     130.46  1
        1999121500  4923980       4.71     130.82  1
        1999121503  3223623       2.04     137.91  1
        1999121506  3195205       1.88     138.28  1
        1999121509  3158310       1.79     138.55  1
        1999121512  3198464       1.71     138.77  1
        1999121515  3360309       1.69     139.26  1
        1999121518  3632512       1.68     140.16  1
        1999121521  3812929       1.72     140.87  1
        1999121600  3956244       1.74     141.50  1
        1999121603  4018596       1.76     141.88  1
        1999121606  4087785       1.76     142.14  1
        1999121609  4134605       1.75     142.20  1
        1999121612  4209047       1.72     142.34  1
        1999121615  4239523       1.71     142.36  1
        1999121618  4272976       1.65     142.29  1
        1999121621  4259795       1.59     142.28  1
        1999121700  4200442       1.55     142.28  1
        1999121703  4184909       1.51     142.32  1
        1999121706  4157015       1.44     142.29  1
        1999121709  4067103       1.33     142.37  1
        1999121712  4014927       1.24     142.59  1
        1999121715  3947558       1.12     142.83  1
        1999121718  3837258       0.99     143.24  1
        1999121721  3665546       0.80     143.82  1
        1999121800  3461418       0.51     144.46  1
        1999121803  3381604       0.26     145.17  1
        1999121806  3303807       0.10     145.81  1
        1999121809  3207480      -0.01     146.28  1
        1999121812  3114240      -0.10     146.75  1
        1999121815  3103355      -0.11     147.01  1
        1999121818  3060121      -0.30     147.15  1
        1999121821  2939254      -0.50     147.16  1
        1999121900  2902296      -0.58     147.20  1
        1999121903  2822279      -0.71     147.26  1
        1999121906  2789885      -0.78     147.26  1
        1999121909  2688237      -0.74     147.41  1
        1999121912  2484789      -0.69     147.74  1
        1999121915  2205089      -0.54     148.30  1
        1999121918  2003942      -0.37     148.67  1
        1999121921  1758103      -0.11     149.08  1
        1999122000  1643280       0.06     149.15  1
        1999122003  1607820       0.17     149.12  1
        1999122006  1521493       0.18     149.02  1
        1999122009  1352704       0.27     149.04  1
        1999122012  1213950       0.30     149.02  1
        1999122015  1006533       0.40     149.05  1
        1999122018   695664       0.56     149.08  1
LPT    24.0400
        1999120406   355310       6.66     144.86  1
        1999120409   486270       6.89     144.98  1
        1999120412   504607       6.95     145.21  1
        1999120415   641738       7.02     145.16  1
        1999120418   742861       7.04     145.30  1
        1999120421   850003       7.11     144.98  1
        1999120500   807713       7.21     145.42  1
        1999120503   828025       7.42     146.05  1
        1999120506   772541       7.64     146.46  1
        1999120509   553261       7.93     147.79  1
        1999120512   382362       8.24     149.34  1
        1999120515   621983       8.55     145.90  1
        1999120518   829462       9.01     144.20  1
        1999120521  1025330       9.31     142.99  1
        1999120600   794396       9.90     139.54  1
        1999120603  1000912      10.01     139.64  1
        1999120606  1000726      10.31     139.17  1
        1999120609   958843      10.59     138.75  1
        1999120612   974641      10.87     138.15  1
        1999120615   951362      11.26     137.19  1
        1999120618   998041      11.54     136.50  1
        1999120621   991968      11.76     135.90  1
        1999120700  1063486      11.83     135.68  1
        1999120703  1145923      11.98     135.12  1
        1999120706  1241136      12.12     134.60  1
        1999120709  1291874      12.23     134.02  1
        1999120712  1325198      12.35     133.36  1
        1999120715  1421825      12.46     132.75  1
        1999120718  1514675      12.69     131.74  1
        1999120721  1661275      12.84     130.59  1
        1999120800  8944950       3.07     107.33  1
        1999120803  9293756       3.03     106.88  1
        1999120806  9605799       2.93     106.59  1
        1999120809  9789261       2.82     106.25  1
        1999120812  9828263       2.76     106.05  1
        1999120815  9753425       2.66     105.99  1
        1999120818  9910905       2.52     105.86  1
        1999120821 10061342       2.28     105.78  1
        1999120900 10114592       2.22     105.65  1
        1999120903  9939704       1.94     105.79  1
        1999120906  9844840       1.79     105.72  1
        1999120909  9514109       1.40     106.07  1
        1999120912  9265606       1.06     106.30  1
        1999120915  9195920       0.87     106.47  1
        1999120918  9190607       0.60     106.47  1
        1999120921  9349836       0.37     106.56  1
        1999121000  9407428       0.32     106.68  1
        1999121003  9359239       0.20     107.02  1
        1999121006  9612473       0.14     107.32  1
        1999121009  9679182      -0.03     107.37  1
        1999121012  9608680      -0.23     107.57  1
        1999121015  9651536      -0.53     108.08  1
        1999121018  9754088      -0.78     108.60  1
        1999121021  9733928      -1.05     109.01  1
        1999121100  9584842      -1.32     109.60  1
        1999121103  9538862      -1.56     110.31  1
        1999121106  9673727      -1.63     111.03  1
        1999121109  9694167      -1.74     111.46  1
        1999121112  9748734      -1.89     111.90  1
        1999121115  9987413      -1.96     112.37  1
        1999121118 10358135      -1.95     112.74  1
        1999121121 10849635      -1.84     113.38  1
        1999121200 11186613      -1.72     114.05  1
        1999121203 11236023      -1.77     114.57  1
        1999121206 11429189      -1.75     115.01  1
        1999121209 11356639      -1.85     115.28  1
        1999121212 11096084      -2.04     115.55  1
        1999121215 11122499      -1.89     115.73  1
        1999121218 11347532      -1.81     115.55  1
        1999121221 11559470      -1.81     115.22  1
        1999121300 11023381      -1.90     115.53  1
        1999121303 10444903      -2.21     115.97  1
        1999121306 10368703      -2.33     115.93  1
        1999121309  9768040      -2.91     116.36  1
        1999121312  9615933      -3.06     116.71  1
        1999121315  9649966      -2.95     116.97  1
        1999121318  9896624      -2.68     117.40  1
        1999121321 10204869      -2.45     118.02  1
        1999121400 10146504      -2.33     118.65  1
        1999121403  9943854      -2.20     119.06  1
        1999121406  9613600      -2.08     119.51  1
        1999121409  4807409       4.87     127.71  1
        1999121412  4851565       4.92     128.23  1
        1999121415  4920977       4.84     129.00  1
        1999121418  5014802       4.70     129.87  1
        1999121421  5031881       4.66     130.46  1
        1999121500  4923980       4.71     130.82  1
        1999121503  1381899      10.25     116.84  1
        1999121506  1219560      10.60     116.08  1
        1999121509  1125819      10.92     115.50  1
        1999121512  1087208      11.11     115.18  1
        1999121515  1087788      11.36     114.89  1
        1999121518  1075413      11.62     114.52  1
        1999121521  1078969      11.86     114.16  1
        1999121600  1105931      12.10     113.87  1
        1999121603  1144561      12.40     113.55  1
        1999121606  1171962      12.67     113.20  1
        1999121609  1165478      12.93     112.86  1
        1999121612  1135121      13.15     112.66  1
        1999121615  1115105      13.42     112.43  1
        1999121618  1117817      13.64     112.27  1
        1999121621  1032863      13.86     112.05  1
        1999121700   936733      14.11     111.86  1
        1999121703   869965      14.35     111.71  1
        1999121706   783385      14.53     111.54  1
        1999121709   714289      14.64     111.41  1
        1999121712   687399      14.88     111.26  1
        1999121715   658763      14.97     111.16  1
        1999121718   652571      15.04     111.18  1
        1999121721   582382      15.09     111.16  1
        1999121800   480854      15.16     111.08  1
        1999121803   388883      15.33     110.99  1
        1999121806   309842      15.39     111.09  1
LPT    25.0100
        1999121906   579037      33.90     188.83  1
        1999121909   766826      33.90     188.51  1
        1999121912  1015253      34.07     189.07  1
        1999121915  1332740      34.47     190.50  1
        1999121918  1527866      34.90     191.76  1
        1999121921  1535064      35.11     192.61  1
        1999122000  1492941      35.19     193.51  1
        1999122003  1515445      35.12     194.14  1
        1999122006  1667067      35.12     194.67  1
        1999122009  1868555      35.31     195.28  1
        1999122012  1968069      35.33     195.95  1
        1999122015  2032053      35.16     196.36  1
        1999122018  2015042      34.91     196.57  1
        1999122021  2082014      34.86     196.97  1
        1999122100  1952768      34.82     197.44  1
        1999122103  1981849      34.90     197.85  1
        1999122106  1931655      34.92     198.06  1
        1999122109  1915840      34.93     198.20  1
        1999122112  1899290      34.95     198.18  1
        1999122115  1864823      34.97     198.24  1
        1999122118  1841211      35.04     198.34  1
        1999122121  1801199      35.14     198.58  1
        1999122200  1701049      35.08     198.94  1
        1999122203  1677637      35.15     199.22  1
        1999122206  1655290      35.23     199.45  1
        1999122209  1610880      35.38     199.61  1
        1999122212  1570622      35.45     199.67  1
        1999122215  1511410      35.33     199.97  1
        1999122218  1340246      34.96     200.67  1
        1999122221  1111481      34.51     201.52  1
        1999122300  1018964      34.39     201.96  1
        1999122303   884620      34.40     202.27  1
        1999122306   749640      34.27     202.59  1
        1999122309   522965      34.02     203.06  1
        1999122312   387379      33.59     203.62  1
        1999122315   425271      33.07     204.11  1
        1999122318   418293      33.04     204.49  1
        1999122321   631493      32.91     204.92  1
        1999122400   751250      33.00     205.40  1
        1999122403   941141      33.38     205.48  1
        1999122406   946336      33.56     205.40  1
        1999122409  1221934      34.36     205.92  1
        1999122412  1488561      35.48     206.83  1
        1999122415  1840842      36.86     207.80  1
        1999122418  2174424      37.82     208.16  1
        1999122421  2249138      38.29     208.44  1
        1999122500  2234378      38.62     208.69  1
        1999122503  2277224      38.61     208.54  1
        1999122506  2300305      38.50     208.18  1
        1999122509  2293740      38.35     207.88  1
        1999122512  2268053      38.18     207.61  1
        1999122515  2302195      38.04     207.21  1
        1999122518  2507046      37.86     206.76  1
        1999122521  2593174      38.07     206.74  1
        1999122600  2724861      38.43     206.81  1
        1999122603  2829906      38.68     206.86  1
        1999122606  2876795      38.72     206.89  1
        1999122609  2935663      38.79     207.12  1
        1999122612  2991833      38.84     207.39  1
        1999122615  2993242      38.87     207.63  1
        1999122618  2927919      38.90     207.94  1
        1999122621  2879861      38.96     208.29  1
        1999122700  2741847      39.26     208.65  1
        1999122703  2616303      39.42     208.97  1
        1999122706  2498018      39.63     209.40  1
        1999122709  2341983      39.69     209.76  1
        1999122712  1959539      39.50     210.04  1
        1999122715  1406767      37.91     209.59  1
        1999122718   929595      35.91     208.74  1
        1999122721   513768      35.46     208.61  1
        1999122800   331807      34.92     208.23  1
        1999122803   271023      34.35     207.93  1
LPT    26.0100
        1999122018   436921      18.36     125.33  1
        1999122021   645401      18.25     125.51  1
        1999122100   840379      18.09     125.67  1
        1999122103   989520      18.04     125.89  1
        1999122106  1133627      17.98     126.05  1
        1999122109  1242959      17.76     126.01  1
        1999122112  1333942      17.57     126.04  1
        1999122115  1356489      17.39     126.25  1
        1999122118  1500125      17.08     126.23  1
        1999122121  1621586      16.82     126.31  1
        1999122200  1735086      16.21     125.99  1
        1999122203  1991901      15.35     125.38  1
        1999122206  2084755      15.18     125.50  1
        1999122209  2284724      14.48     124.93  1
        1999122212  2223834      14.32     125.04  1
        1999122215  2100582      14.15     125.22  1
        1999122218  2177424      13.60     124.84  1
        1999122221  2125447      13.18     124.62  1
        1999122300  2488302      10.96     122.23  1
        1999122303  2776580       9.08     120.03  1
        1999122306  3003436       7.66     118.27  1
        1999122309  3248574       6.35     116.69  1
        1999122312  3435489       5.90     116.32  1
        1999122315  3442932       5.57     116.04  1
        1999122318  3624952       5.22     115.77  1
        1999122321  3933731       4.86     115.54  1
        1999122400  4101397       4.35     115.13  1
        1999122403  4105283       3.97     114.79  1
        1999122406  4146654       3.73     114.58  1
        1999122409  4163772       3.54     114.46  1
        1999122412  4119979       3.37     114.41  1
        1999122415  4040414       3.17     114.27  1
        1999122418  4012894       2.91     114.09  1
        1999122421  3973217       2.39     113.79  1
        1999122500  3834609       1.85     113.44  1
        1999122503  3662652       1.24     113.06  1
        1999122506  3589194       0.83     112.87  1
        1999122509  3582435       0.70     112.91  1
        1999122512  3569124       0.70     113.16  1
        1999122515  3605544       0.87     113.51  1
        1999122518  3658791       1.02     113.86  1
        1999122521  3696754       0.97     114.01  1
        1999122600  3690481       0.90     114.05  1
        1999122603  3578725       0.60     113.90  1
        1999122606  3465846       0.35     113.84  1
        1999122609  3378273       0.15     113.83  1
        1999122612  3239236      -0.10     113.80  1
        1999122615  3145382      -0.22     113.79  1
        1999122618  3073833      -0.39     113.78  1
        1999122621  2947807      -0.57     113.73  1
        1999122700  2683714      -0.80     113.60  1
        1999122703  2394973      -1.07     113.47  1
        1999122706  2115914      -1.58     113.41  1
        1999122709  1906788      -1.93     113.44  1
        1999122712  1728254      -2.28     113.42  1
        1999122715  1478073      -2.64     113.50  1
        1999122718  1281578      -3.03     113.65  1
        1999122721  1032607      -3.65     113.73  1
        1999122800   481938      -4.55     113.73  1
LPT    27.0100
        1999122212   603285      -7.75     300.54  1
        1999122215   818803      -7.51     299.89  1
        1999122218  1305492      -7.31     300.28  1
        1999122221  1393356      -7.13     299.62  1
        1999122300  1201075      -7.14     299.81  1
        1999122303  1239798      -7.26     299.96  1
        1999122306  1447462      -7.44     300.33  1
        1999122309  1610274      -7.48     301.09  1
        1999122312  1560444      -7.50     301.80  1
        1999122315  1480656      -7.54     302.57  1
        1999122318  1711341      -7.58     302.97  1
        1999122321  1712578      -7.61     303.65  1
        1999122400  1690422      -7.56     304.34  1
        1999122403  1634019      -7.24     305.32  1
        1999122406  1662429      -6.94     306.11  1
        1999122409  1732948      -6.84     306.83  1
        1999122412  1813743      -6.82     307.34  1
        1999122415  1988534      -7.11     307.97  1
        1999122418  2445687      -7.59     308.80  1
        1999122421  2644527      -7.82     309.30  1
        1999122500  2694349      -7.95     309.45  1
        1999122503  2683819      -7.82     309.76  1
        1999122506  2826031      -7.72     310.10  1
        1999122509  2883008      -7.79     310.34  1
        1999122512  3168194      -6.96     311.24  1
        1999122515  3606116      -5.90     312.33  1
        1999122518  3922006      -5.11     313.20  1
        1999122521  3984380      -4.40     313.84  1
        1999122600  3966262      -3.71     314.43  1
        1999122603  3873855      -2.80     315.44  1
        1999122606  4046845      -1.88     316.23  1
        1999122609  3852061      -1.12     316.80  2
        1999122612  3473211      -0.52     317.45  2
        1999122615  3353629      -0.05     317.72  2
        1999122618  3632265      -0.51     316.88  2
        1999122621  3790692      -0.71     316.36  1
        1999122700  3623634      -0.34     316.32  1
        1999122703  2444114       4.35     318.79  1
        1999122706  2450840       4.82     318.49  1
        1999122709  2511462       5.18     318.09  1
        1999122712  2335842       5.34     317.77  1
        1999122715  2395788       5.52     317.70  1
        1999122718  2302861       5.72     317.22  1
        1999122721  2177205       5.89     317.05  1
        1999122800  2142595       5.93     317.11  1
        1999122803  2109726       5.92     317.13  1
        1999122806  2022316       5.94     317.05  1
        1999122809  1859686       5.95     316.59  1
        1999122812  1632689       5.92     316.21  1
        1999122815  1279610       5.94     315.42  1
        1999122818  1224442       5.51     313.94  1
        1999122821  2040899       1.53     311.41  1
        1999122900  2112346       0.92     310.60  1
        1999122903  2182999       0.79     309.74  1
        1999122906  2328645       0.91     309.12  1
        1999122909  2300433       0.92     308.95  1
        1999122912  2258480       0.89     309.10  1
        1999122915  2266374       0.88     309.24  1
        1999122918  2402957       0.44     309.49  1
        1999122921  2387423       0.42     309.93  1
        1999123000  2226565       0.66     310.50  1
        1999123003  2113078       0.74     311.11  1
        1999123006  2029635       0.91     311.59  1
        1999123009  1948238       0.63     311.98  1
        1999123012  1788297       0.24     312.28  1
        1999123015  1943617       0.18     312.94  1
        1999123018  2353483      -0.91     312.87  1
        1999123021  2816107      -1.31     313.47  1
        1999123100  2962462      -1.34     313.97  1
        1999123103  3044508      -1.55     314.20  1
        1999123106  2955758      -1.90     314.15  1
        1999123109  3043425      -2.16     314.10  1
        1999123112  2688969      -1.86     314.48  1
        1999123115  2490041      -1.85     314.66  1
        1999123118  2575463      -2.91     313.95  1
        1999123121   469025     -13.68     304.59  1
        2000010100   661197     -14.40     303.91  1
        2000010103   858417     -14.23     304.10  1
        2000010106  1001472     -14.02     304.28  1
        2000010109  1197029     -13.83     304.52  1
        2000010112  1375660     -13.64     304.86  1
        2000010115  1501010     -13.49     305.14  1
        2000010118  1924359     -13.41     305.41  1
        2000010121  2253830     -13.29     305.38  1
        2000010200  2601868     -13.48     305.79  1
        2000010203  2712482     -13.69     306.28  1
        2000010206  2881182     -13.99     306.53  1
        2000010209  3205814     -14.60     307.08  1
        2000010212  3500246     -15.30     307.80  1
        2000010215  3668546     -15.96     308.43  1
        2000010218  3904439     -16.35     308.91  1
        2000010221  3914483     -16.76     309.45  1
        2000010300  3784837     -17.21     310.04  1
        2000010303  3584124     -17.78     311.08  1
        2000010306  3567145     -18.08     311.53  1
        2000010309  3606520     -18.37     312.05  1
        2000010312  3677218     -18.62     312.37  1
        2000010315  3793813     -19.32     312.95  1
        2000010318  4073613     -19.71     313.35  1
        2000010321  4054679     -19.73     313.42  1
        2000010400  3858070     -19.92     313.63  1
        2000010403  3478183     -20.91     314.46  1
        2000010406  3172779     -21.81     315.12  1
        2000010409  2986403     -22.76     315.69  1
        2000010412  2727522     -24.11     316.52  1
        2000010415  2148896     -27.32     318.63  1
        2000010418  1987913     -27.71     318.80  1
        2000010421  1767508     -28.13     318.99  1
        2000010500  1504135     -29.21     319.68  1
        2000010503  1207387     -30.59     320.54  1
        2000010506   980679     -31.75     321.26  1
        2000010509   786233     -32.51     321.71  1
        2000010512   622909     -33.09     322.09  1
        2000010515   458460     -33.63     322.51  1
LPT    28.0100
        1999122918   352242      -3.97      81.76  1
        1999122921   663464      -4.03      82.06  1
        1999123000   852214      -4.00      82.06  1
        1999123003  1038636      -3.97      81.92  1
        1999123006  1224216      -3.99      81.62  1
        1999123009  1625372      -3.99      80.73  1
        1999123012  1833802      -4.06      80.25  1
        1999123015  1944351      -4.18      79.88  1
        1999123018  2112559      -4.31      79.30  1
        1999123021  2398790      -4.55      78.56  1
        1999123100  2475516      -4.87      77.87  1
        1999123103  2476932      -5.09      77.51  1
        1999123106  2475219      -5.34      77.50  1
        1999123109  2620601      -5.47      77.27  1
        1999123112  2623401      -5.55      77.22  1
        1999123115  2659939      -5.62      77.34  1
        1999123118  2848869      -5.60      77.17  1
        1999123121  3222276      -5.52      76.85  1
        2000010100  3661739      -5.42      76.31  1
        2000010103  3872213      -5.37      76.08  1
        2000010106  3965589      -5.39      76.13  1
        2000010109  4104383      -5.39      76.09  1
        2000010112  4116207      -5.44      75.89  1
        2000010115  4047138      -5.54      75.78  1
        2000010118  3988604      -5.67      75.63  1
        2000010121  3914433      -5.84      75.43  1
        2000010200  3734149      -6.05      74.97  1
        2000010203  3464600      -6.25      74.79  1
        2000010206  3304500      -6.45      74.62  1
        2000010209  3184693      -6.60      74.71  1
        2000010212  2972864      -6.83      75.13  1
        2000010215  3446653      -6.61      78.80  1
        2000010218  3707261      -6.57      80.83  1
        2000010221  4008635      -6.66      82.11  1
        2000010300  4071129      -6.74      83.09  1
        2000010303  3936866      -6.84      83.53  1
        2000010306  4096653      -6.86      84.10  1
        2000010309  4437106      -6.67      85.44  1
        2000010312  4400127      -6.63      86.09  1
        2000010315  4622389      -6.43      86.98  1
        2000010318  4821386      -6.20      87.93  1
        2000010321  4909312      -6.06      88.62  1
        2000010400  4808917      -6.03      89.22  1
        2000010403  4706294      -6.01      90.02  1
        2000010406  4943464      -5.35      90.42  1
        2000010409  5118874      -5.15      91.17  1
        2000010412  5078441      -5.21      91.39  1
        2000010415  5196970      -5.14      91.75  1
        2000010418  5176523      -5.10      91.83  1
        2000010421  5019755      -5.35      91.87  1
        2000010500  4750704      -5.84      92.18  1
        2000010503  4628283      -5.97      92.28  1
        2000010506  4582931      -5.99      92.41  1
        2000010509  4574352      -5.89      92.81  1
        2000010512  4364323      -5.91      92.76  1
        2000010515  4288553      -5.83      92.98  1
        2000010518  4077839      -5.77      93.26  1
        2000010521  3771288      -5.67      93.45  1
        2000010600  1772564      -1.76     103.46  1
        2000010603  1649414      -1.56     104.03  1
        2000010606  1532373      -1.40     104.43  1
        2000010609  1545599      -1.23     104.82  1
        2000010612  1410881      -0.98     105.27  1
        2000010615  1328475      -0.81     105.64  1
        2000010618  1128790      -0.60     106.04  1
        2000010621   905070      -0.44     106.54  1
        2000010700   863433      -0.21     107.33  1
        2000010703   827934       0.01     107.91  1
        2000010706   793193       0.27     108.56  1
        2000010709   902020       0.46     109.26  1
        2000010712   895048       0.76     110.06  1
        2000010715   852579       0.90     110.49  1
        2000010718   728289       0.99     111.08  1
        2000010721   678874       1.01     111.63  1
        2000010800   720563       1.06     112.85  1
        2000010803  1329237       3.00     119.49  1
        2000010806  1623151       3.65     121.29  1
        2000010809  1882722       3.86     121.76  1
        2000010812  2116066       4.03     122.18  1
        2000010815  2288138       4.31     122.38  1
        2000010818  2382303       4.62     122.87  1
        2000010821  2448422       4.79     123.28  1
        2000010900  2444973       4.85     123.55  1
        2000010903  2436697       5.01     124.03  1
        2000010906  2501747       5.03     124.43  1
        2000010909  2556543       4.94     124.56  1
        2000010912  2530370       4.97     124.92  1
        2000010915  2561201       4.89     125.43  1
        2000010918  2651571       4.63     125.81  1
        2000010921  2691597       4.23     125.94  1
        2000011000  2752739       3.52     126.17  1
        2000011003  2830186       2.58     126.43  1
        2000011006  3020149       1.37     126.70  1
        2000011009  3190629       0.52     126.74  1
        2000011012  3197716      -0.22     126.95  1
        2000011015  3398367      -1.73     127.17  1
        2000011018  3505733      -3.44     126.96  1
        2000011021  3424572      -4.76     126.93  1
        2000011100  3389980      -5.62     126.90  1
        2000011103  3281467      -6.34     126.99  1
        2000011106  3322078      -6.80     126.99  1
        2000011109  3390810      -7.19     126.93  1
        2000011112  3362437      -7.54     126.94  1
        2000011115  3355281      -7.81     127.01  1
        2000011118  3419490      -8.00     126.86  1
        2000011121  3483439      -8.17     126.49  1
        2000011200  3486513      -8.35     126.28  1
        2000011203  3421041      -8.54     126.10  1
        2000011206  3423801      -8.66     125.89  1
        2000011209  3331349      -8.79     125.34  1
        2000011212  3224986      -8.98     125.09  1
        2000011215  3085402      -9.13     124.88  1
        2000011218  2949607      -9.39     124.62  1
        2000011221  2756306      -9.71     124.28  1
        2000011300  2430304     -10.15     123.85  1
        2000011303  2069149     -10.62     123.33  1
        2000011306  1788585     -11.05     123.09  1
        2000011309  1563247     -11.59     123.03  1
        2000011312  1261831     -11.95     123.10  1
        2000011315  1028034     -12.13     123.06  1
        2000011318   381028     -12.38     122.52  1
LPT    29.0100
        2000010500   437488       2.96     325.96  1
        2000010503  1005506       2.69     322.30  1
        2000010506  1568446       2.68     320.83  1
        2000010509  2016826       2.76     320.18  1
        2000010512  2186270       2.81     320.00  1
        2000010515  2383364       2.88     319.94  1
        2000010518  2739305       2.81     319.57  1
        2000010521  3021511       2.71     319.33  1
        2000010600  3315652       2.85     320.30  1
        2000010603  3552042       2.96     321.07  1
        2000010606  3793049       3.02     321.63  1
        2000010609  3875346       3.08     322.03  1
        2000010612  3884446       3.17     322.18  1
        2000010615  3844984       3.25     322.34  1
        2000010618  3814733       3.25     321.68  1
        2000010621  3881501       3.28     321.63  1
        2000010700  3774335       3.36     321.88  1
        2000010703  3591475       3.43     321.25  1
        2000010706  2616351       3.53     314.79  1
        2000010709  2498938       3.64     313.92  1
        2000010712  2443972       3.72     313.18  1
        2000010715  2452277       3.69     312.44  1
        2000010718  2909527       2.75     310.98  1
        2000010721  3254235       1.94     309.86  1
        2000010800  3243306       1.77     309.41  1
        2000010803  3422711       1.61     309.08  1
        2000010806  3405683       1.37     308.69  1
        2000010809  3397887       1.10     308.31  1
        2000010812  3323688       0.91     308.07  1
        2000010815  3301652       1.01     308.27  1
        2000010818  3655512       0.37     308.30  1
        2000010821  3830705       0.14     308.17  1
        2000010900  3814613       0.15     308.30  1
        2000010903  3930261       0.11     308.40  1
        2000010906  3964499       0.01     308.47  1
        2000010909  4010979      -0.25     308.47  1
        2000010912  4012018      -0.23     308.57  1
        2000010915  3993502      -0.22     308.72  1
        2000010918  4360234      -0.63     308.51  1
        2000010921  4402981      -0.58     308.38  1
        2000011000  4214294      -0.34     308.42  1
        2000011003  4251110      -0.36     308.42  1
        2000011006  4337528      -0.46     308.44  1
        2000011009  4392913      -0.65     308.34  1
        2000011012  4455635      -0.98     308.04  1
        2000011015  4381553      -1.13     307.93  1
        2000011018  4565548      -1.57     307.56  1
        2000011021  4310833      -1.77     307.11  1
        2000011100  3585122      -1.41     307.40  1
        2000011103  2992050      -0.88     307.54  1
        2000011106  1415950       4.56     312.78  1
        2000011109  1174667       4.98     312.93  1
        2000011112  1022063       5.23     312.91  1
        2000011115   868162       5.36     312.86  1
        2000011118   902352       5.08     312.59  1
        2000011121   836498       4.86     311.99  1
        2000011200   722967       4.55     311.82  1
        2000011203   710118       4.30     311.68  1
        2000011206   347556       4.05     311.42  1
LPT    30.0100
        2000011306   442870     -10.50     154.91  1
        2000011309   664489     -10.57     154.21  1
        2000011312  1048762     -10.31     152.10  1
        2000011315  1502154      -9.82     150.46  1
        2000011318  1996820      -9.48     149.25  1
        2000011321  2333840      -9.25     148.35  1
        2000011400  2608855      -9.10     147.90  1
        2000011403  2974794      -9.12     147.71  1
        2000011406  3210952      -9.08     147.65  1
        2000011409  3498852      -9.12     147.61  1
        2000011412  3678640      -9.15     147.90  1
        2000011415  3992941      -9.24     148.19  1
        2000011418  4455657      -9.55     148.64  1
        2000011421  4868668      -9.92     149.12  1
        2000011500  5284129     -10.40     149.71  1
        2000011503  5662397     -10.92     150.36  1
        2000011506  5905826     -11.13     150.42  1
        2000011509  6020478     -11.27     150.39  1
        2000011512  6102107     -11.42     150.57  1
        2000011515  6186840     -11.54     150.71  1
        2000011518  6197738     -11.60     150.68  1
        2000011521  6196440     -11.58     150.34  1
        2000011600  6143157     -11.60     150.14  1
        2000011603  6100222     -11.60     149.90  1
        2000011606  5958741     -11.57     149.55  1
        2000011609  5786574     -11.50     149.03  1
        2000011612  5488935     -11.42     148.59  1
        2000011615  5174755     -11.26     148.02  1
        2000011618  4846474     -11.18     147.60  1
        2000011621  4357645     -10.85     146.80  1
        2000011700  3877697     -10.31     145.45  1
        2000011703  3364936      -9.69     143.82  1
        2000011706  2560354      -7.81     139.51  1
        2000011709  2329423      -7.12     137.80  1
        2000011712  2033067      -6.39     136.01  1
        2000011715  2098742      -5.97     135.32  1
        2000011718  2166508      -5.65     135.31  1
        2000011721  2183936      -5.26     135.40  1
        2000011800  2105136      -4.93     135.37  1
        2000011803  2030974      -4.57     135.36  1
        2000011806  2067896      -4.28     135.41  1
        2000011809  2096783      -4.12     135.42  1
        2000011812  2236693      -4.11     135.16  1
        2000011815  2483866      -4.16     134.57  1
        2000011818  2678164      -4.32     133.77  1
        2000011821  2922782      -4.53     132.95  1
        2000011900  2961136      -4.46     132.34  1
        2000011903  3072267      -4.44     131.64  1
        2000011906  3224977      -4.38     131.10  1
        2000011909  5370831      -4.76     123.32  1
        2000011912  5440051      -4.68     123.42  1
        2000011915  5715938      -4.61     123.73  1
        2000011918  6034938      -4.77     123.62  1
        2000011921  6167063      -4.76     123.58  1
        2000012000  6240145      -4.92     123.65  1
        2000012003  6120162      -5.01     123.69  1
        2000012006  6129095      -5.04     123.64  1
        2000012009  6237152      -5.15     123.51  1
        2000012012  6065133      -5.25     123.61  1
        2000012015  5990597      -5.25     123.34  1
        2000012018  6004957      -5.24     122.89  1
        2000012021  5954504      -5.31     122.59  1
        2000012100  5922337      -5.26     122.58  1
        2000012103  5932352      -5.03     122.63  1
        2000012106  6021063      -4.81     122.71  1
        2000012109  6249150      -4.71     122.44  1
        2000012112  6292314      -4.70     122.17  1
        2000012115  6440889      -4.53     121.87  1
        2000012118  6421483      -4.45     121.39  1
        2000012121  6380456      -4.23     120.99  1
        2000012200  6128816      -4.16     120.72  1
        2000012203  6029568      -4.18     120.53  1
        2000012206  6018560      -4.25     120.27  1
        2000012209  5944573      -4.45     120.10  1
        2000012212  5558409      -4.37     119.89  1
        2000012215  5373798      -4.40     119.72  1
        2000012218  4941018      -4.34     119.37  1
        2000012221  4491077      -3.97     119.14  1
        2000012300  4145997      -4.01     118.93  1
        2000012303  3732859      -3.93     118.67  1
        2000012306  3565719      -4.48     118.44  1
        2000012309  3415034      -5.27     118.15  1
        2000012312  3125055      -5.40     118.22  1
        2000012315  3050411      -5.77     117.99  1
        2000012318  3056038      -6.36     117.93  1
        2000012321  2923961      -7.48     117.75  1
        2000012400  2693449      -8.37     118.01  1
        2000012403  2602095      -8.73     118.16  1
        2000012406  2583985      -9.18     118.42  1
        2000012409  2656767      -9.35     118.31  1
        2000012412  2541927      -9.55     118.28  1
        2000012415  2450772      -9.59     118.39  1
        2000012418  2410608      -9.62     118.32  1
        2000012421  2497256      -9.55     118.11  1
        2000012500  3666955      -9.51     112.11  1
        2000012503  3674473      -9.53     112.27  1
        2000012506  3799687      -9.49     111.98  1
        2000012509  3881513      -9.46     111.63  1
        2000012512  3921369      -9.43     111.57  1
        2000012515  4034549      -9.37     111.40  1
        2000012518  4155669      -9.28     111.09  1
        2000012521  4261925      -9.17     110.60  1
        2000012600  4333011      -9.01     109.92  1
        2000012603  4327894      -8.91     109.62  1
        2000012606  4391700      -8.73     108.99  1
        2000012609  4383019      -8.56     108.48  1
        2000012612  4347477      -8.46     108.07  1
        2000012615  4247814      -8.36     107.52  1
        2000012618  4219690      -8.19     107.19  1
        2000012621  4032490      -8.05     106.58  1
        2000012700  3720739      -7.92     106.06  1
        2000012703  3534689      -7.80     105.77  1
        2000012706  3414872      -7.59     105.44  1
        2000012709  3296575      -7.45     105.15  1
        2000012712  3125334      -7.35     105.08  1
        2000012715  3102869      -7.28     104.98  1
        2000012718  3079276      -7.26     105.19  1
        2000012721  3012477      -7.18     105.27  1
        2000012800  2860614      -7.13     105.31  1
        2000012803  2685919      -7.06     105.26  1
        2000012806  2598946      -7.02     105.06  1
        2000012809  2432555      -6.94     105.11  1
        2000012812  2227667      -6.89     105.33  1
        2000012815  2045431      -6.74     105.19  1
        2000012818  1768025      -6.57     104.96  1
        2000012821  1444952      -6.44     105.06  1
        2000012900  1099282      -6.33     105.83  1
        2000012903   574491      -6.18     107.23  1
        2000012918   308890      -4.39     110.66  1
        2000012921   349828      -4.12     111.00  1
        2000013000   470998      -3.73     111.87  1
        2000013003   404881      -3.41     112.66  1
        2000013006   930510      -2.93     118.73  1
        2000013009  1181440      -2.60     118.80  1
        2000013012  1451722      -2.05     119.05  1
        2000013015  1589217      -1.56     119.48  1
        2000013018  1636250      -1.16     119.57  1
        2000013021  1738615      -0.72     119.88  1
        2000013100  1902501      -0.44     119.84  1
        2000013103  2111527       0.27     120.37  1
        2000013106  2399105       1.08     121.07  1
        2000013109  2662771       1.50     121.27  1
        2000013112  2785985       1.69     121.32  1
        2000013115  3069171       2.37     122.03  1
        2000013118  6097437       0.82     133.20  1
        2000013121  6534159       0.93     132.67  1
        2000020100  6788550       0.94     131.69  1
        2000020103  7038527       0.95     131.27  1
        2000020106  7377286       1.00     130.65  1
        2000020109  7298858       1.16     129.64  1
        2000020112  7321175       1.26     129.49  1
        2000020115  7369489       1.46     129.60  1
        2000020118  6617803       2.55     127.10  1
        2000020121  6391647       2.89     126.85  1
        2000020200  6218079       3.03     127.09  1
        2000020203  5921946       3.57     127.64  2
        2000020206  5981850       3.77     127.51  2
        2000020209  5929699       3.86     127.30  2
        2000020212  5834267       4.08     127.44  2
        2000020215  6094729       4.04     127.25  2
        2000020218  6407473       3.91     126.70  2
        2000020221  6535119       3.80     126.07  2
        2000020300  6634697       3.67     125.63  2
        2000020303  6827129       3.61     125.25  2
        2000020306  7255394       3.29     124.51  1
        2000020309  7495115       3.07     123.86  1
        2000020312  7551604       2.95     123.59  1
        2000020315  7583094       2.87     123.62  1
        2000020318  7694853       2.46     123.52  1
        2000020321  7727672       2.18     123.46  1
        2000020400  7717963       2.07     123.35  1
        2000020403  7774179       2.02     123.07  1
        2000020406  7616913       2.10     122.96  1
        2000020409  7410505       2.06     122.68  1
        2000020412  7454614       1.91     122.50  1
        2000020415  7433411       1.86     122.56  1
        2000020418  7324527       1.78     122.28  1
        2000020421  7257576       1.65     121.77  1
        2000020500  7385228       1.43     121.45  1
        2000020503  7471459       1.35     121.53  1
        2000020506  7608464       1.18     121.71  1
        2000020509  7190757       0.94     120.70  1
        2000020512   603879      -7.56     138.46  1
        2000020515   764710      -8.24     138.98  1
        2000020518   980732     -10.92     141.50  1
        2000020521  1092761     -12.30     142.84  1
        2000020600  1349310     -12.47     143.05  1
        2000020603  1495703     -12.74     143.42  1
        2000020606  1684872     -12.90     143.66  1
        2000020609  1762229     -13.05     143.69  1
        2000020612  2061419     -12.53     143.19  1
        2000020615  2298390     -11.86     142.68  1
        2000020618  2385040     -11.62     142.44  1
        2000020621  2504075     -11.40     142.13  1
        2000020700  2470964     -11.40     141.90  1
        2000020703  2733823     -10.59     140.88  1
        2000020706  3046815     -10.06     139.92  1
        2000020709  3096885      -9.84     139.24  1
        2000020712  3211398      -9.58     138.69  1
        2000020715  3377133      -8.88     137.77  1
        2000020718  3585372      -8.59     137.31  1
        2000020721  3702287      -8.62     137.10  1
        2000020800  3649838      -8.72     136.95  1
        2000020803  3613782      -8.80     136.70  1
        2000020806  3566604      -9.04     136.31  1
        2000020809  3351930      -9.32     135.88  1
        2000020812  3260451      -9.15     134.93  1
        2000020815  3098681      -8.45     133.42  1
        2000020818  5646024      -7.12     119.00  1
        2000020821  6194351      -7.07     117.89  1
        2000020900  6379588      -7.22     116.62  1
        2000020903  6634586      -7.37     115.55  1
        2000020906  6706134      -7.52     115.05  1
        2000020909  6522652      -7.67     114.02  1
        2000020912  6142974      -7.82     112.75  1
        2000020915  5658116      -8.21     111.29  1
        2000020918  5585121      -8.43     111.15  1
        2000020921  5477620      -8.71     111.05  1
        2000021000  5204473      -8.99     110.66  1
        2000021003  4700011      -9.36     110.25  1
        2000021006  1154587     -14.26     127.05  1
        2000021009  1106408     -14.77     126.72  1
        2000021012  1038999     -15.27     126.56  1
        2000021015  1078557     -15.94     126.56  1
        2000021018  1115780     -16.80     126.92  1
        2000021021  1007093     -17.37     127.13  1
        2000021100   998873     -17.91     127.36  1
        2000021103   947589     -18.17     127.46  1
        2000021106   978743     -18.49     127.72  1
        2000021109  1006447     -18.87     127.94  1
        2000021112  1088322     -19.18     128.30  1
        2000021115   989181     -19.31     128.41  1
        2000021118  1083311     -19.48     128.69  1
        2000021121  1132088     -19.57     129.08  1
        2000021200  1057782     -19.71     129.35  1
        2000021203  1145586     -19.70     129.56  1
        2000021206  1248320     -19.64     129.81  1
        2000021209  1381616     -19.16     129.67  1
        2000021212  1663867     -18.57     130.16  1
        2000021215  1963493     -17.82     130.22  1
        2000021218  2201353     -17.29     130.05  1
        2000021221  2442090     -17.13     129.88  1
        2000021300  2550590     -16.72     129.59  1
        2000021303  2655080     -16.35     129.32  1
        2000021306  2807049     -15.85     128.82  1
        2000021309  2998694     -15.50     128.57  1
        2000021312  3063954     -15.08     128.33  1
        2000021315  3178318     -14.89     128.20  1
        2000021318  3174919     -14.59     128.15  1
        2000021321  3156767     -14.14     127.73  1
        2000021400  3088275     -13.89     127.28  1
        2000021403  2954590     -13.68     126.86  1
        2000021406  2965981     -13.67     126.68  1
        2000021409  3020527     -13.57     125.86  1
        2000021412  3033074     -13.54     125.06  1
        2000021415  3027117     -13.66     124.50  1
        2000021418  3551306     -14.12     124.46  1
        2000021421  3689424     -14.30     124.27  1
        2000021500  1469971     -18.04     138.11  1
        2000021503  1449981     -18.25     138.84  1
        2000021506  1590844     -18.13     139.24  1
        2000021509  1642852     -18.21     139.59  1
        2000021512  1596508     -18.24     139.94  1
        2000021515  1377859     -18.29     140.65  1
        2000021518  1236938     -18.22     141.47  1
        2000021521  1202935     -18.04     141.69  1
        2000021600  1153923     -18.02     142.12  1
        2000021603  1229901     -17.95     142.36  1
        2000021606  1387494     -17.97     142.50  1
        2000021609  1540705     -17.98     142.45  1
        2000021612  1616177     -17.99     142.33  1
        2000021615  1530173     -17.95     142.09  1
        2000021618  1498893     -18.01     142.33  1
        2000021621  1500862     -17.94     142.51  1
        2000021700  1478372     -17.91     142.54  1
        2000021703  1492524     -17.98     142.77  1
        2000021706  1579608     -18.01     142.99  1
        2000021709  1573706     -17.85     142.83  1
        2000021712  1552100     -17.73     142.76  1
        2000021715  1368917     -17.29     142.35  1
        2000021718   939497     -16.99     142.24  1
        2000021721   424189     -16.95     142.76  1
LPT    30.0200
        2000011318   917047       1.95      76.62  1
        2000011321  1515427       1.98      76.92  1
        2000011400  1764284       2.04      77.36  1
        2000011403  1967552       2.11      77.79  1
        2000011406  2112301       2.13      78.15  1
        2000011409  2235545       2.15      78.60  1
        2000011412  2443527       2.12      79.20  1
        2000011415  2535236       2.05      79.91  1
        2000011418  2723208       1.84      80.76  1
        2000011421  2862497       1.70      81.36  1
        2000011500  2984015       1.40      81.93  1
        2000011503  2980045       1.22      82.40  1
        2000011506  2967586       0.99      82.68  1
        2000011509  2972943       0.73      82.97  1
        2000011512  2952132       0.53      83.21  1
        2000011515  2912078       0.35      83.34  1
        2000011518  2921248       0.12      83.51  1
        2000011521  2912755      -0.14      83.64  1
        2000011600  2914271      -0.44      83.86  1
        2000011603  2820235      -0.70      84.06  1
        2000011606  2760006      -0.99      84.37  1
        2000011609  2688328      -1.24      84.72  1
        2000011612  2624309      -1.49      85.20  1
        2000011615  2794567      -2.11      86.53  1
        2000011618  2790721      -2.72      87.71  1
        2000011621  2768866      -3.39      89.09  1
        2000011700  2607956      -3.93      90.18  1
        2000011703  2421105      -4.29      90.96  1
        2000011706  2327150      -4.70      92.08  1
        2000011709  2240621      -4.92      93.18  1
        2000011712  1993209      -5.19      94.17  1
        2000011715   964110      -6.32     101.75  1
        2000011718  1050925      -6.24     102.29  1
        2000011721  1233083      -6.05     102.94  1
        2000011800  1430482      -5.94     103.83  1
        2000011803  1506799      -5.77     104.50  1
        2000011806  1589950      -5.64     104.99  1
        2000011809  1718382      -5.50     105.38  1
        2000011812  1750927      -5.38     105.73  1
        2000011815  1698340      -5.52     105.78  1
        2000011818  1709064      -5.54     105.93  1
        2000011821  1705509      -5.44     106.26  1
        2000011900  1663893      -5.51     106.56  1
        2000011903  1541899      -5.53     107.22  1
        2000011906  1548776      -5.56     107.83  1
        2000011909  5370831      -4.76     123.32  1
        2000011912  5440051      -4.68     123.42  1
        2000011915  5715938      -4.61     123.73  1
        2000011918  6034938      -4.77     123.62  1
        2000011921  6167063      -4.76     123.58  1
        2000012000  6240145      -4.92     123.65  1
        2000012003  6120162      -5.01     123.69  1
        2000012006  6129095      -5.04     123.64  1
        2000012009  6237152      -5.15     123.51  1
        2000012012  6065133      -5.25     123.61  1
        2000012015  5990597      -5.25     123.34  1
        2000012018  6004957      -5.24     122.89  1
        2000012021  5954504      -5.31     122.59  1
        2000012100  5922337      -5.26     122.58  1
        2000012103  5932352      -5.03     122.63  1
        2000012106  6021063      -4.81     122.71  1
        2000012109  6249150      -4.71     122.44  1
        2000012112  6292314      -4.70     122.17  1
        2000012115  6440889      -4.53     121.87  1
        2000012118  6421483      -4.45     121.39  1
        2000012121  6380456      -4.23     120.99  1
        2000012200  6128816      -4.16     120.72  1
        2000012203  6029568      -4.18     120.53  1
        2000012206  6018560      -4.25     120.27  1
        2000012209  5944573      -4.45     120.10  1
        2000012212  5558409      -4.37     119.89  1
        2000012215  5373798      -4.40     119.72  1
        2000012218  4941018      -4.34     119.37  1
        2000012221  4491077      -3.97     119.14  1
        2000012300  4145997      -4.01     118.93  1
        2000012303  3732859      -3.93     118.67  1
        2000012306  3565719      -4.48     118.44  1
        2000012309  3415034      -5.27     118.15  1
        2000012312  3125055      -5.40     118.22  1
        2000012315  3050411      -5.77     117.99  1
        2000012318  3056038      -6.36     117.93  1
        2000012321  2923961      -7.48     117.75  1
        2000012400  2693449      -8.37     118.01  1
        2000012403  2602095      -8.73     118.16  1
        2000012406  2583985      -9.18     118.42  1
        2000012409  2656767      -9.35     118.31  1
        2000012412  2541927      -9.55     118.28  1
        2000012415  2450772      -9.59     118.39  1
        2000012418  2410608      -9.62     118.32  1
        2000012421  2497256      -9.55     118.11  1
        2000012500  3666955      -9.51     112.11  1
        2000012503  3674473      -9.53     112.27  1
        2000012506  3799687      -9.49     111.98  1
        2000012509  3881513      -9.46     111.63  1
        2000012512  3921369      -9.43     111.57  1
        2000012515  4034549      -9.37     111.40  1
        2000012518  4155669      -9.28     111.09  1
        2000012521  4261925      -9.17     110.60  1
        2000012600  4333011      -9.01     109.92  1
        2000012603  4327894      -8.91     109.62  1
        2000012606  4391700      -8.73     108.99  1
        2000012609  4383019      -8.56     108.48  1
        2000012612  4347477      -8.46     108.07  1
        2000012615  4247814      -8.36     107.52  1
        2000012618  4219690      -8.19     107.19  1
        2000012621  4032490      -8.05     106.58  1
        2000012700  3720739      -7.92     106.06  1
        2000012703  3534689      -7.80     105.77  1
        2000012706  3414872      -7.59     105.44  1
        2000012709  3296575      -7.45     105.15  1
        2000012712  3125334      -7.35     105.08  1
        2000012715  3102869      -7.28     104.98  1
        2000012718  3079276      -7.26     105.19  1
        2000012721  3012477      -7.18     105.27  1
        2000012800  2860614      -7.13     105.31  1
        2000012803  2685919      -7.06     105.26  1
        2000012806  2598946      -7.02     105.06  1
        2000012809  2432555      -6.94     105.11  1
        2000012812  2227667      -6.89     105.33  1
        2000012815  2045431      -6.74     105.19  1
        2000012818  1768025      -6.57     104.96  1
        2000012821  1444952      -6.44     105.06  1
        2000012900  1099282      -6.33     105.83  1
        2000012903   574491      -6.18     107.23  1
        2000012918   308890      -4.39     110.66  1
        2000012921   349828      -4.12     111.00  1
        2000013000   470998      -3.73     111.87  1
        2000013003   404881      -3.41     112.66  1
        2000013006   930510      -2.93     118.73  1
        2000013009  1181440      -2.60     118.80  1
        2000013012  1451722      -2.05     119.05  1
        2000013015  1589217      -1.56     119.48  1
        2000013018  1636250      -1.16     119.57  1
        2000013021  1738615      -0.72     119.88  1
        2000013100  1902501      -0.44     119.84  1
        2000013103  2111527       0.27     120.37  1
        2000013106  2399105       1.08     121.07  1
        2000013109  2662771       1.50     121.27  1
        2000013112  2785985       1.69     121.32  1
        2000013115  3069171       2.37     122.03  1
        2000013118  6097437       0.82     133.20  1
        2000013121  6534159       0.93     132.67  1
        2000020100  6788550       0.94     131.69  1
        2000020103  7038527       0.95     131.27  1
        2000020106  7377286       1.00     130.65  1
        2000020109  7298858       1.16     129.64  1
        2000020112  7321175       1.26     129.49  1
        2000020115  7369489       1.46     129.60  1
        2000020118  6617803       2.55     127.10  1
        2000020121  6391647       2.89     126.85  1
        2000020200  6218079       3.03     127.09  1
        2000020203  5921946       3.57     127.64  2
        2000020206  5981850       3.77     127.51  2
        2000020209  5929699       3.86     127.30  2
        2000020212  5834267       4.08     127.44  2
        2000020215  6094729       4.04     127.25  2
        2000020218  6407473       3.91     126.70  2
        2000020221  6535119       3.80     126.07  2
        2000020300  6634697       3.67     125.63  2
        2000020303  6827129       3.61     125.25  2
        2000020306  7255394       3.29     124.51  1
        2000020309  7495115       3.07     123.86  1
        2000020312  7551604       2.95     123.59  1
        2000020315  7583094       2.87     123.62  1
        2000020318  7694853       2.46     123.52  1
        2000020321  7727672       2.18     123.46  1
        2000020400  7717963       2.07     123.35  1
        2000020403  7774179       2.02     123.07  1
        2000020406  7616913       2.10     122.96  1
        2000020409  7410505       2.06     122.68  1
        2000020412  7454614       1.91     122.50  1
        2000020415  7433411       1.86     122.56  1
        2000020418  7324527       1.78     122.28  1
        2000020421  7257576       1.65     121.77  1
        2000020500  7385228       1.43     121.45  1
        2000020503  7471459       1.35     121.53  1
        2000020506  7608464       1.18     121.71  1
        2000020509  7190757       0.94     120.70  1
        2000020512   603879      -7.56     138.46  1
        2000020515   764710      -8.24     138.98  1
        2000020518   980732     -10.92     141.50  1
        2000020521  1092761     -12.30     142.84  1
        2000020600  1349310     -12.47     143.05  1
        2000020603  1495703     -12.74     143.42  1
        2000020606  1684872     -12.90     143.66  1
        2000020609  1762229     -13.05     143.69  1
        2000020612  2061419     -12.53     143.19  1
        2000020615  2298390     -11.86     142.68  1
        2000020618  2385040     -11.62     142.44  1
        2000020621  2504075     -11.40     142.13  1
        2000020700  2470964     -11.40     141.90  1
        2000020703  2733823     -10.59     140.88  1
        2000020706  3046815     -10.06     139.92  1
        2000020709  3096885      -9.84     139.24  1
        2000020712  3211398      -9.58     138.69  1
        2000020715  3377133      -8.88     137.77  1
        2000020718  3585372      -8.59     137.31  1
        2000020721  3702287      -8.62     137.10  1
        2000020800  3649838      -8.72     136.95  1
        2000020803  3613782      -8.80     136.70  1
        2000020806  3566604      -9.04     136.31  1
        2000020809  3351930      -9.32     135.88  1
        2000020812  3260451      -9.15     134.93  1
        2000020815  3098681      -8.45     133.42  1
        2000020818  5646024      -7.12     119.00  1
        2000020821  6194351      -7.07     117.89  1
        2000020900  6379588      -7.22     116.62  1
        2000020903  6634586      -7.37     115.55  1
        2000020906  6706134      -7.52     115.05  1
        2000020909  6522652      -7.67     114.02  1
        2000020912  6142974      -7.82     112.75  1
        2000020915  5658116      -8.21     111.29  1
        2000020918  5585121      -8.43     111.15  1
        2000020921  5477620      -8.71     111.05  1
        2000021000  5204473      -8.99     110.66  1
        2000021003  4700011      -9.36     110.25  1
        2000021006  1154587     -14.26     127.05  1
        2000021009  1106408     -14.77     126.72  1
        2000021012  1038999     -15.27     126.56  1
        2000021015  1078557     -15.94     126.56  1
        2000021018  1115780     -16.80     126.92  1
        2000021021  1007093     -17.37     127.13  1
        2000021100   998873     -17.91     127.36  1
        2000021103   947589     -18.17     127.46  1
        2000021106   978743     -18.49     127.72  1
        2000021109  1006447     -18.87     127.94  1
        2000021112  1088322     -19.18     128.30  1
        2000021115   989181     -19.31     128.41  1
        2000021118  1083311     -19.48     128.69  1
        2000021121  1132088     -19.57     129.08  1
        2000021200  1057782     -19.71     129.35  1
        2000021203  1145586     -19.70     129.56  1
        2000021206  1248320     -19.64     129.81  1
        2000021209  1381616     -19.16     129.67  1
        2000021212  1663867     -18.57     130.16  1
        2000021215  1963493     -17.82     130.22  1
        2000021218  2201353     -17.29     130.05  1
        2000021221  2442090     -17.13     129.88  1
        2000021300  2550590     -16.72     129.59  1
        2000021303  2655080     -16.35     129.32  1
        2000021306  2807049     -15.85     128.82  1
        2000021309  2998694     -15.50     128.57  1
        2000021312  3063954     -15.08     128.33  1
        2000021315  3178318     -14.89     128.20  1
        2000021318  3174919     -14.59     128.15  1
        2000021321  3156767     -14.14     127.73  1
        2000021400  3088275     -13.89     127.28  1
        2000021403  2954590     -13.68     126.86  1
        2000021406  2965981     -13.67     126.68  1
        2000021409  3020527     -13.57     125.86  1
        2000021412  3033074     -13.54     125.06  1
        2000021415  3027117     -13.66     124.50  1
        2000021418  3551306     -14.12     124.46  1
        2000021421  3689424     -14.30     124.27  1
        2000021500  1469971     -18.04     138.11  1
        2000021503  1449981     -18.25     138.84  1
        2000021506  1590844     -18.13     139.24  1
        2000021509  1642852     -18.21     139.59  1
        2000021512  1596508     -18.24     139.94  1
        2000021515  1377859     -18.29     140.65  1
        2000021518  1236938     -18.22     141.47  1
        2000021521  1202935     -18.04     141.69  1
        2000021600  1153923     -18.02     142.12  1
        2000021603  1229901     -17.95     142.36  1
        2000021606  1387494     -17.97     142.50  1
        2000021609  1540705     -17.98     142.45  1
        2000021612  1616177     -17.99     142.33  1
        2000021615  1530173     -17.95     142.09  1
        2000021618  1498893     -18.01     142.33  1
        2000021621  1500862     -17.94     142.51  1
        2000021700  1478372     -17.91     142.54  1
        2000021703  1492524     -17.98     142.77  1
        2000021706  1579608     -18.01     142.99  1
        2000021709  1573706     -17.85     142.83  1
        2000021712  1552100     -17.73     142.76  1
        2000021715  1368917     -17.29     142.35  1
        2000021718   939497     -16.99     142.24  1
        2000021721   424189     -16.95     142.76  1
LPT    31.0100
        2000011403   318973     -27.60     222.75  1
        2000011406   558033     -27.11     222.50  1
        2000011409   729341     -26.62     222.30  1
        2000011412   882053     -26.21     222.07  1
        2000011415  1027080     -25.59     221.60  1
        2000011418  1177076     -25.18     221.22  1
        2000011421  1428138     -24.93     220.77  1
        2000011500  1663109     -24.85     220.47  1
        2000011503  1862795     -24.80     220.30  1
        2000011506  2109833     -24.68     219.98  1
        2000011509  2371747     -24.97     220.03  1
        2000011512  2572114     -25.03     219.93  1
        2000011515  2707883     -24.98     219.75  1
        2000011518  2830805     -24.86     219.48  1
        2000011521  2914394     -24.59     219.11  1
        2000011600  2884354     -23.89     218.31  1
        2000011603  2807701     -23.22     217.57  1
        2000011606  2837497     -22.87     216.96  1
        2000011609  2807671     -22.51     216.30  1
        2000011612  2712384     -22.06     215.43  1
        2000011615  2566218     -21.58     214.44  1
        2000011618  2548750     -21.36     213.75  1
        2000011621  2518336     -21.14     213.13  1
        2000011700  2542418     -21.03     212.72  1
        2000011703  2553751     -20.91     212.31  1
        2000011706  2512712     -20.74     211.91  1
        2000011709  2404573     -20.52     211.40  1
        2000011712  2341279     -20.28     210.90  1
        2000011715  2259496     -20.04     210.39  1
        2000011718  2136030     -19.76     209.86  1
        2000011721  2038733     -19.38     209.23  1
        2000011800  1845926     -18.83     208.40  1
        2000011803  1748200     -18.41     207.66  1
        2000011806  1744574     -17.96     206.84  1
        2000011809  1737625     -17.38     205.80  1
        2000011812  1751761     -16.89     204.90  1
        2000011815  1776724     -16.43     204.08  1
        2000011818  1818862     -15.96     203.12  1
        2000011821  1954253     -15.30     201.54  1
        2000011900  2080443     -14.59     199.36  1
        2000011903  2146990     -13.99     197.20  1
        2000011906  2178745     -13.59     195.65  1
        2000011909  2139744     -13.05     193.75  1
        2000011912  2040476     -12.63     192.00  1
        2000011915  2058074     -12.32     190.48  1
        2000011918  2777585     -12.00     183.93  1
        2000011921  3041224     -11.87     181.51  1
        2000012000  3400364     -11.89     180.73  1
        2000012003  3626256     -11.93     180.14  1
        2000012006  3732048     -11.97     179.78  1
        2000012009  3826531     -12.01     179.55  1
        2000012012  3927800     -12.04     179.46  1
        2000012015  3982092     -12.09     179.37  1
        2000012018  3900408     -12.10     178.95  1
        2000012021  3790800     -12.11     178.72  1
        2000012100  3634440     -12.13     178.43  1
        2000012103  3480138     -12.17     178.29  1
        2000012106  3303984     -12.20     178.00  1
        2000012109  3169936     -12.24     178.05  1
        2000012112  3139159     -12.29     178.03  1
        2000012115  3193023     -12.31     178.16  1
        2000012118  3273596     -12.30     178.33  1
        2000012121  3315311     -12.33     178.79  1
        2000012200  3208333     -12.43     179.64  1
        2000012203  3018126     -12.58     180.63  1
        2000012206  2921132     -12.75     181.46  1
        2000012209  2876519     -13.00     182.51  1
        2000012212  2969688     -13.34     183.48  1
        2000012215  3352968     -13.53     183.42  1
        2000012218  3543999     -13.76     183.49  1
        2000012221  3712745     -13.94     183.66  1
        2000012300  3909063     -14.07     183.67  1
        2000012303  4114076     -14.20     183.51  1
        2000012306  4560717     -15.28     184.93  1
        2000012309  4765351     -15.43     184.87  1
        2000012312  4981906     -15.24     184.07  1
        2000012315  5325825     -15.35     183.63  1
        2000012318  5651203     -15.47     183.23  1
        2000012321  5713793     -15.36     182.77  1
        2000012400  5547513     -14.75     181.40  1
        2000012403  7073802     -12.68     176.26  1
        2000012406  7256794     -12.49     175.62  1
        2000012409  7443732     -12.52     175.51  1
        2000012412  7678634     -12.45     175.19  1
        2000012415  7883876     -12.45     175.00  1
        2000012418  7883325     -12.52     174.88  1
        2000012421  7796803     -12.72     175.05  1
        2000012500  7696058     -12.91     175.19  1
        2000012503  7544615     -13.21     175.58  1
        2000012506  5999656     -15.69     180.34  1
        2000012509  5957607     -15.88     180.35  1
        2000012512  5938268     -15.97     180.17  1
        2000012515  5809548     -15.89     179.59  1
        2000012518  5580182     -15.86     179.09  1
        2000012521  5367632     -15.82     178.70  1
        2000012600  5210072     -15.87     178.35  1
        2000012603  5078200     -15.98     178.10  1
        2000012606  4901321     -16.11     177.94  1
        2000012609  4835497     -16.19     177.86  1
        2000012612  4776594     -16.37     177.87  1
        2000012615  4636623     -16.59     177.98  1
        2000012618  4274344     -16.71     177.92  1
        2000012621  3840895     -16.81     177.84  1
        2000012700  3596848     -16.83     177.70  1
        2000012703  3398084     -16.89     177.57  1
        2000012706  3029847     -17.15     177.60  1
        2000012709  2748208     -17.10     177.51  1
        2000012712  2335304     -16.83     176.94  1
        2000012715  1594040     -16.00     175.60  1
        2000012718   503758     -11.23     171.86  1
LPT    32.0100
        2000012600   471836      -9.88      63.37  1
        2000012603   830225     -10.13      62.29  1
        2000012606  1080220     -10.12      61.91  1
        2000012609  1326248     -10.32      61.09  1
        2000012612  1583698     -10.43      60.54  1
        2000012615  1930046     -10.46      60.29  1
        2000012618  2222465     -10.58      60.01  1
        2000012621  2469991     -10.68      59.95  1
        2000012700  2689797     -10.80      59.79  1
        2000012703  2878356     -10.86      59.71  1
        2000012706  2968732     -10.96      59.48  1
        2000012709  3049371     -11.05      59.26  1
        2000012712  3124285     -11.17      59.09  1
        2000012715  3221998     -11.28      59.02  1
        2000012718  3281029     -11.46      58.98  1
        2000012721  3340980     -11.67      59.04  1
        2000012800  3386708     -11.87      59.18  1
        2000012803  3471520     -12.01      59.36  1
        2000012806  3504659     -12.12      59.45  1
        2000012809  3561983     -12.23      59.67  1
        2000012812  3647941     -12.33      59.86  1
        2000012815  3724467     -12.41      60.12  1
        2000012818  3832756     -12.45      60.50  1
        2000012821  3915928     -12.52      60.99  1
        2000012900  3852118     -12.67      61.31  1
        2000012903  3734835     -12.84      61.70  1
        2000012906  3629354     -13.06      61.92  1
        2000012909  3586049     -13.24      62.07  1
        2000012912  3557973     -13.34      62.38  1
        2000012915  3548005     -13.39      62.71  1
        2000012918  3506481     -13.54      62.80  1
        2000012921  3562991     -13.53      63.21  1
        2000013000  3550965     -13.50      63.55  1
        2000013003  3517699     -13.41      64.01  1
        2000013006  3426617     -13.43      64.17  1
        2000013009  3346770     -13.40      64.35  1
        2000013012  3302077     -13.37      64.51  1
        2000013015  3324495     -13.19      64.94  1
        2000013018  3251173     -13.07      65.28  1
        2000013021  3172352     -12.90      65.69  1
        2000013100  3073164     -12.54      66.45  1
        2000013103  2922462     -12.26      67.01  1
        2000013106  2566951     -12.02      67.43  1
        2000013109  1878995     -10.13      70.77  1
        2000013112  1731629     -10.02      71.19  1
        2000013115  1660809      -9.91      71.68  1
        2000013118  1578076      -9.90      71.96  1
        2000013121  1495375      -9.88      72.49  1
        2000020100  1365654      -9.82      73.16  1
        2000020103  1313434      -9.75      73.69  1
        2000020106  1199133      -9.81      74.19  1
        2000020109  1115025      -9.94      74.54  1
        2000020112  1047883     -10.00      74.88  1
        2000020115   981189     -10.18      75.18  1
        2000020118   841438     -10.45      75.54  1
        2000020121   762574     -10.72      75.83  1
        2000020200   560829     -11.12      76.27  1
        2000020203   395124     -11.51      76.59  1
LPT    33.0100
        2000021306   952569      -5.11     308.78  1
        2000021309  1266314      -5.25     308.71  1
        2000021312  1456808      -5.52     308.41  1
        2000021315  1503455      -5.27     308.62  1
        2000021318  1755956      -5.07     308.93  1
        2000021321  2077724      -5.96     308.77  1
        2000021400  2104964      -6.06     308.81  1
        2000021403  2292819      -6.56     308.81  1
        2000021406  2536878      -7.13     308.62  1
        2000021409  2669761      -7.34     308.53  1
        2000021412  2766466      -7.60     308.37  1
        2000021415  2630899      -7.54     308.42  1
        2000021418  2675473      -7.46     308.63  1
        2000021421  2875629      -7.67     308.70  1
        2000021500  2751816      -7.35     309.00  1
        2000021503  2500545      -6.48     309.41  1
        2000021506  2474073      -6.40     309.55  1
        2000021509  2493364      -6.50     309.56  1
        2000021512  2317720      -6.21     309.84  1
        2000021515  1640386      -3.61     311.09  1
        2000021518  1553735      -3.58     311.12  1
        2000021521  1394182      -3.46     311.23  1
        2000021600  1034747      -2.90     311.81  1
        2000021603   787447      -2.85     311.97  1
        2000021606   563840      -2.96     312.09  1
        2000021721   828834      -5.92     310.25  1
        2000021800   977082      -5.84     309.75  1
        2000021803  1048380      -5.87     309.42  1
        2000021806  1108137      -5.93     309.32  1
        2000021809  1166829      -6.09     309.53  1
        2000021812  1092151      -6.22     309.57  1
        2000021815   971965      -6.51     309.76  1
        2000021818  1500777      -6.96     310.36  1
        2000021821  1779599      -7.24     310.46  1
        2000021900  1769176      -7.55     310.55  1
        2000021903  1745458      -7.74     310.64  1
        2000021906  1662175      -7.75     310.75  1
        2000021909  1510858      -7.78     310.92  1
        2000021912  1324865      -7.39     311.02  1
        2000021915   961860      -6.88     311.66  1
        2000021918  1117372      -6.08     311.75  1
        2000021921  1145041      -5.21     311.75  1
        2000022000   870503      -3.66     312.06  1
        2000022003   668713      -2.68     312.32  1
        2000022006   551892      -1.88     312.36  1
        2000022009   458603      -1.64     312.41  1
LPT    34.0100
        2000021609   448356      -6.46      72.83  1
        2000021612   785097      -6.58      73.19  1
        2000021615  1055721      -6.65      73.36  1
        2000021618  1415278      -6.65      72.93  1
        2000021621  1688183      -6.63      72.68  1
        2000021700  1996663      -6.69      72.72  1
        2000021703  2071946      -6.80      72.95  1
        2000021706  2132775      -6.87      73.03  1
        2000021709  2168943      -6.98      73.09  1
        2000021712  2242547      -7.09      73.18  1
        2000021715  2351066      -7.23      73.40  1
        2000021718  2421669      -7.45      74.03  1
        2000021721  2545391      -7.71      74.54  1
        2000021800  2676861      -8.02      75.21  1
        2000021803  2744718      -8.34      75.84  1
        2000021806  2677938      -8.60      76.53  1
        2000021809  2677848      -8.80      76.77  1
        2000021812  2685277      -9.01      76.94  1
        2000021815  2577349      -9.10      77.06  1
        2000021818  2479057      -9.32      77.13  1
        2000021821  2485522      -9.46      77.05  1
        2000021900  2399884      -9.63      77.02  1
        2000021903  2259865      -9.88      77.10  1
        2000021906  2152725     -10.12      77.28  1
        2000021909  1983924     -10.41      77.53  1
        2000021912  1676680     -10.99      78.07  1
        2000021915  1425645     -11.75      78.86  1
        2000021918  1192538     -12.85      80.24  1
        2000021921  1267015     -13.14      80.04  1
        2000022000  1360262     -13.38      79.58  1
        2000022003  1330262     -13.51      79.52  1
        2000022006  1341795     -13.59      79.54  1
        2000022009  1370991     -13.61      79.57  1
        2000022012  1337004     -13.65      79.41  1
        2000022015  1303014     -13.69      79.41  1
        2000022018  1299412     -13.66      79.50  1
        2000022021  1367023     -13.50      79.77  1
        2000022100  1344801     -13.45      79.72  1
        2000022103  1235551     -13.54      79.38  1
        2000022106  1256250     -13.30      79.63  1
        2000022109  1318465     -13.02      79.92  1
        2000022112  1234575     -12.95      79.90  1
        2000022115  1144748     -12.86      79.94  1
        2000022118  1368242     -12.52      80.32  1
        2000022121  1487217     -12.08      80.77  1
        2000022200  1600278     -11.53      81.35  1
        2000022203  1659302     -11.10      81.72  1
        2000022206  1705988     -10.72      81.88  1
        2000022209  1690880     -10.42      82.03  1
        2000022212  1744815     -10.24      81.99  1
        2000022215  1701484      -9.84      82.34  1
        2000022218  1702502      -9.53      82.51  1
        2000022221  1768372      -9.46      82.39  1
        2000022300  1573689      -8.88      83.18  1
        2000022303  1473468      -8.47      83.72  1
        2000022306  1666076      -8.06      84.49  1
        2000022309  1746227      -7.73      85.23  1
        2000022312  1558526      -7.67      85.44  1
        2000022315  1508699      -7.70      85.67  1
        2000022318  1477395      -7.89      85.61  1
        2000022321  1517067      -8.28      85.41  1
        2000022400  1288250      -8.87      84.23  1
        2000022403   967860     -10.14      81.52  1
        2000022406  1063383     -10.43      81.24  1
        2000022409   954650     -10.73      80.42  1
        2000022412   747174     -10.88      79.70  1
        2000022415   660795     -10.85      79.26  1
        2000022418   609265     -10.83      79.13  1
        2000022421   587908     -10.90      78.76  1
        2000022500   591266     -11.12      78.74  1
        2000022503  1599931      -9.06      88.68  1
        2000022506  1999075      -9.38      88.94  1
        2000022509  2481742      -9.22      90.17  1
        2000022512  2720249      -9.29      90.35  1
        2000022515  3090875      -8.90      92.49  1
        2000022518  3442291      -8.80      92.95  1
        2000022521  3692447      -8.69      93.57  1
        2000022600  3780510      -8.56      94.49  1
        2000022603  3894917      -8.54      94.96  1
        2000022606  3995242      -8.25      96.06  1
        2000022609  3922245      -8.17      96.65  1
        2000022612  3792945      -8.27      96.80  1
        2000022615  3926519      -8.38      96.69  1
        2000022618  3995896      -8.35      96.84  1
        2000022621  4059578      -8.11      97.18  1
        2000022700  3973514      -7.71      97.69  1
        2000022703  1765623     -10.85      83.50  1
        2000022706  1695674     -10.74      82.83  1
        2000022709  1570011     -10.56      82.30  1
        2000022712  1518859     -10.46      81.86  1
        2000022715  1571337     -10.44      81.55  1
        2000022718  1628875     -10.46      81.10  1
        2000022721  1722688     -10.51      80.51  1
        2000022800  1711221     -10.52      80.16  1
        2000022803  1670419     -10.48      79.45  1
        2000022806  1540431     -10.38      78.74  1
        2000022809  1468084     -10.28      78.01  1
        2000022812  1512124     -10.30      76.79  1
        2000022815  1485018     -10.25      76.64  1
        2000022818  1612341     -10.32      75.41  1
        2000022821  1797094     -10.56      73.02  1
        2000022900  1922041     -10.73      71.36  1
        2000022903  2045148     -10.81      70.70  1
        2000022906  2099669     -10.93      70.05  1
        2000022909  2148768     -11.07      69.42  1
        2000022912  2076015     -11.28      69.09  1
        2000022915  2166726     -11.39      68.52  1
        2000022918  2064766     -11.46      67.45  1
        2000022921  1082245     -12.40      58.07  1
        2000030100  1110878     -12.57      56.60  1
        2000030103  1038555     -12.76      55.65  1
        2000030106  1067413     -12.86      55.05  1
        2000030109  1139037     -12.99      54.77  1
        2000030112  1127278     -13.09      54.57  1
        2000030115  1116061     -13.24      54.33  1
        2000030118  1129099     -13.34      54.21  1
        2000030121  1146006     -13.41      53.92  1
        2000030200  1156346     -13.44      53.58  1
        2000030203  1117892     -13.48      53.09  1
        2000030206  1104837     -13.54      52.69  1
        2000030209  1158343     -13.64      52.47  1
        2000030212  1203325     -13.78      52.15  1
        2000030215  1251871     -13.94      51.85  1
        2000030218  1272598     -14.10      51.55  1
        2000030221  1250945     -14.23      51.28  1
        2000030300  1164722     -14.42      50.86  1
        2000030303  1054732     -14.61      50.47  1
        2000030306  1024821     -14.78      50.21  1
        2000030309  1018043     -14.95      50.04  1
        2000030312  1001937     -15.20      49.82  1
        2000030315   960071     -15.40      49.60  1
        2000030318   820427     -15.74      49.37  1
        2000030321   737633     -16.04      49.18  1
        2000030400   600669     -16.68      49.01  1
        2000030403   441040     -17.28      48.82  1
        2000030406   368827     -17.63      48.68  1
        2000030409   313840     -17.93      48.50  1
        2000030415   304558     -18.20      48.23  1
        2000030418   314598     -18.32      48.18  1
        2000030421   306993     -18.48      48.20  1
        2000030500   310957     -18.71      48.22  1
LPT    35.0100
        2000021818   312411     -18.32      48.66  1
        2000021821   433678     -18.20      48.32  1
        2000021900   529675     -17.98      47.95  1
        2000021903   612441     -17.83      47.71  1
        2000021906   681594     -17.61      47.40  1
        2000021909   830160     -17.45      47.09  1
        2000021912   997101     -17.34      46.70  1
        2000021915  1093071     -17.29      46.48  1
        2000021918  1136191     -17.35      46.41  1
        2000021921  1174242     -17.38      46.23  1
        2000022000  1215365     -17.39      45.99  1
        2000022003  1243397     -17.49      45.80  1
        2000022006  1272780     -17.60      45.44  1
        2000022009  1312910     -17.64      45.22  1
        2000022012  1339115     -17.67      44.97  1
        2000022015  1336781     -17.69      44.72  1
        2000022018  1284710     -17.78      44.61  1
        2000022021  1211893     -17.91      44.52  1
        2000022100  1187667     -18.02      44.42  1
        2000022103  1179228     -18.19      44.21  1
        2000022106  1191006     -18.39      43.93  1
        2000022109  1196792     -18.62      43.71  1
        2000022112  1223639     -18.85      43.43  1
        2000022115  1238078     -18.98      43.16  1
        2000022118  1216149     -19.09      42.82  1
        2000022121  1146404     -19.26      42.13  1
        2000022200  1121083     -19.45      41.56  1
        2000022203  1050290     -19.71      41.23  1
        2000022206  1042448     -19.91      40.89  1
        2000022209  1013933     -20.06      40.48  1
        2000022212   965770     -20.24      39.98  1
        2000022215   877317     -20.39      39.49  1
        2000022218   775486     -20.50      39.06  1
        2000022221   715265     -20.54      38.56  1
        2000022300   631218     -20.59      38.09  1
        2000022303   568292     -20.60      37.59  1
        2000022306   505406     -20.61      37.05  1
        2000022309   385502     -20.57      36.56  1
        2000022312   346552     -20.53      36.25  1
        2000022315   361056     -20.51      35.71  1
        2000022318   343632     -20.54      35.18  1
        2000022321   479494     -20.57      34.48  1
        2000022400   618662     -20.66      33.87  1
        2000022403   738545     -20.66      33.62  1
        2000022406   808084     -20.62      33.43  1
        2000022409   850124     -20.60      33.22  1
        2000022412   949660     -20.50      33.12  1
        2000022415  1203229     -20.22      32.97  1
        2000022418  1208224     -20.23      32.86  1
        2000022421  1226636     -20.18      32.62  1
        2000022500  1201774     -20.12      32.40  1
        2000022503  1111422     -20.09      32.18  1
        2000022506  1072775     -20.02      32.11  1
        2000022509   966429     -19.99      31.99  1
        2000022512   926967     -19.92      31.88  1
        2000022515   922662     -19.78      31.67  1
        2000022518   846717     -19.86      31.57  1
        2000022521   781323     -19.88      31.46  1
        2000022600   656068     -19.99      31.35  1
        2000022603   584425     -19.94      31.26  1
        2000022606   511232     -19.91      31.28  1
        2000022609   377029     -19.88      31.34  1
        2000022612   342979     -19.84      31.32  1
        2000022615   356401     -19.68      31.33  1
LPT    36.0100
        2000022009   352728     -11.55     175.52  1
        2000022012   603247     -11.86     174.88  1
        2000022015   909280     -12.29     174.09  1
        2000022018  1162306     -12.84     173.50  1
        2000022021  1456445     -13.43     173.02  1
        2000022100  1739423     -13.97     172.79  1
        2000022103  2046614     -14.37     172.51  1
        2000022106  2304757     -14.57     172.16  1
        2000022109  2405596     -14.92     172.15  1
        2000022112  2514814     -15.17     172.02  1
        2000022115  2678823     -15.40     171.87  1
        2000022118  2727428     -15.74     171.84  1
        2000022121  2776658     -16.08     171.65  1
        2000022200  2818856     -16.38     171.56  1
        2000022203  2910520     -16.61     171.45  1
        2000022206  2936891     -16.76     171.28  1
        2000022209  2966304     -16.86     171.12  1
        2000022212  2974589     -16.89     170.87  1
        2000022215  3054021     -16.81     170.41  1
        2000022218  3104448     -16.75     169.99  1
        2000022221  3092289     -16.69     169.58  1
        2000022300  3073375     -16.59     169.18  1
        2000022303  3036988     -16.48     168.65  1
        2000022306  2920552     -16.30     168.04  1
        2000022309  2800532     -16.10     167.48  1
        2000022312  2742011     -16.03     166.89  1
        2000022315  4484433     -17.13     156.18  1
        2000022318  4571127     -16.91     154.42  1
        2000022321  4650601     -16.70     153.07  1
        2000022400  4590823     -16.53     151.45  1
        2000022403  4548665     -16.38     150.16  1
        2000022406  4702952     -16.27     148.98  1
        2000022409  4748900     -16.18     148.06  1
        2000022412  4683673     -16.12     147.33  1
        2000022415  4311326     -16.09     146.75  1
        2000022418  4024965     -16.01     146.30  1
        2000022421  3688548     -15.88     146.06  1
        2000022500  3301627     -15.90     145.76  1
        2000022503  3158013     -15.92     145.66  1
        2000022506  3266878     -15.89     144.78  1
        2000022509  3335927     -15.89     144.13  1
        2000022512  3294840     -15.90     144.03  1
        2000022515  3076752     -15.90     143.92  1
        2000022518  2850057     -15.87     144.00  1
        2000022521  2530565     -15.60     144.84  1
        2000022600  1944245     -15.06     148.91  1
        2000022603  1909531     -14.86     149.12  1
        2000022606  1972982     -14.70     148.57  1
        2000022609  2034802     -14.56     148.28  1
        2000022612  2108169     -14.45     148.31  1
        2000022615  1971387     -14.39     148.30  1
        2000022618  2029882     -14.22     147.55  1
        2000022621  2067854     -14.15     147.41  1
        2000022700  2116360     -14.09     147.18  1
        2000022703  2163987     -13.97     146.99  1
        2000022706  2276854     -13.76     146.55  1
        2000022709  2324436     -13.66     146.06  1
        2000022712  2319071     -13.51     146.52  1
        2000022715  2057823     -13.37     146.87  1
        2000022718  2477980     -13.17     146.54  1
        2000022721  2581105     -13.09     146.24  1
        2000022800  2889288     -13.41     148.42  1
        2000022803  3215043     -13.61     149.52  1
        2000022806  3492272     -13.75     149.80  1
        2000022809  3549274     -13.87     150.00  1
        2000022812  3561799     -14.04     150.20  1
        2000022815  2204179     -12.87     144.01  1
        2000022818  2496558     -12.73     143.61  1
        2000022821  2496614     -12.55     142.86  1
        2000022900  2517165     -12.27     142.21  1
        2000022903  4503434      -4.99     139.53  1
        2000022906  5181243      -4.27     139.00  1
        2000022909  5533687      -3.76     138.87  1
        2000022912  5815893      -3.26     138.73  1
        2000022915  5543344      -2.50     138.03  1
        2000022918  6267928      -2.73     138.23  1
        2000022921  6255697      -2.33     138.29  1
        2000030100  6336431      -2.03     138.44  1
        2000030103  6105608      -1.53     138.07  1
        2000030106  6036042      -1.47     138.25  1
        2000030109  6070118      -1.60     138.47  1
        2000030112  6216057      -1.71     138.64  1
        2000030115  5915095      -1.49     138.48  1
        2000030118  6179307      -1.76     138.55  1
        2000030121  6286531      -2.02     138.45  1
        2000030200  6286851      -2.17     138.30  1
        2000030203  6026564      -2.19     138.04  1
        2000030206  5964505      -2.58     137.70  1
        2000030209  5985938      -2.88     137.33  1
        2000030212  6054401      -3.18     136.91  1
        2000030215  5785491      -3.80     136.07  1
        2000030218  7437596      -5.86     133.45  1
        2000030221  7183275      -6.66     132.08  1
        2000030300  7034036      -6.75     131.80  1
        2000030303  6451434      -7.10     131.25  1
        2000030306  6587779      -7.09     131.39  1
        2000030309  6296379      -7.55     131.03  1
        2000030312  5973967      -8.30     130.35  1
        2000030315  4253052     -13.58     129.17  1
        2000030318  4298110     -13.67     128.92  1
        2000030321  4164513     -13.80     128.54  1
        2000030400  3991055     -13.89     128.09  1
        2000030403  3672061     -13.99     127.87  1
        2000030406  3579618     -13.98     128.10  1
        2000030409  3447562     -13.91     128.29  1
        2000030412  3249328     -13.86     128.60  1
        2000030415  2984618     -13.78     128.98  1
        2000030418  3044564     -13.83     128.70  1
        2000030421  3038546     -13.90     128.35  1
        2000030500  2943394     -14.03     127.87  1
        2000030503  2839212     -14.11     127.51  1
        2000030506  2846769     -14.27     127.26  1
        2000030509  2805567     -14.45     126.79  1
        2000030512  2767649     -14.61     126.31  1
        2000030515  2667616     -14.75     125.79  1
        2000030518  2632912     -14.91     125.25  1
        2000030521  2607065     -15.13     124.51  1
        2000030600  2494873     -15.43     123.83  1
        2000030603  2403993     -15.71     123.34  1
        2000030606  2487114     -15.93     123.20  1
        2000030609  2553822     -16.21     123.03  1
        2000030612  2527903     -16.44     122.79  1
        2000030615  2507420     -16.65     122.61  1
        2000030618  2453820     -16.92     122.47  1
        2000030621  2416550     -17.18     122.30  1
        2000030700  2388509     -17.35     122.10  1
        2000030703  2316002     -17.50     121.92  1
        2000030706  2381497     -17.60     121.86  1
        2000030709  2435429     -17.73     121.69  1
        2000030712  2459098     -17.87     121.63  1
        2000030715  2419646     -18.02     121.51  1
        2000030718  2450176     -18.19     121.40  1
        2000030721  2385116     -18.41     121.41  1
        2000030800  2305993     -18.59     121.47  1
        2000030803  2255965     -18.74     121.44  1
        2000030806  2320829     -18.79     121.53  1
        2000030809  2354814     -18.86     121.53  1
        2000030812  2345802     -18.99     121.56  1
        2000030815  2279171     -19.12     121.47  1
        2000030818  2257272     -19.29     121.60  1
        2000030821  2152804     -19.45     121.73  1
        2000030900  1917743     -19.69     121.87  1
        2000030903  1795386     -19.81     122.09  1
        2000030906  1793628     -19.84     122.37  1
        2000030909  1725053     -19.87     122.56  1
        2000030912  1569990     -20.01     122.53  1
        2000030915  1382796     -20.19     122.29  1
        2000030918  1207491     -20.39     122.08  1
        2000030921  1020122     -20.40     121.92  1
        2000031000   779279     -20.41     121.81  1
        2000031003   500179     -20.16     122.21  1
        2000031006   444060     -20.26     122.26  1
LPT    37.0100
        2000022315   355672     -14.71     199.25  1
        2000022318   451871     -14.78     199.54  1
        2000022321   561052     -14.71     199.76  1
        2000022400   651052     -14.58     199.97  1
        2000022403   726953     -14.45     200.14  1
        2000022406   759375     -14.37     200.35  1
        2000022409   883898     -14.27     200.19  1
        2000022412  1066475     -14.10     200.15  1
        2000022415  1243622     -14.00     199.87  1
        2000022418  1299682     -14.01     199.66  1
        2000022421  1376576     -13.93     199.52  1
        2000022500  1380003     -13.86     199.47  1
        2000022503  1275948     -13.85     199.67  1
        2000022506  1141163     -13.84     200.05  1
        2000022509  1130291     -13.77     200.17  1
        2000022512  1057657     -13.75     200.65  1
        2000022515   872577     -13.72     201.21  1
        2000022518   678515     -13.66     201.71  1
        2000022521   630641     -13.61     201.95  1
        2000022600   537762     -13.53     202.07  1
        2000022603   383993     -13.43     202.03  1
        2000022621   309248     -13.12     200.84  1
        2000022700   415930     -13.20     200.53  1
        2000022703   469972     -13.25     200.23  1
        2000022706   528402     -13.34     199.99  1
        2000022709   547734     -13.42     199.84  1
        2000022712   579162     -13.47     199.89  1
        2000022715   625170     -13.67     199.98  1
        2000022718   679137     -13.94     200.16  1
        2000022721   704176     -14.08     200.33  1
        2000022800   729136     -14.23     200.45  1
        2000022803   747219     -14.42     200.49  1
        2000022806   793073     -14.55     200.49  1
        2000022809   837402     -14.68     200.42  1
        2000022812   872684     -14.81     200.44  1
        2000022815   925711     -14.97     200.45  1
        2000022818  1001056     -15.11     200.47  1
        2000022821  1081679     -15.21     200.56  1
        2000022900  1178679     -15.29     200.56  1
        2000022903  1266991     -15.31     200.50  1
        2000022906  1328516     -15.34     200.49  1
        2000022909  1363222     -15.37     200.45  1
        2000022912  1401789     -15.49     200.49  1
        2000022915  1405942     -15.74     200.54  1
        2000022918  1366802     -16.14     200.62  1
        2000022921  1373083     -16.59     200.75  1
        2000030100  1301497     -17.00     200.84  1
        2000030103  1203171     -17.49     201.00  1
        2000030106  1094054     -17.90     201.16  1
        2000030109   929350     -18.38     201.32  1
        2000030112   846978     -18.75     201.49  1
        2000030115   709689     -19.26     201.69  1
        2000030118   470299     -20.19     202.02  1
LPT    38.0100
        2000030621   446533     -13.32     189.38  1
        2000030700   695068     -13.38     188.89  1
        2000030703   918913     -13.36     188.65  1
        2000030706  1161138     -13.42     188.31  1
        2000030709  1432511     -13.46     187.94  1
        2000030712  1774760     -13.52     187.62  1
        2000030715  2144374     -13.58     187.17  1
        2000030718  2704813     -13.26     185.01  1
        2000030721  3196551     -13.06     183.28  1
        2000030800  3501425     -13.09     182.73  1
        2000030803  3787379     -13.11     182.29  1
        2000030806  4037893     -13.10     181.75  1
        2000030809  4180379     -13.20     181.62  1
        2000030812  4377814     -13.43     181.56  1
        2000030815  4591806     -13.62     181.37  1
        2000030818  4954229     -13.75     180.68  1
        2000030821  4998446     -13.86     180.59  1
        2000030900  4972178     -14.02     180.68  1
        2000030903  4987045     -14.14     180.75  1
        2000030906  5177642     -14.09     180.19  1
        2000030909  5292666     -14.12     180.00  1
        2000030912  5418100     -14.08     179.58  1
        2000030915  5493906     -14.09     179.30  1
        2000030918  5637327     -14.17     178.90  1
        2000030921  5687045     -14.38     178.87  1
        2000031000  5742827     -14.63     178.92  1
        2000031003  5788709     -14.71     178.63  1
        2000031006  5950133     -14.93     178.49  1
        2000031009  6062154     -15.08     178.37  1
        2000031012  6100740     -15.12     177.98  1
        2000031015  6101942     -15.26     177.81  1
        2000031018  7495036     -13.52     171.76  1
        2000031021  7659333     -13.62     171.41  1
        2000031100  7575958     -13.97     171.77  1
        2000031103  7669001     -14.22     171.89  1
        2000031106  7907587     -14.31     171.41  1
        2000031109  7914973     -14.72     171.87  1
        2000031112  7993871     -14.78     171.79  1
        2000031115  7597373     -15.21     173.12  1
        2000031118  8226941     -14.52     170.77  1
        2000031121  7803551     -14.70     170.93  1
        2000031200  7681791     -14.80     170.08  2
        2000031203  7621593     -14.87     169.64  2
        2000031206  8004535     -14.56     168.03  1
        2000031209  7799498     -14.53     167.63  1
        2000031212  7623995     -14.23     167.07  1
        2000031215  7032433     -14.07     167.42  1
        2000031218  7659387     -12.91     163.78  1
        2000031221  6710724     -10.63     158.85  1
        2000031300  6781974     -10.47     158.04  1
        2000031303  7135594     -10.32     157.13  1
        2000031306  7404125     -10.22     156.20  1
        2000031309  7874356      -9.99     154.18  1
        2000031312  8203951      -9.43     153.07  1
        2000031315  8110746      -9.16     152.56  1
        2000031318  8901433      -8.61     150.97  1
        2000031321  8815323      -8.37     149.73  1
        2000031400  8603223      -8.31     149.00  1
        2000031403  8807304      -8.11     148.05  1
        2000031406  8907681      -8.00     146.83  1
        2000031409  8735486      -8.06     145.75  1
        2000031412  8641615      -8.13     145.12  1
        2000031415  8216299      -8.16     144.08  1
        2000031418  8464801      -8.01     142.94  1
        2000031421  7889451      -8.05     141.24  1
        2000031500  7434757      -8.00     140.12  1
        2000031503  7067863      -7.96     139.24  1
        2000031506  7065065      -7.83     138.26  1
        2000031509  6840501      -7.72     137.38  1
        2000031512  7014466      -7.28     136.45  1
        2000031515  6548845      -6.93     135.02  2
        2000031518  7642563      -5.99     134.88  1
        2000031521  7524016      -4.96     134.17  1
        2000031600  5765320      -3.33     130.59  1
        2000031603  5861853      -2.24     131.37  1
        2000031606  5870732      -1.22     131.63  1
        2000031609  5818758      -0.62     131.60  1
        2000031612  5802578      -0.05     131.62  1
        2000031615  5418837       1.09     131.69  1
        2000031618  5658119       1.66     131.99  1
        2000031621  5603309       2.24     132.10  1
        2000031700  5538303       2.69     132.16  1
        2000031703  5720980       3.14     131.99  1
        2000031706  5738883       3.61     131.85  1
        2000031709  5622619       4.05     131.77  1
        2000031712  5679199       4.26     131.77  1
        2000031715  5666091       4.62     131.57  1
        2000031718  5996417       4.78     131.49  1
        2000031721  6069128       4.93     131.27  1
        2000031800  6119072       5.02     131.25  1
        2000031803  6154171       5.20     131.13  1
        2000031806  6180094       5.30     130.91  1
        2000031809  6030423       5.34     130.73  1
        2000031812  5886734       5.56     130.74  1
        2000031815  5633564       5.81     130.58  1
        2000031818  5609523       5.96     130.67  1
        2000031821  5172943       6.50     130.63  1
        2000031900  4765150       6.95     130.45  1
        2000031903  4464937       7.36     130.17  1
        2000031906  4022165       7.84     129.82  1
        2000031909  3497244       8.36     129.48  1
        2000031912  3105954       8.91     129.11  1
        2000031915  2621170       9.64     128.67  1
        2000031918  2127602      10.97     128.02  1
        2000031921  1388142      13.06     127.29  1
        2000032000  1166379      13.62     127.04  1
        2000032003   973919      13.96     126.88  1
        2000032006   506534      14.70     127.16  1
LPT    39.0100
        2000032321   550547      -1.61     298.46  1
        2000032400   376898      -1.37     298.54  1
        2000032403   398508      -1.38     298.30  1
        2000032406   373071      -1.03     298.54  1
        2000032409   708079      -1.02     298.50  1
        2000032412   860081      -0.82     298.59  1
        2000032415   936395      -0.85     298.74  1
        2000032418  1390338      -1.22     298.42  1
        2000032421  2238069      -1.68     297.40  1
        2000032500  2178723      -1.67     297.44  1
        2000032503  2401553      -1.56     297.25  1
        2000032506  2589347      -1.40     296.53  1
        2000032509  2854679      -1.28     295.43  1
        2000032512  2818941      -1.19     294.79  1
        2000032515  2763022      -1.06     294.32  1
        2000032518  3340835      -1.00     294.54  1
        2000032521  3887610      -0.76     294.99  1
        2000032600  3840453      -0.53     294.93  1
        2000032603  4211345      -0.30     295.44  1
        2000032606  4351963      -0.22     296.08  1
        2000032609  4522953       0.03     296.71  1
        2000032612  4653881       0.21     297.55  1
        2000032615  4742881       0.39     298.20  1
        2000032618  5067985       0.47     298.73  1
        2000032621  5340687       0.61     298.94  1
        2000032700  5300189       0.74     299.03  1
        2000032703  5458809       0.78     299.18  1
        2000032706  5513601       0.78     299.35  1
        2000032709  5636579       0.77     299.43  1
        2000032712  5610588       0.74     299.52  1
        2000032715  5595650       0.68     299.67  1
        2000032718  5640734       0.59     299.86  1
        2000032721  5668251       0.51     300.01  1
        2000032800  5387971       0.56     300.50  1
        2000032803  5337042       0.50     300.71  1
        2000032806  5130847       0.38     301.14  1
        2000032809  4964062       0.21     301.79  1
        2000032812  4762586       0.00     302.40  1
        2000032815  4656420      -0.21     302.98  1
        2000032818  4700882      -0.49     303.61  1
        2000032821  4464262      -0.80     304.23  1
        2000032900  4098564      -1.05     305.45  1
        2000032903  4176749      -1.22     307.76  1
        2000032906  4039262      -1.34     310.84  1
        2000032909  3910140      -1.40     312.11  1
        2000032912  3762992      -1.40     313.66  1
        2000032915  3578629      -1.36     315.28  1
        2000032918  3565814      -1.39     316.47  1
        2000032921  3206571      -1.34     318.70  1
        2000033000  2890810      -1.13     320.75  1
        2000033003  3092599      -1.14     320.71  1
        2000033006  3248101      -1.12     320.91  1
        2000033009  3378251      -1.13     321.02  1
        2000033012  3488447      -1.11     321.43  1
        2000033015  3689725      -1.03     322.18  1
        2000033018  3972450      -1.04     322.80  1
        2000033021  4094169      -1.05     323.23  1
        2000033100  4091966      -0.95     324.03  1
        2000033103  4182359      -0.67     325.44  1
        2000033106  3895987      -0.59     325.70  1
        2000033109  3855821      -0.51     325.95  1
        2000033112  3761803      -0.46     326.08  1
        2000033115  3781104      -0.37     326.37  1
        2000033118  3804392      -0.24     326.67  1
        2000033121  3669053      -0.13     326.70  1
        2000040100  3563028       0.04     327.05  1
        2000040103  3462368       0.16     327.27  1
        2000040106  3400913       0.22     327.55  1
        2000040109  3190759       0.31     327.71  1
        2000040112  2964967       0.41     328.13  1
        2000040115  2611728       0.49     329.17  1
        2000040118  2167236       0.57     330.57  1
        2000040121  1597555       0.82     332.46  1
        2000040200  1399211       0.92     333.23  1
        2000040203  1288849       0.99     333.83  1
        2000040206  1117485       1.10     334.63  1
        2000040209   964641       1.16     335.69  1
        2000040212   824120       1.20     336.65  1
        2000040215   613288       1.28     337.32  1
LPT    40.0100
        2000040806   382437       0.18     315.74  1
        2000040809   514512       0.23     316.11  1
        2000040812   622632       0.23     316.59  1
        2000040815   715286       0.27     317.03  1
        2000040818   875102       0.28     317.20  1
        2000040821   974676       0.27     317.43  1
        2000040900   938359       0.38     317.97  1
        2000040903   966124       0.43     318.20  1
        2000040906  1069554       0.40     318.22  1
        2000040909  1189191       0.37     318.15  1
        2000040912  1200029       0.34     318.02  1
        2000040915  1190810       0.32     317.88  1
        2000040918  1340607       0.20     317.26  1
        2000040921  1422522       0.09     316.86  1
        2000041000  1347679       0.04     317.16  1
        2000041003  1255850      -0.04     317.36  1
        2000041006  1130801      -0.13     317.60  1
        2000041009  1043581      -0.16     317.64  1
        2000041012   807293      -0.21     317.94  1
        2000041015   599521      -0.22     318.40  1
        2000041018   964730      -0.95     310.13  1
        2000041021   872365      -1.79     300.76  1
        2000041100   570461      -2.18     298.39  1
        2000041103   666022      -2.51     296.63  1
        2000041106   473712      -3.03     294.12  1
        2000041109   886009      -2.20     296.50  1
        2000041112  1042739      -1.92     297.16  1
        2000041115   355426      -3.71     290.52  1
        2000041118  1736561      -1.51     299.40  1
        2000041121  2181595      -1.41     299.09  1
        2000041200  2003862      -0.90     299.57  1
        2000041203  2269340      -0.77     299.75  1
        2000041206  2292689      -0.48     300.77  1
        2000041209  2463219      -0.42     300.61  1
        2000041212  2370710      -0.31     300.73  1
        2000041215  2414714      -0.29     300.57  1
        2000041218  2644539      -0.35     300.76  1
        2000041221  2754002      -0.37     300.25  1
        2000041300  2461839      -0.10     300.52  1
        2000041303  2483419      -0.02     300.30  1
        2000041306  2348403       0.06     300.36  1
        2000041309  2447093       0.04     300.38  1
        2000041312  2474047      -0.05     300.33  1
        2000041315  2408486      -0.11     300.58  1
        2000041318  2516377      -0.15     301.07  1
        2000041321  2538860      -0.14     301.68  1
        2000041400  2413167      -0.08     302.47  1
        2000041403  2687973      -0.25     305.63  1
        2000041406  2899992      -0.41     308.20  1
        2000041409  3236706      -0.62     309.92  1
        2000041412  3550868      -0.84     311.63  1
        2000041415  3870518      -0.98     313.23  1
        2000041418  4256033      -1.18     314.13  1
        2000041421  4315989      -1.32     315.72  1
        2000041500  4598804      -1.34     317.15  1
        2000041503  4861531      -1.24     318.58  1
        2000041506  4994683      -1.13     319.62  1
        2000041509  5040059      -1.08     319.90  1
        2000041512  5060139      -0.97     320.22  1
        2000041515  5080106      -0.93     320.57  1
        2000041518  5130767      -0.92     320.78  1
        2000041521  5073464      -0.78     321.18  1
        2000041600  5050494      -0.68     321.60  1
        2000041603  5086865      -0.55     322.06  1
        2000041606  5097107      -0.44     322.73  1
        2000041609  5233732      -0.34     323.38  1
        2000041612  5328783      -0.23     324.22  1
        2000041615  5357295      -0.13     324.96  1
        2000041618  5480646      -0.12     325.02  1
        2000041621  5469807      -0.14     325.38  1
        2000041700  5283374      -0.08     326.16  1
        2000041703  5080568      -0.06     326.91  1
        2000041706  4798582       0.06     327.70  1
        2000041709  4595982       0.08     327.93  1
        2000041712  4318686       0.17     328.13  1
        2000041715  3184253       0.69     332.34  1
        2000041718  2911475       0.86     332.85  1
        2000041721  2687255       1.05     333.44  1
        2000041800  2466801       1.33     334.45  1
        2000041803  2201552       1.60     335.91  1
        2000041806  1831134       1.89     338.32  1
        2000041809  1536308       1.97     340.04  1
        2000041812  1567877       1.91     340.69  1
        2000041815  1591029       1.83     341.09  1
        2000041818  1496221       1.80     341.37  1
        2000041821  1396013       1.75     341.53  1
        2000041900  1269574       1.72     341.77  1
        2000041903  1160849       1.67     341.94  1
        2000041906  1041235       1.75     342.27  1
        2000041909   772701       1.90     342.41  1
        2000041912   358259       2.00     342.68  1
LPT    41.0100
        2000041218   451048     -10.05     136.83  1
        2000041221   525748      -9.94     136.77  1
        2000041300   617043      -9.93     136.66  1
        2000041303   682505      -9.90     136.84  1
        2000041306   785282      -9.85     136.90  1
        2000041309   773497      -9.68     137.05  1
        2000041312   732091      -9.48     137.26  1
        2000041315   852365      -9.17     137.06  1
        2000041318  1121266      -8.66     136.99  1
        2000041321  1163369      -8.35     136.83  1
        2000041400  1307824      -8.03     136.57  1
        2000041403  1487267      -7.57     136.26  1
        2000041406  1710000      -7.01     135.81  1
        2000041409  1871421      -6.33     135.20  1
        2000041412  2098134      -5.58     134.50  1
        2000041415  2393442      -4.73     133.68  1
        2000041418  2841630      -4.08     133.13  1
        2000041421  3123440      -3.67     132.74  1
        2000041500  3193757      -3.26     132.50  1
        2000041503  3219326      -2.90     132.43  1
        2000041506  3282826      -2.47     132.28  1
        2000041509  3257591      -1.90     132.24  1
        2000041512  3289653      -1.63     132.50  1
        2000041515  3379973      -1.30     132.85  1
        2000041518  3529856      -0.72     133.07  1
        2000041521  3688400      -0.09     133.32  1
        2000041600  3755280       0.52     133.63  1
        2000041603  3839517       1.07     134.04  1
        2000041606  3957447       1.49     134.32  1
        2000041609  3994707       1.92     134.53  1
        2000041612  4117141       2.27     134.81  1
        2000041615  4296934       2.54     135.12  1
        2000041618  4422829       2.83     135.43  1
        2000041621  4376602       3.25     135.71  1
        2000041700  4306718       3.53     136.10  1
        2000041703  4260330       3.83     136.52  1
        2000041706  4180186       4.10     136.98  1
        2000041709  4123742       4.20     137.39  1
        2000041712  4161957       4.21     137.79  1
        2000041715  4273200       4.18     138.28  1
        2000041718  4391714       4.11     138.94  1
        2000041721  4330488       4.13     139.57  1
        2000041800  4354824       4.02     140.33  1
        2000041803  4355849       3.95     140.71  1
        2000041806  4415354       3.79     140.87  1
        2000041809  4380388       3.67     140.88  1
        2000041812  4427800       3.52     140.85  1
        2000041815  4277754       3.49     140.93  1
        2000041818  4069919       3.48     140.77  1
        2000041821  3933977       3.38     140.45  1
        2000041900  3637048       3.09     140.48  1
        2000041903  3139292       2.68     140.58  1
        2000041906  2684554       2.25     140.26  1
        2000041909  2066913       1.73     140.68  1
        2000041912  1408625       1.11     142.47  1
        2000041915   963670       0.64     142.78  1
        2000041918   436465       0.37     142.87  1
LPT    42.0100
        2000042518   593973     -10.49     162.57  1
        2000042521   715701     -10.71     162.75  1
        2000042600   870706     -10.87     162.94  1
        2000042603  1154118     -11.27     163.11  1
        2000042606  2175750     -13.21     157.23  1
        2000042609  2717134     -13.60     156.47  1
        2000042612  3155266     -13.83     156.44  1
        2000042615  3524724     -13.94     156.84  1
        2000042618  3816839     -14.07     156.90  1
        2000042621  4032319     -14.16     156.69  1
        2000042700  4244563     -14.27     156.84  1
        2000042703  4461002     -14.40     157.12  1
        2000042706  4530808     -14.48     157.25  1
        2000042709  4779344     -14.52     157.03  1
        2000042712  4906911     -14.54     157.26  1
        2000042715  4997047     -14.57     157.63  1
        2000042718  4967523     -14.54     157.87  1
        2000042721  4997108     -14.58     157.99  1
        2000042800  4932249     -14.65     158.10  1
        2000042803  4960460     -14.78     158.55  1
        2000042806  4920697     -14.89     158.74  1
        2000042809  4911372     -15.03     158.99  1
        2000042812  4900062     -15.19     159.40  1
        2000042815  4830945     -15.35     159.82  1
        2000042818  4820824     -15.40     160.07  1
        2000042821  4916974     -15.52     160.22  1
        2000042900  4917686     -15.60     160.43  1
        2000042903  4894780     -15.61     160.66  1
        2000042906  4869437     -15.63     160.86  1
        2000042909  4948231     -15.63     161.12  1
        2000042912  5037971     -15.63     161.53  1
        2000042915  5117681     -15.49     161.79  1
        2000042918  5246140     -15.32     161.91  1
        2000042921  5490425     -15.21     162.16  1
        2000043000  5622823     -15.15     162.48  1
        2000043003  5720846     -14.97     162.64  1
        2000043006  5826713     -14.80     162.71  1
        2000043009  6018156     -14.73     162.93  1
        2000043012  6171865     -14.50     162.99  1
        2000043015  7779916     -12.22     159.04  1
        2000043018  9424221     -12.47     161.97  1
        2000043021  9742709     -12.44     162.50  1
        2000050100 10545958     -12.84     164.65  1
        2000050103 11219374     -12.99     165.87  1
        2000050106 11364253     -12.91     166.33  1
        2000050109 11520531     -12.99     167.11  1
        2000050112 11810280     -12.89     167.79  1
        2000050115 12261402     -12.49     167.74  1
        2000050118 12693529     -12.01     167.34  1
        2000050121 12858841     -11.88     167.64  1
        2000050200 13089699     -11.69     168.20  1
        2000050203 13295629     -11.41     168.26  1
        2000050206 13467576     -11.22     168.31  1
        2000050209 13587658     -11.20     168.76  1
        2000050212 13859201     -11.35     169.72  1
        2000050215 13898659     -11.20     169.83  1
        2000050218 13974916     -11.08     169.72  1
        2000050221 13862130     -11.16     170.24  1
        2000050300 13588583     -11.19     171.00  1
        2000050303  6495803      -1.26     148.47  1
        2000050306  6481773      -1.06     148.02  1
        2000050309  6425700      -0.89     147.84  1
        2000050312  6453489      -0.74     147.76  1
        2000050315  6489938      -0.51     147.47  1
        2000050318  6419751      -0.16     147.19  1
        2000050321  6296137       0.14     147.18  1
        2000050400  6259877       0.36     147.11  1
        2000050403  6265895       0.60     146.99  1
        2000050406  6271814       0.78     146.88  1
        2000050409  6313169       0.83     146.87  1
        2000050412  6411120       0.81     146.85  1
        2000050415  6534348       0.80     146.66  1
        2000050418  6637409       0.88     146.37  1
        2000050421  6577930       0.93     146.23  1
        2000050500  6659417       0.98     146.11  1
        2000050503  6663812       0.98     145.92  1
        2000050506  6588315       0.96     145.64  1
        2000050509  6510025       0.92     145.57  1
        2000050512  6501009       0.90     145.50  1
        2000050515  6611097       0.90     145.55  1
        2000050518  6620999       0.94     145.49  1
        2000050521  6628684       1.04     145.57  1
        2000050600  6697756       1.11     145.64  1
        2000050603  6749945       1.20     145.59  1
        2000050606  6712986       1.28     145.50  1
        2000050609  6681993       1.35     145.54  1
        2000050612  6715141       1.33     145.49  1
        2000050615  6837052       1.32     145.36  1
        2000050618  6933046       1.37     145.17  1
        2000050621  6949605       1.36     145.16  1
        2000050700  6966845       1.38     145.06  1
        2000050703  7087963       1.43     144.92  1
        2000050706  7181503       1.58     144.64  1
        2000050709  7218200       1.69     144.47  1
        2000050712  7244306       1.84     144.23  1
        2000050715  7438548       2.04     143.88  1
        2000050718  7591517       2.16     143.68  1
        2000050721  7530153       2.40     143.43  1
        2000050800  7506743       2.57     143.11  1
        2000050803  7380616       2.84     142.68  1
        2000050806  7200112       3.31     142.06  1
        2000050809  4625779       7.39     133.83  1
        2000050812  4979753       7.29     133.95  1
        2000050815  5405939       6.98     134.06  1
        2000050818  5903815       6.86     134.23  1
        2000050821  6330777       6.85     134.40  1
        2000050900  6604900       7.00     134.55  1
        2000050903  6863818       6.95     134.59  1
        2000050906  7045389       7.04     134.72  1
        2000050909  7191036       7.15     134.94  1
        2000050912  7388606       7.27     135.16  1
        2000050915  7606188       7.50     135.40  1
        2000050918  7799688       7.72     135.65  1
        2000050921  7901821       7.97     135.86  1
        2000051000  7992030       8.13     136.03  1
        2000051003  8056951       8.36     136.13  1
        2000051006  8085751       8.57     136.33  1
        2000051009  8055224       8.66     136.54  1
        2000051012  8027536       8.69     136.71  1
        2000051015  8017929       8.79     136.90  1
        2000051018  7980157       8.96     137.24  1
        2000051021  7828976       9.10     137.55  1
        2000051100  7650731       9.21     137.96  1
        2000051103  7474738       9.38     138.29  1
        2000051106  7094774       9.26     138.41  1
        2000051109  6834349       9.04     138.55  1
        2000051112  6543976       9.25     138.84  1
        2000051115  4098303      17.19     141.69  1
        2000051118  3890873      17.72     142.37  1
        2000051121  3520813      18.27     143.03  1
        2000051200  3138873      18.97     143.77  1
        2000051203  2653723      19.21     144.14  1
        2000051206  2406794      19.41     144.64  1
        2000051209  2131116      19.57     145.04  1
        2000051212  1939701      19.68     145.61  1
        2000051215  1648071      19.74     146.45  1
        2000051218  1232704      19.65     147.49  1
        2000051221   870263      19.59     149.14  1
        2000051300   588436      19.48     150.38  1
        2000051303   410371      19.35     151.09  1
        2000051306   301869      19.31     151.67  1
LPT    43.0100
        2000051003   306098      22.53     108.68  1
        2000051006   426516      22.34     108.89  1
        2000051009   460971      22.07     108.79  1
        2000051012   419700      21.99     108.80  1
        2000051015   407928      21.85     108.79  1
        2000051018   404072      21.69     108.78  1
        2000051021   484675      21.40     108.66  1
        2000051100   545785      21.20     108.69  1
        2000051103   572655      21.14     108.67  1
        2000051106   581289      20.96     108.59  1
        2000051109   650273      20.67     108.31  1
        2000051112   629056      20.56     108.27  1
        2000051115   654952      20.42     108.13  1
        2000051118   650523      20.10     107.97  1
        2000051121   635940      19.59     107.48  1
        2000051200   579282      18.96     106.94  1
        2000051203   545629      18.53     106.33  1
        2000051206   549094      18.13     105.95  1
        2000051209   668481      17.39     105.12  1
        2000051212   693431      17.03     104.67  1
        2000051215   786766      16.59     104.22  1
        2000051218   621625      15.69     102.82  1
        2000051221   508229      14.62     101.05  1
        2000051300   566713      13.63      99.51  1
        2000051303   751918      13.42      98.97  1
        2000051306   843916      13.31      98.29  1
        2000051309   982619      13.36      98.11  1
        2000051312   981313      13.32      97.67  1
        2000051315   986114      13.25      97.51  1
        2000051318  1044701      13.07      97.25  1
        2000051321  1154363      12.75      96.80  1
        2000051400  1131415      12.65      96.42  1
        2000051403  1164598      12.80      96.24  1
        2000051406  1267128      12.89      96.14  1
        2000051409  1379816      13.03      96.17  1
        2000051412  1404160      13.11      96.01  1
        2000051415  1401504      13.05      95.78  1
        2000051418  1395414      12.94      95.57  1
        2000051421  1464767      12.77      95.16  1
        2000051500  1503370      12.60      94.79  1
        2000051503  1569391      12.50      94.46  1
        2000051506  1552055      12.51      94.33  1
        2000051509  1627718      12.55      94.33  1
        2000051512  1597703      12.53      94.18  1
        2000051515  1542579      12.44      94.08  1
        2000051518  1502218      12.25      93.94  1
        2000051521  1506711      11.98      93.86  1
        2000051600  1455434      11.69      93.95  1
        2000051603  1347226      11.59      94.00  1
        2000051606  1327188      11.51      94.06  1
        2000051609  1391223      11.67      94.43  1
        2000051612  1407312      11.77      94.53  1
        2000051615  1369317      11.82      94.67  1
        2000051618  1393111      12.03      94.76  1
        2000051621  1461019      12.29      94.93  1
        2000051700  1413444      12.74      95.26  1
        2000051703  1380811      12.81      95.21  1
        2000051706  1366635      12.94      95.11  1
        2000051709  1422346      13.31      95.19  1
        2000051712  1390296      13.40      95.06  1
        2000051715  1272724      13.37      94.95  1
        2000051718  1186322      13.54      95.07  1
        2000051721  1180850      14.02      95.49  1
        2000051800  1103499      14.81      95.95  1
        2000051803  1071786      15.88      96.25  1
        2000051806  1208040      17.30      96.69  1
        2000051809  1668586      17.77      96.36  1
        2000051812  1829552      17.89      95.86  1
        2000051815  1981088      17.83      95.78  1
        2000051818  2084571      17.88      95.87  1
        2000051821  2136852      17.86      95.88  1
        2000051900  2201092      18.01      95.93  1
        2000051903  2236294      18.18      95.85  1
        2000051906  2245155      18.28      95.84  1
        2000051909  2256906      18.28      95.73  1
        2000051912  2161096      18.17      95.46  1
        2000051915  2146921      18.20      95.36  1
        2000051918  2170485      18.18      95.15  1
        2000051921  2140303      18.14      94.92  1
        2000052000  2117126      18.13      94.82  1
        2000052003  2145585      18.01      94.81  1
        2000052006  2121071      17.91      94.87  1
        2000052009  2047045      17.78      94.98  1
        2000052012  1866444      17.67      94.96  1
        2000052015  1783450      17.46      95.01  1
        2000052018  1714624      17.20      94.96  1
        2000052021  1682790      16.90      94.85  1
        2000052100  1634023      16.57      94.69  1
        2000052103  1595370      16.34      94.66  1
        2000052106  1489633      16.15      94.61  1
        2000052109  1354085      15.95      94.69  1
        2000052112  1099179      15.80      94.92  1
        2000052115   877506      15.59      95.25  1
        2000052118   662716      15.60      95.26  1
        2000052121   530506      15.55      95.11  1
        2000052200   440525      15.55      95.00  1
        2000052203   338768      15.46      94.94  1
LPT    44.0100
        2000051421   487069      13.70     117.29  1
        2000051500   693228      13.74     117.32  1
        2000051503   822836      13.76     117.37  1
        2000051506   950807      13.81     117.41  1
        2000051509   970715      13.89     117.55  1
        2000051512   957743      13.94     117.76  1
        2000051515   897081      13.94     117.95  1
        2000051518   869861      14.01     118.18  1
        2000051521   882627      14.20     118.36  1
        2000051600   902034      14.39     118.56  1
        2000051603   905230      14.52     118.84  1
        2000051606   956190      14.66     119.09  1
        2000051609   983738      14.84     119.16  1
        2000051612   978761      14.95     119.25  1
        2000051615  1039258      14.93     119.17  1
        2000051618  1098075      14.94     119.19  1
        2000051621  1199264      14.97     119.34  1
        2000051700  1293961      14.96     119.44  1
        2000051703  1344822      14.92     119.48  1
        2000051706  1440804      14.94     119.53  1
        2000051709  1512335      14.94     119.46  1
        2000051712  1516920      14.92     119.38  1
        2000051715  1497566      14.92     119.34  1
        2000051718  1470545      14.84     119.15  1
        2000051721  1435158      14.79     118.99  1
        2000051800  1278484      14.80     118.98  1
        2000051803  1162597      14.72     118.80  1
        2000051806  1085158      14.69     118.71  1
        2000051809  1018962      14.65     118.64  1
        2000051812  1024235      14.64     118.52  1
        2000051815  1065859      14.67     118.49  1
        2000051818  1124859      14.80     118.70  1
        2000051821  1171417      14.88     118.86  1
        2000051900  1180924      14.91     118.86  1
        2000051903  1145233      15.03     118.97  1
        2000051906  1108339      15.24     119.15  1
        2000051909   917132      14.89     118.44  1
        2000051912   747102      14.67     118.16  1
        2000051915   615396      14.51     118.03  1
        2000051918   455568      14.44     118.08  1
        2000051921   334430      14.43     118.10  1
        2000052000   308773      14.59     118.03  1
        2000052021   391380      16.70     119.24  1
        2000052100   700124      17.36     119.79  1
        2000052103  1013170      17.97     120.39  1
        2000052106  1213301      18.40     120.82  1
        2000052109  1432943      18.89     121.41  1
        2000052112  1541476      19.44     122.07  1
        2000052115  1633332      19.84     122.56  1
        2000052118  1684336      20.16     122.98  1
        2000052121  1706616      20.43     123.35  1
        2000052200  1740055      20.73     123.72  1
        2000052203  1780448      21.09     124.29  1
        2000052206  1720399      21.07     124.36  1
        2000052209  1605656      21.05     124.32  1
        2000052212  1512601      21.15     124.55  1
        2000052215  1426982      21.32     124.94  1
        2000052218  1292745      21.16     124.75  1
        2000052221  1068200      20.79     124.18  1
        2000052300   982544      20.77     124.13  1
        2000052303   874207      20.92     124.40  1
        2000052306   797666      21.08     124.71  1
        2000052309   736020      21.17     125.00  1
        2000052312   626498      21.36     125.48  1
        2000052315   472847      21.74     126.20  1
        2000052318   347329      22.03     126.83  1
LPT    45.0100
        2000051706   417745       1.88     310.09  1
        2000051709   946369       1.92     310.13  1
        2000051712  1234124       1.89     309.87  1
        2000051715  1491712       1.87     310.02  1
        2000051718  1836371       1.83     310.18  1
        2000051721  2114759       1.75     310.14  1
        2000051800  2302091       1.75     309.93  1
        2000051803  2563322       1.77     309.94  1
        2000051806  2832250       1.74     309.79  1
        2000051809  3070378       1.71     309.40  1
        2000051812  3198378       1.69     308.88  1
        2000051815  3195147       1.76     308.95  1
        2000051818  3287571       1.81     308.83  1
        2000051821  3591026       1.71     307.41  1
        2000051900  3540722       1.82     307.43  2
        2000051903  3675595       1.85     306.94  2
        2000051906  3868334       1.89     305.97  2
        2000051909  5583344       4.00     295.95  2
        2000051912  5865389       4.13     295.05  2
        2000051915  5814238       4.07     295.41  2
        2000051918  5753557       3.91     296.12  2
        2000051921  5869228       3.79     296.41  2
        2000052000  5668666       3.86     297.22  2
        2000052003  5610494       3.76     297.90  2
        2000052006  5657633       3.74     297.13  1
        2000052009  5388941       3.84     295.42  1
        2000052012  1799534       8.49     272.40  1
        2000052015  1638188       8.76     271.98  1
        2000052018  1457526       8.96     271.79  1
        2000052021  1297719       9.11     271.53  1
        2000052100  1125131       9.24     271.43  1
        2000052103   984865       9.26     271.53  1
        2000052106   815771       9.23     271.68  1
        2000052109   529840       9.31     270.80  1
        2000052112   380147       9.59     269.00  1
        2000052115   462938       9.75     268.11  1
        2000052118   486279       9.91     267.39  1
        2000052121   509626      10.06     266.86  1
        2000052200   525945      10.30     266.33  1
        2000052203   521886      10.45     265.75  1
        2000052206   566811      10.78     265.56  1
        2000052209   602836      10.96     265.26  1
        2000052212   619155      11.12     264.82  1
        2000052215   608129      11.32     264.28  1
        2000052218   670422      11.54     264.09  1
        2000052221   772854      11.68     263.93  1
        2000052300   860206      11.77     263.88  1
        2000052303   897281      11.75     263.75  1
        2000052306   927423      11.77     263.65  1
        2000052309   905096      11.89     263.65  1
        2000052312   845904      12.00     263.65  1
        2000052315   782314      12.06     263.45  1
        2000052318   688507      12.16     263.41  1
        2000052321   617310      12.28     263.47  1
        2000052400   611076      12.36     263.55  1
        2000052403   559884      12.33     263.44  1
        2000052406   510100      12.33     263.26  1
        2000052409   480009      12.28     263.12  1
        2000052412   469502      12.25     262.98  1
        2000052415   406881      12.25     262.80  1
LPT    46.0100
        2000052909   532244      -0.27      87.85  1
        2000052912   772349      -0.12      88.69  1
        2000052915  1018518       0.07      89.43  1
        2000052918  1235232       0.24      89.85  1
        2000052921  1511905       0.57      90.30  1
        2000053000  1782912       0.88      90.71  1
        2000053003  2002817       1.21      91.09  1
        2000053006  2277780       1.55      91.30  1
        2000053009  2536443       1.84      91.41  1
        2000053012  2651977       2.07      91.23  1
        2000053015  2721552       2.19      91.15  1
        2000053018  2884447       2.46      91.23  1
        2000053021  3158642       2.66      91.08  1
        2000053100  3378644       2.90      91.01  1
        2000053103  3572218       3.18      90.96  1
        2000053106  5746063       5.44      98.21  1
        2000053109  6248622       5.93      98.48  1
        2000053112  6374345       6.23      98.54  1
        2000053115  6549261       6.43      98.29  1
        2000053118  6683766       6.63      98.30  1
        2000053121  6902690       6.58      98.08  1
        2000060100  7048688       6.61      97.82  1
        2000060103  7225648       6.70      97.89  1
        2000060106  7535421       6.85      97.83  1
        2000060109  7969019       6.90      98.11  1
        2000060112  9911050       4.83     104.55  1
        2000060115  9979136       4.83     104.25  1
        2000060118 10391828       4.77     104.21  1
        2000060121 10575517       4.83     103.80  1
        2000060200 10669422       4.94     102.90  1
        2000060203 10519936       5.16     102.23  1
        2000060206 10775250       5.17     101.90  1
        2000060209 10883834       5.30     101.70  1
        2000060212 10558725       5.45     101.49  1
        2000060215 10304478       5.59     101.27  1
        2000060218 10250477       5.57     100.87  1
        2000060221 10217658       5.52     100.56  1
        2000060300 10033845       5.59     100.25  1
        2000060303  9919517       5.66     100.23  1
        2000060306  9983751       5.66     100.22  1
        2000060309  9822114       5.83     100.10  1
        2000060312  9862416       5.81     100.30  1
        2000060315  9974062       5.78     100.30  1
        2000060318 10102775       5.88     100.29  1
        2000060321 10230499       5.96     100.07  1
        2000060400 10204629       6.18      99.64  1
        2000060403  9958276       6.41      99.43  1
        2000060406  9798872       6.70      99.07  1
        2000060409  9410116       6.96      99.04  1
        2000060412  8856134       7.51      98.80  1
        2000060415  8424339       7.87      98.71  1
        2000060418  7921811       8.41      98.06  1
        2000060421  5796948      11.88      91.61  1
        2000060500  5575874      12.36      91.03  1
        2000060503  5232556      12.82      90.71  1
        2000060506  5131347      13.17      90.14  1
        2000060509  4945671      13.69      89.63  1
        2000060512  4858397      14.14      88.97  1
        2000060515  4879591      14.38      88.28  1
        2000060518  5049134      14.73      87.43  1
        2000060521  5121967      15.04      86.84  1
        2000060600  5332660      15.27      85.96  1
        2000060603  5536987      15.39      85.01  1
        2000060606  5764735      15.44      84.12  1
        2000060609  5848704      15.64      83.62  1
        2000060612  5881171      15.71      82.84  1
        2000060615  5854097      15.72      82.22  1
        2000060618  5766771      15.68      81.65  1
        2000060621  5685083      15.64      81.09  1
        2000060700  5709620      15.55      80.47  1
        2000060703  5654468      15.59      80.16  1
        2000060706  5607662      15.57      79.76  1
        2000060709  5667952      15.54      79.25  1
        2000060712  5670357      15.49      78.70  1
        2000060715  5507476      15.38      78.14  1
        2000060718  5380256      15.33      77.69  1
        2000060721  5306471      15.31      77.32  1
        2000060800  5212803      15.32      76.90  1
        2000060803  5098661      15.37      76.60  1
        2000060806  4987386      15.43      76.38  1
        2000060809  5057342      15.48      76.21  1
        2000060812  4977408      15.63      76.01  1
        2000060815  4629366      15.29      75.25  1
        2000060818  4213533      14.84      74.32  1
        2000060821  3266084      12.73      71.63  1
        2000060900  3158618      12.57      71.53  1
        2000060903  3013158      12.37      71.49  1
        2000060906  2863457      12.18      71.52  1
        2000060909  2670589      12.00      71.53  1
        2000060912  2526472      11.80      71.55  1
        2000060915  2340873      11.60      71.58  1
        2000060918  2207409      11.42      71.66  1
        2000060921  2064663      11.35      71.64  1
        2000061000  1956054      11.25      71.61  1
        2000061003  1782482      11.12      71.61  1
        2000061006  1677128      10.92      71.59  1
        2000061009  1510896      10.77      71.53  1
        2000061012  1243385      10.36      71.58  1
        2000061015  1054476       9.77      71.63  1
        2000061018   975630       9.47      71.67  1
        2000061021   882692       9.26      71.68  1
        2000061100   756914       9.03      71.68  1
        2000061103   666949       8.68      71.73  1
        2000061106   647843       8.70      71.83  1
        2000061109   651683       8.69      71.86  1
        2000061112   406804       8.75      72.09  1
        2000061115   338103       8.79      72.31  1
        2000061118   387898       9.28      72.55  1
        2000061121   497300       9.45      72.79  1
        2000061200   557070       8.69      73.05  1
        2000061203   661678       8.15      73.32  1
        2000061206   722626       8.22      73.50  1
        2000061209   726970       8.35      73.66  1
        2000061212   729368       8.29      73.80  1
        2000061215   634270       8.11      73.96  1
        2000061218   567217       8.01      74.14  1
        2000061221   488395       8.12      74.22  1
        2000061300   446088       7.68      74.51  1
        2000061303   339520       7.04      74.87  1
LPT    47.0100
        2000061000   343049      30.24     127.76  1
        2000061003   726453      30.26     127.90  1
        2000061006  1016785      30.22     127.80  1
        2000061009  1220326      30.20     127.47  1
        2000061012  1432281      30.20     127.37  1
        2000061015  1580167      30.12     127.25  1
        2000061018  1731219      30.06     127.29  1
        2000061021  1837665      29.86     127.26  1
        2000061100  1986573      29.83     127.44  1
        2000061103  2121848      29.69     127.48  1
        2000061106  2271189      29.45     127.29  1
        2000061109  2355411      29.29     127.02  1
        2000061112  2434423      29.19     126.96  1
        2000061115  2507728      29.11     126.94  1
        2000061118  2536569      29.00     126.95  1
        2000061121  2682613      28.87     126.87  1
        2000061200  2693522      28.77     126.80  1
        2000061203  2831985      28.81     127.11  1
        2000061206  2809940      28.74     127.29  1
        2000061209  2715302      28.72     127.49  1
        2000061212  2771769      28.65     127.52  1
        2000061215  2786818      28.64     127.58  1
        2000061218  2824808      28.61     127.75  1
        2000061221  2856811      28.57     127.87  1
        2000061300  2893347      28.51     128.00  1
        2000061303  2862628      28.29     127.91  1
        2000061306  2785823      28.04     127.81  1
        2000061309  2746544      27.95     128.03  1
        2000061312  2776754      27.82     128.31  1
        2000061315  2755803      27.53     128.45  1
        2000061318  2806545      27.53     128.93  1
        2000061321  2871806      27.28     129.08  1
        2000061400  2880298      26.92     129.01  1
        2000061403  2752335      26.15     128.38  1
        2000061406  2619671      25.72     128.28  1
        2000061409  2483564      25.34     128.23  1
        2000061412  2433111      25.05     128.20  1
        2000061415  2431087      24.73     128.17  1
        2000061418  2462033      24.33     128.04  1
        2000061421  2483478      23.91     127.81  1
        2000061500  2422164      23.31     127.62  1
        2000061503  2483678      22.69     127.33  1
        2000061506  3015364      20.72     125.26  1
        2000061509  3456527      19.40     123.72  1
        2000061512  3688072      18.83     123.03  1
        2000061515  3881337      18.34     122.29  1
        2000061518  5621322      18.08     114.66  1
        2000061521  5658916      17.69     114.79  1
        2000061600  5711044      17.40     114.60  1
        2000061603  5643077      17.09     114.42  1
        2000061606  5723564      16.79     114.09  1
        2000061609  5806607      16.43     113.56  1
        2000061612  5838019      16.15     113.00  1
        2000061615  5757644      15.87     112.62  1
        2000061618  5720843      15.67     111.95  1
        2000061621  5725323      15.41     110.99  1
        2000061700  5743198      15.14     109.98  1
        2000061703  5694979      14.98     109.24  1
        2000061706  5698933      14.85     108.72  1
        2000061709  5721698      14.77     108.33  1
        2000061712  5635863      14.71     107.87  1
        2000061715  5499227      14.54     107.52  1
        2000061718  5355376      14.40     107.18  1
        2000061721  5266218      14.43     106.94  1
        2000061800  5212841      14.55     106.61  1
        2000061803  5005689      14.54     106.46  1
        2000061806  4887965      14.67     106.45  1
        2000061809  4926394      14.90     106.22  1
        2000061812  4556031      15.01     106.28  1
        2000061815  4260403      15.12     106.41  1
        2000061818  4124412      15.34     106.41  1
        2000061821  4150712      15.40     105.74  1
        2000061900  4049887      15.36     104.94  1
        2000061903  2838026      13.26     100.10  1
        2000061906  2546393      13.05      99.16  1
        2000061909  2323539      13.20      98.66  1
        2000061912  2033766      13.39      98.30  1
        2000061915  1690240      13.23      98.19  1
        2000061918  1437571      13.70      97.72  1
        2000061921  1250511      14.31      97.19  1
        2000062000   993710      14.85      96.53  1
        2000062003   504279      16.15      95.22  1
LPT    47.0200
        2000061009   426250      22.13      91.68  1
        2000061012   758193      22.05      91.63  1
        2000061015   821069      21.55      91.86  1
        2000061018   917169      21.43      92.02  1
        2000061021  1069603      21.19      92.06  1
        2000061100  1230149      20.98      92.07  1
        2000061103  1350529      20.95      92.05  1
        2000061106  1348931      21.06      91.87  1
        2000061109  1417494      21.11      91.77  1
        2000061112  1414199      21.01      91.73  1
        2000061115  1399794      20.78      91.76  1
        2000061118  1437922      20.63      91.79  1
        2000061121  1423218      20.43      91.61  1
        2000061200  1474860      20.24      91.57  1
        2000061203  1505758      20.04      91.65  1
        2000061206  1558138      19.94      91.75  1
        2000061209  1605535      19.91      91.83  1
        2000061212  1605949      20.02      91.86  1
        2000061215  1604830      20.20      92.03  1
        2000061218  1617732      20.29      92.13  1
        2000061221  1527562      20.06      92.15  1
        2000061300  1536807      20.08      92.21  1
        2000061303  1505188      20.07      92.25  1
        2000061306  1498212      20.12      92.27  1
        2000061309  1517247      20.10      92.35  1
        2000061312  1524699      20.08      92.43  1
        2000061315  1414532      20.10      92.53  1
        2000061318  1334384      20.24      92.57  1
        2000061321  1303351      20.23      92.61  1
        2000061400  1335755      20.25      92.79  1
        2000061403  1328101      20.21      92.88  1
        2000061406  1317534      20.01      92.95  1
        2000061409  1380508      19.84      93.13  1
        2000061412  1387492      19.79      93.31  1
        2000061415  1341534      19.83      93.37  1
        2000061418  1308131      19.84      93.50  1
        2000061421  1305166      19.75      93.50  1
        2000061500  1393831      19.65      93.63  1
        2000061503  1392891      19.60      93.61  1
        2000061506  1339555      19.55      93.61  1
        2000061509  1508378      19.44      93.84  1
        2000061512  1555225      19.26      94.18  1
        2000061515  1545800      18.88      94.66  1
        2000061518  5621322      18.08     114.66  1
        2000061521  5658916      17.69     114.79  1
        2000061600  5711044      17.40     114.60  1
        2000061603  5643077      17.09     114.42  1
        2000061606  5723564      16.79     114.09  1
        2000061609  5806607      16.43     113.56  1
        2000061612  5838019      16.15     113.00  1
        2000061615  5757644      15.87     112.62  1
        2000061618  5720843      15.67     111.95  1
        2000061621  5725323      15.41     110.99  1
        2000061700  5743198      15.14     109.98  1
        2000061703  5694979      14.98     109.24  1
        2000061706  5698933      14.85     108.72  1
        2000061709  5721698      14.77     108.33  1
        2000061712  5635863      14.71     107.87  1
        2000061715  5499227      14.54     107.52  1
        2000061718  5355376      14.40     107.18  1
        2000061721  5266218      14.43     106.94  1
        2000061800  5212841      14.55     106.61  1
        2000061803  5005689      14.54     106.46  1
        2000061806  4887965      14.67     106.45  1
        2000061809  4926394      14.90     106.22  1
        2000061812  4556031      15.01     106.28  1
        2000061815  4260403      15.12     106.41  1
        2000061818  4124412      15.34     106.41  1
        2000061821  4150712      15.40     105.74  1
        2000061900  4049887      15.36     104.94  1
        2000061903  2838026      13.26     100.10  1
        2000061906  2546393      13.05      99.16  1
        2000061909  2323539      13.20      98.66  1
        2000061912  2033766      13.39      98.30  1
        2000061915  1690240      13.23      98.19  1
        2000061918  1437571      13.70      97.72  1
        2000061921  1250511      14.31      97.19  1
        2000062000   993710      14.85      96.53  1
        2000062003   504279      16.15      95.22  1
LPT    48.0100
        2000061618   522343       8.13     275.06  1
        2000061621   685350       8.04     274.89  1
        2000061700  1068462       8.01     274.08  1
        2000061703  2095849       5.76     277.50  1
        2000061706  2751823       5.04     278.45  1
        2000061709  3161199       4.77     278.67  1
        2000061712  3473022       4.55     278.77  1
        2000061715  3729625       4.55     278.55  1
        2000061718  3919647       4.45     278.56  1
        2000061721  4096651       4.25     279.02  1
        2000061800  4176023       4.22     279.17  1
        2000061803  4238064       4.15     279.24  1
        2000061806  4326439       4.11     279.47  1
        2000061809  4216329       4.09     279.74  1
        2000061812  4080164       4.05     280.11  1
        2000061815  4058539       4.18     279.97  1
        2000061818  4115673       4.33     279.93  1
        2000061821  4260616       4.61     279.77  1
        2000061900  4152197       5.33     278.93  1
        2000061903  4079272       5.54     278.72  1
        2000061906  4131257       5.99     277.94  1
        2000061909  4102797       6.47     277.16  1
        2000061912  3939787       6.97     276.40  1
        2000061915  2331481      11.40     267.65  1
        2000061918  2266217      11.81     266.82  1
        2000061921  2265659      12.13     266.13  1
        2000062000  2319815      12.31     265.57  1
        2000062003  2248534      12.37     264.80  1
        2000062006  2267290      12.47     264.08  1
        2000062009  2427789      12.37     263.54  1
        2000062012  2576150      12.36     262.97  1
        2000062015  2704089      12.35     262.42  1
        2000062018  2807495      12.38     262.05  1
        2000062021  2943299      12.40     261.80  1
        2000062100  3044616      12.42     261.64  1
        2000062103  3057974      12.32     261.39  1
        2000062106  3101012      12.36     261.22  1
        2000062109  3160782      12.34     261.11  1
        2000062112  3227525      12.35     260.98  1
        2000062115  3266395      12.36     260.82  1
        2000062118  3269231      12.37     260.65  1
        2000062121  3299185      12.37     260.47  1
        2000062200  3252412      12.37     260.23  1
        2000062203  3199353      12.35     259.94  1
        2000062206  3197209      12.34     259.94  1
        2000062209  3085417      12.26     259.66  1
        2000062212  3000766      12.18     259.45  1
        2000062215  2893353      12.16     259.35  1
        2000062218  2803518      12.20     259.27  1
        2000062221  2715702      12.25     259.20  1
        2000062300  2611001      12.33     259.11  1
        2000062303  2464452      12.39     258.90  1
        2000062306  2304293      12.47     258.81  1
        2000062309  2119296      12.47     258.73  1
        2000062312  1912298      12.49     258.63  1
        2000062315  1666562      12.55     258.46  1
        2000062318  1395118      12.64     258.22  1
        2000062321  1154412      12.77     257.99  1
        2000062400   889888      12.87     257.71  1
        2000062403   585047      12.90     257.30  1
LPT    49.0100
        2000062106   381564      -1.18     138.86  1
        2000062109   542216      -0.74     138.98  1
        2000062112   789264      -0.09     139.33  1
        2000062115  1161067       0.60     139.74  1
        2000062118  1446082       1.22     139.90  1
        2000062121  1696891       1.69     140.06  1
        2000062200  1945256       1.98     140.23  1
        2000062203  2199055       2.11     140.42  1
        2000062206  2456761       2.14     140.45  1
        2000062209  2622899       2.13     140.34  1
        2000062212  2803003       2.05     140.28  1
        2000062215  2983159       1.98     140.18  1
        2000062218  4457504       1.35     134.55  1
        2000062221  4740480       1.42     134.16  1
        2000062300  4835790       1.51     133.99  1
        2000062303  4921766       1.57     133.91  1
        2000062306  4992582       1.58     133.54  1
        2000062309  5024291       1.59     133.32  1
        2000062312  5021478       1.56     133.59  1
        2000062315  5204466       1.40     134.18  1
        2000062318  5630117       0.91     135.95  1
        2000062321  6059923       0.24     138.28  1
        2000062400  6284923      -0.27     139.85  1
        2000062403  6460082      -0.58     140.94  1
        2000062406  6380705      -0.82     141.63  1
        2000062409  6189703      -1.18     142.36  1
        2000062412  6007412      -1.54     143.31  1
        2000062415  5851630      -1.92     144.21  1
        2000062418  5575689      -2.36     145.36  1
        2000062421  1922460       1.57     126.72  1
        2000062500  1761384       1.44     126.63  1
        2000062503  1670395       1.38     126.55  1
        2000062506  1652596       1.38     126.41  1
        2000062509  1594092       1.31     126.34  1
        2000062512  1578107       1.09     126.42  1
        2000062515  1573538       1.03     126.44  1
        2000062518  1610627       0.94     126.74  1
        2000062521  1730120       0.98     126.99  1
        2000062600  1687792       0.92     127.16  1
        2000062603  1679277       1.03     127.37  1
        2000062606  1632999       1.17     127.61  1
        2000062609  1548987       1.21     128.01  1
        2000062612  1532048       1.22     128.39  1
        2000062615  1653893       1.23     128.70  1
        2000062618  1691702       1.26     128.85  1
        2000062621  1767316       1.24     129.12  1
        2000062700  1757286       1.28     129.36  1
        2000062703  1821242       1.36     129.62  1
        2000062706  1890510       1.49     129.69  1
        2000062709  1958304       1.56     129.67  1
        2000062712  2080077       1.63     129.88  1
        2000062715  2221853       1.73     130.06  1
        2000062718  2382278       1.78     130.49  1
        2000062721  2601279       1.80     131.05  1
        2000062800  2837581       1.74     132.38  1
        2000062803  3201760       1.76     134.09  1
        2000062806  3725584       1.71     136.03  1
        2000062809  4066371       1.70     137.42  1
        2000062812  4329003       1.71     138.35  1
        2000062815  4635089       1.80     139.12  1
        2000062818  5022566       1.76     140.06  1
        2000062821  5168028       1.83     140.41  1
        2000062900  5225107       1.81     141.06  1
        2000062903  5351877       1.90     141.30  1
        2000062906  5472658       1.93     141.43  1
        2000062909  5548243       1.96     141.51  1
        2000062912  5625223       2.02     141.65  1
        2000062915  5724505       2.13     141.72  1
        2000062918  5857700       2.17     142.08  1
        2000062921  6099672       2.26     142.25  1
        2000063000  6274528       2.34     142.53  1
        2000063003  6429269       2.43     142.55  1
        2000063006  6539139       2.54     142.53  1
        2000063009  6595189       2.62     142.57  1
        2000063012  6672496       2.72     142.62  1
        2000063015  6907270       2.87     142.33  1
        2000063018  7113406       3.00     142.04  1
        2000063021  7100842       3.08     141.60  1
LPT    50.0100
        2000062118   431584      23.88      96.61  1
        2000062121   690805      23.59      97.44  1
        2000062200   669406      23.76      97.45  1
        2000062203   655402      24.16      96.91  1
        2000062206   742456      24.45      96.36  1
        2000062209  1462814      24.89     100.06  1
        2000062212  1530944      25.15      99.67  1
        2000062215   973802      25.07      94.82  1
        2000062218  1017103      25.33      94.35  1
        2000062221   996027      25.52      94.26  1
        2000062300   939600      25.78      93.54  1
        2000062303   938261      25.95      93.04  1
        2000062306  1006362      26.02      92.90  1
        2000062309  1089895      26.06      92.77  1
        2000062312   958310      26.21      92.27  1
        2000062315   999645      26.15      92.27  1
        2000062318   971054      26.09      92.28  1
        2000062321   799175      25.98      92.03  1
        2000062400   746111      25.80      92.05  1
        2000062403   711645      25.52      91.78  1
        2000062406   711117      25.25      91.63  1
        2000062409   744958      24.96      91.46  1
        2000062412   663317      24.78      91.27  1
        2000062415   573130      24.73      91.32  1
        2000062418   545378      24.50      91.39  1
        2000062421   471753      24.27      91.47  1
        2000062500   446648      24.00      91.57  1
        2000062503   394966      23.60      91.82  1
        2000062506   332254      23.21      91.99  1
        2000062509   335398      22.80      92.17  1
        2000062512   300719      22.38      92.32  1
        2000062515   290098      21.99      92.55  1
        2000062518   376955      21.35      92.79  1
        2000062521   444456      20.65      92.96  1
        2000062600   618963      19.99      93.13  1
        2000062603   744984      19.39      93.27  1
        2000062606   862292      18.81      93.26  1
        2000062609  1080579      18.35      93.20  1
        2000062612  1141058      18.06      93.01  1
        2000062615  1187263      17.73      92.92  1
        2000062618  1234225      17.30      92.90  1
        2000062621  1358190      16.83      92.90  1
        2000062700  1505841      16.21      92.86  1
        2000062703  1596128      15.40      92.60  1
        2000062706  2560751      10.82      89.83  1
        2000062709  2850031      10.43      89.75  1
        2000062712  3056417      10.07      89.52  1
        2000062715  2919756      10.60      89.99  1
        2000062718  2873063      11.23      90.60  1
        2000062721  3013613      10.99      90.47  1
        2000062800  3251726      10.87      90.28  1
        2000062803  3361883      10.61      90.20  1
        2000062806  3449418      10.35      90.07  1
        2000062809  3601390      10.40      90.14  1
        2000062812  3683502      10.32      90.19  1
        2000062815  3761598      10.05      90.21  1
        2000062818  3859291       9.66      90.23  1
        2000062821  3999088       9.10      90.27  1
        2000062900  4220742       8.58      90.33  1
        2000062903  4369227       8.13      90.41  1
        2000062906  4462065       7.84      90.42  1
        2000062909  4586647       7.57      90.35  1
        2000062912  4661512       7.27      90.17  1
        2000062915  4753146       7.10      90.01  1
        2000062918  4877461       7.06      89.84  1
        2000062921  5060253       6.79      90.15  1
        2000063000  5373327       6.71      90.30  1
        2000063003  5722696       6.72      90.49  1
        2000063006  5948529       6.60      90.75  1
        2000063009  5877245       6.38      91.20  1
        2000063012  5588603       6.23      91.13  1
        2000063015  3878898       2.77      96.59  1
        2000063018  3910774       2.75      96.92  1
        2000063021  4106490       2.96      97.35  1
