LPT nnnnn.nnnn
        YYYYMMDDHH _A_[km2] cen_lat.__ cen_lon.__ Nobj
LPT     0.0100
        2003060100  4353079      -8.04     186.51  1
        2003060103  4451784      -8.15     186.70  1
        2003060106  4452321      -8.23     186.70  1
        2003060109  4395740      -8.45     186.76  1
        2003060112  4352490      -8.64     186.82  1
        2003060115  4317607      -8.72     186.60  1
        2003060118  4280589      -8.76     186.56  1
        2003060121  4101070      -8.96     186.87  1
        2003060200  4004021      -9.22     187.00  1
        2003060203  3639206      -9.76     187.05  1
        2003060206  3516051      -9.77     186.61  1
        2003060209  3535348      -9.97     186.49  1
        2003060212  3501571     -10.12     186.19  1
        2003060215  3715143     -10.20     185.70  1
        2003060218  3679946     -10.30     185.34  1
        2003060221  3624203     -10.54     185.32  1
        2003060300  3704536     -10.72     184.91  1
        2003060303  3759140     -10.90     184.49  1
        2003060306  3722446     -10.92     183.81  1
        2003060309  3564493     -10.79     182.52  1
        2003060312  3343104     -10.48     180.73  1
        2003060315  3212717     -10.55     180.29  1
        2003060318  2810555     -10.27     178.29  1
        2003060321  2171793      -9.60     173.94  1
        2003060400  2010101      -9.66     173.32  1
        2003060403  1889991      -9.78     172.97  1
        2003060406  1756756      -9.81     172.91  1
        2003060409  1600717      -9.84     173.08  1
        2003060412  1505708      -9.83     173.23  1
        2003060415  1419401      -9.73     173.60  1
        2003060418  1437528      -9.73     173.65  1
        2003060421  1401168      -9.85     173.61  1
        2003060500  1473749      -9.93     173.43  1
        2003060503  1466483     -10.01     173.25  1
        2003060506  3707610      -5.64     163.41  1
        2003060509  4118880      -5.75     163.19  1
        2003060512  4382900      -5.76     163.02  1
        2003060515  4696064      -5.81     163.03  1
        2003060518  4888843      -5.69     162.94  1
        2003060521  5067868      -5.67     162.93  1
        2003060600  5258028      -5.54     162.97  1
        2003060603  5328459      -5.30     162.93  1
        2003060606  5408026      -5.14     162.95  1
        2003060609  5533240      -4.98     162.95  1
        2003060612  5690561      -4.88     162.95  1
        2003060615  5820371      -4.74     162.75  1
        2003060618  5874318      -4.91     162.64  1
        2003060621  5813515      -5.08     162.57  1
        2003060700  5753172      -5.18     162.41  1
        2003060703  5684249      -5.30     162.33  1
        2003060706  5585950      -5.39     162.25  1
        2003060709  5527498      -5.52     162.27  1
        2003060712  5454689      -5.74     162.36  1
        2003060715  5432252      -5.92     162.48  1
        2003060718  5231803      -6.18     162.68  1
        2003060721  4947937      -6.34     162.81  1
        2003060800  4762384      -6.41     162.85  1
        2003060803  4583508      -6.34     162.91  1
        2003060806  4484466      -6.22     162.88  1
        2003060809  4302030      -6.02     162.80  1
        2003060812  4220537      -5.58     162.70  1
        2003060815  4117549      -5.34     162.62  1
        2003060818  3919704      -4.94     162.24  1
        2003060821  3628947      -4.76     161.87  1
        2003060900  3299992      -4.60     161.44  1
        2003060903  2877005      -4.41     160.97  1
        2003060906  2475853      -4.43     160.56  1
        2003060909  2079733      -4.59     160.26  1
        2003060912  1643762      -5.16     160.20  1
        2003060915  1118371      -6.30     160.45  1
        2003060918   688095     -10.56     162.14  1
        2003060921   596157     -10.30     162.03  1
        2003061000   726712      -9.56     161.67  1
        2003061003   620337      -9.09     161.50  1
        2003061006   844713      -7.36     160.79  1
        2003061009  1044241      -5.54     159.96  1
        2003061012  1117268      -4.15     159.20  1
        2003061015  1249048      -3.41     158.78  1
        2003061018  1377395      -3.02     158.55  1
        2003061021  1519029      -2.92     158.51  1
        2003061100  1546779      -2.94     158.60  1
        2003061103  1518464      -2.97     158.66  1
        2003061106  1471843      -2.92     158.62  1
        2003061109  1346237      -2.79     158.38  1
        2003061112  1296606      -3.21     158.42  1
        2003061115  1174791      -3.58     158.16  1
        2003061118  1096924      -3.78     157.91  1
        2003061121   974626      -4.45     157.85  1
        2003061200   907088      -4.99     157.88  1
        2003061203   816799      -5.33     157.88  1
        2003061206   772826      -5.50     157.78  1
        2003061209   688322      -5.55     157.74  1
        2003061212   584461      -5.78     157.65  1
        2003061215   553938      -5.57     157.45  1
        2003061218   454086      -5.63     157.38  1
LPT     1.0100
        2003060100  1053498      12.81     114.04  1
        2003060103  1069726      12.71     113.83  1
        2003060106  1126956      12.70     113.52  1
        2003060109  1129757      12.59     113.08  1
        2003060112  1162721      12.63     112.93  1
        2003060115  1159365      12.70     112.97  1
        2003060118  1760205      13.47     108.86  1
        2003060121  2012473      13.72     108.51  1
        2003060200  2268017      14.01     108.53  1
        2003060203  2427129      14.24     108.41  1
        2003060206  2620406      14.46     108.01  1
        2003060209  2719984      14.62     107.54  1
        2003060212  2678390      14.78     107.08  1
        2003060215  2610162      14.87     106.63  1
        2003060218  2509617      15.11     105.98  1
        2003060221  2444776      15.42     105.41  1
        2003060300  1320930      16.19      97.08  1
        2003060303  1373468      16.40      96.94  1
        2003060306  1548263      16.54      97.03  1
        2003060309  1633253      16.79      96.98  1
        2003060312  1619904      17.05      96.81  1
        2003060315  1595326      17.25      96.60  1
        2003060318  1607932      17.57      96.34  1
        2003060321  1625448      17.74      96.15  1
        2003060400  1645957      17.98      95.92  1
        2003060403  1677673      18.18      95.70  1
        2003060406  1777017      18.41      95.62  1
        2003060409  1850423      18.58      95.43  1
        2003060412  1857303      18.88      95.26  1
        2003060415  1872259      19.04      95.12  1
        2003060418  1898859      19.26      95.10  1
        2003060421  1916201      19.51      95.05  1
        2003060500  1941994      19.83      94.91  1
        2003060503  1958547      20.24      94.83  1
        2003060506  1969012      20.61      94.77  1
        2003060509  1949675      20.99      94.67  1
        2003060512  1968923      21.33      94.54  1
        2003060515  2013336      21.44      94.43  1
        2003060518  2081218      21.60      94.22  1
        2003060521  2074368      21.69      94.07  1
        2003060600  2038865      21.77      93.95  1
        2003060603  2058338      21.81      93.92  1
        2003060606  2023509      21.85      93.91  1
        2003060609  1920897      21.89      93.86  1
        2003060612  1814196      21.96      93.80  1
        2003060615  1709601      21.93      93.73  1
        2003060618  1668032      22.06      93.62  1
        2003060621  1641285      22.21      93.55  1
        2003060700  1626029      22.42      93.43  1
        2003060703  1547344      22.51      93.49  1
        2003060706  1504540      22.65      93.57  1
        2003060709  1409781      22.74      93.45  1
        2003060712  1424070      22.94      93.25  1
        2003060715  1350239      22.94      93.08  1
        2003060718  1296785      22.96      92.90  1
        2003060721  1271854      22.82      92.72  1
        2003060800  1287612      22.58      92.56  1
        2003060803  1204443      22.32      92.50  1
        2003060806  1173967      22.04      92.49  1
        2003060809  1152567      21.68      92.58  1
        2003060812  1085649      21.44      92.63  1
        2003060815   957037      21.24      92.64  1
        2003060818   789138      21.30      92.57  1
        2003060821   604713      21.22      92.71  1
        2003060900   486733      21.21      92.77  1
        2003060903   468433      21.31      92.80  1
        2003060906   442160      21.43      92.87  1
        2003060909   391480      21.57      92.81  1
        2003060912   398958      21.73      92.77  1
        2003060915   413267      21.74      92.75  1
        2003060918   480468      21.80      92.73  1
        2003060921   576000      21.75      92.73  1
        2003061000   637300      21.67      92.78  1
        2003061003   678781      21.54      92.84  1
        2003061006   749456      21.47      92.87  1
        2003061009   899905      21.29      92.97  1
        2003061012   976662      21.20      93.05  1
        2003061015   897328      21.00      93.31  1
        2003061018   873342      20.92      93.47  1
        2003061021   867009      20.89      93.58  1
        2003061100   841563      20.93      93.63  1
        2003061103   778329      21.04      93.68  1
        2003061106   814616      21.12      93.69  1
        2003061109   806995      21.19      93.62  1
        2003061112   776312      21.42      93.45  1
        2003061115   728405      21.52      93.36  1
        2003061118   743830      21.59      93.33  1
        2003061121   746398      21.65      93.35  1
        2003061200   773491      21.68      93.38  1
        2003061203   790244      21.63      93.37  1
        2003061206   784481      21.50      93.39  1
        2003061209   777107      21.41      93.37  1
        2003061212   801096      21.35      93.37  1
        2003061215   751113      21.29      93.30  1
        2003061218   710968      21.27      93.25  1
        2003061221   652609      21.29      93.23  1
        2003061300   553442      21.27      93.32  1
        2003061303   462412      21.17      93.31  1
        2003061306   390560      21.11      93.34  1
        2003061309   343784      21.09      93.43  1
LPT     2.0100
        2003060306   351057       2.75      59.85  1
        2003060309   434475       2.40      60.51  1
        2003060312   537247       1.96      61.28  1
        2003060315   666274       1.55      62.06  1
        2003060318   767476       1.34      62.83  1
        2003060321   894839       1.30      63.56  1
        2003060400  1045232       1.45      63.97  1
        2003060403  1303458       1.65      64.41  1
        2003060406  1559916       1.89      64.71  1
        2003060409  1767568       2.20      64.72  1
        2003060412  1905214       2.34      64.74  1
        2003060415  2050618       2.42      64.89  1
        2003060418  2086665       2.51      65.15  1
        2003060421  2053627       2.49      65.42  1
        2003060500  2023518       2.54      65.65  1
        2003060503  2005600       2.64      65.80  1
        2003060506  1975190       2.84      65.98  1
        2003060509  1933376       2.94      66.20  1
        2003060512  1863895       3.04      66.40  1
        2003060515  1875783       3.26      66.20  1
        2003060518  1842292       3.48      66.18  1
        2003060521  1756592       3.65      66.20  1
        2003060600  1664722       3.84      66.14  1
        2003060603  1573419       4.13      65.95  1
        2003060606  1499037       4.41      65.78  1
        2003060609  1380871       4.67      65.65  1
        2003060612  1325658       4.99      65.49  1
        2003060615  1256355       5.45      65.04  1
        2003060618  1207947       5.84      64.80  1
        2003060621  1208786       6.15      64.65  1
        2003060700  1195011       6.47      64.50  1
        2003060703  1223389       6.76      64.40  1
        2003060706  1172677       7.14      64.22  1
        2003060709  1078314       7.56      64.06  1
        2003060712   980493       7.87      63.98  1
        2003060715   966699       8.21      63.87  1
        2003060718   978793       8.57      63.59  1
        2003060721   959066       8.82      63.34  1
        2003060800   995432       8.90      63.29  1
        2003060803  1056880       9.00      63.23  1
        2003060806  1076314       9.11      63.14  1
        2003060809  1034806       9.25      63.03  1
        2003060812  1021540       9.36      63.00  1
        2003060815  1080001       9.41      63.16  1
        2003060818  1092396       9.33      63.45  1
        2003060821  1090941       9.31      63.76  1
        2003060900  1457608       8.16      65.23  1
        2003060903  1908503       6.92      66.67  1
        2003060906  2088099       6.69      67.13  1
        2003060909  2211365       6.58      67.48  1
        2003060912  2337974       6.60      67.71  1
        2003060915  2390909       6.67      67.91  1
        2003060918  2434838       6.69      68.18  1
        2003060921  2394852       6.71      68.40  1
        2003061000  2242412       6.97      68.36  1
        2003061003  2022743       7.32      68.26  1
        2003061006  1700950       7.90      68.12  1
        2003061009  1158802       9.95      66.92  1
        2003061012   941210      10.34      66.94  1
        2003061015   774804      10.70      66.98  1
        2003061018   618514      11.09      67.19  1
        2003061021   460478      11.35      67.53  1
        2003061100   413195      11.58      67.71  1
        2003061103   378597      11.98      67.67  1
        2003061106   307120      12.38      67.73  1
        2003061306   315569      14.00      68.84  1
        2003061309   538458      13.50      68.95  1
        2003061312   801703      12.85      69.09  1
        2003061315  1002360      12.29      69.02  1
        2003061318  1239197      11.89      68.99  1
        2003061321  1368022      11.61      69.00  1
        2003061400  1727650      11.52      68.72  1
        2003061403  1904501      11.58      68.77  1
        2003061406  1995382      11.63      68.83  1
        2003061409  2101150      11.69      68.95  1
        2003061412  2179079      11.75      69.04  1
        2003061415  2253367      11.79      69.12  1
        2003061418  2284749      11.83      69.22  1
        2003061421  2333285      11.88      69.37  1
        2003061500  2344770      12.04      69.48  1
        2003061503  2380375      12.10      69.54  1
        2003061506  2355900      12.24      69.66  1
        2003061509  2370340      12.39      69.75  1
        2003061512  2385333      12.54      69.80  1
        2003061515  2360666      12.68      69.82  1
        2003061518  2317691      12.77      69.86  1
        2003061521  2304502      12.89      69.92  1
        2003061600  2298586      13.03      69.92  1
        2003061603  2216351      13.08      69.95  1
        2003061606  2083134      13.33      70.06  1
        2003061609  1960321      13.62      70.22  1
        2003061612  1845138      14.09      70.39  1
        2003061615  1676500      14.49      70.47  1
        2003061618  1547402      14.83      70.62  1
        2003061621  1421554      15.17      70.77  1
        2003061700  1370177      15.41      70.90  1
        2003061703  1155660      15.90      71.32  1
        2003061706  1024310      16.21      71.51  1
        2003061709   925979      16.49      71.70  1
        2003061712   762994      16.74      71.82  1
        2003061715   628207      16.84      71.85  1
        2003061718   522191      16.98      71.89  1
        2003061721   484760      17.18      71.92  1
        2003061800   445268      17.34      71.90  1
        2003061803   438569      17.37      71.90  1
        2003061806   405051      17.53      71.97  1
        2003061809   407794      17.62      72.03  1
        2003061812   361930      17.74      72.08  1
LPT     3.0100
        2003061109   311460       5.50     140.31  1
        2003061112   347553       5.57     140.15  1
        2003061115   415942       5.60     140.22  1
        2003061118   421284       5.65     140.22  1
        2003061121   531269       5.55     140.48  1
        2003061200   745081       5.38     140.76  1
        2003061203   857401       5.27     140.88  1
        2003061206  1016739       5.08     141.18  1
        2003061209  1179026       4.97     141.41  1
        2003061212  1361839       4.96     141.53  1
        2003061215  1615433       4.88     141.95  1
        2003061218  1892507       4.87     142.11  1
        2003061221  2145370       4.98     142.17  1
        2003061300  2337756       5.23     141.71  1
        2003061303  2503832       5.50     141.29  1
        2003061306  2694078       5.77     140.85  1
        2003061309  2869553       6.06     140.34  1
        2003061312  3047847       6.34     139.91  1
        2003061315  3199000       6.50     139.67  1
        2003061318  3320438       6.65     139.40  1
        2003061321  3484814       6.87     139.08  1
        2003061400  3603044       7.08     138.66  1
        2003061403  3646710       7.24     138.32  1
        2003061406  3665560       7.44     137.96  1
        2003061409  3677647       7.60     137.59  1
        2003061412  3672939       7.76     137.21  1
        2003061415  3744541       7.88     137.01  1
        2003061418  3776466       8.27     136.41  1
        2003061421  3818462       8.60     135.99  1
        2003061500  3755704       9.20     135.15  1
        2003061503  3568337       9.89     134.23  1
        2003061506  3388617      10.54     133.19  1
        2003061509  3006450      11.51     131.30  1
        2003061512  2850678      11.97     130.22  1
        2003061515  2840554      12.13     129.75  1
        2003061518  2847679      12.29     129.35  1
        2003061521  2864194      12.54     128.85  1
        2003061600  2844074      12.84     128.46  1
        2003061603  2843524      13.20     128.12  1
        2003061606  2869212      13.55     127.85  1
        2003061609  2907329      13.89     127.50  1
        2003061612  2932212      14.20     127.20  1
        2003061615  2925376      14.43     126.99  1
        2003061618  2940116      14.59     126.79  1
        2003061621  2969280      14.85     126.63  1
        2003061700  2965781      15.10     126.44  1
        2003061703  2933374      15.34     126.26  1
        2003061706  2910694      15.53     126.15  1
        2003061709  2876416      15.70     125.98  1
        2003061712  2841984      15.98     125.83  1
        2003061715  2755888      16.16     125.71  1
        2003061718  2727302      16.40     125.55  1
        2003061721  2659192      16.90     125.29  1
        2003061800  2750110      18.19     125.30  1
        2003061803  2661837      19.09     125.19  1
        2003061806  2614807      19.84     125.09  1
        2003061809  2606841      20.50     125.12  1
        2003061812  2532989      20.95     125.12  1
        2003061815  2429906      21.42     125.14  1
        2003061818  2400314      22.02     125.25  1
        2003061821  2412129      23.04     125.48  1
        2003061900  2307090      23.78     125.46  1
        2003061903  2170876      24.11     125.30  1
        2003061906  2061266      24.57     125.23  1
        2003061909  1902623      24.93     125.17  1
        2003061912  1589225      25.51     125.25  1
        2003061915   607657      32.29     129.05  1
        2003061918   460284      32.67     129.17  1
        2003061921   367672      32.91     129.17  1
        2003062000   284408      33.00     129.07  1
        2003062003   266054      33.07     129.14  1
LPT     4.0100
        2003061700   555174      17.83      93.84  1
        2003061703   765085      17.72      93.68  1
        2003061706  1004972      17.53      93.96  1
        2003061709  1169885      17.50      94.11  1
        2003061712  1264137      17.26      94.19  1
        2003061715  1365641      17.07      94.22  1
        2003061718  1608133      16.80      94.20  1
        2003061721  1811446      16.67      94.08  1
        2003061800  2023465      16.63      93.95  1
        2003061803  2205740      16.48      93.87  1
        2003061806  2343944      16.39      93.96  1
        2003061809  2408233      16.32      93.90  1
        2003061812  2438753      16.23      93.70  1
        2003061815  2472778      16.17      93.57  1
        2003061818  2563076      16.16      93.49  1
        2003061821  2674275      16.28      93.25  1
        2003061900  2833673      16.29      93.14  1
        2003061903  2910939      16.31      92.98  1
        2003061906  3001702      16.32      92.91  1
        2003061909  3053093      16.43      92.81  1
        2003061912  3058357      16.47      92.64  1
        2003061915  3092800      16.53      92.57  1
        2003061918  3196116      16.65      92.52  1
        2003061921  3261101      16.76      92.52  1
        2003062000  3293222      16.90      92.40  1
        2003062003  3245092      17.10      92.31  1
        2003062006  3219135      17.29      92.26  1
        2003062009  3227618      17.56      92.07  1
        2003062012  3159323      17.66      91.96  1
        2003062015  3056541      17.84      92.01  1
        2003062018  2980305      18.02      92.05  1
        2003062021  2877811      18.29      92.09  1
        2003062100  2782597      18.40      92.21  1
        2003062103  2653177      18.47      92.28  1
        2003062106  2468429      18.69      92.41  1
        2003062109  2385856      18.81      92.45  1
        2003062112  2230004      18.91      92.57  1
        2003062115  2144890      19.02      92.86  1
        2003062118  2172335      19.15      93.27  1
        2003062121  2306154      19.23      93.96  1
        2003062200  2807536      19.32      96.54  1
        2003062203  2838492      19.46      96.83  1
        2003062206  2911332      19.52      97.03  1
        2003062209  2957765      19.46      97.15  1
        2003062212  2804607      19.22      96.95  1
        2003062215  2667152      19.06      96.66  1
        2003062218  2546256      19.00      96.39  1
        2003062221  2200335      18.74      95.38  1
        2003062300  1947941      18.86      94.77  1
        2003062303  1976323      18.72      94.73  1
        2003062306  1995252      18.59      94.82  1
        2003062309  2035746      18.43      94.92  1
        2003062312  2003793      18.03      94.87  1
        2003062315  1922594      17.83      94.85  1
        2003062318  1912173      17.77      94.77  1
        2003062321  1945501      17.60      94.68  1
        2003062400  1896669      17.30      94.61  1
        2003062403  1835809      17.22      94.44  1
        2003062406  1850124      17.19      94.36  1
        2003062409  1839199      17.18      94.36  1
        2003062412  1744917      17.05      94.26  1
        2003062415  1659189      16.92      94.09  1
        2003062418  1516832      16.76      93.93  1
        2003062421  1412202      16.54      93.72  1
        2003062500  1311344      16.28      93.53  1
        2003062503  1173124      15.91      93.54  1
        2003062506  1074522      15.92      93.38  1
        2003062509   952309      15.74      93.23  1
        2003062512   795198      16.07      92.95  1
        2003062515   667073      16.47      92.68  1
        2003062518   591389      17.01      92.47  1
        2003062521   504311      17.81      92.32  1
        2003062600   366473      18.37      92.21  1
LPT     5.0100
        2003061721   348963      11.51     274.76  1
        2003061800   421282      11.22     274.38  1
        2003061803   457877      11.07     274.09  1
        2003061806   584529      11.02     273.69  1
        2003061809   740635      11.02     273.52  1
        2003061812   895818      11.06     273.17  1
        2003061815  1029348      11.01     272.98  1
        2003061818  1160683      10.93     272.73  1
        2003061821  1256432      10.86     272.52  1
        2003061900  1335578      10.79     272.10  1
        2003061903  1342638      10.74     271.56  1
        2003061906  1360309      10.68     271.25  1
        2003061909  1399486      10.74     270.74  1
        2003061912  1411502      10.77     270.32  1
        2003061915  1357367      10.85     269.95  1
        2003061918  1381145      10.95     269.70  1
        2003061921  1389147      11.03     269.39  1
        2003062000  1309934      11.13     269.14  1
        2003062003  1271965      11.15     268.81  1
        2003062006  1299736      11.20     268.26  1
        2003062009  1327310      11.29     267.85  1
        2003062012  1382012      11.39     267.46  1
        2003062015  1429933      11.48     267.08  1
        2003062018  1456763      11.55     266.82  1
        2003062021  1508406      11.65     266.59  1
        2003062100  1520059      11.72     266.21  1
        2003062103  1528080      11.77     265.78  1
        2003062106  1631083      11.95     265.40  1
        2003062109  1623033      12.03     265.03  1
        2003062112  1668352      12.13     264.61  1
        2003062115  1641674      12.17     264.21  1
        2003062118  1625637      12.21     263.85  1
        2003062121  1601240      12.26     263.67  1
        2003062200  1569129      12.34     263.55  1
        2003062203  1502771      12.48     263.56  1
        2003062206  1480634      12.54     263.60  1
        2003062209  1493196      12.58     263.60  1
        2003062212  1443920      12.51     263.63  1
        2003062215  1377178      12.46     263.83  1
        2003062218  1315132      12.38     263.92  1
        2003062221  1250595      12.33     264.10  1
        2003062300  1212880      12.35     264.60  1
        2003062303  1216057      12.32     265.08  1
        2003062306  1208088      12.25     265.35  1
        2003062309  1195924      12.12     265.98  1
        2003062312  1579338      10.54     270.07  1
        2003062315  1489840      10.23     270.80  1
        2003062318  1482009       9.77     271.82  1
        2003062321  1383163       9.56     272.13  2
        2003062400  1481344       9.64     271.75  1
        2003062403  1435917       9.65     271.45  1
        2003062406  1199576      10.33     269.35  1
        2003062409  1139334      10.23     268.94  1
        2003062412  1180062      10.30     268.54  1
        2003062415  1213092      10.20     268.77  1
        2003062418  1265364      10.22     268.68  1
        2003062421  1278825      10.27     268.81  1
        2003062500  1282216      10.36     268.83  1
        2003062503  1222053      10.40     268.75  1
        2003062506  1132314      10.45     268.47  1
        2003062509  1040873      10.55     268.33  1
        2003062512   965279      10.69     268.26  1
        2003062515   906246      10.91     268.14  1
        2003062518   806415      11.10     268.05  1
        2003062521   760105      11.42     267.93  1
        2003062600   723602      11.77     267.68  1
        2003062603   595323      12.02     267.37  1
        2003062606   524674      12.23     267.19  1
        2003062609   457163      12.43     267.06  1
        2003062612   373220      12.59     266.68  1
        2003062615   308824      12.85     266.51  1
        2003062618   309889      13.21     266.66  1
        2003062621   349077      13.67     267.04  1
        2003062700   452855      14.33     267.87  1
        2003062703   430146      14.85     268.59  1
        2003062706   629562      15.56     270.19  1
        2003062709   694306      15.99     270.92  1
        2003062712   698235      16.55     272.07  1
        2003062715   657931      17.06     273.19  1
        2003062718   626927      17.49     273.97  1
        2003062721   702073      17.67     274.13  1
        2003062800   695340      17.88     274.25  1
        2003062803   667698      18.00     274.38  1
        2003062806   842585      17.80     274.18  1
        2003062809  1055459      17.70     273.93  1
        2003062812  1072154      17.85     274.02  1
        2003062815  1055309      18.08     274.03  1
        2003062818  1069394      18.29     273.97  1
        2003062821  1093625      18.26     273.90  1
        2003062900  1150263      18.43     273.94  1
        2003062903  1169813      18.54     274.04  1
        2003062906  1236509      18.50     273.99  1
        2003062909  1347837      18.72     273.94  1
        2003062912  1316489      18.89     273.95  1
        2003062915  1319591      19.04     273.96  1
        2003062918  1312355      19.29     273.89  1
        2003062921  1234685      19.46     273.82  1
        2003063000  1068262      19.80     273.78  1
        2003063003   854185      20.11     273.76  1
        2003063006   707203      21.06     273.62  1
        2003063009   463471      22.35     273.43  1
        2003063012   406863      23.38     273.15  1
        2003063015   370475      24.22     272.90  1
        2003063018   352481      24.86     272.74  1
        2003063021   379974      25.48     272.60  1
        2003070100   359354      26.08     272.53  1
        2003070103   309694      26.50     272.49  1
        2003070106   325688      26.95     272.47  1
        2003070109   321490      27.45     272.47  1
        2003070112   326037      27.99     272.52  1
        2003070115   319698      28.29     272.49  1
        2003070118   307894      28.61     272.56  1
        2003070121   278553      28.93     272.63  1
LPT     6.0100
        2003062206   565973     -21.94     206.12  1
        2003062209   853386     -21.88     206.65  1
        2003062212  1095136     -21.91     207.01  1
        2003062215  1297678     -22.06     207.44  1
        2003062218  1510399     -22.28     207.78  1
        2003062221  1735210     -22.55     208.13  1
        2003062300  1926102     -22.89     208.47  1
        2003062303  2090047     -23.20     208.78  1
        2003062306  2240147     -23.49     209.07  1
        2003062309  2344556     -23.73     209.27  1
        2003062312  2429952     -23.91     209.46  1
        2003062315  2487688     -24.05     209.62  1
        2003062318  2532654     -24.19     209.86  1
        2003062321  2533412     -24.26     209.94  1
        2003062400  2620493     -24.36     210.24  1
        2003062403  2632722     -24.41     210.51  1
        2003062406  2634308     -24.40     210.86  1
        2003062409  2642613     -24.43     211.14  1
        2003062412  2691247     -24.41     211.38  1
        2003062415  2695028     -24.45     211.71  1
        2003062418  2573825     -24.62     212.40  1
        2003062421  2542618     -24.83     213.00  1
        2003062500  2484448     -25.08     213.61  1
        2003062503  2417382     -25.41     214.05  1
        2003062506  2302181     -25.77     214.61  1
        2003062509  2102954     -26.26     215.24  1
        2003062512  2018930     -26.56     215.73  1
        2003062515  1972499     -27.01     216.15  1
        2003062518  1911306     -27.45     216.56  1
        2003062521  1763555     -27.63     216.88  1
        2003062600  1647593     -27.85     217.30  1
        2003062603  1637423     -27.61     217.67  1
        2003062606  1526388     -27.54     217.98  1
        2003062609  1420628     -27.32     218.27  1
        2003062612  1379862     -27.07     218.46  1
        2003062615  1346856     -27.07     218.71  1
        2003062618  1335747     -27.14     218.93  1
        2003062621  1262875     -27.15     218.99  1
        2003062700  1359842     -27.45     219.20  1
        2003062703  1364442     -27.74     219.41  1
        2003062706  1347984     -27.91     219.41  1
        2003062709  1398714     -28.25     219.43  1
        2003062712  1431429     -28.63     219.52  1
        2003062715  1514066     -29.22     219.77  1
        2003062718  1483807     -29.54     219.98  1
        2003062721  1566043     -29.63     220.08  1
        2003062800  1605567     -29.79     220.20  1
        2003062803  1821242     -29.74     220.42  1
        2003062806  1834412     -30.00     220.60  1
        2003062809  1843049     -30.25     220.76  1
        2003062812  1875861     -30.40     220.95  1
        2003062815  1927751     -30.69     221.23  1
        2003062818  1949274     -30.57     221.55  1
        2003062821  1984055     -30.25     221.86  1
        2003062900  2099247     -30.26     222.01  1
        2003062903  2119940     -30.29     222.30  1
        2003062906  2019715     -30.75     222.80  1
        2003062909  2055199     -30.76     222.98  1
        2003062912  2121683     -30.83     223.18  1
        2003062915  2163006     -31.03     223.47  1
        2003062918  2208455     -31.03     223.70  1
        2003062921  2229782     -30.84     223.78  1
        2003063000  2226385     -30.65     223.82  1
        2003063003  2124633     -30.35     223.77  1
        2003063006  2009951     -30.22     223.88  1
        2003063009  2014895     -30.11     223.98  1
        2003063012  2000877     -30.34     224.56  1
        2003063015  1949635     -30.32     224.86  1
        2003063018  1884869     -30.60     225.56  1
        2003063021  1839302     -30.74     225.90  1
        2003070100  1640819     -31.33     226.78  1
        2003070103  1401632     -31.81     227.57  1
        2003070106   979184     -33.06     229.37  1
        2003070109   794548     -33.47     230.12  1
        2003070112   592769     -33.62     230.67  1
        2003070115   391092     -33.74     231.16  1
LPT     7.0100
        2003062700   305285      23.52      91.89  1
        2003062703   345026      23.76      91.92  1
        2003062706   441894      23.95      92.10  1
        2003062709   502442      24.17      92.20  1
        2003062712   545365      24.18      92.17  1
        2003062715   536050      24.38      92.20  1
        2003062718   629077      24.48      92.18  1
        2003062721   819139      24.42      92.35  1
        2003062800   885564      24.37      92.25  1
        2003062803   927362      24.42      92.18  1
        2003062806   993885      24.54      92.14  1
        2003062809  1045691      24.55      92.25  1
        2003062812  1105775      24.58      92.34  1
        2003062815  1117900      24.56      92.38  1
        2003062818  1128262      24.50      92.34  1
        2003062821  1131628      24.44      92.33  1
        2003062900  1063566      24.34      92.08  1
        2003062903  1018831      24.22      92.05  1
        2003062906  1039111      24.15      92.17  1
        2003062909  1067729      24.01      92.35  1
        2003062912  1086529      23.86      92.63  1
        2003062915  1108717      23.57      92.92  1
        2003062918  1282331      22.84      93.41  1
        2003062921  1418852      22.32      93.83  1
        2003063000  1705192      22.20      93.73  1
        2003063003  1906778      21.59      94.00  1
        2003063006  2128271      21.03      94.13  1
        2003063009  2277726      20.46      94.21  1
        2003063012  2486986      19.61      94.36  1
        2003063015  3926348      14.23      92.69  1
        2003063018  4711133      12.70      92.49  1
        2003063021  5221614      11.82      92.55  1
        2003070100  5482362      10.79      92.28  1
        2003070103  5709083      10.28      92.28  1
        2003070106  6073065       9.86      92.17  1
        2003070109  6405767       9.42      92.19  1
        2003070112  6487836       9.12      92.23  1
        2003070115  6467546       8.74      92.30  1
        2003070118  6478089       8.40      92.32  1
        2003070121  6569520       8.16      92.22  1
        2003070200  6566420       7.94      92.20  1
        2003070203  6573256       7.70      92.17  1
        2003070206  6697320       7.57      92.12  1
        2003070209  6664771       7.72      92.18  1
        2003070212  6539198       7.68      92.12  1
        2003070215  6381548       7.72      92.15  1
        2003070218  6145385       7.74      92.22  1
        2003070221  5882691       7.71      92.30  1
        2003070300  5609065       7.51      92.39  1
        2003070303  5341574       7.22      92.36  1
        2003070306  5196361       7.14      92.37  1
        2003070309  5014173       7.12      92.40  1
        2003070312  4876052       7.19      92.51  1
        2003070315  4712315       7.21      92.49  1
        2003070318  4708192       7.29      92.72  1
        2003070321  4882633       7.23      93.76  1
        2003070400  5094204       7.23      94.16  1
        2003070403  5223945       7.38      94.42  1
        2003070406  5877640       8.41      92.64  1
        2003070409  6037777       9.03      92.32  1
        2003070412  6123552       9.84      91.58  1
        2003070415  6017898      10.18      91.41  1
        2003070418  6214727      10.86      90.80  1
        2003070421  6195507      11.14      90.65  1
        2003070500  6199650      11.48      90.40  1
        2003070503  6162175      11.81      90.11  1
        2003070506  6018615      12.11      89.84  1
        2003070509  3905360      15.75      81.40  1
        2003070512  3778890      16.13      80.53  1
        2003070515  3538759      16.15      80.11  1
        2003070518  3439697      16.27      79.65  1
        2003070521  3331858      16.32      79.38  1
        2003070600  3307122      16.50      78.93  1
        2003070603  3264018      16.81      78.27  1
        2003070606  3183395      17.16      77.73  1
        2003070609  3155106      17.45      77.23  1
        2003070612  3072611      17.58      76.95  1
        2003070615  2869893      17.55      76.66  1
        2003070618  2674582      17.61      76.30  1
        2003070621  2480764      17.47      75.83  1
        2003070700  2358415      17.51      75.36  1
        2003070703  2161830      17.74      74.81  1
        2003070706  1986916      17.90      74.32  1
        2003070709  1869241      18.34      73.99  1
        2003070712  1651473      18.49      73.54  1
        2003070715  1248490      18.08      73.05  1
        2003070718  1042470      18.10      72.76  1
        2003070721   736354      17.86      72.33  1
        2003070800   588846      18.05      72.15  1
        2003070803   397524      18.28      71.84  1
LPT     8.0100
        2003070621   426731      -2.72     147.78  1
        2003070700   464447      -2.93     147.74  1
        2003070703   485191      -3.12     147.74  1
        2003070706   485842      -3.37     147.94  1
        2003070709   565851      -3.65     148.24  1
        2003070712   703577      -3.91     148.59  1
        2003070715   865194      -4.03     148.76  1
        2003070718  1104956      -4.36     149.83  1
        2003070721  1243141      -4.54     150.31  1
        2003070800  1382025      -4.72     150.97  1
        2003070803  1442411      -4.90     151.56  1
        2003070806  1628947      -5.00     151.94  1
        2003070809  1729004      -5.22     152.58  1
        2003070812  1885905      -5.37     153.03  1
        2003070815  2034102      -5.57     153.55  1
        2003070818  2239760      -5.74     153.90  1
        2003070821  2301037      -5.93     154.34  1
        2003070900  2343565      -6.04     154.91  1
        2003070903  2374668      -6.11     155.43  1
        2003070906  2477096      -6.17     155.73  1
        2003070909  2541290      -6.19     156.13  1
        2003070912  2647776      -6.16     156.36  1
        2003070915  2771988      -6.12     156.63  1
        2003070918  3060163      -6.15     156.89  1
        2003070921  3258079      -6.02     156.99  1
        2003071000  3366625      -5.87     157.03  1
        2003071003  3500384      -5.77     157.18  1
        2003071006  3707638      -5.67     157.23  1
        2003071009  3812376      -5.59     157.31  1
        2003071012  3937969      -5.49     157.45  1
        2003071015  4065186      -5.41     157.74  1
        2003071018  4408952      -5.42     158.51  1
        2003071021  4385617      -5.43     159.09  1
        2003071100  4425439      -5.36     159.70  1
        2003071103  4426147      -5.27     160.36  1
        2003071106  4587140      -4.96     161.05  1
        2003071109  4576874      -4.63     161.92  1
        2003071112  4682246      -4.17     162.62  1
        2003071115  4781682      -3.71     163.36  1
        2003071118  4843037      -3.33     163.68  1
        2003071121  4681659      -2.97     164.79  1
        2003071200  4605425      -2.67     165.36  1
        2003071203  4781987      -2.32     165.30  1
        2003071206  5356250      -2.17     163.66  1
        2003071209  5628438      -2.02     162.82  1
        2003071212  5871481      -1.91     162.18  1
        2003071215  6091104      -1.71     161.41  1
        2003071218  6397852      -1.69     160.07  1
        2003071221  5739662      -1.43     159.47  1
        2003071300  2275951      -0.18     145.29  1
        2003071303  2169408      -0.07     144.32  1
        2003071306  1822670       0.61     142.59  1
        2003071309  1528082       1.04     141.48  1
        2003071312  1484863       1.07     141.25  1
        2003071315  1494100       1.09     141.23  1
        2003071318  1644499       0.91     141.45  1
        2003071321  1595114       1.05     141.18  1
        2003071400  1642204       0.93     141.57  1
        2003071403  1756363       0.79     142.25  1
        2003071406  2242879      -0.03     144.81  1
        2003071409  2259128      -0.12     144.85  1
        2003071412  2515766      -0.29     145.59  1
        2003071415  2778443      -0.41     145.97  1
        2003071418  3011092      -0.31     146.22  1
        2003071421  2974650      -0.04     145.89  1
        2003071500  2936639       0.24     145.53  1
        2003071503  2976435       0.60     144.94  1
        2003071506  2864059       0.86     144.49  1
        2003071509  2622965       1.32     143.45  1
        2003071512  2540321       1.78     142.53  1
        2003071515  2572268       2.23     141.64  1
        2003071518  2971095       2.72     141.75  1
        2003071521  3048411       3.27     141.25  1
        2003071600  3275023       3.56     141.23  1
        2003071603  3550641       3.80     141.32  1
        2003071606  3796485       3.93     141.34  1
        2003071609  4177970       4.04     141.42  1
        2003071612  4462364       4.19     141.15  1
        2003071615  4863808       4.32     140.88  1
        2003071618  5116074       4.51     140.59  1
        2003071621  5185651       4.74     140.43  1
        2003071700  5311517       4.87     140.41  1
        2003071703  5451873       5.03     140.20  1
        2003071706  5557472       5.19     140.05  1
        2003071709  5679505       5.39     139.84  1
        2003071712  5841313       5.57     139.79  1
        2003071715  6007858       5.67     139.89  1
        2003071718  6236859       5.74     140.06  1
        2003071721  6472963       5.69     140.39  1
        2003071800  6802774       5.53     140.95  1
        2003071803  7113709       5.44     141.05  1
        2003071806  7405661       5.40     141.08  1
        2003071809  7748409       5.41     140.85  1
        2003071812  8042917       5.43     140.78  1
        2003071815  8347406       5.43     140.71  1
        2003071818  8589182       5.46     140.74  1
        2003071821  8751608       5.54     140.32  1
        2003071900  8956999       5.61     140.03  1
        2003071903  9139111       5.69     139.56  1
        2003071906  9260899       5.78     139.26  1
        2003071909  9384493       5.89     138.73  1
        2003071912  9464014       6.01     138.33  1
        2003071915  9520493       6.02     138.27  1
        2003071918  9442162       6.14     137.96  1
        2003071921  9458289       6.15     137.75  1
        2003072000  9525126       6.32     137.19  1
        2003072003  9428103       6.47     136.72  1
        2003072006  9237703       6.65     136.38  1
        2003072009  9145930       6.78     135.97  1
        2003072012  8962438       6.98     135.33  1
        2003072015  8800526       7.17     134.80  1
        2003072018  8596123       7.44     133.97  1
        2003072021  8318744       7.75     133.01  1
        2003072100  7976494       8.17     131.90  1
        2003072103  7587547       8.62     130.76  1
        2003072106  7192444       9.12     129.73  1
        2003072109  6969667       9.63     128.75  1
        2003072112  6701570       9.97     128.30  1
        2003072115  6702353      10.14     127.93  1
        2003072118  7193393      10.45     124.94  1
        2003072121  7606116      10.71     123.17  1
        2003072200  7738027      10.93     122.23  1
        2003072203  7942054      11.31     120.99  1
        2003072206  8108347      11.69     119.81  1
        2003072209  8465927      11.90     119.19  1
        2003072212  8712554      12.06     118.68  1
        2003072215  8763800      12.21     118.34  1
        2003072218  9044121      12.50     117.63  1
        2003072221  9276629      12.73     116.93  1
        2003072300  9349182      13.08     116.18  1
        2003072303  9190020      13.50     115.18  1
        2003072306  9266213      13.88     113.97  1
        2003072309  9290189      14.20     112.98  1
        2003072312  8741613      15.01     110.13  1
        2003072315  8680039      15.25     109.34  1
        2003072318  8671681      15.54     108.48  1
        2003072321  8633035      15.69     107.80  1
        2003072400  8607088      15.84     107.04  1
        2003072403  8520290      16.03     106.16  1
        2003072406  8530616      16.17     105.60  1
        2003072409  8564388      16.35     105.07  1
        2003072412  8496202      16.52     104.44  1
        2003072415  8359591      16.65     103.98  1
        2003072418  8259832      16.82     103.55  1
        2003072421  8128646      16.93     103.25  1
        2003072500  8013446      17.01     102.85  1
        2003072503  7948265      17.07     102.48  1
        2003072506  7802703      17.19     102.06  1
        2003072509  7679365      17.28     101.82  1
        2003072512  7447647      17.40     101.34  1
        2003072515  7267961      17.54     101.05  1
        2003072518  7110988      17.72     100.60  1
        2003072521  6853085      17.96      99.91  1
        2003072600  6649647      18.11      99.08  1
        2003072603  6369966      18.24      97.94  1
        2003072606  6176282      18.34      96.95  1
        2003072609  5906359      18.46      96.10  1
        2003072612  5689294      18.55      95.16  1
        2003072615  5279055      18.58      93.74  1
        2003072618  4947351      18.60      92.71  1
        2003072621  4574956      18.62      91.47  1
        2003072700  4445436      18.77      90.31  1
        2003072703  4355583      18.89      89.58  1
        2003072706  4290817      19.07      88.89  1
        2003072709  4362989      19.21      88.16  1
        2003072712  4275660      19.28      87.54  1
        2003072715  4061001      19.25      87.10  1
        2003072718  3947205      19.34      86.25  1
        2003072721  3774762      19.40      85.65  1
        2003072800  3757957      19.44      84.99  1
        2003072803  3549048      19.51      84.50  1
        2003072806  3391825      19.64      84.02  1
        2003072809  3303933      19.76      83.57  1
        2003072812  3184588      19.82      83.30  1
        2003072815  2923820      19.85      82.92  1
        2003072818  2693523      19.84      82.79  1
        2003072821  2498151      20.01      82.23  1
        2003072900  2150493      20.21      81.64  1
        2003072903   625908      18.19      91.26  1
        2003072906   515817      18.69      92.22  1
        2003072909   566970      19.76      92.52  1
        2003072912   616961      20.34      92.76  1
        2003072915   684017      20.88      93.06  1
        2003072918   826491      21.32      93.32  1
        2003072921  1169254      21.58      93.06  1
        2003073000  1439635      21.56      92.98  1
        2003073003  1603234      21.60      92.94  1
        2003073006  1826941      21.69      92.84  1
        2003073009  2003432      21.60      92.85  1
        2003073012  2086502      21.59      92.71  1
        2003073015  2178988      21.48      92.58  1
        2003073018  2360097      21.29      92.41  1
        2003073021  2470141      21.22      92.27  1
        2003073100  2580649      21.00      92.16  1
        2003073103  2600002      20.88      92.02  1
        2003073106  2698051      20.81      91.94  1
        2003073109  2725901      20.77      91.83  1
        2003073112  2739007      20.67      91.67  1
        2003073115  2681662      20.65      91.48  1
        2003073118  2669184      20.58      91.36  1
        2003073121  2667363      20.47      91.10  1
        2003080100  2631676      20.28      90.91  1
        2003080103  2597267      20.05      90.74  1
        2003080106  2618127      19.83      90.57  1
        2003080109  2546578      19.74      90.33  1
        2003080112  2399732      19.64      90.12  1
        2003080115  2283041      19.65      89.91  1
        2003080118  2107729      19.55      89.72  1
        2003080121  1978333      19.41      89.58  1
        2003080200  1692895      18.89      89.54  1
        2003080203  1385495      18.36      89.41  1
        2003080206  1150405      18.09      89.29  1
        2003080209   875307      17.55      89.31  1
        2003080212   580708      17.19      89.38  1
LPT     9.0100
        2003072718   342630       4.76     135.27  1
        2003072721   753066       4.53     137.36  1
        2003072800  1166396       4.41     137.93  1
        2003072803  1374640       4.46     138.14  1
        2003072806  1572877       4.48     138.07  1
        2003072809  1735556       4.57     137.83  1
        2003072812  1906577       4.66     137.59  1
        2003072815  2088229       4.77     137.31  1
        2003072818  2104915       4.84     137.01  1
        2003072821  2122439       4.89     136.83  1
        2003072900  2073212       4.91     136.59  1
        2003072903  2024702       4.95     136.31  1
        2003072906  2017701       4.96     136.03  1
        2003072909  2050457       5.05     135.82  1
        2003072912  2046454       5.12     135.52  1
        2003072915  2106405       5.15     135.28  1
        2003072918  2480220       5.00     135.99  1
        2003072921  2951239       4.68     138.01  1
        2003073000  3479753       4.43     140.14  1
        2003073003  3677341       4.43     140.93  1
        2003073006  4059305       4.39     141.77  1
        2003073009  4269305       4.26     142.62  1
        2003073012  4489260       4.11     143.58  1
        2003073015  4777452       3.99     144.49  1
        2003073018  5791321       4.30     147.68  1
        2003073021  6216735       4.38     149.04  1
        2003073100  5068489       3.58     155.01  1
        2003073103  5216530       3.88     155.60  1
        2003073106  5386813       3.99     155.73  1
        2003073109  5623885       4.05     155.63  1
        2003073112  5883782       4.19     155.40  1
        2003073115  6139641       4.37     155.29  1
        2003073118  6364197       4.55     154.91  1
        2003073121  6540163       4.72     154.41  1
        2003080100  6626037       4.79     154.02  1
        2003080103  6670463       4.95     153.71  1
        2003080106  6755327       5.14     153.38  1
        2003080109  6816053       5.31     153.11  1
        2003080112  6921107       5.49     152.81  1
        2003080115  6988605       5.65     152.57  1
        2003080118  7196101       5.93     152.33  1
        2003080121  7409417       6.23     152.06  1
        2003080200  7635119       6.58     151.83  1
        2003080203  7655275       6.71     151.61  1
        2003080206  7681878       6.82     151.39  1
        2003080209  7641128       6.92     151.10  1
        2003080212  7711002       7.10     150.73  1
        2003080215  7685785       7.20     150.24  1
        2003080218  6128254       4.03     147.49  1
        2003080221  5994996       4.37     147.17  1
        2003080300  5989911       4.61     147.05  1
        2003080303  5916768       4.85     146.96  1
        2003080306  6547520       4.92     148.65  1
        2003080309  6740884       5.13     148.52  1
        2003080312  6695862       5.31     148.14  1
        2003080315  6630621       5.48     147.56  1
        2003080318  6473905       5.76     146.63  1
        2003080321  6369903       6.07     146.05  1
        2003080400  6067919       6.19     145.78  1
        2003080403  5904886       6.36     145.53  1
        2003080406  5746532       6.42     145.41  1
        2003080409  5457137       6.51     145.29  1
        2003080412  5135738       6.62     145.09  2
        2003080415  5160951       7.40     143.89  2
        2003080418  4968845       7.86     143.09  2
        2003080421  4853104       8.47     142.20  2
        2003080500  4724840       9.19     141.07  2
        2003080503  4774438       9.62     140.41  2
        2003080506  4931083      10.00     139.83  2
        2003080509  5039656      10.26     139.51  2
        2003080512  5129082      10.40     139.29  2
        2003080515  5209704      10.53     139.05  2
        2003080518  5293953      10.57     138.84  2
        2003080521  5415001      10.66     138.56  2
        2003080600  5538482      10.73     138.40  2
        2003080603  5667449      10.84     138.22  2
        2003080606  6076544      10.92     138.11  1
        2003080609  6225057      11.03     137.90  1
        2003080612  6209290      11.15     137.74  1
        2003080615  6170810      11.28     137.57  1
        2003080618  6171683      11.35     137.63  1
        2003080621  6260501      11.39     137.75  1
        2003080700  6343737      11.42     138.11  1
        2003080703  6447416      11.36     138.56  1
        2003080706  6591754      11.50     138.76  1
        2003080709  6801539      11.55     139.07  1
        2003080712  7134878      11.71     139.30  1
        2003080715  7824208      13.28     139.05  1
        2003080718  8082923      13.86     139.26  1
        2003080721  8374119      14.49     139.22  1
        2003080800  8464455      15.21     139.22  1
        2003080803  4317505       4.30     149.59  1
        2003080806  4268841       4.47     149.62  1
        2003080809  4271417       4.53     149.63  1
        2003080812  4258478       4.56     149.74  1
        2003080815  4348483       4.61     149.91  1
        2003080818  4214947       4.66     150.05  1
        2003080821  4069239       4.65     150.52  1
        2003080900  3707338       4.31     151.45  1
        2003080903  3290061       3.90     152.65  1
        2003080906  3208905       3.98     153.04  1
        2003080909  3093111       3.89     153.32  1
        2003080912  3055352       3.86     153.51  1
        2003080915  3045749       3.89     153.62  1
        2003080918  3057846       4.06     153.64  1
        2003080921  2955041       4.15     153.52  1
        2003081000  2808987       4.20     153.40  1
        2003081003  2595663       4.23     153.20  1
        2003081006  2309149       4.15     153.05  1
        2003081009  2030371       4.01     152.93  1
        2003081012  1562190       3.96     153.00  1
        2003081015   974367       3.78     152.98  1
LPT    10.0100
        2003080318   429511      -0.36      62.72  1
        2003080321   529902      -0.27      62.98  1
        2003080400   610204      -0.20      63.20  1
        2003080403   736050      -0.08      63.46  1
        2003080406   859550       0.00      63.71  1
        2003080409   954475       0.05      63.89  1
        2003080412  1046306       0.12      63.98  1
        2003080415  1119590       0.19      64.08  1
        2003080418  1162019       0.23      64.19  1
        2003080421  1158162       0.31      64.33  1
        2003080500  1106466       0.36      64.41  1
        2003080503   927451       0.47      64.76  1
        2003080506   757640       0.56      65.18  1
        2003080509   522927       0.69      65.87  1
        2003080512   340675       0.76      66.33  1
        2003080721   401699       0.69      67.40  1
        2003080800   726809       0.36      67.52  1
        2003080803   958413       0.17      67.75  1
        2003080806  1192261      -0.06      67.86  1
        2003080809  1368203      -0.18      67.95  1
        2003080812  1535572      -0.33      67.97  1
        2003080815  1746912      -0.41      68.11  1
        2003080818  1848653      -0.50      68.12  1
        2003080821  2019724      -0.67      68.27  1
        2003080900  2240042      -0.84      68.64  1
        2003080903  2364746      -0.95      68.71  1
        2003080906  2464005      -1.04      68.82  1
        2003080909  2499281      -1.09      68.76  1
        2003080912  2600801      -1.22      68.91  1
        2003080915  2605933      -1.39      68.91  1
        2003080918  2664900      -1.57      69.00  1
        2003080921  2684636      -1.75      69.18  1
        2003081000  2662732      -1.93      69.24  1
        2003081003  2649193      -2.18      69.48  1
        2003081006  2675638      -2.44      69.78  1
        2003081009  2623784      -2.62      70.05  1
        2003081012  2591833      -2.84      70.39  1
        2003081015  2489978      -3.05      70.69  1
        2003081018  2464208      -3.25      71.05  1
        2003081021  2317627      -3.46      71.30  1
        2003081100  2226377      -3.71      71.81  1
        2003081103  2108357      -3.93      72.55  1
        2003081106  2023435      -4.11      73.17  1
        2003081109  1952520      -4.25      73.95  1
        2003081112  1980167      -4.33      74.82  1
        2003081115  1958700      -4.34      75.54  1
        2003081118  2030426      -4.28      76.14  1
        2003081121  2116125      -4.19      77.04  1
        2003081200  2176414      -4.08      77.64  1
        2003081203  1999645      -3.99      78.66  1
        2003081206  1926120      -3.79      79.68  1
        2003081209  1804062      -3.55      80.74  1
        2003081212  1697349      -3.27      81.71  1
        2003081215  1509177      -2.73      83.25  1
        2003081218  1320272      -1.90      85.53  1
        2003081221  1357792      -1.02      87.35  1
        2003081300  1553099      -0.55      88.06  1
        2003081303  1824527      -0.27      88.41  1
        2003081306  2017118       0.19      89.15  1
        2003081309  2173397       0.51      89.59  1
        2003081312  2345659       0.86      89.94  1
        2003081315  2428393       1.18      90.15  1
        2003081318  2653833       1.66      90.41  1
        2003081321  2827487       2.05      90.53  1
        2003081400  3024252       2.29      90.33  1
        2003081403  3165705       2.53      90.23  1
        2003081406  3386573       2.81      90.13  1
        2003081409  3563883       2.92      90.05  1
        2003081412  3695086       2.89      90.07  1
        2003081415  3730181       2.78      90.10  1
        2003081418  3790391       2.67      90.16  1
        2003081421  3789067       2.58      90.33  1
        2003081500  3831826       2.43      90.41  1
        2003081503  3882965       2.30      90.60  1
        2003081506  3954886       2.17      90.72  1
        2003081509  3946359       2.04      90.94  1
        2003081512  3987691       1.89      91.11  1
        2003081515  4005078       1.68      91.22  1
        2003081518  4046095       1.52      91.39  1
        2003081521  4121548       1.36      91.63  1
        2003081600  4176155       1.26      91.78  1
        2003081603  4200531       1.24      91.92  1
        2003081606  4266358       1.20      92.08  1
        2003081609  4353896       1.12      92.30  1
        2003081612  4388423       1.11      92.49  1
        2003081615  4395435       1.05      92.65  1
        2003081618  4435401       1.05      92.93  1
        2003081621  4489853       1.00      93.21  1
        2003081700  4550059       1.10      93.49  1
        2003081703  4521708       1.23      93.73  1
        2003081706  4487034       1.38      93.90  1
        2003081709  4443810       1.56      94.17  1
        2003081712  4436436       1.82      94.32  1
        2003081715  4459617       2.23      94.45  1
        2003081718  4473132       2.55      94.63  1
        2003081721  4518347       2.83      94.88  1
        2003081800  4556388       3.19      95.16  1
        2003081803  4511890       3.49      95.38  1
        2003081806  6583454       8.07     103.27  1
        2003081809  7242888       9.00     103.67  1
        2003081812  7340856       9.23     103.89  1
        2003081815  7734915       9.65     104.35  1
        2003081818  8366085      10.19     105.18  1
        2003081821  8461657      10.42     105.65  1
        2003081900  8500047      10.80     105.95  1
        2003081903  8458212      11.31     106.12  1
        2003081906  9033402      12.80     105.18  1
        2003081909  9014170      13.78     104.96  1
        2003081912  8727184      14.29     105.04  1
        2003081915  8700131      14.50     105.01  1
        2003081918  8861417      14.69     105.07  1
        2003081921  8805662      14.81     105.00  1
        2003082000  8656093      14.96     104.97  1
        2003082003  8446216      15.04     104.96  1
        2003082006  8430287      15.14     105.01  1
        2003082009  8269205      15.19     105.21  1
        2003082012  8124365      15.33     105.48  1
        2003082015  7692537      15.40     105.50  1
        2003082018  7415757      15.53     105.96  1
        2003082021  6958709      15.53     106.30  1
        2003082100  6525663      15.59     105.86  1
        2003082103  6082413      15.67     105.17  1
        2003082106  5915557      15.81     104.75  1
        2003082109  5755181      16.03     104.61  1
        2003082112  5507420      16.17     104.60  1
        2003082115  5291149      16.24     104.21  1
        2003082118  2706007      14.75      90.99  1
        2003082121  2697968      14.91      90.68  1
        2003082200  2663100      15.02      90.17  1
        2003082203  2626824      15.24      89.68  1
        2003082206  2591661      15.56      89.43  1
        2003082209  2612399      15.85      89.15  1
        2003082212  2625980      16.07      88.65  1
        2003082215  2581547      16.31      88.18  1
        2003082218  2676118      16.64      87.77  1
        2003082221  2657038      16.79      87.27  1
        2003082300  2624842      16.93      86.59  1
        2003082303  2489544      17.18      85.81  1
        2003082306  2440031      17.47      85.37  1
        2003082309  2424348      17.76      84.73  1
        2003082312  2430102      17.99      83.98  1
        2003082315  2372068      18.16      83.31  1
        2003082318  2342076      18.37      82.70  1
        2003082321  2319228      18.54      82.13  1
        2003082400  2219645      18.67      81.42  1
        2003082403  2086558      18.90      80.50  1
        2003082406  1992946      19.17      79.89  1
        2003082409  2134929      19.47      80.37  1
        2003082412  2084312      19.68      80.23  1
        2003082415  1779680      19.81      78.26  1
        2003082418  1633220      20.00      77.41  1
        2003082421  1456371      20.16      76.84  1
        2003082500  1338345      20.33      76.50  1
        2003082503  1209415      20.54      76.10  1
        2003082506  1114065      20.74      75.84  1
        2003082509  1040196      20.88      75.65  1
        2003082512   963839      21.10      75.44  1
        2003082515   760025      21.39      74.93  1
        2003082518   628954      21.62      74.56  1
        2003082521   441052      21.81      74.08  1
        2003082600   308115      21.95      73.87  1
LPT    10.0200
        2003080318   429511      -0.36      62.72  1
        2003080321   529902      -0.27      62.98  1
        2003080400   610204      -0.20      63.20  1
        2003080403   736050      -0.08      63.46  1
        2003080406   859550       0.00      63.71  1
        2003080409   954475       0.05      63.89  1
        2003080412  1046306       0.12      63.98  1
        2003080415  1119590       0.19      64.08  1
        2003080418  1162019       0.23      64.19  1
        2003080421  1158162       0.31      64.33  1
        2003080500  1106466       0.36      64.41  1
        2003080503   927451       0.47      64.76  1
        2003080506   757640       0.56      65.18  1
        2003080509   522927       0.69      65.87  1
        2003080512   340675       0.76      66.33  1
        2003080721   401699       0.69      67.40  1
        2003080800   726809       0.36      67.52  1
        2003080803   958413       0.17      67.75  1
        2003080806  1192261      -0.06      67.86  1
        2003080809  1368203      -0.18      67.95  1
        2003080812  1535572      -0.33      67.97  1
        2003080815  1746912      -0.41      68.11  1
        2003080818  1848653      -0.50      68.12  1
        2003080821  2019724      -0.67      68.27  1
        2003080900  2240042      -0.84      68.64  1
        2003080903  2364746      -0.95      68.71  1
        2003080906  2464005      -1.04      68.82  1
        2003080909  2499281      -1.09      68.76  1
        2003080912  2600801      -1.22      68.91  1
        2003080915  2605933      -1.39      68.91  1
        2003080918  2664900      -1.57      69.00  1
        2003080921  2684636      -1.75      69.18  1
        2003081000  2662732      -1.93      69.24  1
        2003081003  2649193      -2.18      69.48  1
        2003081006  2675638      -2.44      69.78  1
        2003081009  2623784      -2.62      70.05  1
        2003081012  2591833      -2.84      70.39  1
        2003081015  2489978      -3.05      70.69  1
        2003081018  2464208      -3.25      71.05  1
        2003081021  2317627      -3.46      71.30  1
        2003081100  2226377      -3.71      71.81  1
        2003081103  2108357      -3.93      72.55  1
        2003081106  2023435      -4.11      73.17  1
        2003081109  1952520      -4.25      73.95  1
        2003081112  1980167      -4.33      74.82  1
        2003081115  1958700      -4.34      75.54  1
        2003081118  2030426      -4.28      76.14  1
        2003081121  2116125      -4.19      77.04  1
        2003081200  2176414      -4.08      77.64  1
        2003081203  1999645      -3.99      78.66  1
        2003081206  1926120      -3.79      79.68  1
        2003081209  1804062      -3.55      80.74  1
        2003081212  1697349      -3.27      81.71  1
        2003081215  1509177      -2.73      83.25  1
        2003081218  1320272      -1.90      85.53  1
        2003081221  1357792      -1.02      87.35  1
        2003081300  1553099      -0.55      88.06  1
        2003081303  1824527      -0.27      88.41  1
        2003081306  2017118       0.19      89.15  1
        2003081309  2173397       0.51      89.59  1
        2003081312  2345659       0.86      89.94  1
        2003081315  2428393       1.18      90.15  1
        2003081318  2653833       1.66      90.41  1
        2003081321  2827487       2.05      90.53  1
        2003081400  3024252       2.29      90.33  1
        2003081403  3165705       2.53      90.23  1
        2003081406  3386573       2.81      90.13  1
        2003081409  3563883       2.92      90.05  1
        2003081412  3695086       2.89      90.07  1
        2003081415  3730181       2.78      90.10  1
        2003081418  3790391       2.67      90.16  1
        2003081421  3789067       2.58      90.33  1
        2003081500  3831826       2.43      90.41  1
        2003081503  3882965       2.30      90.60  1
        2003081506  3954886       2.17      90.72  1
        2003081509  3946359       2.04      90.94  1
        2003081512  3987691       1.89      91.11  1
        2003081515  4005078       1.68      91.22  1
        2003081518  4046095       1.52      91.39  1
        2003081521  4121548       1.36      91.63  1
        2003081600  4176155       1.26      91.78  1
        2003081603  4200531       1.24      91.92  1
        2003081606  4266358       1.20      92.08  1
        2003081609  4353896       1.12      92.30  1
        2003081612  4388423       1.11      92.49  1
        2003081615  4395435       1.05      92.65  1
        2003081618  4435401       1.05      92.93  1
        2003081621  4489853       1.00      93.21  1
        2003081700  4550059       1.10      93.49  1
        2003081703  4521708       1.23      93.73  1
        2003081706  4487034       1.38      93.90  1
        2003081709  4443810       1.56      94.17  1
        2003081712  4436436       1.82      94.32  1
        2003081715  4459617       2.23      94.45  1
        2003081718  4473132       2.55      94.63  1
        2003081721  4518347       2.83      94.88  1
        2003081800  4556388       3.19      95.16  1
        2003081803  4511890       3.49      95.38  1
        2003081806  6583454       8.07     103.27  1
        2003081809  7242888       9.00     103.67  1
        2003081812  7340856       9.23     103.89  1
        2003081815  7734915       9.65     104.35  1
        2003081818  8366085      10.19     105.18  1
        2003081821  8461657      10.42     105.65  1
        2003081900  8500047      10.80     105.95  1
        2003081903  8458212      11.31     106.12  1
        2003081906  9033402      12.80     105.18  1
        2003081909  9014170      13.78     104.96  1
        2003081912  8727184      14.29     105.04  1
        2003081915  8700131      14.50     105.01  1
        2003081918  8861417      14.69     105.07  1
        2003081921  8805662      14.81     105.00  1
        2003082000  8656093      14.96     104.97  1
        2003082003  8446216      15.04     104.96  1
        2003082006  8430287      15.14     105.01  1
        2003082009  8269205      15.19     105.21  1
        2003082012  8124365      15.33     105.48  1
        2003082015  7692537      15.40     105.50  1
        2003082018  7415757      15.53     105.96  1
        2003082021  6958709      15.53     106.30  1
        2003082100  6525663      15.59     105.86  1
        2003082103  6082413      15.67     105.17  1
        2003082106  5915557      15.81     104.75  1
        2003082109  5755181      16.03     104.61  1
        2003082112  5507420      16.17     104.60  1
        2003082115  5291149      16.24     104.21  1
        2003082118  2328713      18.35     118.33  1
        2003082121  2037644      18.53     118.50  1
        2003082200  1854513      18.64     118.80  1
        2003082203  1634197      18.76     119.05  1
        2003082206  1611967      18.71     119.33  1
        2003082209  1544642      18.64     119.61  1
        2003082212  1353213      18.33     120.46  1
        2003082215  1188845      18.04     120.73  1
        2003082218  1082047      17.74     121.03  1
        2003082221  1096319      17.44     120.85  1
        2003082300  1122088      17.20     120.80  1
        2003082303  1073713      16.88     120.86  1
        2003082306  1089154      16.63     120.90  1
        2003082309  1238300      16.42     120.43  1
        2003082312  1314041      16.27     120.02  1
        2003082315  1360819      16.13     119.73  1
        2003082318  1479360      16.03     119.60  1
        2003082321  1573747      15.90     119.25  1
        2003082400  1704511      15.87     118.78  1
        2003082403  1777500      15.82     118.60  1
        2003082406  1884398      15.81     118.29  1
        2003082409  1939973      15.73     118.06  1
        2003082412  1996473      15.79     117.58  1
        2003082415  2048557      15.98     116.95  1
        2003082418  2128642      16.12     116.52  1
        2003082421  2843297      16.86     112.33  1
        2003082500  2942799      16.89     111.77  1
        2003082503  3115036      16.98     110.34  1
        2003082506  3411305      17.13     108.94  1
        2003082509  3460851      17.13     108.19  1
        2003082512  3476671      17.12     107.51  1
        2003082515  3552914      17.19     106.58  1
        2003082518  3619080      17.16     106.11  1
        2003082521  3679886      17.10     105.65  1
        2003082600  3701158      17.15     104.68  1
        2003082603  3759092      17.17     103.72  1
        2003082606  3744693      17.19     102.97  1
        2003082609  3709274      17.22     102.04  1
        2003082612  3509376      17.26     100.49  1
        2003082615  3340515      17.26      99.21  1
        2003082618  3217801      17.23      98.16  1
        2003082621  3104866      17.18      97.07  1
        2003082700  3059191      17.11      95.78  1
        2003082703  2879251      16.96      94.46  1
        2003082706  2576553      16.57      92.37  1
        2003082709  2523018      16.53      91.92  1
        2003082712  2378896      16.47      91.33  1
        2003082715  2276913      16.53      90.77  1
        2003082718  2256934      16.71      90.32  1
        2003082721  2257975      16.99      89.97  1
        2003082800  2207712      17.12      89.57  1
        2003082803  2123719      17.26      89.25  1
        2003082806  2005958      17.47      88.81  1
        2003082809  1884344      17.65      88.47  1
        2003082812  1755879      17.88      88.13  1
        2003082815  1570958      18.06      87.76  1
        2003082818  1421871      18.37      87.29  1
        2003082821  1333144      18.58      86.96  1
        2003082900  1178367      18.87      86.47  1
        2003082903   984770      19.26      85.99  1
        2003082906   732836      19.72      85.44  1
        2003082909   601888      19.95      85.06  1
        2003082912   414540      20.26      84.50  1
LPT    11.0100
        2003082312   456236       2.17     140.77  1
        2003082315   746099       2.62     140.46  1
        2003082318  1066533       2.97     140.15  1
        2003082321  1254441       3.09     140.15  1
        2003082400  1423054       3.18     139.92  1
        2003082403  1523788       3.29     139.83  1
        2003082406  1617741       3.31     139.75  1
        2003082409  1680174       3.29     139.80  1
        2003082412  1781156       3.26     139.98  1
        2003082415  1951389       3.24     140.43  1
        2003082418  2157715       3.27     140.79  1
        2003082421  2373945       3.29     141.22  1
        2003082500  2483101       3.31     141.55  1
        2003082503  2579050       3.39     141.68  1
        2003082506  2709949       3.30     141.77  1
        2003082509  2793543       3.36     141.76  1
        2003082512  2890171       3.44     141.59  1
        2003082515  2928399       3.49     141.66  1
        2003082518  3010309       3.56     141.44  1
        2003082521  3057158       3.55     141.28  1
        2003082600  3061689       3.56     141.05  1
        2003082603  2999246       3.66     140.68  1
        2003082606  2929698       3.80     140.20  1
        2003082609  2712642       3.91     139.97  1
        2003082612  2497951       3.98     139.85  1
        2003082615  2330722       4.09     139.71  1
        2003082618  2031935       4.09     139.52  1
        2003082621  1141494       2.42     145.27  1
        2003082700  1045924       2.39     145.50  1
        2003082703   988086       2.38     145.73  1
        2003082706   982593       2.50     145.78  1
        2003082709   934647       2.70     145.73  1
        2003082712   920556       2.94     145.59  1
        2003082715   938759       3.26     145.23  1
        2003082718   888262       3.74     144.46  1
        2003082721   840642       4.40     143.35  1
        2003082800   741957       5.34     142.02  1
        2003082803   729165       6.35     140.75  1
        2003082806   857492       7.11     139.87  1
        2003082809  1490570       7.99     135.23  1
        2003082812  1547868       8.39     135.15  1
        2003082815  1504863       8.79     135.90  1
        2003082818  1663349       9.28     135.90  1
        2003082821  1581472       9.74     137.52  1
        2003082900  1611958      10.14     137.84  1
        2003082903  1673177      10.33     137.82  1
        2003082906  1715473      10.47     137.90  1
        2003082909  1785346      10.68     137.88  1
        2003082912  1866457      10.88     137.80  1
        2003082915  1928167      11.14     137.72  1
        2003082918  1916927      11.34     137.55  1
        2003082921  2018383      11.48     137.35  1
        2003083000  2076668      11.64     137.11  1
        2003083003  2092792      11.78     136.92  1
        2003083006  2153972      11.94     136.64  1
        2003083009  2117669      12.15     136.48  1
        2003083012  2138240      12.39     136.26  1
        2003083015  2152900      12.52     136.07  1
        2003083018  2161594      12.74     135.78  1
        2003083021  2095457      13.03     135.43  1
        2003083100  2030443      13.28     135.10  1
        2003083103  1958518      13.48     134.80  1
        2003083106  1968559      13.71     134.44  1
        2003083109  1952054      13.99     134.02  1
        2003083112  1905894      14.25     133.65  1
        2003083115  1924224      14.55     133.33  1
        2003083118  2102811      14.88     132.67  1
        2003083121  2272378      15.16     131.81  1
        2003090100  2328789      15.58     130.99  1
        2003090103  2445763      15.79     130.19  1
        2003090106  2562887      15.97     129.50  1
        2003090109  2745953      16.01     128.81  1
        2003090112  2854292      15.98     128.24  1
        2003090115  2974862      15.93     127.72  1
        2003090118  3164450      15.76     127.36  1
        2003090121  3976896      14.36     129.53  1
        2003090200  4319391      14.02     129.85  1
        2003090203  4512236      13.92     129.70  1
        2003090206  4672543      13.89     129.39  1
        2003090209  4900975      13.77     129.21  1
        2003090212  5135372      13.51     129.50  1
        2003090215  5162901      13.45     129.32  1
        2003090218  5408989      13.17     129.78  1
        2003090221  5581060      12.97     129.95  1
        2003090300  5774609      12.74     130.58  1
        2003090303  5855032      12.60     130.98  1
        2003090306  2195381       6.61     148.18  1
        2003090309  2345018       6.53     148.95  1
        2003090312  2549953       6.58     149.67  1
        2003090315  2824073       6.68     150.55  1
        2003090318  3092416       6.69     151.13  1
        2003090321  3280219       6.58     152.04  1
        2003090400  3531417       6.67     153.10  1
        2003090403  3661019       6.73     153.80  1
        2003090406  3730473       6.75     154.32  1
        2003090409  3963960       6.78     154.72  1
        2003090412  4203291       6.87     155.06  1
        2003090415  4419761       6.99     155.17  1
        2003090418  4718741       7.23     154.97  1
        2003090421  4830774       7.34     154.98  1
        2003090500  4920898       7.53     155.06  1
        2003090503  5041743       7.52     155.05  1
        2003090506  5112480       7.52     154.95  1
        2003090509  5250877       7.35     155.06  1
        2003090512  5344673       7.42     155.13  1
        2003090515  5522494       7.47     154.79  1
        2003090518  5778787       7.35     153.95  1
        2003090521  5776130       7.35     153.41  1
        2003090600  5932400       7.44     152.52  1
        2003090603  6114407       7.45     151.67  1
        2003090606  6424915       7.28     150.77  1
        2003090609  6510240       6.96     149.76  1
        2003090612  6617106       6.72     148.77  1
        2003090615  6118927       6.58     147.10  1
        2003090618  5473545       6.54     143.80  1
        2003090621  5469475       6.54     143.20  1
        2003090700  5447684       6.52     142.78  1
        2003090703  5490002       6.56     142.60  1
        2003090706  5595639       6.50     142.52  1
        2003090709  5747217       6.37     142.55  1
        2003090712  5833917       6.39     142.41  1
        2003090715  5780311       6.22     142.44  1
        2003090718  5881472       6.17     142.29  1
        2003090721  5950789       6.11     142.11  1
        2003090800  6031505       6.09     142.12  1
        2003090803  6052843       6.03     142.22  1
        2003090806  6117706       6.02     142.24  1
        2003090809  6132047       5.93     142.44  1
        2003090812  6169958       5.87     142.65  1
        2003090815  6117207       5.74     143.12  1
        2003090818  6020713       5.52     143.49  1
        2003090821  5917089       5.31     143.73  1
        2003090900  5796670       4.99     144.17  1
        2003090903  5661098       4.64     144.56  1
        2003090906  5645038       4.45     144.83  1
        2003090909  5527735       4.20     145.08  1
        2003090912  5489385       4.11     145.21  1
        2003090915  5153619       3.69     145.65  1
        2003090918  5200105       3.90     145.46  1
        2003090921  5023623       3.76     145.71  1
        2003091000  4962880       3.95     145.55  1
        2003091003  4833611       3.98     145.60  1
        2003091006  4643392       3.70     145.81  1
        2003091009  4689397       4.33     145.14  1
        2003091012   583250      19.40     130.27  1
        2003091015   677113      20.25     129.69  1
        2003091018   817257      20.82     129.29  1
        2003091021  1006535      21.77     128.78  1
        2003091100  1164680      23.03     128.19  1
        2003091103  1357910      23.85     127.90  1
        2003091106  1530666      24.67     127.70  1
        2003091109  1748645      25.43     127.58  1
        2003091112  1884140      25.97     127.53  1
        2003091115  1973676      26.55     127.55  1
        2003091118  2131544      27.02     127.61  1
        2003091121  2312408      27.51     127.68  1
        2003091200  2413929      28.07     127.74  1
        2003091203  2445226      28.50     127.77  1
        2003091206  2492610      28.78     127.78  1
        2003091209  2494605      29.09     127.78  1
        2003091212  2425376      29.28     127.77  1
        2003091215  2437566      29.90     127.89  1
        2003091218  2395242      30.33     127.88  1
        2003091221  2211043      30.73     127.83  1
        2003091300  2166837      31.45     128.02  1
        2003091303  2037671      32.00     128.14  1
        2003091306  1980029      32.32     128.24  1
        2003091309  1928734      32.74     128.43  1
        2003091312  1814365      33.23     128.63  1
        2003091315  1686275      33.66     128.79  1
        2003091318  1586893      34.02     128.91  1
        2003091321  1488501      34.37     129.02  1
        2003091400  1308460      34.89     129.28  1
        2003091403  1156328      35.34     129.50  1
        2003091406  1018058      35.70     129.67  1
        2003091409   873128      36.02     129.79  1
        2003091412   712811      36.51     130.04  1
        2003091415   580581      36.95     130.25  1
        2003091418   430829      37.37     130.47  1
        2003091421   247099      37.83     130.72  1
LPT    11.0200
        2003082312   456236       2.17     140.77  1
        2003082315   746099       2.62     140.46  1
        2003082318  1066533       2.97     140.15  1
        2003082321  1254441       3.09     140.15  1
        2003082400  1423054       3.18     139.92  1
        2003082403  1523788       3.29     139.83  1
        2003082406  1617741       3.31     139.75  1
        2003082409  1680174       3.29     139.80  1
        2003082412  1781156       3.26     139.98  1
        2003082415  1951389       3.24     140.43  1
        2003082418  2157715       3.27     140.79  1
        2003082421  2373945       3.29     141.22  1
        2003082500  2483101       3.31     141.55  1
        2003082503  2579050       3.39     141.68  1
        2003082506  2709949       3.30     141.77  1
        2003082509  2793543       3.36     141.76  1
        2003082512  2890171       3.44     141.59  1
        2003082515  2928399       3.49     141.66  1
        2003082518  3010309       3.56     141.44  1
        2003082521  3057158       3.55     141.28  1
        2003082600  3061689       3.56     141.05  1
        2003082603  2999246       3.66     140.68  1
        2003082606  2929698       3.80     140.20  1
        2003082609  2712642       3.91     139.97  1
        2003082612  2497951       3.98     139.85  1
        2003082615  2330722       4.09     139.71  1
        2003082618  2031935       4.09     139.52  1
        2003082621  1141494       2.42     145.27  1
        2003082700  1045924       2.39     145.50  1
        2003082703   988086       2.38     145.73  1
        2003082706   982593       2.50     145.78  1
        2003082709   934647       2.70     145.73  1
        2003082712   920556       2.94     145.59  1
        2003082715   938759       3.26     145.23  1
        2003082718   888262       3.74     144.46  1
        2003082721   840642       4.40     143.35  1
        2003082800   741957       5.34     142.02  1
        2003082803   729165       6.35     140.75  1
        2003082806   857492       7.11     139.87  1
        2003082809  1490570       7.99     135.23  1
        2003082812  1547868       8.39     135.15  1
        2003082815  1504863       8.79     135.90  1
        2003082818  1663349       9.28     135.90  1
        2003082821  1581472       9.74     137.52  1
        2003082900  1611958      10.14     137.84  1
        2003082903  1673177      10.33     137.82  1
        2003082906  1715473      10.47     137.90  1
        2003082909  1785346      10.68     137.88  1
        2003082912  1866457      10.88     137.80  1
        2003082915  1928167      11.14     137.72  1
        2003082918  1916927      11.34     137.55  1
        2003082921  2018383      11.48     137.35  1
        2003083000  2076668      11.64     137.11  1
        2003083003  2092792      11.78     136.92  1
        2003083006  2153972      11.94     136.64  1
        2003083009  2117669      12.15     136.48  1
        2003083012  2138240      12.39     136.26  1
        2003083015  2152900      12.52     136.07  1
        2003083018  2161594      12.74     135.78  1
        2003083021  2095457      13.03     135.43  1
        2003083100  2030443      13.28     135.10  1
        2003083103  1958518      13.48     134.80  1
        2003083106  1968559      13.71     134.44  1
        2003083109  1952054      13.99     134.02  1
        2003083112  1905894      14.25     133.65  1
        2003083115  1924224      14.55     133.33  1
        2003083118  2102811      14.88     132.67  1
        2003083121  2272378      15.16     131.81  1
        2003090100  2328789      15.58     130.99  1
        2003090103  2445763      15.79     130.19  1
        2003090106  2562887      15.97     129.50  1
        2003090109  2745953      16.01     128.81  1
        2003090112  2854292      15.98     128.24  1
        2003090115  2974862      15.93     127.72  1
        2003090118  3164450      15.76     127.36  1
        2003090121  3976896      14.36     129.53  1
        2003090200  4319391      14.02     129.85  1
        2003090203  4512236      13.92     129.70  1
        2003090206  4672543      13.89     129.39  1
        2003090209  4900975      13.77     129.21  1
        2003090212  5135372      13.51     129.50  1
        2003090215  5162901      13.45     129.32  1
        2003090218  5408989      13.17     129.78  1
        2003090221  5581060      12.97     129.95  1
        2003090300  5774609      12.74     130.58  1
        2003090303  5855032      12.60     130.98  1
        2003090306  3744917      15.90     121.96  1
        2003090309  3690900      15.84     121.48  1
        2003090312  3618492      15.79     121.15  1
        2003090315  3504344      15.76     120.82  1
        2003090318  3437337      15.75     120.53  1
        2003090321  3252038      15.79     120.10  1
        2003090400  3038518      15.84     119.62  1
        2003090403  2880257      15.86     119.27  1
        2003090406  2764758      15.89     118.87  1
        2003090409  2687815      15.97     118.43  1
        2003090412  2491998      16.05     118.19  1
        2003090415  2336908      16.05     118.03  1
        2003090418  2195330      16.03     117.87  1
        2003090421  2053591      16.02     117.56  1
        2003090500  1852664      15.85     117.34  1
        2003090503  1707762      15.75     116.92  1
        2003090506  1651112      15.90     116.33  1
        2003090509  1508154      16.00     116.00  1
        2003090512  1183766      15.99     115.84  1
        2003090515   967205      15.84     115.93  1
        2003090518   878085      15.85     115.92  1
        2003090521   779657      15.77     115.88  1
        2003090600   619103      16.05     115.33  1
        2003090603   679146      16.29     114.37  1
        2003090606   710167      16.53     113.26  1
        2003090609  2869648      16.98      97.24  1
        2003090612  2982871      17.14      96.74  1
        2003090615  3005713      17.26      95.96  1
        2003090618  3104555      17.38      95.94  1
        2003090621  3107646      17.53      95.25  1
        2003090700  2965962      17.64      95.01  1
        2003090703  2914935      17.79      95.43  2
        2003090706  3023291      17.95      96.17  2
        2003090709  3080015      18.06      96.81  2
        2003090712  2804274      18.24      96.23  2
        2003090715  2722340      18.29      96.43  2
        2003090718  2971300      18.26      97.21  2
        2003090721  3137407      18.17      97.98  1
        2003090800  2885171      18.00      98.72  1
        2003090803  2627201      17.88      99.70  1
        2003090806  2677050      17.58     101.23  1
        2003090809  2678037      17.14     102.99  1
        2003090812  2583832      16.57     104.51  1
        2003090815  2838782      16.18     104.99  1
        2003090818  3007438      15.86     105.25  1
        2003090821  3246870      15.57     104.97  1
        2003090900  4172801      13.14     103.41  1
        2003090903  4496688      12.65     102.85  1
        2003090906  4663356      12.34     102.61  1
        2003090909  4846902      12.25     102.38  1
        2003090912  4921219      12.09     102.15  1
        2003090915  5084642      12.03     101.92  1
        2003090918  5412561      12.00     101.86  1
        2003090921  5610847      11.93     101.84  1
        2003091000  5374414      12.47     102.12  1
        2003091003  5332567      12.56     102.04  1
        2003091006  5274619      12.64     101.75  1
        2003091009  5170175      12.75     101.63  1
        2003091012  5050221      12.67     101.42  1
        2003091015  5004189      12.76     101.30  1
        2003091018  5003731      12.93     101.24  1
        2003091021  4787100      13.17     101.32  1
        2003091100  4439333      13.85     101.53  1
        2003091103  4286626      14.10     101.45  1
        2003091106  4217980      14.18     101.60  1
        2003091109  4098186      14.21     101.49  1
        2003091112  3853468      14.28     101.30  1
        2003091115  3770687      14.39     101.17  1
        2003091118  3598062      14.46     100.93  1
        2003091121  3470924      14.55     100.61  1
        2003091200  3351390      14.54     100.49  1
        2003091203  3213129      14.73     100.40  1
        2003091206  3212703      14.87     100.79  1
        2003091209  3182747      15.04     100.91  1
        2003091212  3169584      14.84     101.72  1
        2003091215  3186019      14.65     102.59  1
        2003091218  3231206      14.39     103.60  1
        2003091221  3217259      13.92     104.81  1
        2003091300  3088205      13.74     105.36  1
        2003091303  3001294      13.40     106.25  1
        2003091306  3055154      13.21     106.87  1
        2003091309  2602157      11.98     110.17  1
        2003091312  2549104      11.84     110.36  1
        2003091315  2522899      11.81     110.56  1
        2003091318  2588592      11.88     110.55  1
        2003091321  2591628      12.02     110.34  1
        2003091400  2600327      12.20     110.27  1
        2003091403  2495610      12.36     110.28  1
        2003091406  2594528      12.46     110.23  1
        2003091409  2615367      12.55     110.09  1
        2003091412  2541108      12.76     110.20  1
        2003091415  2424858      12.97     110.41  1
        2003091418  2384657      13.08     110.55  1
        2003091421  2315127      13.18     110.75  1
        2003091500  2230988      13.33     111.01  1
        2003091503  2077670      13.53     111.23  1
        2003091506  2039862      13.72     111.15  1
        2003091509  1926529      14.11     110.86  1
        2003091512  1754076      14.48     110.72  1
        2003091515  1468974      14.92     110.81  1
        2003091518  1211042      15.47     111.03  1
        2003091521   951100      16.20     111.50  1
        2003091600   623522      17.37     112.30  1
        2003091603   481740      18.05     112.63  1
        2003091606   428229      18.61     112.74  1
        2003091609   385743      18.95     112.60  1
LPT    12.0100
        2003091406   351461      13.06     252.83  1
        2003091409   405439      13.17     252.63  1
        2003091412   459944      13.38     252.39  1
        2003091415   482099      13.57     252.21  1
        2003091418   511765      13.73     252.00  1
        2003091421   521075      13.93     251.89  1
        2003091500   558112      14.10     251.75  1
        2003091503   589058      14.30     251.74  1
        2003091506   650468      14.54     252.01  1
        2003091509  1051017      15.20     255.42  1
        2003091512  1353457      15.44     256.95  1
        2003091515  1570453      15.58     257.77  1
        2003091518  1687557      15.71     258.29  1
        2003091521  1801196      15.79     259.03  1
        2003091600  1818637      15.83     259.41  1
        2003091603  1758666      15.81     260.04  1
        2003091606  1824519      15.74     260.76  1
        2003091609  1848327      15.71     261.37  1
        2003091612  1886176      15.71     261.33  1
        2003091615  1886426      15.75     261.68  1
        2003091618  1914371      15.76     261.97  1
        2003091621  1937739      15.77     262.49  1
        2003091700  1900371      15.80     262.34  1
        2003091703  1932261      15.64     262.53  1
        2003091706  1940797      15.60     262.75  1
        2003091709  1933873      15.53     262.76  1
        2003091712  1833870      15.51     262.56  1
        2003091715  1796452      15.46     262.42  1
        2003091718  1769178      15.43     262.18  1
        2003091721  1701089      15.49     261.81  1
        2003091800  1638072      15.49     261.33  1
        2003091803  1546535      15.41     260.97  1
        2003091806  1418228      15.36     260.54  1
        2003091809  1183917      15.23     259.35  1
        2003091812  1035209      15.18     258.51  1
        2003091815   969397      15.24     257.80  1
        2003091818   925383      15.25     257.28  1
        2003091821   903316      15.36     256.98  1
        2003091900   934929      15.44     256.84  1
        2003091903  1004859      15.58     256.66  1
        2003091906  1087267      15.74     256.56  1
        2003091909  1208942      15.87     256.63  1
        2003091912  1252280      15.93     256.58  1
        2003091915  1354982      15.99     256.48  1
        2003091918  1470640      16.08     256.43  1
        2003091921  1541678      16.19     256.46  1
        2003092000  1608299      16.19     256.51  1
        2003092003  1677674      16.21     256.64  1
        2003092006  1750042      16.22     256.69  1
        2003092009  1885121      16.25     256.72  1
        2003092012  2000399      16.39     256.55  1
        2003092015  2083964      16.52     256.50  1
        2003092018  2105855      16.67     256.37  1
        2003092021  2120021      16.98     256.30  1
        2003092100  2158165      17.18     256.19  1
        2003092103  2199463      17.47     256.13  1
        2003092106  2298719      17.79     256.22  1
        2003092109  2402810      18.09     256.37  1
        2003092112  2487633      18.62     256.59  1
        2003092115  2564944      19.02     256.68  1
        2003092118  2569917      19.43     256.80  1
        2003092121  2596173      19.82     256.94  1
        2003092200  2589751      19.91     256.82  1
        2003092203  2546182      19.93     256.62  1
        2003092206  2528047      20.11     256.62  1
        2003092209  2462361      20.21     256.50  1
        2003092212  2337289      20.32     256.06  1
        2003092215  2251180      20.48     255.80  1
        2003092218  2082356      20.80     255.75  1
        2003092221  1831184      20.93     255.45  1
        2003092300  1635399      20.83     254.90  1
        2003092303  1588906      21.09     254.79  1
        2003092306  1461443      21.27     254.73  1
        2003092309  1310746      21.35     254.64  1
        2003092312   842999      20.92     253.23  1
        2003092315   488558      21.31     252.90  1
LPT    13.0100
        2003091521   381343       9.16     139.93  1
        2003091600   484188       9.20     139.51  1
        2003091603   616885       9.14     139.14  1
        2003091606   739363       9.22     138.68  1
        2003091609   858427       9.40     138.33  1
        2003091612  1010125       9.56     137.96  1
        2003091615  1127482       9.70     137.65  1
        2003091618  1314934       9.77     137.29  1
        2003091621  1394914      10.06     137.00  1
        2003091700  1571839      10.19     136.57  1
        2003091703  1755782      10.36     136.18  1
        2003091706  1951249      10.59     135.70  1
        2003091709  2107744      10.94     134.92  1
        2003091712  2420986      11.39     133.61  1
        2003091715  2661421      11.52     132.52  1
        2003091718  2777549      11.75     131.43  1
        2003091721  2875277      12.45     130.19  1
        2003091800  2948424      13.09     129.32  1
        2003091803  3084237      13.40     128.61  1
        2003091806  3116461      13.87     127.91  1
        2003091809  3304010      14.24     127.45  1
        2003091812  3390901      14.55     127.15  1
        2003091815  3429672      14.70     126.86  1
        2003091818  3491824      14.91     126.83  1
        2003091821  3491718      15.11     126.48  1
        2003091900  3440531      15.36     126.26  1
        2003091903  3405828      15.56     126.11  1
        2003091906  3355880      15.67     125.96  1
        2003091909  3189277      15.89     125.75  1
        2003091912  3103449      15.98     125.59  1
        2003091915  3008745      16.40     125.62  1
        2003091918  2971916      16.84     125.76  1
        2003091921  2640461      18.03     126.33  1
        2003092000  2393674      19.35     127.06  1
        2003092003  1746363      23.41     130.17  1
        2003092006  1716330      24.40     130.59  1
        2003092009  1785884      25.16     130.89  1
        2003092012  1801448      25.94     131.24  1
        2003092015  1784664      26.54     131.55  1
        2003092018  1904888      27.17     131.99  1
        2003092021  2011481      27.74     132.47  1
        2003092100  2017066      28.50     133.08  1
        2003092103  2010871      29.07     133.61  1
        2003092106  2039911      29.50     134.12  1
        2003092109  2048317      29.88     134.58  1
        2003092112  2029085      30.34     135.17  1
        2003092115  1973828      30.71     135.68  1
        2003092118  2049643      31.09     136.24  1
        2003092121  2147428      31.59     137.11  1
        2003092200  2194681      32.03     137.90  1
        2003092203  2164097      32.30     138.38  1
        2003092206  2202868      32.60     138.92  1
        2003092209  2310000      33.10     139.74  1
        2003092212  2332758      33.28     140.12  1
        2003092215  2286888      33.41     140.36  1
        2003092218  2192950      33.42     140.42  1
        2003092221  2139469      33.82     141.00  1
        2003092300  1987463      33.87     141.11  1
        2003092303  1816865      34.00     141.31  1
        2003092306  1638732      34.07     141.50  1
        2003092309  1479489      34.10     141.62  1
        2003092312  1280275      34.33     141.96  1
        2003092315  1068365      34.58     142.29  1
        2003092318   952037      34.61     142.32  1
        2003092321   682626      34.50     142.12  1
        2003092400   430093      34.77     142.43  1
LPT    14.0100
        2003092406   416983      -1.48      90.93  1
        2003092409   552917      -0.95      91.68  1
        2003092412   603882      -0.93      92.06  1
        2003092415   706504      -1.10      92.09  1
        2003092418   987993      -1.40      91.75  1
        2003092421  1247504      -2.03      90.75  1
        2003092500  1479235      -2.26      90.31  1
        2003092503  1587724      -2.32      90.21  1
        2003092506  1655234      -2.48      89.88  1
        2003092509  1767447      -2.57      89.65  1
        2003092512  1639346      -2.83      89.08  1
        2003092515  1582521      -2.75      89.11  1
        2003092518  1394491      -2.81      88.94  1
        2003092521  1115326      -3.24      87.85  1
        2003092600   793664      -3.91      85.96  1
        2003092603   679755      -3.81      85.74  1
        2003092606   593459      -3.83      85.40  1
        2003092609   530339      -3.74      85.11  1
        2003092612   499514      -3.74      84.74  1
        2003092615   474869      -3.71      84.26  1
        2003092618   545839      -3.60      84.17  1
        2003092621   582094      -3.56      84.04  1
        2003092700   596736      -3.55      83.71  1
        2003092703   641473      -3.50      83.79  1
        2003092706   810377      -3.33      84.19  1
        2003092709  1053441      -3.00      84.72  1
        2003092712  1233107      -2.88      84.70  1
        2003092715  1383471      -2.75      84.56  1
        2003092718  1489168      -2.61      84.41  1
        2003092721  1537182      -2.42      84.27  1
        2003092800  1488226      -2.10      84.30  1
        2003092803  1423767      -1.83      84.35  1
        2003092806  1444820      -1.57      84.31  1
        2003092809  1416556      -1.26      84.45  1
        2003092812  1406709      -1.03      84.52  1
        2003092815  1426924      -0.88      84.26  1
        2003092818  1463319      -0.80      83.96  1
        2003092821  1684154      -0.65      83.60  1
        2003092900  1864867      -0.53      83.21  1
        2003092903  2299577      -0.36      81.69  1
        2003092906  2801008      -0.51      80.45  1
        2003092909  3323575      -0.59      79.74  1
        2003092912  3741770      -0.60      79.05  1
        2003092915  4124262      -0.59      78.46  1
        2003092918  4474279      -0.61      78.22  1
        2003092921  4611102      -0.52      77.90  1
        2003093000  4900068      -0.44      77.63  1
        2003093003  5115284      -0.35      77.53  1
        2003093006  5345725      -0.26      77.49  1
        2003093009  5552279      -0.10      77.40  1
        2003093012  5708657       0.03      77.28  1
        2003093015  5844428       0.14      77.21  1
        2003093018  6018694       0.24      77.36  1
        2003093021  6224430       0.36      77.53  1
        2003100100  6410571       0.54      77.77  1
        2003100103  6666575       0.68      77.99  1
        2003100106  6847963       0.82      78.37  1
        2003100109  7029298       0.98      78.83  1
        2003100112  7182965       1.10      79.10  1
        2003100115  7319818       1.19      79.37  1
        2003100118  7428953       1.34      79.79  1
        2003100121  7541154       1.46      80.30  1
        2003100200  7770807       1.66      80.76  1
        2003100203  7922194       1.89      81.34  1
        2003100206  8089912       2.15      82.04  1
        2003100209  8028813       2.28      82.30  1
        2003100212  7900783       2.31      82.37  1
        2003100215  7842894       2.39      82.63  1
        2003100218  7903056       2.52      82.97  1
        2003100221  7887121       2.71      83.23  1
        2003100300  7928715       2.83      83.52  1
        2003100303  7856388       3.07      83.88  1
        2003100306  7806959       3.38      84.32  1
        2003100309  7598372       3.70      84.81  1
        2003100312  7283909       3.99      85.47  1
        2003100315  7052919       4.18      86.12  1
        2003100318  6928330       4.35      86.75  1
        2003100321  6964233       4.46      87.18  1
        2003100400  7045785       4.60      87.61  1
        2003100403  6998898       4.66      88.19  1
        2003100406  6922538       4.84      88.88  1
        2003100409  6761514       4.95      89.51  1
        2003100412  6509051       4.93      89.99  1
        2003100415  6315520       4.87      90.97  1
        2003100418  5736958       4.41      93.08  1
        2003100421  5800056       4.55      93.31  1
        2003100500  5813246       4.86      93.37  1
        2003100503  5802416       5.20      93.53  1
        2003100506  5949320       5.53      93.60  1
        2003100509  5901535       5.87      93.76  1
        2003100512  5917014       5.99      93.76  1
        2003100515  5947468       6.14      93.88  1
        2003100518  6171085       6.40      93.77  1
        2003100521  6171174       6.55      93.90  1
        2003100600  6223197       6.70      94.19  1
        2003100603  6192779       6.92      94.19  1
        2003100606  6178804       7.18      94.19  1
        2003100609  6152433       7.45      94.24  1
        2003100612  6080839       7.62      94.19  1
        2003100615  6040588       7.76      94.14  1
        2003100618  6111127       7.96      93.96  1
        2003100621  6105092       8.21      93.73  1
        2003100700  5981361       8.51      93.64  1
        2003100703  5790230       8.75      93.54  1
        2003100706  5667489       8.96      93.49  1
        2003100709  5551863       9.14      93.48  1
        2003100712  5365601       9.32      93.53  1
        2003100715  5115397       9.61      93.49  1
        2003100718  4779138      10.01      93.30  1
        2003100721  4390013      10.55      92.82  1
        2003100800  1529610       1.41     102.42  1
        2003100803  1294967       1.16     102.95  1
        2003100806  1287379       1.10     103.30  1
        2003100809  1201110       1.00     103.43  1
        2003100812  1046094       0.99     103.37  1
        2003100815   928083       0.95     103.40  1
        2003100818   796168       0.91     103.83  1
        2003100821   614034       0.81     104.07  1
        2003100900   561565       0.72     104.72  1
        2003100903   386280       0.60     105.14  1
        2003100906   434184       0.54     105.88  1
        2003100909   555452       0.55     106.27  1
        2003100912   716112       0.51     106.81  1
        2003100915   857433       0.53     107.17  1
        2003100918  1037339       0.59     107.57  1
        2003100921  1227987       0.73     107.85  1
        2003101000  1413212       0.82     108.11  1
        2003101003  1441737       0.93     108.42  1
        2003101006  1562098       0.99     108.69  1
        2003101009  1679347       1.07     108.91  1
        2003101012  1672403       1.15     108.86  1
        2003101015  1597568       1.21     109.07  1
        2003101018  1602113       1.36     109.27  1
        2003101021  1505555       1.46     109.03  1
        2003101100  1533971       1.55     108.76  1
        2003101103  1509127       1.67     108.69  1
        2003101106  1530593       1.76     108.55  1
        2003101109  1554310       1.88     108.27  1
        2003101112  1574313       1.89     107.82  1
        2003101115  1629869       1.82     107.27  1
        2003101118  1740078       1.81     106.93  1
        2003101121  1895029       1.85     106.66  1
        2003101200  2088419       1.88     106.72  1
        2003101203  2163063       1.94     106.65  1
        2003101206  2263889       2.01     106.66  1
        2003101209  2282935       2.10     106.45  1
        2003101212  2219527       2.18     106.28  1
        2003101215  2130566       2.35     106.17  1
        2003101218  2134671       2.60     106.31  1
        2003101221  2059916       2.97     106.24  1
        2003101300  1997619       3.26     106.13  1
        2003101303  1940630       3.60     106.04  1
        2003101306  1957674       3.86     105.97  1
        2003101309  1999128       4.16     105.79  1
        2003101312  1986935       4.40     105.68  1
        2003101315  2054478       4.69     105.76  1
        2003101318  2214773       4.98     105.88  1
        2003101321  2429012       5.36     106.22  1
        2003101400  2680564       5.68     106.41  1
        2003101403  2916978       6.04     106.47  1
        2003101406  3151617       6.36     106.55  1
        2003101409  3479578       6.70     106.71  1
        2003101412  3623368       6.97     106.58  1
        2003101415  3888899       7.27     106.75  1
        2003101418  4216668       7.67     106.84  1
        2003101421  4505914       8.10     106.80  1
        2003101500  4537334       8.50     106.67  1
        2003101503  4616682       8.92     106.55  1
        2003101506  4796508       9.33     106.53  1
        2003101509  4957251       9.66     106.73  1
        2003101512  4989036       9.90     106.94  1
        2003101515  5094470      10.08     107.31  1
        2003101518  8381856       7.38     119.32  1
        2003101521  8866072       7.49     119.79  1
        2003101600  9025030       7.58     119.96  1
        2003101603  9039978       7.81     120.00  1
        2003101606  9001399       7.97     120.24  1
        2003101609  8956682       8.11     120.26  1
        2003101612  8809664       8.09     121.10  1
        2003101615  8785016       8.04     121.86  1
        2003101618  8600167       8.22     121.91  1
        2003101621  7986096       8.79     121.20  1
        2003101700  7344631       9.22     121.10  1
        2003101703  6852093       9.36     121.97  1
        2003101706  6715182       9.44     122.53  1
        2003101709  6593541       9.60     122.49  1
        2003101712  6406579       9.73     122.86  1
        2003101715  6284363       9.83     122.85  1
        2003101718  6291282       9.91     123.09  1
        2003101721  6102555      10.11     122.70  1
        2003101800  5692755      10.40     122.07  1
        2003101803  4888482      11.45     119.67  1
        2003101806  4715374      11.54     119.23  1
        2003101809  4565195      11.48     119.14  1
        2003101812  4430473      11.38     119.31  1
        2003101815  4501650      11.27     119.25  1
        2003101818  4541918      11.22     119.30  1
        2003101821  8771536      12.36     137.51  1
        2003101900  8716466      12.45     137.51  1
        2003101903  8684814      12.54     137.08  1
        2003101906  8714912      12.63     136.77  1
        2003101909  8746542      12.76     136.49  1
        2003101912  8729897      12.97     136.56  1
        2003101915  8640209      13.11     136.47  1
        2003101918  8552966      13.18     136.20  1
        2003101921  8313156      13.21     135.51  1
        2003102000  8183489      13.29     135.14  1
        2003102003  8200633      13.22     134.30  1
        2003102006  8254399      13.19     133.67  1
        2003102009  6793805      12.19     127.72  1
        2003102012  2309658       8.55     107.91  1
        2003102015  2287802       8.51     107.48  1
        2003102018  2336851       8.47     107.12  1
        2003102021  2397432       8.28     106.54  1
        2003102100  2392832       8.28     106.19  1
        2003102103  2447045       8.28     105.77  1
        2003102106  2490902       8.21     105.32  1
        2003102109  2580354       8.06     104.81  1
        2003102112  2608533       8.06     104.56  1
        2003102115  2586912       8.11     104.34  1
        2003102118  2588296       8.25     104.33  1
        2003102121  2583643       8.26     104.25  1
        2003102200  2527996       8.37     104.43  1
        2003102203  2515224       8.47     104.82  1
        2003102206  2511615       8.55     105.09  1
        2003102209  2508561       8.67     105.51  1
        2003102212  2440480       8.72     105.65  1
        2003102215  2360913       8.78     105.82  1
        2003102218  2271584       8.81     105.99  1
        2003102221  2177481       8.88     106.33  1
        2003102300  2040193       8.92     106.54  1
        2003102303  1882012       9.01     107.05  1
        2003102306  1691846       9.11     107.60  1
        2003102309  1526187       9.19     108.13  1
        2003102312  1367198       9.32     108.49  1
        2003102315  1290991       9.34     108.47  1
        2003102318  1210995       9.35     108.39  1
        2003102321  1145627       9.31     108.06  1
        2003102400   993798       9.40     107.99  1
        2003102403   814121       9.35     107.60  1
        2003102406   540699       9.23     106.70  1
        2003102409   367774       9.06     105.38  1
LPT    14.0200
        2003092406   416983      -1.48      90.93  1
        2003092409   552917      -0.95      91.68  1
        2003092412   603882      -0.93      92.06  1
        2003092415   706504      -1.10      92.09  1
        2003092418   987993      -1.40      91.75  1
        2003092421  1247504      -2.03      90.75  1
        2003092500  1479235      -2.26      90.31  1
        2003092503  1587724      -2.32      90.21  1
        2003092506  1655234      -2.48      89.88  1
        2003092509  1767447      -2.57      89.65  1
        2003092512  1639346      -2.83      89.08  1
        2003092515  1582521      -2.75      89.11  1
        2003092518  1394491      -2.81      88.94  1
        2003092521  1115326      -3.24      87.85  1
        2003092600   793664      -3.91      85.96  1
        2003092603   679755      -3.81      85.74  1
        2003092606   593459      -3.83      85.40  1
        2003092609   530339      -3.74      85.11  1
        2003092612   499514      -3.74      84.74  1
        2003092615   474869      -3.71      84.26  1
        2003092618   545839      -3.60      84.17  1
        2003092621   582094      -3.56      84.04  1
        2003092700   596736      -3.55      83.71  1
        2003092703   641473      -3.50      83.79  1
        2003092706   810377      -3.33      84.19  1
        2003092709  1053441      -3.00      84.72  1
        2003092712  1233107      -2.88      84.70  1
        2003092715  1383471      -2.75      84.56  1
        2003092718  1489168      -2.61      84.41  1
        2003092721  1537182      -2.42      84.27  1
        2003092800  1488226      -2.10      84.30  1
        2003092803  1423767      -1.83      84.35  1
        2003092806  1444820      -1.57      84.31  1
        2003092809  1416556      -1.26      84.45  1
        2003092812  1406709      -1.03      84.52  1
        2003092815  1426924      -0.88      84.26  1
        2003092818  1463319      -0.80      83.96  1
        2003092821  1684154      -0.65      83.60  1
        2003092900  1864867      -0.53      83.21  1
        2003092903  2299577      -0.36      81.69  1
        2003092906  2801008      -0.51      80.45  1
        2003092909  3323575      -0.59      79.74  1
        2003092912  3741770      -0.60      79.05  1
        2003092915  4124262      -0.59      78.46  1
        2003092918  4474279      -0.61      78.22  1
        2003092921  4611102      -0.52      77.90  1
        2003093000  4900068      -0.44      77.63  1
        2003093003  5115284      -0.35      77.53  1
        2003093006  5345725      -0.26      77.49  1
        2003093009  5552279      -0.10      77.40  1
        2003093012  5708657       0.03      77.28  1
        2003093015  5844428       0.14      77.21  1
        2003093018  6018694       0.24      77.36  1
        2003093021  6224430       0.36      77.53  1
        2003100100  6410571       0.54      77.77  1
        2003100103  6666575       0.68      77.99  1
        2003100106  6847963       0.82      78.37  1
        2003100109  7029298       0.98      78.83  1
        2003100112  7182965       1.10      79.10  1
        2003100115  7319818       1.19      79.37  1
        2003100118  7428953       1.34      79.79  1
        2003100121  7541154       1.46      80.30  1
        2003100200  7770807       1.66      80.76  1
        2003100203  7922194       1.89      81.34  1
        2003100206  8089912       2.15      82.04  1
        2003100209  8028813       2.28      82.30  1
        2003100212  7900783       2.31      82.37  1
        2003100215  7842894       2.39      82.63  1
        2003100218  7903056       2.52      82.97  1
        2003100221  7887121       2.71      83.23  1
        2003100300  7928715       2.83      83.52  1
        2003100303  7856388       3.07      83.88  1
        2003100306  7806959       3.38      84.32  1
        2003100309  7598372       3.70      84.81  1
        2003100312  7283909       3.99      85.47  1
        2003100315  7052919       4.18      86.12  1
        2003100318  6928330       4.35      86.75  1
        2003100321  6964233       4.46      87.18  1
        2003100400  7045785       4.60      87.61  1
        2003100403  6998898       4.66      88.19  1
        2003100406  6922538       4.84      88.88  1
        2003100409  6761514       4.95      89.51  1
        2003100412  6509051       4.93      89.99  1
        2003100415  6315520       4.87      90.97  1
        2003100418  5736958       4.41      93.08  1
        2003100421  5800056       4.55      93.31  1
        2003100500  5813246       4.86      93.37  1
        2003100503  5802416       5.20      93.53  1
        2003100506  5949320       5.53      93.60  1
        2003100509  5901535       5.87      93.76  1
        2003100512  5917014       5.99      93.76  1
        2003100515  5947468       6.14      93.88  1
        2003100518  6171085       6.40      93.77  1
        2003100521  6171174       6.55      93.90  1
        2003100600  6223197       6.70      94.19  1
        2003100603  6192779       6.92      94.19  1
        2003100606  6178804       7.18      94.19  1
        2003100609  6152433       7.45      94.24  1
        2003100612  6080839       7.62      94.19  1
        2003100615  6040588       7.76      94.14  1
        2003100618  6111127       7.96      93.96  1
        2003100621  6105092       8.21      93.73  1
        2003100700  5981361       8.51      93.64  1
        2003100703  5790230       8.75      93.54  1
        2003100706  5667489       8.96      93.49  1
        2003100709  5551863       9.14      93.48  1
        2003100712  5365601       9.32      93.53  1
        2003100715  5115397       9.61      93.49  1
        2003100718  4779138      10.01      93.30  1
        2003100721  4390013      10.55      92.82  1
        2003100800  1529610       1.41     102.42  1
        2003100803  1294967       1.16     102.95  1
        2003100806  1287379       1.10     103.30  1
        2003100809  1201110       1.00     103.43  1
        2003100812  1046094       0.99     103.37  1
        2003100815   928083       0.95     103.40  1
        2003100818   796168       0.91     103.83  1
        2003100821   614034       0.81     104.07  1
        2003100900   561565       0.72     104.72  1
        2003100903   386280       0.60     105.14  1
        2003100906   434184       0.54     105.88  1
        2003100909   555452       0.55     106.27  1
        2003100912   716112       0.51     106.81  1
        2003100915   857433       0.53     107.17  1
        2003100918  1037339       0.59     107.57  1
        2003100921  1227987       0.73     107.85  1
        2003101000  1413212       0.82     108.11  1
        2003101003  1441737       0.93     108.42  1
        2003101006  1562098       0.99     108.69  1
        2003101009  1679347       1.07     108.91  1
        2003101012  1672403       1.15     108.86  1
        2003101015  1597568       1.21     109.07  1
        2003101018  1602113       1.36     109.27  1
        2003101021  1505555       1.46     109.03  1
        2003101100  1533971       1.55     108.76  1
        2003101103  1509127       1.67     108.69  1
        2003101106  1530593       1.76     108.55  1
        2003101109  1554310       1.88     108.27  1
        2003101112  1574313       1.89     107.82  1
        2003101115  1629869       1.82     107.27  1
        2003101118  1740078       1.81     106.93  1
        2003101121  1895029       1.85     106.66  1
        2003101200  2088419       1.88     106.72  1
        2003101203  2163063       1.94     106.65  1
        2003101206  2263889       2.01     106.66  1
        2003101209  2282935       2.10     106.45  1
        2003101212  2219527       2.18     106.28  1
        2003101215  2130566       2.35     106.17  1
        2003101218  2134671       2.60     106.31  1
        2003101221  2059916       2.97     106.24  1
        2003101300  1997619       3.26     106.13  1
        2003101303  1940630       3.60     106.04  1
        2003101306  1957674       3.86     105.97  1
        2003101309  1999128       4.16     105.79  1
        2003101312  1986935       4.40     105.68  1
        2003101315  2054478       4.69     105.76  1
        2003101318  2214773       4.98     105.88  1
        2003101321  2429012       5.36     106.22  1
        2003101400  2680564       5.68     106.41  1
        2003101403  2916978       6.04     106.47  1
        2003101406  3151617       6.36     106.55  1
        2003101409  3479578       6.70     106.71  1
        2003101412  3623368       6.97     106.58  1
        2003101415  3888899       7.27     106.75  1
        2003101418  4216668       7.67     106.84  1
        2003101421  4505914       8.10     106.80  1
        2003101500  4537334       8.50     106.67  1
        2003101503  4616682       8.92     106.55  1
        2003101506  4796508       9.33     106.53  1
        2003101509  4957251       9.66     106.73  1
        2003101512  4989036       9.90     106.94  1
        2003101515  5094470      10.08     107.31  1
        2003101518  8381856       7.38     119.32  1
        2003101521  8866072       7.49     119.79  1
        2003101600  9025030       7.58     119.96  1
        2003101603  9039978       7.81     120.00  1
        2003101606  9001399       7.97     120.24  1
        2003101609  8956682       8.11     120.26  1
        2003101612  8809664       8.09     121.10  1
        2003101615  8785016       8.04     121.86  1
        2003101618  8600167       8.22     121.91  1
        2003101621  7986096       8.79     121.20  1
        2003101700  7344631       9.22     121.10  1
        2003101703  6852093       9.36     121.97  1
        2003101706  6715182       9.44     122.53  1
        2003101709  6593541       9.60     122.49  1
        2003101712  6406579       9.73     122.86  1
        2003101715  6284363       9.83     122.85  1
        2003101718  6291282       9.91     123.09  1
        2003101721  6102555      10.11     122.70  1
        2003101800  5692755      10.40     122.07  1
        2003101803  4888482      11.45     119.67  1
        2003101806  4715374      11.54     119.23  1
        2003101809  4565195      11.48     119.14  1
        2003101812  4430473      11.38     119.31  1
        2003101815  4501650      11.27     119.25  1
        2003101818  4541918      11.22     119.30  1
        2003101821  8771536      12.36     137.51  1
        2003101900  8716466      12.45     137.51  1
        2003101903  8684814      12.54     137.08  1
        2003101906  8714912      12.63     136.77  1
        2003101909  8746542      12.76     136.49  1
        2003101912  8729897      12.97     136.56  1
        2003101915  8640209      13.11     136.47  1
        2003101918  8552966      13.18     136.20  1
        2003101921  8313156      13.21     135.51  1
        2003102000  8183489      13.29     135.14  1
        2003102003  8200633      13.22     134.30  1
        2003102006  8254399      13.19     133.67  1
        2003102009  7933126      13.10     132.51  2
        2003102012  5192719      15.23     142.21  2
        2003102015  4932406      15.46     141.91  2
        2003102018  4755050      15.75     141.58  2
        2003102021  4455283      16.07     141.21  2
        2003102100  4363984      16.47     141.33  2
        2003102103  4201873      16.75     141.36  2
        2003102106  4122402      17.08     141.45  2
        2003102109  4011574      17.22     141.22  2
        2003102112  3949037      17.52     141.21  1
        2003102115  3968084      17.85     141.46  1
        2003102118  3816064      18.11     141.54  1
        2003102121  3676315      18.27     141.33  1
        2003102200  3473684      18.46     141.44  1
        2003102203  3170997      18.68     141.62  1
        2003102206  2722054      18.61     141.11  1
        2003102209  2344855      18.49     140.20  1
        2003102212   753596      16.17     131.00  1
        2003102215   725598      16.32     130.87  1
        2003102218   748060      16.45     130.87  1
        2003102221   771416      16.53     130.78  1
        2003102300   812321      16.65     130.75  1
        2003102303   838967      16.81     130.71  1
        2003102306   843559      16.93     130.74  1
        2003102309   896847      17.05     130.81  1
        2003102312   960945      17.21     130.95  1
        2003102315   952395      17.29     131.02  1
        2003102318   972830      17.33     131.12  1
        2003102321  1049627      17.41     131.31  1
        2003102400  1149039      17.40     131.54  1
        2003102403  1192596      17.25     131.63  1
        2003102406  1298507      17.05     131.86  1
        2003102409  3225609      10.96     141.99  1
        2003102412  3472259      10.93     141.56  1
        2003102415  3665987      10.77     141.32  1
        2003102418  3668807      11.13     140.22  1
        2003102421  3552232      11.64     139.13  1
        2003102500  3423148      12.17     138.44  1
        2003102503  3225673      12.74     137.73  1
        2003102506  3062799      13.26     137.16  1
        2003102509  2993746      13.52     136.96  1
        2003102512  2911128      13.70     136.79  1
        2003102515  2775404      13.78     136.77  1
        2003102518  2542569      13.77     136.80  1
        2003102521  2420583      13.59     137.02  1
        2003102600  2178403      13.57     137.02  1
        2003102603  1898968      13.25     137.20  1
        2003102606  1531105      12.45     137.54  1
        2003102609  1019587      10.00     138.39  1
        2003102612   801872       9.87     138.36  1
        2003102615   521997       9.89     138.10  1
LPT    14.0300
        2003101315   336108      14.31     156.44  1
        2003101318   446797      14.35     156.62  1
        2003101321   590398      14.36     156.50  1
        2003101400   674671      14.44     156.37  1
        2003101403   765548      14.54     156.28  1
        2003101406   903246      14.66     156.20  1
        2003101409   942176      14.81     156.13  1
        2003101412  1003972      14.83     156.16  1
        2003101415  1052135      14.74     156.22  1
        2003101418  1103509      14.62     156.33  1
        2003101421  1138305      14.53     156.36  1
        2003101500  1135803      14.43     156.36  1
        2003101503  1171981      14.37     156.44  1
        2003101506  1148152      14.35     156.51  1
        2003101509  1181869      14.33     156.61  1
        2003101512  1255697      14.35     156.73  1
        2003101515  1333722      14.42     156.72  1
        2003101518  1432876      14.45     156.78  1
        2003101521  1440054      14.62     156.70  1
        2003101600  1530225      14.54     157.02  1
        2003101603  1610999      14.43     157.54  1
        2003101606  1649383      14.30     158.23  1
        2003101609  1666514      14.21     158.93  1
        2003101612  1796283      13.97     159.84  1
        2003101615  1904597      13.82     160.48  1
        2003101618  2200749      13.70     161.15  1
        2003101621  2251591      13.70     161.49  1
        2003101700  2322274      13.69     161.92  1
        2003101703  2340993      13.79     162.01  1
        2003101706  2465383      13.88     162.00  1
        2003101709  2519218      13.98     161.98  1
        2003101712  2742301      14.04     161.80  1
        2003101715  2976002      14.06     161.41  1
        2003101718  3251727      14.06     160.94  1
        2003101721  3284155      14.14     160.73  1
        2003101800  3345639      14.16     160.67  1
        2003101803  3414610      14.18     160.38  1
        2003101806  3489126      14.13     160.09  1
        2003101809  3686520      14.07     159.55  1
        2003101812  3818197      13.96     158.90  1
        2003101815  3996860      13.78     158.19  1
        2003101818  4164808      13.61     157.37  1
        2003101821  8771536      12.36     137.51  1
        2003101900  8716466      12.45     137.51  1
        2003101903  8684814      12.54     137.08  1
        2003101906  8714912      12.63     136.77  1
        2003101909  8746542      12.76     136.49  1
        2003101912  8729897      12.97     136.56  1
        2003101915  8640209      13.11     136.47  1
        2003101918  8552966      13.18     136.20  1
        2003101921  8313156      13.21     135.51  1
        2003102000  8183489      13.29     135.14  1
        2003102003  8200633      13.22     134.30  1
        2003102006  8254399      13.19     133.67  1
        2003102009  6793805      12.19     127.72  1
        2003102012  2309658       8.55     107.91  1
        2003102015  2287802       8.51     107.48  1
        2003102018  2336851       8.47     107.12  1
        2003102021  2397432       8.28     106.54  1
        2003102100  2392832       8.28     106.19  1
        2003102103  2447045       8.28     105.77  1
        2003102106  2490902       8.21     105.32  1
        2003102109  2580354       8.06     104.81  1
        2003102112  2608533       8.06     104.56  1
        2003102115  2586912       8.11     104.34  1
        2003102118  2588296       8.25     104.33  1
        2003102121  2583643       8.26     104.25  1
        2003102200  2527996       8.37     104.43  1
        2003102203  2515224       8.47     104.82  1
        2003102206  2511615       8.55     105.09  1
        2003102209  2508561       8.67     105.51  1
        2003102212  2440480       8.72     105.65  1
        2003102215  2360913       8.78     105.82  1
        2003102218  2271584       8.81     105.99  1
        2003102221  2177481       8.88     106.33  1
        2003102300  2040193       8.92     106.54  1
        2003102303  1882012       9.01     107.05  1
        2003102306  1691846       9.11     107.60  1
        2003102309  1526187       9.19     108.13  1
        2003102312  1367198       9.32     108.49  1
        2003102315  1290991       9.34     108.47  1
        2003102318  1210995       9.35     108.39  1
        2003102321  1145627       9.31     108.06  1
        2003102400   993798       9.40     107.99  1
        2003102403   814121       9.35     107.60  1
        2003102406   540699       9.23     106.70  1
        2003102409   367774       9.06     105.38  1
LPT    14.0400
        2003101315   336108      14.31     156.44  1
        2003101318   446797      14.35     156.62  1
        2003101321   590398      14.36     156.50  1
        2003101400   674671      14.44     156.37  1
        2003101403   765548      14.54     156.28  1
        2003101406   903246      14.66     156.20  1
        2003101409   942176      14.81     156.13  1
        2003101412  1003972      14.83     156.16  1
        2003101415  1052135      14.74     156.22  1
        2003101418  1103509      14.62     156.33  1
        2003101421  1138305      14.53     156.36  1
        2003101500  1135803      14.43     156.36  1
        2003101503  1171981      14.37     156.44  1
        2003101506  1148152      14.35     156.51  1
        2003101509  1181869      14.33     156.61  1
        2003101512  1255697      14.35     156.73  1
        2003101515  1333722      14.42     156.72  1
        2003101518  1432876      14.45     156.78  1
        2003101521  1440054      14.62     156.70  1
        2003101600  1530225      14.54     157.02  1
        2003101603  1610999      14.43     157.54  1
        2003101606  1649383      14.30     158.23  1
        2003101609  1666514      14.21     158.93  1
        2003101612  1796283      13.97     159.84  1
        2003101615  1904597      13.82     160.48  1
        2003101618  2200749      13.70     161.15  1
        2003101621  2251591      13.70     161.49  1
        2003101700  2322274      13.69     161.92  1
        2003101703  2340993      13.79     162.01  1
        2003101706  2465383      13.88     162.00  1
        2003101709  2519218      13.98     161.98  1
        2003101712  2742301      14.04     161.80  1
        2003101715  2976002      14.06     161.41  1
        2003101718  3251727      14.06     160.94  1
        2003101721  3284155      14.14     160.73  1
        2003101800  3345639      14.16     160.67  1
        2003101803  3414610      14.18     160.38  1
        2003101806  3489126      14.13     160.09  1
        2003101809  3686520      14.07     159.55  1
        2003101812  3818197      13.96     158.90  1
        2003101815  3996860      13.78     158.19  1
        2003101818  4164808      13.61     157.37  1
        2003101821  8771536      12.36     137.51  1
        2003101900  8716466      12.45     137.51  1
        2003101903  8684814      12.54     137.08  1
        2003101906  8714912      12.63     136.77  1
        2003101909  8746542      12.76     136.49  1
        2003101912  8729897      12.97     136.56  1
        2003101915  8640209      13.11     136.47  1
        2003101918  8552966      13.18     136.20  1
        2003101921  8313156      13.21     135.51  1
        2003102000  8183489      13.29     135.14  1
        2003102003  8200633      13.22     134.30  1
        2003102006  8254399      13.19     133.67  1
        2003102009  7933126      13.10     132.51  2
        2003102012  5192719      15.23     142.21  2
        2003102015  4932406      15.46     141.91  2
        2003102018  4755050      15.75     141.58  2
        2003102021  4455283      16.07     141.21  2
        2003102100  4363984      16.47     141.33  2
        2003102103  4201873      16.75     141.36  2
        2003102106  4122402      17.08     141.45  2
        2003102109  4011574      17.22     141.22  2
        2003102112  3949037      17.52     141.21  1
        2003102115  3968084      17.85     141.46  1
        2003102118  3816064      18.11     141.54  1
        2003102121  3676315      18.27     141.33  1
        2003102200  3473684      18.46     141.44  1
        2003102203  3170997      18.68     141.62  1
        2003102206  2722054      18.61     141.11  1
        2003102209  2344855      18.49     140.20  1
        2003102212   753596      16.17     131.00  1
        2003102215   725598      16.32     130.87  1
        2003102218   748060      16.45     130.87  1
        2003102221   771416      16.53     130.78  1
        2003102300   812321      16.65     130.75  1
        2003102303   838967      16.81     130.71  1
        2003102306   843559      16.93     130.74  1
        2003102309   896847      17.05     130.81  1
        2003102312   960945      17.21     130.95  1
        2003102315   952395      17.29     131.02  1
        2003102318   972830      17.33     131.12  1
        2003102321  1049627      17.41     131.31  1
        2003102400  1149039      17.40     131.54  1
        2003102403  1192596      17.25     131.63  1
        2003102406  1298507      17.05     131.86  1
        2003102409  3225609      10.96     141.99  1
        2003102412  3472259      10.93     141.56  1
        2003102415  3665987      10.77     141.32  1
        2003102418  3668807      11.13     140.22  1
        2003102421  3552232      11.64     139.13  1
        2003102500  3423148      12.17     138.44  1
        2003102503  3225673      12.74     137.73  1
        2003102506  3062799      13.26     137.16  1
        2003102509  2993746      13.52     136.96  1
        2003102512  2911128      13.70     136.79  1
        2003102515  2775404      13.78     136.77  1
        2003102518  2542569      13.77     136.80  1
        2003102521  2420583      13.59     137.02  1
        2003102600  2178403      13.57     137.02  1
        2003102603  1898968      13.25     137.20  1
        2003102606  1531105      12.45     137.54  1
        2003102609  1019587      10.00     138.39  1
        2003102612   801872       9.87     138.36  1
        2003102615   521997       9.89     138.10  1
LPT    15.0100
        2003092409   327835      13.81     143.98  1
        2003092412   481970      14.32     143.71  1
        2003092415   511657      14.75     143.67  1
        2003092418   657293      15.21     143.52  1
        2003092421   823041      15.48     143.57  1
        2003092500   983949      15.73     143.58  1
        2003092503  1148518      15.78     143.76  1
        2003092506  1330566      15.98     143.91  1
        2003092509  1520319      16.08     143.98  1
        2003092512  1719287      16.20     144.11  1
        2003092515  1855484      16.39     144.88  1
        2003092518  2242765      16.68     145.68  1
        2003092521  2442252      16.78     145.78  1
        2003092600  2581198      16.87     145.79  1
        2003092603  2719197      16.92     145.99  1
        2003092606  2905871      16.98     146.16  1
        2003092609  3071966      17.13     146.24  1
        2003092612  3264149      17.26     146.28  1
        2003092615  3226042      17.30     146.39  1
        2003092618  3361201      17.62     146.15  1
        2003092621  3412430      17.98     145.90  1
        2003092700  3407416      18.43     145.59  1
        2003092703  3412181      18.81     145.36  1
        2003092706  3500657      19.17     145.11  1
        2003092709  3518840      19.57     144.95  1
        2003092712  3592143      19.87     144.82  1
        2003092715  3533207      20.14     144.64  1
        2003092718  3649008      20.55     144.40  1
        2003092721  3607955      20.94     144.21  1
        2003092800  3569998      21.39     144.14  1
        2003092803  3550524      21.86     144.16  1
        2003092806  3594780      22.37     144.23  1
        2003092809  3560548      22.75     144.19  1
        2003092812  3606323      23.48     144.49  1
        2003092815  3402663      24.12     144.71  1
        2003092818  3501725      24.69     144.84  1
        2003092821  3446229      25.58     145.05  1
        2003092900  3453434      26.17     145.34  1
        2003092903  3434439      26.66     145.59  1
        2003092906  3690717      27.57     146.67  1
        2003092909  3619998      27.56     146.38  1
        2003092912  3720260      28.23     147.05  1
        2003092915  3751016      28.78     147.55  1
        2003092918  3843629      28.62     147.42  1
        2003092921  4080434      29.42     148.49  1
        2003093000  4088130      29.70     148.70  1
        2003093003  4047580      29.79     148.82  1
        2003093006  4052945      29.86     149.02  1
        2003093009  4115816      30.63     149.62  1
        2003093012  4137380      31.04     149.97  1
        2003093015  4080938      31.84     150.48  1
        2003093018  3946776      32.08     150.54  1
        2003093021  4112359      34.74     151.68  1
        2003100100  3722561      36.34     152.32  1
        2003100103  3420566      37.47     152.88  1
        2003100106  3151176      38.15     153.15  1
        2003100109  2860889      38.93     153.50  1
        2003100112  2579578      39.79     153.90  1
        2003100115  2199399      40.81     154.28  1
        2003100118  2080880      41.15     154.31  1
        2003100121  1772945      42.38     155.10  1
        2003100200  1463673      43.78     156.08  1
        2003100203  1350817      44.33     156.42  1
        2003100206  1253017      44.71     156.64  1
        2003100209  1203999      45.01     156.61  1
        2003100212  1177607      45.22     156.55  1
        2003100215  1150439      45.38     156.53  1
        2003100218  1103154      45.59     156.56  1
        2003100221  1066538      45.70     156.71  1
        2003100300   912386      46.23     156.94  1
        2003100303   780752      46.66     157.24  1
        2003100306   669222      46.98     157.40  1
        2003100309   519458      47.37     157.55  1
        2003100312   209713      48.42     158.08  1
LPT    16.0100
        2003092909   336776      17.47     263.09  1
        2003092912   446817      17.65     263.71  1
        2003092915   877744      18.72     267.46  1
        2003092918  1174418      18.95     268.09  1
        2003092921  1351218      19.01     268.27  1
        2003093000  1409557      19.01     268.11  1
        2003093003  1547716      19.05     268.31  1
        2003093006  1674914      19.00     268.51  1
        2003093009  1911778      18.98     268.75  1
        2003093012  2125047      19.15     268.87  1
        2003093015  2287596      19.26     268.85  1
        2003093018  2430124      19.34     268.93  1
        2003093021  2437801      19.35     269.00  1
        2003100100  2389906      19.29     268.98  1
        2003100103  2316576      19.38     269.03  1
        2003100106  2386606      19.53     269.18  1
        2003100109  2373862      19.58     269.25  1
        2003100112  2432636      19.75     269.32  1
        2003100115  2556842      19.88     269.20  1
        2003100118  2667132      19.84     269.06  1
        2003100121  2691434      19.81     268.90  1
        2003100200  2654413      19.63     268.55  1
        2003100203  2709348      19.36     268.22  1
        2003100206  2739229      19.07     267.94  1
        2003100209  2755038      18.93     267.69  1
        2003100212  2833515      18.65     267.45  1
        2003100215  2859127      18.41     267.16  1
        2003100218  2862450      18.16     266.92  1
        2003100221  2845666      18.08     266.75  1
        2003100300  2837311      17.96     266.48  1
        2003100303  2822776      17.82     266.25  1
        2003100306  2835176      17.69     266.06  1
        2003100309  2861350      17.60     265.88  1
        2003100312  2808260      17.53     265.67  1
        2003100315  2706208      17.31     265.36  1
        2003100318  2621709      17.18     265.19  1
        2003100321  2571219      17.09     265.01  1
        2003100400  2535640      16.96     264.78  1
        2003100403  2503660      16.89     264.59  1
        2003100406  2512876      16.76     264.32  1
        2003100409  2393538      16.55     263.99  1
        2003100412  2330454      16.42     263.74  1
        2003100415  2173294      16.12     263.24  1
        2003100418  2031754      15.84     262.90  1
        2003100421  1959086      15.65     262.63  1
        2003100500  1935135      15.54     262.46  1
        2003100503  1895977      15.54     262.25  1
        2003100506  1759064      15.43     261.87  1
        2003100509  1699474      15.37     261.52  1
        2003100512  1688285      15.31     261.09  1
        2003100515  1586587      15.21     260.55  1
        2003100518  1507927      15.20     260.15  1
        2003100521  1497201      15.25     259.98  1
        2003100600  1490636      15.24     259.81  1
        2003100603  1456244      15.27     259.75  1
        2003100606  1424145      15.28     259.81  1
        2003100609  1400404      15.28     260.00  1
        2003100612  1360400      15.25     260.01  1
        2003100615  1337407      15.24     260.12  1
        2003100618  1318858      15.24     260.32  1
        2003100621  1326278      15.25     260.41  1
        2003100700  1307780      15.23     260.44  1
        2003100703  1298613      15.27     260.71  1
        2003100706  1338337      15.23     261.08  1
        2003100709  1376576      15.07     261.69  1
        2003100712  1387037      14.94     261.92  1
        2003100715  1387481      14.75     262.32  1
        2003100718  1451530      14.53     262.96  1
        2003100721  1478572      14.38     263.42  1
        2003100800  1449451      14.25     263.68  1
        2003100803  1480165      14.00     264.24  1
        2003100806  1445159      13.73     264.84  1
        2003100809  1456209      13.51     265.23  1
        2003100812  1469439      13.18     265.67  1
        2003100815  1413998      12.89     266.09  1
        2003100818  1412975      12.66     266.48  1
        2003100821  1463554      12.49     266.77  1
        2003100900  1454867      12.42     266.78  1
        2003100903  1486536      12.40     266.73  1
        2003100906  1589521      12.42     266.69  1
        2003100909  1662848      12.36     266.73  1
        2003100912  1700523      12.25     266.80  1
        2003100915  1763180      12.23     266.78  1
        2003100918  1727763      12.23     266.74  1
        2003100921  1666166      12.21     266.78  1
        2003101000  1555537      12.19     266.81  1
        2003101003  1395210      12.15     266.74  1
        2003101006  1234688      12.15     266.69  1
        2003101009   991716      12.19     266.42  1
        2003101012   680409      12.40     265.95  1
        2003101015   393473      12.65     265.52  1
LPT    17.0100
        2003103009   441432       2.52     156.09  1
        2003103012   776395       2.00     156.36  1
        2003103015  1052658       1.53     156.76  1
        2003103018  1316469       1.06     157.09  1
        2003103021  1478432       0.60     157.41  1
        2003103100  1633367       0.18     157.75  1
        2003103103  1804417      -0.10     157.93  1
        2003103106  1980878      -0.42     158.45  1
        2003103109  2200319      -0.79     159.19  1
        2003103112  2526454      -1.25     160.01  1
        2003103115  2674509      -1.61     160.42  1
        2003103118  2907515      -2.06     160.70  1
        2003103121  2973598      -2.44     160.95  1
        2003110100  3076287      -2.89     161.22  1
        2003110103  3114098      -3.15     161.30  1
        2003110106  3166494      -3.39     161.28  1
        2003110109  3144473      -3.60     161.42  1
        2003110112  3155983      -3.83     161.54  1
        2003110115  3133363      -3.96     161.72  1
        2003110118  3147138      -4.19     161.80  1
        2003110121  3112930      -4.32     162.04  1
        2003110200  3105513      -4.49     162.25  1
        2003110203  3056748      -4.64     162.54  1
        2003110206  3041560      -4.82     162.95  1
        2003110209  3003150      -4.86     163.31  1
        2003110212  3027799      -4.88     163.50  1
        2003110215  3075845      -4.77     163.84  1
        2003110218  3129778      -4.74     163.75  1
        2003110221  3122146      -4.61     163.35  1
        2003110300  3109791      -4.47     162.93  1
        2003110303  3008377      -4.34     162.12  1
        2003110306  2852308      -4.42     161.31  1
        2003110309  2536664      -4.64     159.74  1
        2003110312  2221006      -4.75     157.94  1
        2003110315  1883912      -4.42     155.84  1
        2003110318  1789621      -4.17     154.85  1
        2003110321  1455149      -3.72     153.69  1
        2003110400  1422586      -3.33     153.17  1
        2003110403  1384628      -2.94     152.71  1
        2003110406  1397280      -2.65     152.41  1
        2003110409  1320934      -2.12     152.10  1
        2003110412  1449136      -1.71     151.96  1
        2003110415  1607235      -1.42     151.86  1
        2003110418  1780368      -1.31     151.88  1
        2003110421  1734584      -0.79     152.02  1
        2003110500  1678373      -0.55     152.25  1
        2003110503  1661466      -0.37     152.36  1
        2003110506  1702922      -0.33     152.44  1
        2003110509  1694536      -0.16     152.48  1
        2003110512  1654401      -0.27     152.60  1
        2003110515  1592692      -0.40     152.67  1
        2003110518  1576441      -0.55     152.41  1
        2003110521  1404129      -0.30     152.53  1
        2003110600  1135223      -0.22     152.63  1
        2003110603   960228      -0.13     152.74  1
        2003110606   749642      -0.29     152.83  1
        2003110609   569895      -0.15     153.04  1
        2003110612   422486       0.01     153.03  1
        2003110615   373084       0.14     152.70  1
LPT    18.0100
        2003110303   462366       2.37      95.74  1
        2003110306   646064       2.25      95.73  1
        2003110309  1024207       2.05      95.78  1
        2003110312  1149257       1.92      95.31  1
        2003110315  1231860       1.79      94.58  1
        2003110318  1415586       1.47      93.39  1
        2003110321  1687175       1.16      92.36  1
        2003110400  1788208       0.98      91.88  1
        2003110403  1854552       0.77      91.32  1
        2003110406  1997156       0.62      90.78  1
        2003110409  2204422       0.55      90.38  1
        2003110412  2219851       0.42      90.10  1
        2003110415  2269992       0.33      89.77  1
        2003110418  2310803       0.30      89.75  1
        2003110421  2484913       0.24      89.40  1
        2003110500  2487192       0.26      89.37  1
        2003110503  2494838       0.35      89.44  1
        2003110506  2564877       0.33      89.51  1
        2003110509  2739085       0.26      89.56  1
        2003110512  2799986       0.21      89.46  1
        2003110515  2900898       0.11      89.24  1
        2003110518  2999173       0.03      88.84  1
        2003110521  3086510      -0.11      88.07  1
        2003110600  3085264      -0.24      87.50  1
        2003110603  3024021      -0.34      86.91  1
        2003110606  2975087      -0.37      86.47  1
        2003110609  2963996      -0.42      86.01  1
        2003110612  2921388      -0.47      85.54  1
        2003110615  2963345      -0.29      85.18  1
        2003110618  2964073      -0.30      85.09  1
        2003110621  3037100      -0.18      84.97  1
        2003110700  3023162      -0.06      84.78  1
        2003110703  3053145       0.01      84.73  1
        2003110706  3107693       0.07      84.72  1
        2003110709  3112329       0.12      84.70  1
        2003110712  3168534       0.08      84.63  1
        2003110715  3268519       0.07      84.68  1
        2003110718  3433007       0.05      84.58  1
        2003110721  3575968      -0.03      84.31  1
        2003110800  3629821      -0.09      84.11  1
        2003110803  3718998      -0.18      83.86  1
        2003110806  3895698      -0.18      83.55  1
        2003110809  3988000      -0.14      83.27  1
        2003110812  4096398      -0.16      82.85  1
        2003110815  4225763      -0.11      82.59  1
        2003110818  4373383      -0.01      82.34  1
        2003110821  4642855       0.13      81.90  1
        2003110900  4972053       0.30      81.03  1
        2003110903  5097879       0.38      80.79  1
        2003110906  5207580       0.45      80.56  1
        2003110909  5303318       0.47      80.39  1
        2003110912  5410544       0.54      79.98  1
        2003110915  5423591       0.50      79.75  1
        2003110918  5465952       0.42      79.47  1
        2003110921  5450921       0.31      79.20  1
        2003111000  5282340       0.17      78.72  1
        2003111003  5040247      -0.01      78.39  1
        2003111006  4789227      -0.14      77.74  1
        2003111009  4271900      -0.17      76.29  1
        2003111012  4165845      -0.25      75.72  1
        2003111015  4022178      -0.33      75.38  1
        2003111018  3969537      -0.38      74.96  1
        2003111021  3941761      -0.36      74.48  1
        2003111100  3931148      -0.32      74.20  1
        2003111103  3829588      -0.25      73.95  1
        2003111106  3761927      -0.18      73.76  1
        2003111109  3620560      -0.17      73.46  1
        2003111112  3597137      -0.19      73.23  1
        2003111115  3417582      -0.32      73.22  1
        2003111118  3443879      -0.49      73.13  1
        2003111121  3429580      -0.66      73.21  1
        2003111200  3454362      -0.87      73.40  1
        2003111203  3258711      -1.22      73.75  1
        2003111206  3281208      -1.48      74.02  1
        2003111209  3259099      -1.84      74.25  1
        2003111212  3232256      -2.31      74.45  1
        2003111215  3228875      -2.94      74.92  1
        2003111218  3324277      -3.18      74.90  1
        2003111221  3386453      -3.55      74.97  1
        2003111300  3578805      -3.62      74.75  1
        2003111303  3504706      -3.97      74.80  1
        2003111306  2845936      -5.98      77.73  1
        2003111309  2852186      -6.29      78.07  1
        2003111312  2858145      -6.50      78.37  1
        2003111315  2816565      -6.70      78.80  1
        2003111318  2815460      -6.77      79.16  1
        2003111321  2893834      -6.69      79.48  1
        2003111400  2863055      -6.70      79.72  1
        2003111403  2818769      -6.67      79.95  1
        2003111406  2849439      -6.45      80.11  1
        2003111409  2889990      -6.37      80.21  1
        2003111412  2938610      -6.19      80.24  1
        2003111415  2990921      -6.00      80.33  1
        2003111418  3101134      -5.70      80.45  1
        2003111421  3164400      -5.40      80.51  1
        2003111500  3186321      -5.17      80.48  1
        2003111503  3162026      -5.04      80.56  1
        2003111506  3253080      -4.76      80.61  1
        2003111509  3229491      -4.52      80.68  1
        2003111512  3196750      -4.28      80.72  1
        2003111515  3237423      -3.97      80.71  1
        2003111518  3156653      -3.46      80.55  1
        2003111521  3104911      -3.04      80.46  1
        2003111600  3168018      -2.51      80.16  1
        2003111603  3174070      -1.81      79.84  1
        2003111606  3116177      -0.88      79.54  1
        2003111609  3064259      -0.23      79.32  1
        2003111612  3030836       0.44      79.19  1
        2003111615  2959729       1.18      79.05  1
        2003111618  2907888       1.73      78.92  1
        2003111621  2949543       2.00      79.05  1
        2003111700  2942419       2.37      79.07  1
        2003111703  2986138       2.68      79.20  1
        2003111706  3055268       2.97      79.53  1
        2003111709  3145872       3.33      79.98  1
        2003111712  3329690       3.50      80.69  1
        2003111715  3490979       3.51      81.59  1
        2003111718  3640974       3.38      82.48  1
        2003111721  3675443       3.28      83.33  1
        2003111800  3685176       3.16      84.11  1
        2003111803  3732589       3.02      85.05  1
        2003111806  3699934       2.86      86.05  1
        2003111809  3587193       2.69      87.13  1
        2003111812  3431594       2.65      87.73  1
        2003111815  3330828       2.51      88.77  1
        2003111818  3176132       2.29      90.13  1
        2003111821  2963508       2.09      91.42  1
        2003111900  2816453       1.82      92.57  1
        2003111903  2730213       1.65      93.26  1
        2003111906  2674029       1.51      93.75  1
        2003111909  2730439       1.31      94.28  1
        2003111912  2597060       1.42      94.01  1
        2003111915  2636500       1.28      94.55  1
        2003111918  2783003       1.03      95.37  1
        2003111921  2879406       0.85      96.03  1
        2003112000  2947844       0.67      96.74  1
        2003112003  2991588       0.48      97.50  1
        2003112006  2865944       0.26      98.26  1
        2003112009  2635520       0.03      98.96  1
        2003112012  2207836      -0.25      99.73  1
        2003112015  1235672      -2.74     106.10  1
        2003112018  1079757      -2.93     106.79  1
        2003112021   906933      -3.08     107.26  1
        2003112100   761153      -3.18     107.65  1
        2003112103   638537      -3.25     107.93  1
        2003112106   597642      -3.29     108.12  1
        2003112109   571393      -3.36     108.34  1
        2003112112   540491      -3.47     108.49  1
        2003112115   500300      -3.67     108.70  1
        2003112118   520250      -3.80     108.91  1
        2003112121   525567      -3.91     109.12  1
        2003112200   610961      -4.03     109.21  1
        2003112203   620153      -4.08     109.37  1
        2003112206   617889      -4.02     109.58  1
        2003112209   548627      -3.95     109.64  1
        2003112212   457002      -3.89     109.72  1
        2003112215   393850      -3.86     109.80  1
        2003112218   330673      -3.85     109.96  1
LPT    19.0100
        2003111621   492227      -7.70     164.15  1
        2003111700   740180      -7.64     164.11  1
        2003111703   973370      -7.67     164.09  1
        2003111706  1210767      -7.78     164.14  1
        2003111709  1478610      -7.84     164.31  1
        2003111712  1684217      -7.95     164.38  1
        2003111715  1901468      -7.98     164.50  1
        2003111718  2015271      -7.93     164.68  1
        2003111721  2140177      -7.79     164.75  1
        2003111800  2189101      -7.74     164.93  1
        2003111803  2252044      -7.49     165.03  1
        2003111806  2236655      -7.33     165.10  1
        2003111809  2275050      -7.27     165.25  1
        2003111812  2339236      -7.25     165.43  1
        2003111815  2493958      -7.14     165.54  1
        2003111818  2469701      -7.41     165.84  1
        2003111821  2392039      -7.93     166.18  1
        2003111900  2285930      -8.51     166.64  1
        2003111903  2161466      -9.13     167.21  1
        2003111906  2006760      -9.65     167.89  1
        2003111909  1882567      -9.86     168.29  1
        2003111912  1891546      -9.68     168.36  1
        2003111915  2486917      -4.55     167.52  1
        2003111918  2342413      -3.68     166.94  1
        2003111921  2224616      -3.34     166.91  1
        2003112000  2302144      -3.23     167.05  1
        2003112003  2497529      -3.37     167.33  1
        2003112006  2638166      -3.24     167.51  1
        2003112009  2668147      -3.29     167.68  1
        2003112012  2653281      -3.07     167.78  1
        2003112015  2637985      -2.73     167.80  1
        2003112018  2358626      -2.16     167.55  1
        2003112021  1374403       4.49     163.05  1
        2003112100  1360994       4.83     162.47  1
        2003112103  1436286       4.80     162.05  1
        2003112106  1506402       5.02     161.73  1
        2003112109  1731102       4.88     161.48  1
        2003112112  2094542       4.59     161.39  1
        2003112115  2305625       4.35     161.28  1
        2003112118  2411543       4.21     161.29  1
        2003112121  2612923       3.92     161.13  1
        2003112200  2864320       3.61     160.89  1
        2003112203  3043136       3.28     160.70  1
        2003112206  3140585       2.99     160.42  1
        2003112209  3282984       2.90     159.98  1
        2003112212  3410904       2.81     159.57  1
        2003112215  3433808       2.84     159.09  1
        2003112218  3504237       3.15     158.46  1
        2003112221  3560585       3.57     157.66  1
        2003112300  3581817       3.90     156.84  1
        2003112303  3530760       4.22     156.14  1
        2003112306  3535235       4.34     155.55  1
        2003112309  3612252       4.34     154.92  1
        2003112312  3654413       4.39     154.39  1
        2003112315  3665046       4.42     153.93  1
        2003112318  3771725       4.39     153.46  1
        2003112321  3882044       4.36     153.03  1
        2003112400  4051438       4.28     152.68  1
        2003112403  4178496       4.27     152.24  1
        2003112406  4323734       4.27     151.96  1
        2003112409  4437372       4.30     151.69  1
        2003112412  4554397       4.31     151.45  1
        2003112415  4587514       4.40     151.07  1
        2003112418  4754579       4.36     150.82  1
        2003112421  4811292       4.45     150.46  1
        2003112500  4844650       4.61     149.95  1
        2003112503  4769202       4.79     149.29  1
        2003112506  4685599       5.04     148.59  1
        2003112509  4710713       5.24     148.07  1
        2003112512  4698441       5.38     147.62  1
        2003112515  4617199       5.53     147.13  1
        2003112518  4606759       5.59     146.84  1
        2003112521  4537100       5.65     146.60  1
        2003112600  4469067       5.61     146.50  1
        2003112603  4379894       5.71     146.33  1
        2003112606  4247388       5.76     146.26  1
        2003112609  3125307       8.93     141.88  1
        2003112612  2999895       9.57     141.01  1
        2003112615  2849839      10.00     140.42  1
        2003112618  2779768      10.30     140.02  1
        2003112621  2657389      10.70     139.49  1
        2003112700  2617308      11.12     138.90  1
        2003112703  2521484      11.45     138.47  1
        2003112706  2409238      11.78     138.16  1
        2003112709  2339321      12.11     137.74  1
        2003112712  2265515      12.37     137.37  1
        2003112715  2215742      12.65     137.04  1
        2003112718  2200974      12.87     136.75  1
        2003112721  2142448      13.13     136.44  1
        2003112800  2125112      13.40     136.08  1
        2003112803  2057234      13.63     135.82  1
        2003112806  2020307      13.83     135.60  1
        2003112809  2014675      14.05     135.29  1
        2003112812  1942204      14.23     135.05  1
        2003112815  1895232      14.40     134.83  1
        2003112818  1922478      14.52     134.63  1
        2003112821  1967417      14.74     134.35  1
        2003112900  1981990      14.93     134.09  1
        2003112903  1993336      15.14     133.87  1
        2003112906  2004444      15.45     133.62  1
        2003112909  2039023      15.76     133.41  1
        2003112912  2024580      16.08     133.14  1
        2003112915  1940238      16.46     132.85  1
        2003112918  1924471      16.77     132.71  1
        2003112921  1947309      17.12     132.60  1
        2003113000  1921901      17.43     132.49  1
        2003113003  1781357      17.91     132.32  1
        2003113006  1726223      18.29     132.25  1
        2003113009  1720879      18.73     132.22  1
        2003113012  1678752      19.28     132.25  1
        2003113015  1632678      19.66     132.26  1
        2003113018  2083437      23.56     134.04  1
        2003113021  2445923      25.66     135.19  1
        2003120100  2821105      27.14     136.16  1
        2003120103  2964744      28.41     136.95  1
        2003120106  2997004      29.18     137.49  1
        2003120109  3162539      30.01     138.15  1
        2003120112  3177897      30.86     138.82  1
        2003120115  3248446      31.62     139.49  1
        2003120118  3308893      32.33     140.19  1
        2003120121  3318666      33.17     141.04  1
        2003120200  3212836      34.14     142.01  1
        2003120203  3160072      34.92     142.81  1
        2003120206  3120837      35.61     143.64  1
        2003120209  3165684      36.16     144.33  1
        2003120212  3217889      37.02     145.53  1
        2003120215  3408925      38.09     146.89  1
        2003120218  3373999      38.54     147.76  1
        2003120221  3576450      39.50     149.63  1
        2003120300  3490459      39.90     150.80  1
        2003120303  3442807      40.11     151.64  1
        2003120306  3449322      40.48     152.76  1
        2003120309  3399885      40.74     153.61  1
        2003120312  3141396      41.07     154.45  1
        2003120315  2941318      41.46     155.63  1
        2003120318  2815779      41.76     156.49  1
        2003120321  2443362      42.02     156.80  1
        2003120400  2044576      42.54     158.02  1
        2003120403   668972      37.71     147.86  1
        2003120406   443311      37.96     148.17  1
        2003120409   301675      38.06     148.25  1
LPT    20.0100
        2003112612   397086       0.33     105.48  1
        2003112615   502893       0.06     106.03  1
        2003112618   625658      -0.11     106.39  1
        2003112621   712099      -0.26     106.85  1
        2003112700   867984      -0.40     107.32  1
        2003112703  1028423      -0.57     107.90  1
        2003112706  1172610      -0.69     108.24  1
        2003112709  1317556      -0.71     108.53  1
        2003112712  1371544      -0.60     108.61  1
        2003112715  1470200      -0.56     108.83  1
        2003112718  1558825      -0.48     108.95  1
        2003112721  1582659      -0.42     109.13  1
        2003112800  1616534      -0.28     109.14  1
        2003112803  1618794      -0.17     109.10  1
        2003112806  1643438      -0.07     109.09  1
        2003112809  1636479       0.24     109.12  1
        2003112812  1566367       0.57     108.92  1
        2003112815  1621043       0.83     108.90  1
        2003112818  1659536       1.02     108.94  1
        2003112821  1660202       1.25     109.01  1
        2003112900  1627887       1.30     108.96  1
        2003112903  1606232       1.48     108.79  1
        2003112906  1615437       1.63     108.60  1
        2003112909  1610742       1.80     108.42  1
        2003112912  1542075       1.95     108.15  1
        2003112915  1515045       2.03     108.07  1
        2003112918  1573535       2.09     107.97  1
        2003112921  1543448       2.13     107.83  1
        2003113000  1574986       2.18     107.64  1
        2003113003  1581076       2.22     107.51  1
        2003113006  1583355       2.25     107.32  1
        2003113009  1572589       2.25     107.19  1
        2003113012  1535676       2.24     106.97  1
        2003113015  1556548       2.22     106.80  1
        2003113018  1613631       2.20     106.58  1
        2003113021  1647606       2.14     106.38  1
        2003120100  1696223       2.09     106.14  1
        2003120103  1656857       2.15     106.18  1
        2003120106  1762473       2.12     105.99  1
        2003120109  1865060       2.01     105.81  1
        2003120112  1953088       1.86     105.35  1
        2003120115  2010216       1.75     105.19  1
        2003120118  2187921       1.34     104.33  1
        2003120121  2401648       1.03     103.52  1
        2003120200  2506573       0.83     103.23  1
        2003120203  2484992       0.78     103.34  1
        2003120206  2538971       0.67     103.33  1
        2003120209  2565181       0.44     103.33  1
        2003120212  2545189       0.31     103.37  1
        2003120215  2572256       0.18     103.39  1
        2003120218  2606968       0.05     103.43  1
        2003120221  2711688      -0.14     103.60  1
        2003120300  2734561      -0.23     103.97  1
        2003120303  2692003      -0.29     104.24  1
        2003120306  2678053      -0.43     104.38  1
        2003120309  2715641      -0.61     104.46  1
        2003120312  2813548      -0.70     104.27  1
        2003120315  2873663      -0.74     104.29  1
        2003120318  2909862      -0.82     104.48  1
        2003120321  2938521      -0.90     104.52  1
        2003120400  2921783      -0.95     104.79  1
        2003120403  2960450      -0.98     105.18  1
        2003120406  3064491      -1.07     105.55  1
        2003120409  3162353      -1.23     105.97  1
        2003120412  3537980      -1.10     108.41  1
        2003120415  3412948      -1.28     108.38  1
        2003120418  3531568      -1.40     108.87  1
        2003120421  3521663      -1.41     109.60  1
        2003120500  3333033      -1.68     109.25  1
        2003120503  3262552      -1.85     109.30  1
        2003120506  3225952      -2.01     109.14  1
        2003120509  3201384      -2.29     108.76  1
        2003120512  3141926      -2.34     108.70  1
        2003120515  3193112      -2.45     108.47  1
        2003120518  3356010      -2.55     108.16  1
        2003120521  3455327      -2.55     107.62  1
        2003120600  3354613      -2.55     107.24  1
        2003120603  3262434      -2.53     106.76  1
        2003120606  3396730      -2.48     106.41  1
        2003120609  3416770      -2.47     106.17  1
        2003120612  3415260      -2.43     105.67  1
        2003120615  3466482      -2.49     105.36  1
        2003120618  3685641      -2.50     105.24  1
        2003120621  3893750      -2.75     104.27  1
        2003120700  3992435      -2.84     103.75  1
        2003120703  4099587      -2.88     103.14  1
        2003120706  4141431      -2.96     102.34  1
        2003120709  4252578      -3.02     101.42  1
        2003120712  4279196      -3.07     100.36  1
        2003120715  4487572      -3.03      99.93  1
        2003120718  4799044      -2.97      99.49  1
        2003120721  4916430      -2.99      98.81  1
        2003120800  5096220      -2.96      98.47  1
        2003120803  5237134      -2.89      98.29  1
        2003120806  5412092      -2.76      98.28  1
        2003120809  5782248      -2.62      98.35  1
        2003120812  5949956      -2.52      98.29  1
        2003120815  6148159      -2.47      98.35  1
        2003120818  6351412      -2.36      98.37  1
        2003120821  6575184      -2.23      98.35  1
        2003120900  6625586      -2.25      98.75  1
        2003120903  6794682      -2.16      98.93  1
        2003120906  7030743      -2.10      99.13  1
        2003120909  7281855      -2.00      99.13  1
        2003120912  7344390      -1.98      98.90  1
        2003120915  7528069      -1.91      98.84  1
        2003120918  7716441      -1.86      98.79  1
        2003120921  7690936      -1.84      98.63  1
        2003121000  7658784      -1.74      98.62  1
        2003121003  7699039      -1.64      98.58  1
        2003121006  7783292      -1.50      98.69  1
        2003121009  7885752      -1.35      98.83  1
        2003121012  7887866      -1.23      98.98  1
        2003121015  7893319      -1.11      99.25  1
        2003121018  7936908      -0.91      99.42  1
        2003121021  7885169      -0.69      99.66  1
        2003121100  7895775      -0.47      99.90  1
        2003121103  7918584      -0.19     100.04  1
        2003121106  7878842       0.10     100.24  1
        2003121109  7832472       0.36     100.27  1
        2003121112  7593616       0.74     100.09  1
        2003121115  7374588       1.16      99.94  1
        2003121118  7122877       1.59      99.90  1
        2003121121  6935596       1.87      99.75  1
        2003121200  6764459       2.14      99.51  1
        2003121203  6620286       2.35      99.36  1
        2003121206  6610683       2.46      99.46  1
        2003121209  6519771       2.63      99.48  1
        2003121212  6395988       2.82      99.50  1
        2003121215  6441442       2.96      99.71  1
        2003121218  6441836       3.12      99.98  1
        2003121221  6412213       3.29     100.12  1
        2003121300  6489700       3.44     100.40  1
        2003121303  6539992       3.61     100.59  1
        2003121306  6543774       3.73     100.77  1
        2003121309  6528798       3.88     100.94  1
        2003121312  6473374       4.03     101.04  1
        2003121315  6510667       4.22     101.27  1
        2003121318  6564772       4.40     101.53  1
        2003121321  6637986       4.60     101.86  1
        2003121400  6702167       4.72     102.05  1
        2003121403  6771843       4.78     102.33  1
        2003121406  6674084       4.83     102.53  1
        2003121409  6622121       4.90     102.63  1
        2003121412  6452088       5.03     102.88  1
        2003121415  4090162       2.49     111.43  1
        2003121418  4109022       2.38     112.07  1
        2003121421  4103467       2.22     112.55  1
        2003121500  4117392       2.23     112.91  1
        2003121503  4064365       2.28     113.13  1
        2003121506  4052299       2.35     113.30  1
        2003121509  3954180       2.41     113.42  1
        2003121512  3877661       2.49     113.48  1
        2003121515  3819399       2.57     113.71  1
        2003121518  3795124       2.58     113.93  1
        2003121521  3768255       2.64     114.08  1
        2003121600  3751930       2.71     114.40  1
        2003121603  3760668       2.83     114.61  1
        2003121606  3750399       2.91     114.94  1
        2003121609  3707666       2.95     115.10  1
        2003121612  3704320       3.01     115.23  1
        2003121615  3767247       2.95     115.47  1
        2003121618  3786079       2.86     115.59  1
        2003121621  3822917       2.78     115.82  1
        2003121700  3833948       2.81     116.17  1
        2003121703  3877200       2.97     116.65  1
        2003121706  3808091       3.26     117.12  1
        2003121709  3799839       3.52     117.41  1
        2003121712  3846937       3.66     117.66  1
        2003121715  3864009       3.56     117.77  1
        2003121718  4002278       3.39     118.07  1
        2003121721  4120682       3.42     118.37  1
        2003121800  4236421       3.38     118.58  1
        2003121803  4398836       3.18     118.95  1
        2003121806  4623132       3.13     119.38  1
        2003121809  4767241       3.08     119.69  1
        2003121812  5078416       2.92     120.25  1
        2003121815 12094119      -0.35     138.94  1
        2003121818 12833156      -0.60     138.82  1
        2003121821 13153494      -0.84     138.72  1
        2003121900 13225534      -1.09     138.76  1
        2003121903 13366021      -1.32     138.96  1
        2003121906 13366644      -1.59     139.37  1
        2003121909 13402330      -1.75     139.49  1
        2003121912 13490798      -1.91     139.61  1
        2003121915 13726003      -2.11     139.82  1
        2003121918 14050243      -2.32     139.90  1
        2003121921 14354279      -2.50     139.52  1
        2003122000 14547356      -2.73     139.19  1
        2003122003 14582358      -2.91     139.08  1
        2003122006 14592432      -3.05     139.18  1
        2003122009 14738498      -3.14     139.16  1
        2003122012 14804325      -3.21     139.21  1
        2003122015 14878069      -3.29     139.11  1
        2003122018 15200644      -3.24     139.07  1
        2003122021 15470819      -3.20     138.90  1
        2003122100 15544461      -3.19     138.71  1
        2003122103 15404323      -3.11     138.99  1
        2003122106 15350818      -3.04     139.43  1
        2003122109 15395659      -2.99     139.56  1
        2003122112 15584614      -2.91     139.58  1
        2003122115 15841380      -2.83     139.45  1
        2003122118 15976521      -2.70     139.31  1
        2003122121 16092759      -2.65     139.10  1
        2003122200 16084245      -2.66     139.32  1
        2003122203 15960990      -2.70     139.49  1
        2003122206 15750788      -2.74     139.67  1
        2003122209 15512718      -2.79     139.79  1
        2003122212 15368490      -2.74     139.93  1
        2003122215 15399720      -2.68     139.76  1
        2003122218 15293453      -2.55     139.47  1
        2003122221 14807674      -2.33     139.16  1
        2003122300 14110929      -2.13     139.15  1
        2003122303 13415734      -1.94     139.26  1
        2003122306 12843614      -1.75     139.26  1
        2003122309  9086706       1.61     142.03  1
        2003122312  8439762       2.04     141.90  1
        2003122315  7859194       2.55     141.20  1
        2003122318  6826273       4.08     139.05  1
        2003122321  5368986       5.17     143.28  1
        2003122400  4981414       5.50     143.06  1
        2003122403  4689035       5.74     142.71  1
        2003122406  4410951       6.03     142.35  1
        2003122409  4131762       6.13     142.04  1
        2003122412  3926967       6.22     141.89  1
        2003122415  3720065       6.24     141.93  1
        2003122418  3539489       6.25     141.85  1
        2003122421  3315873       6.25     141.71  1
        2003122500  3097439       6.13     142.03  1
        2003122503  2818431       5.83     142.65  1
        2003122506  2723235       5.65     142.91  1
        2003122509  2509451       5.16     143.58  1
        2003122512  1233977       0.99     149.90  1
        2003122515  1144699       0.65     149.90  1
        2003122518  1002114       0.31     149.75  1
        2003122521   820100      -0.20     149.48  1
        2003122600   512120      -0.61     148.96  1
        2003122721   514485       0.25     146.46  1
        2003122800   651170       0.10     147.03  1
        2003122803  1034058      -0.04     147.31  1
        2003122806  1313401      -0.14     147.22  1
        2003122809  1632810      -0.32     147.33  1
        2003122812  1860331      -0.47     147.50  1
        2003122815  2084681      -0.58     147.40  1
        2003122818  2301934      -0.74     147.75  1
        2003122821  2516116      -0.83     148.04  1
        2003122900  2599303      -0.91     148.78  1
        2003122903  2684739      -1.01     149.47  1
        2003122906  2843404      -1.18     150.65  1
        2003122909  3055168      -1.32     151.71  1
        2003122912  3303706      -1.41     152.58  1
        2003122915  3644281      -1.61     153.27  1
        2003122918  3964574      -1.80     153.94  1
        2003122921  4119521      -1.89     154.33  1
        2003123000  4187323      -2.12     154.88  1
        2003123003  4290097      -2.41     155.33  1
        2003123006  4807598      -3.48     155.05  1
        2003123009  5230036      -4.19     155.27  1
        2003123012  5697672      -4.87     155.47  1
        2003123015  6341764      -5.55     155.54  1
        2003123018 10058964      -8.17     167.90  1
        2003123021 10657349      -8.43     168.58  1
        2003123100 11266215      -8.73     168.81  1
        2003123103 11670411      -8.90     168.84  1
        2003123106 12030943      -9.09     168.97  1
        2003123109 12402967      -9.20     169.23  1
        2003123112 12759091      -9.35     169.53  1
        2003123115 13177955      -9.47     169.95  1
        2003123118 13397259      -9.48     170.26  1
        2003123121 13448733      -9.47     170.51  1
        2004010100 13580887      -9.43     170.35  1
        2004010103 13659227      -9.40     170.13  1
        2004010106 13729567      -9.34     169.85  1
        2004010109 13761427      -9.24     169.71  1
        2004010112 13661756      -9.07     169.71  1
        2004010115 13607851      -8.88     169.60  1
        2004010118 13488191      -8.69     169.32  1
        2004010121 13316538      -8.50     169.42  1
        2004010200 13125015      -8.29     169.40  1
        2004010203 12884332      -8.05     169.36  1
        2004010206 12696868      -7.86     169.37  1
        2004010209 12386948      -7.64     169.38  1
        2004010212 12159351      -7.45     169.67  1
        2004010215 11872707      -7.26     169.71  1
        2004010218 11494274      -6.99     169.75  1
        2004010221 10951056      -6.65     170.10  1
        2004010300 10375138      -6.22     170.48  1
        2004010303 10068399      -6.11     171.00  1
        2004010306  9909260      -6.09     171.48  1
        2004010309  9703045      -6.08     172.00  1
        2004010312  9416219      -6.04     172.57  1
        2004010315  9111198      -6.05     173.09  1
        2004010318  6904402      -5.72     180.82  1
        2004010321  6681782      -5.84     181.38  1
        2004010400  6541288      -5.94     181.87  1
        2004010403  6327516      -6.11     182.64  1
        2004010406  6433354      -6.42     183.25  1
        2004010409  6553875      -6.66     183.67  1
        2004010412  6657317      -6.71     183.72  1
        2004010415  6839292      -6.84     183.79  1
        2004010418  6987358      -7.06     184.04  1
        2004010421  7039735      -7.36     184.38  1
        2004010500  7083950      -7.65     184.63  1
        2004010503  7035102      -8.06     185.02  1
        2004010506  7025078      -8.48     185.37  1
        2004010509  6981000      -8.87     185.63  1
        2004010512  6963635      -9.21     185.91  1
        2004010515  6896560      -9.51     186.24  1
        2004010518  6921752      -9.74     186.43  1
        2004010521  6958560      -9.89     186.50  1
        2004010600  7012018     -10.05     186.56  1
        2004010603  6987376     -10.34     186.75  1
        2004010606  7109637     -10.48     186.68  1
        2004010609  7273904     -10.52     186.46  1
        2004010612  7540232     -10.44     185.89  1
        2004010615  7783453     -10.31     185.30  1
        2004010618  7918958     -10.31     184.98  1
        2004010621  7934043     -10.34     184.78  1
        2004010700  7958656     -10.39     184.58  1
        2004010703  7972843     -10.38     184.32  1
        2004010706  7990256     -10.49     184.28  1
        2004010709  7918165     -10.52     184.19  1
        2004010712  7808855     -10.71     184.31  1
        2004010715  7716560     -10.81     184.39  1
        2004010718  7552844     -11.02     184.65  1
        2004010721  7342830     -11.12     184.81  1
        2004010800  7140325     -11.17     184.91  1
        2004010803  6871276     -11.14     184.96  1
        2004010806  6751999     -10.98     184.80  1
        2004010809  6589220     -10.75     184.50  1
        2004010812  6442851     -10.39     184.07  1
        2004010815  6287393     -10.00     183.65  1
        2004010818  6048739      -9.73     183.44  1
        2004010821  5779501      -9.27     182.95  1
        2004010900  5432492      -8.71     182.36  1
        2004010903  4973018      -7.73     181.28  1
        2004010906  4765003      -7.26     180.70  1
        2004010909  4584173      -7.16     180.72  1
        2004010912  4387451      -7.07     180.62  1
        2004010915  4348513      -7.36     181.77  1
        2004010918  4263868      -7.67     183.04  1
        2004010921  4103478      -7.82     183.86  1
        2004011000  3816721      -8.09     185.09  1
        2004011003  3570381      -8.38     186.41  1
        2004011006  3475973      -8.56     187.41  1
        2004011009  3371856      -8.63     187.94  1
        2004011012  3218266      -8.78     188.74  1
        2004011015  3040247      -8.84     189.32  1
        2004011018  2729794      -9.08     190.88  1
        2004011021  2297160      -9.38     193.28  1
        2004011100  2092107      -9.53     194.53  1
        2004011103  4028438     -14.25     208.75  1
        2004011106  3809711     -14.51     209.96  1
        2004011109  3639971     -14.76     211.02  1
        2004011112  3537888     -14.80     211.53  1
        2004011115  3457635     -14.88     212.03  1
        2004011118  3213504     -15.05     212.87  1
        2004011121  1718806     -18.35     222.84  1
        2004011200  1736154     -18.30     223.14  1
        2004011203  1769082     -18.22     223.64  1
        2004011206  1781448     -18.08     224.00  1
        2004011209  1752537     -17.89     224.19  1
        2004011212  1743586     -17.61     224.32  1
        2004011215  1810981     -17.18     224.10  1
        2004011218  1796111     -16.81     224.05  1
        2004011221  1788340     -16.46     224.03  1
        2004011300  1771598     -16.11     223.89  1
        2004011303  1899616     -15.80     223.86  1
        2004011306  1976847     -15.48     223.77  1
        2004011309  2061487     -15.26     223.56  1
        2004011312  2127154     -14.94     223.28  1
        2004011315  2235912     -14.71     223.06  1
        2004011318  2250941     -14.53     222.98  1
        2004011321  2270102     -14.39     222.96  1
        2004011400  2342375     -14.50     223.12  1
        2004011403  2409468     -14.84     223.61  1
        2004011406  2493232     -15.30     224.20  1
        2004011409  2560180     -15.65     224.67  1
        2004011412  2717239     -16.09     225.20  1
        2004011415  2904769     -16.62     225.78  1
        2004011418  2960526     -16.89     226.12  1
        2004011421  3005324     -17.03     226.29  1
        2004011500  3051282     -17.29     226.57  1
        2004011503  3030625     -17.52     226.90  1
        2004011506  2916624     -17.81     227.21  1
        2004011509  2789195     -18.19     227.62  1
        2004011512  2685368     -18.47     227.95  1
        2004011515  2615416     -19.07     228.60  1
        2004011518  2479030     -19.79     229.49  1
        2004011521  2444721     -20.07     229.79  1
        2004011600  2441009     -20.33     230.09  1
        2004011603  2438101     -20.62     230.46  1
        2004011606  2379108     -20.96     230.89  1
        2004011609  2264270     -21.40     231.43  1
        2004011612  2228508     -21.49     231.62  1
        2004011615  2244521     -21.67     231.89  1
        2004011618  2175612     -21.93     232.35  1
        2004011621  2097594     -22.04     232.62  1
        2004011700  2024894     -22.09     232.77  1
        2004011703  1954991     -22.20     233.07  1
        2004011706  1829745     -22.35     233.47  1
        2004011709  1722632     -22.55     233.92  1
        2004011712  1611924     -22.77     234.39  1
        2004011715  1455391     -23.06     234.98  1
        2004011718  1267681     -23.41     235.75  1
        2004011721  1082096     -23.62     236.24  1
        2004011800   926427     -23.75     236.65  1
        2004011803   751473     -23.84     236.97  1
        2004011806   555338     -23.98     237.35  1
        2004011809   416186     -24.05     237.63  1
LPT    20.0200
        2003121312   623481       3.91     164.04  1
        2003121315  1004092       3.74     164.19  1
        2003121318  1270659       3.54     164.07  1
        2003121321  1484928       3.25     163.75  1
        2003121400  1576951       2.82     163.55  1
        2003121403  1541841       2.45     163.28  1
        2003121406  1631454       2.10     163.05  1
        2003121409  1694841       1.80     162.80  1
        2003121412  1802871       1.55     162.53  1
        2003121415  1947807       1.41     162.45  1
        2003121418  2039524       1.37     162.20  1
        2003121421  2162075       1.24     161.92  1
        2003121500  2247693       1.09     161.61  1
        2003121503  2330161       0.94     161.39  1
        2003121506  2379541       0.74     161.06  1
        2003121509  2495847       0.48     160.72  1
        2003121512  2646024       0.17     160.25  1
        2003121515  2818385      -0.14     159.84  1
        2003121518  2939908      -0.33     159.61  1
        2003121521  3022177      -0.57     159.26  1
        2003121600  3058947      -0.80     159.03  1
        2003121603  3105799      -1.00     158.96  1
        2003121606  3187150      -1.09     158.87  1
        2003121609  3222444      -1.16     158.93  1
        2003121612  3264577      -1.31     158.84  1
        2003121615  3289118      -1.37     158.75  1
        2003121618  3283764      -1.44     158.68  1
        2003121621  3248531      -1.48     158.67  1
        2003121700  3168795      -1.45     158.76  1
        2003121703  3151962      -1.44     158.74  1
        2003121706  3206007      -1.34     158.91  1
        2003121709  3365586      -1.24     159.25  1
        2003121712  3631338      -1.15     159.69  1
        2003121715  3758182      -1.19     159.77  1
        2003121718  3863486      -1.26     159.86  1
        2003121721  4118540      -1.39     160.00  1
        2003121800  4138415      -1.45     160.34  1
        2003121803  4343671      -1.76     159.88  1
        2003121806  4846148      -2.28     158.30  1
        2003121809  5116698      -2.40     157.75  1
        2003121812  5809908      -2.63     156.04  1
        2003121815 12094119      -0.35     138.94  1
        2003121818 12833156      -0.60     138.82  1
        2003121821 13153494      -0.84     138.72  1
        2003121900 13225534      -1.09     138.76  1
        2003121903 13366021      -1.32     138.96  1
        2003121906 13366644      -1.59     139.37  1
        2003121909 13402330      -1.75     139.49  1
        2003121912 13490798      -1.91     139.61  1
        2003121915 13726003      -2.11     139.82  1
        2003121918 14050243      -2.32     139.90  1
        2003121921 14354279      -2.50     139.52  1
        2003122000 14547356      -2.73     139.19  1
        2003122003 14582358      -2.91     139.08  1
        2003122006 14592432      -3.05     139.18  1
        2003122009 14738498      -3.14     139.16  1
        2003122012 14804325      -3.21     139.21  1
        2003122015 14878069      -3.29     139.11  1
        2003122018 15200644      -3.24     139.07  1
        2003122021 15470819      -3.20     138.90  1
        2003122100 15544461      -3.19     138.71  1
        2003122103 15404323      -3.11     138.99  1
        2003122106 15350818      -3.04     139.43  1
        2003122109 15395659      -2.99     139.56  1
        2003122112 15584614      -2.91     139.58  1
        2003122115 15841380      -2.83     139.45  1
        2003122118 15976521      -2.70     139.31  1
        2003122121 16092759      -2.65     139.10  1
        2003122200 16084245      -2.66     139.32  1
        2003122203 15960990      -2.70     139.49  1
        2003122206 15750788      -2.74     139.67  1
        2003122209 15512718      -2.79     139.79  1
        2003122212 15368490      -2.74     139.93  1
        2003122215 15399720      -2.68     139.76  1
        2003122218 15293453      -2.55     139.47  1
        2003122221 14807674      -2.33     139.16  1
        2003122300 14110929      -2.13     139.15  1
        2003122303 13415734      -1.94     139.26  1
        2003122306 12843614      -1.75     139.26  1
        2003122309  9086706       1.61     142.03  1
        2003122312  8439762       2.04     141.90  1
        2003122315  7859194       2.55     141.20  1
        2003122318  6826273       4.08     139.05  1
        2003122321  5368986       5.17     143.28  1
        2003122400  4981414       5.50     143.06  1
        2003122403  4689035       5.74     142.71  1
        2003122406  4410951       6.03     142.35  1
        2003122409  4131762       6.13     142.04  1
        2003122412  3926967       6.22     141.89  1
        2003122415  3720065       6.24     141.93  1
        2003122418  3539489       6.25     141.85  1
        2003122421  3315873       6.25     141.71  1
        2003122500  3097439       6.13     142.03  1
        2003122503  2818431       5.83     142.65  1
        2003122506  2723235       5.65     142.91  1
        2003122509  2509451       5.16     143.58  1
        2003122512  1233977       0.99     149.90  1
        2003122515  1144699       0.65     149.90  1
        2003122518  1002114       0.31     149.75  1
        2003122521   820100      -0.20     149.48  1
        2003122600   512120      -0.61     148.96  1
        2003122721   514485       0.25     146.46  1
        2003122800   651170       0.10     147.03  1
        2003122803  1034058      -0.04     147.31  1
        2003122806  1313401      -0.14     147.22  1
        2003122809  1632810      -0.32     147.33  1
        2003122812  1860331      -0.47     147.50  1
        2003122815  2084681      -0.58     147.40  1
        2003122818  2301934      -0.74     147.75  1
        2003122821  2516116      -0.83     148.04  1
        2003122900  2599303      -0.91     148.78  1
        2003122903  2684739      -1.01     149.47  1
        2003122906  2843404      -1.18     150.65  1
        2003122909  3055168      -1.32     151.71  1
        2003122912  3303706      -1.41     152.58  1
        2003122915  3644281      -1.61     153.27  1
        2003122918  3964574      -1.80     153.94  1
        2003122921  4119521      -1.89     154.33  1
        2003123000  4187323      -2.12     154.88  1
        2003123003  4290097      -2.41     155.33  1
        2003123006  4807598      -3.48     155.05  1
        2003123009  5230036      -4.19     155.27  1
        2003123012  5697672      -4.87     155.47  1
        2003123015  6341764      -5.55     155.54  1
        2003123018 10058964      -8.17     167.90  1
        2003123021 10657349      -8.43     168.58  1
        2003123100 11266215      -8.73     168.81  1
        2003123103 11670411      -8.90     168.84  1
        2003123106 12030943      -9.09     168.97  1
        2003123109 12402967      -9.20     169.23  1
        2003123112 12759091      -9.35     169.53  1
        2003123115 13177955      -9.47     169.95  1
        2003123118 13397259      -9.48     170.26  1
        2003123121 13448733      -9.47     170.51  1
        2004010100 13580887      -9.43     170.35  1
        2004010103 13659227      -9.40     170.13  1
        2004010106 13729567      -9.34     169.85  1
        2004010109 13761427      -9.24     169.71  1
        2004010112 13661756      -9.07     169.71  1
        2004010115 13607851      -8.88     169.60  1
        2004010118 13488191      -8.69     169.32  1
        2004010121 13316538      -8.50     169.42  1
        2004010200 13125015      -8.29     169.40  1
        2004010203 12884332      -8.05     169.36  1
        2004010206 12696868      -7.86     169.37  1
        2004010209 12386948      -7.64     169.38  1
        2004010212 12159351      -7.45     169.67  1
        2004010215 11872707      -7.26     169.71  1
        2004010218 11494274      -6.99     169.75  1
        2004010221 10951056      -6.65     170.10  1
        2004010300 10375138      -6.22     170.48  1
        2004010303 10068399      -6.11     171.00  1
        2004010306  9909260      -6.09     171.48  1
        2004010309  9703045      -6.08     172.00  1
        2004010312  9416219      -6.04     172.57  1
        2004010315  9111198      -6.05     173.09  1
        2004010318  6904402      -5.72     180.82  1
        2004010321  6681782      -5.84     181.38  1
        2004010400  6541288      -5.94     181.87  1
        2004010403  6327516      -6.11     182.64  1
        2004010406  6433354      -6.42     183.25  1
        2004010409  6553875      -6.66     183.67  1
        2004010412  6657317      -6.71     183.72  1
        2004010415  6839292      -6.84     183.79  1
        2004010418  6987358      -7.06     184.04  1
        2004010421  7039735      -7.36     184.38  1
        2004010500  7083950      -7.65     184.63  1
        2004010503  7035102      -8.06     185.02  1
        2004010506  7025078      -8.48     185.37  1
        2004010509  6981000      -8.87     185.63  1
        2004010512  6963635      -9.21     185.91  1
        2004010515  6896560      -9.51     186.24  1
        2004010518  6921752      -9.74     186.43  1
        2004010521  6958560      -9.89     186.50  1
        2004010600  7012018     -10.05     186.56  1
        2004010603  6987376     -10.34     186.75  1
        2004010606  7109637     -10.48     186.68  1
        2004010609  7273904     -10.52     186.46  1
        2004010612  7540232     -10.44     185.89  1
        2004010615  7783453     -10.31     185.30  1
        2004010618  7918958     -10.31     184.98  1
        2004010621  7934043     -10.34     184.78  1
        2004010700  7958656     -10.39     184.58  1
        2004010703  7972843     -10.38     184.32  1
        2004010706  7990256     -10.49     184.28  1
        2004010709  7918165     -10.52     184.19  1
        2004010712  7808855     -10.71     184.31  1
        2004010715  7716560     -10.81     184.39  1
        2004010718  7552844     -11.02     184.65  1
        2004010721  7342830     -11.12     184.81  1
        2004010800  7140325     -11.17     184.91  1
        2004010803  6871276     -11.14     184.96  1
        2004010806  6751999     -10.98     184.80  1
        2004010809  6589220     -10.75     184.50  1
        2004010812  6442851     -10.39     184.07  1
        2004010815  6287393     -10.00     183.65  1
        2004010818  6048739      -9.73     183.44  1
        2004010821  5779501      -9.27     182.95  1
        2004010900  5432492      -8.71     182.36  1
        2004010903  4973018      -7.73     181.28  1
        2004010906  4765003      -7.26     180.70  1
        2004010909  4584173      -7.16     180.72  1
        2004010912  4387451      -7.07     180.62  1
        2004010915  4348513      -7.36     181.77  1
        2004010918  4263868      -7.67     183.04  1
        2004010921  4103478      -7.82     183.86  1
        2004011000  3816721      -8.09     185.09  1
        2004011003  3570381      -8.38     186.41  1
        2004011006  3475973      -8.56     187.41  1
        2004011009  3371856      -8.63     187.94  1
        2004011012  3218266      -8.78     188.74  1
        2004011015  3040247      -8.84     189.32  1
        2004011018  2729794      -9.08     190.88  1
        2004011021  2297160      -9.38     193.28  1
        2004011100  2092107      -9.53     194.53  1
        2004011103  4028438     -14.25     208.75  1
        2004011106  3809711     -14.51     209.96  1
        2004011109  3639971     -14.76     211.02  1
        2004011112  3537888     -14.80     211.53  1
        2004011115  3457635     -14.88     212.03  1
        2004011118  3213504     -15.05     212.87  1
        2004011121  1718806     -18.35     222.84  1
        2004011200  1736154     -18.30     223.14  1
        2004011203  1769082     -18.22     223.64  1
        2004011206  1781448     -18.08     224.00  1
        2004011209  1752537     -17.89     224.19  1
        2004011212  1743586     -17.61     224.32  1
        2004011215  1810981     -17.18     224.10  1
        2004011218  1796111     -16.81     224.05  1
        2004011221  1788340     -16.46     224.03  1
        2004011300  1771598     -16.11     223.89  1
        2004011303  1899616     -15.80     223.86  1
        2004011306  1976847     -15.48     223.77  1
        2004011309  2061487     -15.26     223.56  1
        2004011312  2127154     -14.94     223.28  1
        2004011315  2235912     -14.71     223.06  1
        2004011318  2250941     -14.53     222.98  1
        2004011321  2270102     -14.39     222.96  1
        2004011400  2342375     -14.50     223.12  1
        2004011403  2409468     -14.84     223.61  1
        2004011406  2493232     -15.30     224.20  1
        2004011409  2560180     -15.65     224.67  1
        2004011412  2717239     -16.09     225.20  1
        2004011415  2904769     -16.62     225.78  1
        2004011418  2960526     -16.89     226.12  1
        2004011421  3005324     -17.03     226.29  1
        2004011500  3051282     -17.29     226.57  1
        2004011503  3030625     -17.52     226.90  1
        2004011506  2916624     -17.81     227.21  1
        2004011509  2789195     -18.19     227.62  1
        2004011512  2685368     -18.47     227.95  1
        2004011515  2615416     -19.07     228.60  1
        2004011518  2479030     -19.79     229.49  1
        2004011521  2444721     -20.07     229.79  1
        2004011600  2441009     -20.33     230.09  1
        2004011603  2438101     -20.62     230.46  1
        2004011606  2379108     -20.96     230.89  1
        2004011609  2264270     -21.40     231.43  1
        2004011612  2228508     -21.49     231.62  1
        2004011615  2244521     -21.67     231.89  1
        2004011618  2175612     -21.93     232.35  1
        2004011621  2097594     -22.04     232.62  1
        2004011700  2024894     -22.09     232.77  1
        2004011703  1954991     -22.20     233.07  1
        2004011706  1829745     -22.35     233.47  1
        2004011709  1722632     -22.55     233.92  1
        2004011712  1611924     -22.77     234.39  1
        2004011715  1455391     -23.06     234.98  1
        2004011718  1267681     -23.41     235.75  1
        2004011721  1082096     -23.62     236.24  1
        2004011800   926427     -23.75     236.65  1
        2004011803   751473     -23.84     236.97  1
        2004011806   555338     -23.98     237.35  1
        2004011809   416186     -24.05     237.63  1
LPT    20.0300
        2003122400   371213     -21.09     201.42  1
        2003122403   554319     -21.06     201.82  1
        2003122406   781127     -20.79     202.06  1
        2003122409   998508     -20.64     202.34  1
        2003122412  1187000     -20.52     202.62  1
        2003122415  1275743     -20.52     202.84  1
        2003122418  1423422     -20.38     203.06  1
        2003122421  1522680     -20.26     203.24  1
        2003122500  1600377     -20.21     203.44  1
        2003122503  1650070     -20.15     203.67  1
        2003122506  1655745     -19.94     203.81  1
        2003122509  1688825     -19.81     203.95  1
        2003122512  1743667     -19.61     204.00  1
        2003122515  1827178     -19.24     203.85  1
        2003122518  1982759     -18.71     203.38  1
        2003122521  2090015     -18.25     203.08  1
        2003122600  2155456     -17.90     202.85  1
        2003122603  2180083     -17.62     202.73  1
        2003122606  2171485     -17.24     202.44  1
        2003122609  2130815     -16.94     202.24  1
        2003122612  2129470     -16.61     201.96  1
        2003122615  2046407     -16.31     201.76  1
        2003122618  1944869     -15.71     201.19  1
        2003122621  1706734     -15.01     200.45  1
        2003122700  1422471     -13.98     199.32  1
        2003122703  1215632     -13.24     198.38  1
        2003122706  1066764     -12.62     197.52  1
        2003122709   879754     -12.06     196.71  1
        2003122712   816146     -11.63     196.06  1
        2003122715   750991     -11.39     195.71  1
        2003122718   754310     -11.28     195.63  1
        2003122721   703341     -11.07     195.28  1
        2003122800   721541     -11.06     195.05  1
        2003122803   741182     -11.08     194.90  1
        2003122806   780414     -11.13     194.72  1
        2003122809   776318     -11.25     194.58  1
        2003122812   825113     -11.38     194.50  1
        2003122815   985179     -11.45     194.49  1
        2003122818  1032823     -11.64     194.53  1
        2003122821  1107533     -11.83     194.64  1
        2003122900  1149463     -11.91     194.58  1
        2003122903  1236633     -11.98     194.59  1
        2003122906  1331416     -12.02     194.42  1
        2003122909  1393693     -12.08     194.32  1
        2003122912  1462255     -12.09     194.09  1
        2003122915  1612514     -12.16     194.01  1
        2003122918  1653742     -12.31     194.04  1
        2003122921  1720007     -12.42     193.96  1
        2003123000  1877168     -12.64     194.04  1
        2003123003  2042338     -12.85     194.19  1
        2003123006  2265118     -12.96     194.10  1
        2003123009  2443412     -13.07     194.13  1
        2003123012  2598849     -13.13     194.19  1
        2003123015  2821185     -13.10     193.98  1
        2003123018 10058964      -8.17     167.90  1
        2003123021 10657349      -8.43     168.58  1
        2003123100 11266215      -8.73     168.81  1
        2003123103 11670411      -8.90     168.84  1
        2003123106 12030943      -9.09     168.97  1
        2003123109 12402967      -9.20     169.23  1
        2003123112 12759091      -9.35     169.53  1
        2003123115 13177955      -9.47     169.95  1
        2003123118 13397259      -9.48     170.26  1
        2003123121 13448733      -9.47     170.51  1
        2004010100 13580887      -9.43     170.35  1
        2004010103 13659227      -9.40     170.13  1
        2004010106 13729567      -9.34     169.85  1
        2004010109 13761427      -9.24     169.71  1
        2004010112 13661756      -9.07     169.71  1
        2004010115 13607851      -8.88     169.60  1
        2004010118 13488191      -8.69     169.32  1
        2004010121 13316538      -8.50     169.42  1
        2004010200 13125015      -8.29     169.40  1
        2004010203 12884332      -8.05     169.36  1
        2004010206 12696868      -7.86     169.37  1
        2004010209 12386948      -7.64     169.38  1
        2004010212 12159351      -7.45     169.67  1
        2004010215 11872707      -7.26     169.71  1
        2004010218 11494274      -6.99     169.75  1
        2004010221 10951056      -6.65     170.10  1
        2004010300 10375138      -6.22     170.48  1
        2004010303 10068399      -6.11     171.00  1
        2004010306  9909260      -6.09     171.48  1
        2004010309  9703045      -6.08     172.00  1
        2004010312  9416219      -6.04     172.57  1
        2004010315  9111198      -6.05     173.09  1
        2004010318  6904402      -5.72     180.82  1
        2004010321  6681782      -5.84     181.38  1
        2004010400  6541288      -5.94     181.87  1
        2004010403  6327516      -6.11     182.64  1
        2004010406  6433354      -6.42     183.25  1
        2004010409  6553875      -6.66     183.67  1
        2004010412  6657317      -6.71     183.72  1
        2004010415  6839292      -6.84     183.79  1
        2004010418  6987358      -7.06     184.04  1
        2004010421  7039735      -7.36     184.38  1
        2004010500  7083950      -7.65     184.63  1
        2004010503  7035102      -8.06     185.02  1
        2004010506  7025078      -8.48     185.37  1
        2004010509  6981000      -8.87     185.63  1
        2004010512  6963635      -9.21     185.91  1
        2004010515  6896560      -9.51     186.24  1
        2004010518  6921752      -9.74     186.43  1
        2004010521  6958560      -9.89     186.50  1
        2004010600  7012018     -10.05     186.56  1
        2004010603  6987376     -10.34     186.75  1
        2004010606  7109637     -10.48     186.68  1
        2004010609  7273904     -10.52     186.46  1
        2004010612  7540232     -10.44     185.89  1
        2004010615  7783453     -10.31     185.30  1
        2004010618  7918958     -10.31     184.98  1
        2004010621  7934043     -10.34     184.78  1
        2004010700  7958656     -10.39     184.58  1
        2004010703  7972843     -10.38     184.32  1
        2004010706  7990256     -10.49     184.28  1
        2004010709  7918165     -10.52     184.19  1
        2004010712  7808855     -10.71     184.31  1
        2004010715  7716560     -10.81     184.39  1
        2004010718  7552844     -11.02     184.65  1
        2004010721  7342830     -11.12     184.81  1
        2004010800  7140325     -11.17     184.91  1
        2004010803  6871276     -11.14     184.96  1
        2004010806  6751999     -10.98     184.80  1
        2004010809  6589220     -10.75     184.50  1
        2004010812  6442851     -10.39     184.07  1
        2004010815  6287393     -10.00     183.65  1
        2004010818  6048739      -9.73     183.44  1
        2004010821  5779501      -9.27     182.95  1
        2004010900  5432492      -8.71     182.36  1
        2004010903  4973018      -7.73     181.28  1
        2004010906  4765003      -7.26     180.70  1
        2004010909  4584173      -7.16     180.72  1
        2004010912  4387451      -7.07     180.62  1
        2004010915  4348513      -7.36     181.77  1
        2004010918  4263868      -7.67     183.04  1
        2004010921  4103478      -7.82     183.86  1
        2004011000  3816721      -8.09     185.09  1
        2004011003  3570381      -8.38     186.41  1
        2004011006  3475973      -8.56     187.41  1
        2004011009  3371856      -8.63     187.94  1
        2004011012  3218266      -8.78     188.74  1
        2004011015  3040247      -8.84     189.32  1
        2004011018  2729794      -9.08     190.88  1
        2004011021  2297160      -9.38     193.28  1
        2004011100  2092107      -9.53     194.53  1
        2004011103  4028438     -14.25     208.75  1
        2004011106  3809711     -14.51     209.96  1
        2004011109  3639971     -14.76     211.02  1
        2004011112  3537888     -14.80     211.53  1
        2004011115  3457635     -14.88     212.03  1
        2004011118  3213504     -15.05     212.87  1
        2004011121  1718806     -18.35     222.84  1
        2004011200  1736154     -18.30     223.14  1
        2004011203  1769082     -18.22     223.64  1
        2004011206  1781448     -18.08     224.00  1
        2004011209  1752537     -17.89     224.19  1
        2004011212  1743586     -17.61     224.32  1
        2004011215  1810981     -17.18     224.10  1
        2004011218  1796111     -16.81     224.05  1
        2004011221  1788340     -16.46     224.03  1
        2004011300  1771598     -16.11     223.89  1
        2004011303  1899616     -15.80     223.86  1
        2004011306  1976847     -15.48     223.77  1
        2004011309  2061487     -15.26     223.56  1
        2004011312  2127154     -14.94     223.28  1
        2004011315  2235912     -14.71     223.06  1
        2004011318  2250941     -14.53     222.98  1
        2004011321  2270102     -14.39     222.96  1
        2004011400  2342375     -14.50     223.12  1
        2004011403  2409468     -14.84     223.61  1
        2004011406  2493232     -15.30     224.20  1
        2004011409  2560180     -15.65     224.67  1
        2004011412  2717239     -16.09     225.20  1
        2004011415  2904769     -16.62     225.78  1
        2004011418  2960526     -16.89     226.12  1
        2004011421  3005324     -17.03     226.29  1
        2004011500  3051282     -17.29     226.57  1
        2004011503  3030625     -17.52     226.90  1
        2004011506  2916624     -17.81     227.21  1
        2004011509  2789195     -18.19     227.62  1
        2004011512  2685368     -18.47     227.95  1
        2004011515  2615416     -19.07     228.60  1
        2004011518  2479030     -19.79     229.49  1
        2004011521  2444721     -20.07     229.79  1
        2004011600  2441009     -20.33     230.09  1
        2004011603  2438101     -20.62     230.46  1
        2004011606  2379108     -20.96     230.89  1
        2004011609  2264270     -21.40     231.43  1
        2004011612  2228508     -21.49     231.62  1
        2004011615  2244521     -21.67     231.89  1
        2004011618  2175612     -21.93     232.35  1
        2004011621  2097594     -22.04     232.62  1
        2004011700  2024894     -22.09     232.77  1
        2004011703  1954991     -22.20     233.07  1
        2004011706  1829745     -22.35     233.47  1
        2004011709  1722632     -22.55     233.92  1
        2004011712  1611924     -22.77     234.39  1
        2004011715  1455391     -23.06     234.98  1
        2004011718  1267681     -23.41     235.75  1
        2004011721  1082096     -23.62     236.24  1
        2004011800   926427     -23.75     236.65  1
        2004011803   751473     -23.84     236.97  1
        2004011806   555338     -23.98     237.35  1
        2004011809   416186     -24.05     237.63  1
LPT    21.0100
        2003113000   367637       7.47     280.02  1
        2003113003   434773       7.70     279.96  1
        2003113006   503307       7.96     279.93  1
        2003113009   590840       8.22     279.96  1
        2003113012   702821       8.39     280.00  1
        2003113015   793312       8.55     279.97  1
        2003113018   908198       8.67     279.95  1
        2003113021   976613       8.74     279.91  1
        2003120100  1112375       8.95     279.83  1
        2003120103  1190162       9.14     279.72  1
        2003120106  1306385       9.19     279.69  1
        2003120109  1387726       9.20     279.65  1
        2003120112  1418772       9.23     279.59  1
        2003120115  1463411       9.28     279.54  1
        2003120118  1368148       9.55     279.45  1
        2003120121  1435452       9.42     279.56  1
        2003120200  1398028       9.48     279.61  1
        2003120203  1325199       9.45     279.76  1
        2003120206  1247571       9.48     279.95  1
        2003120209  1192013       9.49     280.02  1
        2003120212  1025782       9.65     279.99  1
        2003120215   958867       9.66     280.13  1
        2003120218   968250       9.56     280.27  1
        2003120221  1047078       9.11     280.48  1
        2003120300  1107720       8.93     280.61  1
        2003120303  1260091       8.65     280.87  1
        2003120306  1426188       8.40     281.08  1
        2003120309  1577373       8.30     281.19  1
        2003120312  1640082       8.46     281.15  1
        2003120315  1713622       8.55     281.18  1
        2003120318  1811558       8.60     281.32  1
        2003120321  1898654       8.52     281.54  1
        2003120400  1944002       8.76     281.60  1
        2003120403  1941048       8.90     281.79  1
        2003120406  2059370       9.08     282.09  1
        2003120409  2151008       9.53     282.43  1
        2003120412  2238028       9.91     282.78  1
        2003120415  2312047      10.27     283.12  1
        2003120418  2417063      10.37     283.46  1
        2003120421  2516595      10.39     283.85  1
        2003120500  2459080      10.89     284.16  1
        2003120503  2524387      11.11     284.49  1
        2003120506  2548676      11.36     284.73  1
        2003120509  2569411      11.66     285.00  1
        2003120512  2588683      12.03     285.34  1
        2003120515  2625611      12.34     285.74  1
        2003120518  2638302      12.58     286.12  1
        2003120521  2805925      12.65     286.78  1
        2003120600  2827100      12.98     287.01  1
        2003120603  2870016      13.15     287.28  1
        2003120606  2886244      13.29     287.50  1
        2003120609  2976489      13.48     287.79  1
        2003120612  3035638      13.63     288.02  1
        2003120615  3121062      13.70     288.32  1
        2003120618  3227445      13.75     288.57  1
        2003120621  3275327      13.87     288.70  1
        2003120700  3185958      14.25     288.59  1
        2003120703  3191182      14.49     288.68  1
        2003120706  4696221      22.10     290.14  1
        2003120709  5245444      24.33     291.15  1
        2003120712  5604602      25.89     292.01  1
        2003120715  5888655      27.06     292.74  1
        2003120718  6045737      28.06     293.38  1
        2003120721  6240959      29.11     294.04  1
        2003120800  6415486      30.43     294.83  1
        2003120803  6440922      31.01     295.33  1
        2003120806  6429430      31.60     295.80  1
        2003120809  6403597      32.13     296.32  1
        2003120812  6353494      32.79     296.95  1
        2003120815  6235003      33.42     297.56  1
        2003120818  6063142      34.25     298.31  1
        2003120821  5913229      34.87     298.87  1
        2003120900  5701274      35.68     299.46  1
        2003120903  5479024      36.34     299.98  1
        2003120906  5275976      36.93     300.54  1
        2003120909  5132279      37.44     301.08  1
        2003120912  4941640      38.08     301.74  1
        2003120915  4781432      38.46     302.30  1
        2003120918  4512524      38.90     303.04  1
        2003120921  4251283      39.34     303.81  1
        2003121000  3905232      39.76     304.79  1
        2003121003  3528376      40.17     305.81  1
        2003121006  3116327      40.80     306.94  1
        2003121009  2590133      41.78     308.26  1
        2003121012  1250759      45.16     313.23  1
        2003121015   749862      45.87     315.61  1
        2003121018   492836      46.31     316.68  1
        2003121021   392618      46.46     317.22  1
LPT    22.0100
        2004011106   313827     -20.56     316.65  1
        2004011109   389885     -19.89     316.42  1
        2004011112   530977     -19.07     316.08  1
        2004011115   714205     -18.06     315.69  1
        2004011118  1154905     -16.49     314.81  1
        2004011121  1507809     -15.48     314.15  1
        2004011200  1587835     -14.82     314.00  1
        2004011203  1608766     -14.32     314.02  1
        2004011206  1690161     -13.74     313.87  1
        2004011209  1613287     -13.27     313.67  1
        2004011212  1596381     -12.93     313.54  1
        2004011215  1607188     -12.49     313.24  1
        2004011218  1941484     -12.54     312.79  1
        2004011221  2241350     -12.98     312.79  1
        2004011300  2438870     -13.32     312.87  1
        2004011303  2705932     -13.63     312.93  1
        2004011306  3115368     -14.21     313.28  1
        2004011309  3304920     -14.00     312.98  1
        2004011312  3313905     -13.68     312.76  1
        2004011315  3313734     -13.09     312.35  1
        2004011318  3571749     -12.87     312.10  1
        2004011321  3661058     -12.64     312.09  1
        2004011400  3730939     -12.41     312.30  1
        2004011403  3792499     -12.44     312.53  1
        2004011406  4006858     -12.40     312.74  1
        2004011409  4114055     -12.45     312.91  1
        2004011412  4213948     -12.56     313.25  1
        2004011415  4414810     -12.69     313.63  1
        2004011418  4646623     -12.70     313.70  1
        2004011421  4714183     -12.82     313.90  1
        2004011500  4530356     -12.97     314.42  1
        2004011503  4578166     -13.20     314.63  1
        2004011506  4782945     -13.41     314.52  1
        2004011509  5177972     -13.54     313.63  1
        2004011512  5318017     -13.69     313.56  1
        2004011515  5452972     -13.59     313.10  1
        2004011518  5585106     -13.44     312.68  1
        2004011521  5573849     -13.35     312.42  1
        2004011600  5312043     -13.20     312.52  1
        2004011603  5210019     -13.27     312.70  1
        2004011606  5296968     -13.61     313.05  1
        2004011609  5162317     -13.60     313.18  1
        2004011612  5056292     -14.03     313.77  1
        2004011615  5143198     -14.04     313.86  1
        2004011618  5508305     -13.88     313.59  1
        2004011621  5902916     -13.39     313.20  1
        2004011700  5876602     -13.35     313.66  1
        2004011703  5866558     -13.31     313.90  1
        2004011706  5947799     -13.11     314.14  1
        2004011709  5916637     -13.03     314.43  1
        2004011712  5956754     -12.99     315.02  1
        2004011715  5911623     -12.97     315.49  1
        2004011718  5886405     -12.86     315.54  1
        2004011721  5970035     -12.70     315.50  1
        2004011800  5978377     -12.55     315.80  1
        2004011803  5987309     -12.47     316.08  1
        2004011806  5932920     -12.26     316.25  1
        2004011809  5802735     -12.23     316.50  1
        2004011812  5613720     -12.22     316.86  1
        2004011815  5529813     -12.04     317.01  1
        2004011818  5606815     -11.91     316.93  1
        2004011821  5668387     -11.62     316.73  1
        2004011900  5559940     -11.42     316.86  1
        2004011903  5427131     -11.14     316.75  1
        2004011906  5159838     -10.49     316.40  1
        2004011909  4524236      -8.95     315.55  1
        2004011912  4279371      -8.71     315.64  1
        2004011915  4074280      -8.50     315.74  1
        2004011918  3874040      -8.37     315.86  1
        2004011921  3657304      -8.31     316.24  1
        2004012000  3291233      -8.23     316.85  1
        2004012003  3107680      -8.18     317.07  1
        2004012006  2795078      -8.13     317.37  1
        2004012009  2446508      -8.19     317.64  1
        2004012012  2149587      -8.42     318.02  1
        2004012015  1789739      -8.79     318.49  1
        2004012018  1690543      -9.01     318.57  1
        2004012021  1636707      -9.15     318.61  1
        2004012100  1353452      -9.40     318.87  1
        2004012103  1159441      -9.64     318.76  1
        2004012106   945380      -9.75     318.93  1
        2004012109   613559      -9.78     319.57  1
        2004012112   382255      -9.73     319.89  1
LPT    23.0100
        2004012112   303235     -13.10      60.81  1
        2004012115   476515     -12.53      60.94  1
        2004012118   766132     -11.60      61.33  1
        2004012121  1087026     -10.83      61.61  1
        2004012200  1347220     -10.19      61.81  1
        2004012203  1501056      -9.91      61.87  1
        2004012206  1608378      -9.71      61.98  1
        2004012209  1713250      -9.58      61.83  1
        2004012212  1795856      -9.50      61.74  1
        2004012215  1893441      -9.33      61.65  1
        2004012218  2009202      -9.19      61.54  1
        2004012221  2229116      -9.07      61.34  1
        2004012300  2598004      -8.99      60.61  1
        2004012303  2853716      -8.89      60.06  1
        2004012306  3055306      -8.81      59.71  1
        2004012309  3282894      -8.79      59.20  1
        2004012312  3498884      -8.80      58.65  1
        2004012315  3603314      -8.84      58.05  1
        2004012318  3763081      -8.83      57.82  1
        2004012321  3955786      -8.85      57.52  1
        2004012400  4247336      -8.95      57.35  1
        2004012403  4234639      -9.20      56.63  1
        2004012406  4291271      -9.44      56.35  1
        2004012409  4187289      -9.87      55.37  1
        2004012412  4479829      -9.96      55.82  1
        2004012415  4267726     -10.53      54.67  1
        2004012418  4536906     -10.39      55.88  1
        2004012421  4802732     -10.34      56.52  1
        2004012500  5089893     -10.26      57.37  1
        2004012503  5203113     -10.31      57.74  1
        2004012506  5289931     -10.32      58.02  1
        2004012509  5376901     -10.35      58.11  1
        2004012512  5602195     -10.40      58.35  1
        2004012515  5789021     -10.44      58.58  1
        2004012518  5881128     -10.45      58.93  1
        2004012521  5991984     -10.46      59.19  1
        2004012600  6060187     -10.48      59.40  1
        2004012603  5980728     -10.48      59.89  1
        2004012606  5874760     -10.39      60.58  1
        2004012609  5843518     -10.33      61.31  1
        2004012612  5801590     -10.08      62.55  1
        2004012615  5712297      -9.79      64.08  1
        2004012618  5687908      -9.52      65.43  1
        2004012621  5559425      -9.34      66.56  1
        2004012700  4012606      -6.73      74.50  1
        2004012703  3546999      -5.32      77.25  1
        2004012706  3401742      -4.39      79.42  1
        2004012709  3188994      -3.97      81.22  1
        2004012712  3198964      -3.81      82.67  1
        2004012715  4621084      -2.96      93.39  1
        2004012718  4925504      -3.06      93.88  1
        2004012721  5121604      -3.05      94.38  1
        2004012800  5095920      -3.10      94.79  1
        2004012803  5024192      -3.13      95.13  1
        2004012806  4969138      -3.18      95.37  1
        2004012809  4987510      -3.16      95.67  1
        2004012812  4931463      -3.21      95.71  1
        2004012815  4953932      -3.25      96.11  1
        2004012818  4960694      -3.22      96.50  1
        2004012821  4960161      -3.25      96.79  1
        2004012900  4927580      -3.27      97.19  1
        2004012903  4905675      -3.27      97.72  1
        2004012906  4852489      -3.22      98.27  1
        2004012909  4703272      -3.18      98.65  1
        2004012912  4545007      -3.10      99.08  1
        2004012915  4412979      -3.02      99.68  1
        2004012918  4324262      -2.91     100.46  1
        2004012921  4226005      -2.87     100.95  1
        2004013000  4180136      -2.85     101.63  1
        2004013003  4192376      -2.89     102.38  1
        2004013006  4086689      -2.97     102.96  1
        2004013009  4073684      -3.17     103.76  1
        2004013012  4067051      -3.32     104.31  1
        2004013015  4107164      -3.44     104.66  1
        2004013018  4005983      -3.55     105.16  1
        2004013021  3846199      -3.69     105.58  1
        2004013100  3604981      -3.85     106.18  1
        2004013103  3356289      -4.00     106.62  1
        2004013106  3114156      -4.05     107.33  1
        2004013109  2927597      -4.06     108.18  1
        2004013112  2769088      -3.98     109.34  1
        2004013115  2882724      -3.72     110.32  1
        2004013118  3158894      -3.64     110.62  1
        2004013121  3084642      -3.55     112.44  1
        2004020100  3139967      -3.58     113.12  1
        2004020103  3187321      -3.49     113.17  1
        2004020106  3000901      -3.46     113.24  2
        2004020109  3053214      -3.42     112.33  2
        2004020112  2990212      -3.31     111.39  2
        2004020115  3135162      -3.21     110.29  1
        2004020118  3164362      -3.16     109.68  1
        2004020121  2989730      -3.01     108.89  2
        2004020200  5082097      -4.67     123.37  2
        2004020203  5383171      -5.54     125.49  2
        2004020206  5109563      -6.02     127.26  2
        2004020209  5411462      -6.37     127.47  2
        2004020212  5447187      -6.62     127.60  2
        2004020215  5712852      -6.99     127.91  2
        2004020218  5672380      -7.21     128.62  2
        2004020221  5911282      -7.36     128.48  2
        2004020300  6168162      -7.48     128.10  2
        2004020303  6326813      -7.72     127.68  2
        2004020306  6385122      -7.83     126.95  2
        2004020309  6797846      -7.65     125.16  1
        2004020312  6683702      -7.84     125.30  1
        2004020315  6634478      -8.20     126.84  1
        2004020318  6584995      -8.37     127.93  1
        2004020321  6619589      -8.36     128.07  1
        2004020400  6540755      -8.43     127.76  1
        2004020403  6566189      -8.49     127.79  1
        2004020406  6560430      -8.53     127.80  1
        2004020409  6531771      -8.49     127.90  1
        2004020412  6436685      -8.30     128.05  1
        2004020415  6413680      -8.17     128.19  1
        2004020418  6209903      -8.11     127.91  1
        2004020421  5995473      -8.05     127.37  1
        2004020500  5800346      -7.99     126.74  1
        2004020503  5660359      -7.87     126.41  1
        2004020506  5617367      -7.73     126.13  1
        2004020509  5686154      -7.55     125.90  1
        2004020512  5789107      -7.30     126.17  1
        2004020515  8384211      -5.19     133.62  1
        2004020518  8943133      -4.86     135.01  1
        2004020521  9474462      -4.65     136.10  1
        2004020600  9608569      -4.45     137.39  1
        2004020603  9699442      -4.20     138.62  1
        2004020606  9817012      -4.06     139.64  1
        2004020609  9994396      -3.88     140.51  1
        2004020612  9947416      -3.69     141.74  1
        2004020615  9915644      -3.59     142.59  1
        2004020618  9732540      -3.44     143.48  1
        2004020621  9550716      -3.35     144.13  1
        2004020700  9312162      -3.26     144.78  1
        2004020703  9266237      -3.27     145.23  1
        2004020706  9409011      -3.39     145.29  1
        2004020709  9623147      -3.45     145.35  1
        2004020712  9798133      -3.49     145.42  1
        2004020715 10031799      -3.57     145.48  1
        2004020718 10291216      -3.62     145.59  1
        2004020721 10549286      -3.68     145.63  1
        2004020800 10608781      -3.78     145.89  1
        2004020803 10597288      -3.91     146.18  1
        2004020806 10766573      -4.05     146.28  1
        2004020809 10801526      -4.26     146.54  1
        2004020812 10840348      -4.49     146.71  1
        2004020815 10915581      -4.73     146.74  1
        2004020818 11038853      -4.90     146.50  1
        2004020821 11008761      -5.13     146.31  1
        2004020900 10822295      -5.33     146.18  1
        2004020903 10730754      -5.48     146.10  1
        2004020906 10615608      -5.64     146.10  1
        2004020909 10478521      -5.76     146.11  1
        2004020912 10352923      -5.88     146.25  1
        2004020915 10247869      -5.92     146.32  1
        2004020918 10302230      -6.01     146.35  1
        2004020921 10276215      -6.14     146.34  1
        2004021000 10239050      -6.23     146.33  1
        2004021003 10212664      -6.33     146.27  1
        2004021006 10258705      -6.38     146.34  1
        2004021009 10159322      -6.39     146.50  1
        2004021012  9988267      -6.34     146.89  1
        2004021015  9917423      -6.27     147.23  1
        2004021018  9901475      -6.11     147.72  1
        2004021021  9811967      -5.94     147.92  1
        2004021100  9500812      -5.78     148.40  1
        2004021103  8232048      -4.44     152.02  1
        2004021106  8175521      -4.35     152.04  1
        2004021109  7876858      -4.41     152.17  1
        2004021112  7771590      -4.32     152.17  1
        2004021115  7704973      -4.22     152.22  1
        2004021118  7777020      -4.16     151.94  1
        2004021121  7790952      -4.13     151.80  1
        2004021200  7754899      -4.05     151.87  1
        2004021203  7850267      -4.01     151.83  1
        2004021206  7882500      -4.01     151.74  1
        2004021209  7911960      -4.17     151.56  1
        2004021212  7978621      -4.12     151.52  1
        2004021215  8097262      -4.19     151.29  1
        2004021218  8302119      -4.42     150.92  1
        2004021221  8279448      -4.30     150.77  1
        2004021300  8264684      -4.21     150.85  1
        2004021303 10496383      -6.48     156.95  1
        2004021306 10655667      -6.59     157.11  1
        2004021309 10814026      -6.82     157.59  1
        2004021312 10849210      -6.90     157.92  1
        2004021315 10883345      -6.92     158.20  1
        2004021318 10708973      -7.14     158.26  1
        2004021321 10029040      -7.60     158.94  1
        2004021400  7728577      -8.03     164.44  1
        2004021403  7587160      -8.50     165.00  1
        2004021406  7482885      -8.95     165.53  1
        2004021409  7474526      -9.23     165.89  1
        2004021412  7580483      -9.43     166.08  1
        2004021415  7579786      -9.80     166.45  1
        2004021418  7487377     -10.19     166.87  1
        2004021421  7265389     -10.67     167.75  1
        2004021500  7036797     -11.38     168.89  1
        2004021503  6795006     -11.91     169.76  1
        2004021506  6389232     -12.57     170.96  1
        2004021509  5928685     -13.23     172.21  1
        2004021512  5611675     -13.73     172.91  1
        2004021515  5346494     -14.22     173.44  1
        2004021518  5175166     -14.50     173.59  1
        2004021521  4988768     -14.82     173.85  1
        2004021600  4708286     -15.06     173.99  1
        2004021603  4447974     -15.28     174.11  1
        2004021606  4223112     -15.35     174.12  1
        2004021609  4046468     -15.28     173.94  1
        2004021612  3766287     -15.31     173.86  1
        2004021615  3560584     -15.27     173.74  1
        2004021618  3157608     -15.21     173.54  1
        2004021621  1610780      -8.26     165.90  1
        2004021700  1389058      -7.74     165.02  1
        2004021703  1275699      -7.57     164.69  1
        2004021706  1186170      -7.60     164.63  1
        2004021709  1084316      -7.67     164.58  1
        2004021712   970708      -7.87     164.62  1
        2004021715   790646      -8.09     164.79  1
        2004021718   621461      -8.27     164.96  1
        2004021721   327867      -8.43     165.22  1
LPT    23.0200
        2004012112   303235     -13.10      60.81  1
        2004012115   476515     -12.53      60.94  1
        2004012118   766132     -11.60      61.33  1
        2004012121  1087026     -10.83      61.61  1
        2004012200  1347220     -10.19      61.81  1
        2004012203  1501056      -9.91      61.87  1
        2004012206  1608378      -9.71      61.98  1
        2004012209  1713250      -9.58      61.83  1
        2004012212  1795856      -9.50      61.74  1
        2004012215  1893441      -9.33      61.65  1
        2004012218  2009202      -9.19      61.54  1
        2004012221  2229116      -9.07      61.34  1
        2004012300  2598004      -8.99      60.61  1
        2004012303  2853716      -8.89      60.06  1
        2004012306  3055306      -8.81      59.71  1
        2004012309  3282894      -8.79      59.20  1
        2004012312  3498884      -8.80      58.65  1
        2004012315  3603314      -8.84      58.05  1
        2004012318  3763081      -8.83      57.82  1
        2004012321  3955786      -8.85      57.52  1
        2004012400  4247336      -8.95      57.35  1
        2004012403  4234639      -9.20      56.63  1
        2004012406  4291271      -9.44      56.35  1
        2004012409  4187289      -9.87      55.37  1
        2004012412  4479829      -9.96      55.82  1
        2004012415  4267726     -10.53      54.67  1
        2004012418  4536906     -10.39      55.88  1
        2004012421  4802732     -10.34      56.52  1
        2004012500  5089893     -10.26      57.37  1
        2004012503  5203113     -10.31      57.74  1
        2004012506  5289931     -10.32      58.02  1
        2004012509  5376901     -10.35      58.11  1
        2004012512  5602195     -10.40      58.35  1
        2004012515  5789021     -10.44      58.58  1
        2004012518  5881128     -10.45      58.93  1
        2004012521  5991984     -10.46      59.19  1
        2004012600  6060187     -10.48      59.40  1
        2004012603  5980728     -10.48      59.89  1
        2004012606  5874760     -10.39      60.58  1
        2004012609  5843518     -10.33      61.31  1
        2004012612  5801590     -10.08      62.55  1
        2004012615  5712297      -9.79      64.08  1
        2004012618  5687908      -9.52      65.43  1
        2004012621  5559425      -9.34      66.56  1
        2004012700  1028659     -15.62      45.00  1
        2004012703   838633     -15.73      44.73  1
        2004012706   752060     -15.82      44.65  1
        2004012709   727392     -15.87      44.49  1
        2004012712   776847     -15.94      44.14  1
        2004012715   865081     -15.97      43.57  1
        2004012718   909313     -15.87      43.39  1
        2004012721  1017698     -15.71      43.19  1
        2004012800  1112135     -15.55      43.13  1
        2004012803  1171174     -15.50      42.91  1
        2004012806  1224932     -15.46      42.81  1
        2004012809  1272630     -15.44      42.74  1
        2004012812  1392742     -15.39      42.40  1
        2004012815  1408790     -15.32      42.26  1
        2004012818  1452855     -15.19      42.19  1
        2004012821  1569634     -15.10      42.36  1
        2004012900  1653350     -15.06      42.55  1
        2004012903  1660698     -15.07      42.66  1
        2004012906  1624998     -15.06      42.87  1
        2004012909  1643050     -15.04      42.99  1
        2004012912  1653633     -15.12      43.17  1
        2004012915  1604742     -15.18      43.23  1
        2004012918  1566501     -15.32      43.50  1
        2004012921  1554011     -15.40      43.62  1
        2004013000  1535532     -15.48      43.75  1
        2004013003  1518822     -15.53      43.89  1
        2004013006  1509545     -15.58      44.11  1
        2004013009  1491206     -15.64      44.33  1
        2004013012  1474817     -15.75      44.43  1
        2004013015  1427333     -15.95      44.70  1
        2004013018  1357685     -16.25      45.19  1
        2004013021  1307451     -16.56      45.54  1
        2004013100  1231027     -16.95      46.05  1
        2004013103  1063657     -17.32      46.52  1
        2004013106  1006828     -17.47      46.75  1
        2004013109   984403     -17.67      46.97  1
        2004013112  1005192     -17.77      47.01  1
        2004013115  1025932     -17.87      47.15  1
        2004013118  4411413     -13.28      61.82  1
        2004013121  4774091     -13.30      62.30  1
        2004020100  5191629     -13.40      62.27  1
        2004020103  5425775     -13.45      62.41  1
        2004020106  5601194     -13.47      62.53  1
        2004020109  5775353     -13.57      62.38  1
        2004020112  5911467     -13.65      62.26  1
        2004020115  6094678     -13.79      61.94  1
        2004020118  6293853     -13.88      61.64  1
        2004020121  6409839     -13.95      61.24  1
        2004020200  6526898     -14.10      60.88  1
        2004020203  6609594     -14.24      60.57  1
        2004020206  6670646     -14.37      60.29  1
        2004020209  6651203     -14.57      60.03  1
        2004020212  6699150     -14.75      59.80  1
        2004020215  6761625     -14.98      59.41  1
        2004020218  6757429     -15.23      59.01  1
        2004020221  6726441     -15.38      58.74  1
        2004020300  6677018     -15.53      58.50  1
        2004020303  6610025     -15.66      58.34  1
        2004020306  6544373     -15.85      58.09  1
        2004020309  6437637     -16.02      57.95  1
        2004020312  6340215     -16.18      57.77  1
        2004020315  6147604     -16.41      57.55  1
        2004020318  5875223     -16.66      57.35  1
        2004020321  2912791     -15.01      68.57  1
        2004020400  2724337     -15.01      68.96  1
        2004020403  2454224     -15.05      69.87  1
        2004020406  2261369     -15.11      70.50  1
        2004020409  2076533     -15.21      70.97  1
        2004020412  1938724     -15.23      71.26  1
        2004020415  1877773     -15.31      71.57  1
        2004020418  1730022     -15.37      71.82  1
        2004020421  1584471     -15.46      71.98  1
        2004020500  1571676     -15.57      72.03  1
        2004020503  1478485     -15.61      72.02  1
        2004020506  1358449     -15.67      71.95  1
        2004020509  1313659     -15.70      71.79  1
        2004020512  1335191     -15.81      71.64  1
        2004020515  1278203     -15.78      71.63  1
        2004020518  1217595     -15.74      71.65  1
        2004020521  1167803     -15.76      71.63  1
        2004020600  1159298     -15.82      71.60  1
        2004020603  1096669     -15.87      71.56  1
        2004020606  1033223     -15.95      71.54  1
        2004020609   959452     -16.02      71.38  1
        2004020612   920558     -16.10      71.24  1
        2004020615   824751     -16.14      71.12  1
        2004020618   757746     -16.22      71.00  1
        2004020621   644846     -16.31      70.88  1
        2004020700   563355     -16.31      70.80  1
        2004020703   389449     -16.57      70.66  1
LPT    24.0100
        2004012221   956669     -11.42     310.87  1
        2004012300  1221295     -11.28     310.93  1
        2004012303  1636516     -11.03     310.91  1
        2004012306  1829764     -10.86     310.87  1
        2004012309  1934608     -10.55     311.22  1
        2004012312  2085347     -10.18     311.56  1
        2004012315  2293803      -9.83     311.81  1
        2004012318  2659331      -9.72     311.60  1
        2004012321  2864412      -9.44     311.88  1
        2004012400  2957507      -9.14     312.16  1
        2004012403  3159656      -8.90     312.33  1
        2004012406  3331737      -8.40     312.84  1
        2004012409  3462715      -8.14     313.01  1
        2004012412  3591571      -7.90     313.16  1
        2004012415  3725281      -7.71     313.29  1
        2004012418  4033480      -7.63     313.39  1
        2004012421  4255481      -7.64     313.46  1
        2004012500  4200077      -7.41     313.87  1
        2004012503  4222470      -7.35     314.08  1
        2004012506  4278726      -7.15     314.48  1
        2004012509  4348530      -7.16     314.71  1
        2004012512  4309772      -7.08     315.03  1
        2004012515  4342983      -7.11     315.11  1
        2004012518  4424858      -7.29     315.16  1
        2004012521  4437961      -7.45     315.31  1
        2004012600  4266774      -7.56     315.76  1
        2004012603  4069077      -7.78     316.14  1
        2004012606  3987496      -8.67     316.20  1
        2004012609  3804649      -9.53     316.31  1
        2004012612  3646917     -10.29     316.43  2
        2004012615  3633805     -11.43     316.20  2
        2004012618  3617768     -12.27     315.81  2
        2004012621  3542516     -12.65     315.83  2
        2004012700  3368941     -12.85     315.95  2
        2004012703  3253562     -12.97     316.07  2
        2004012706  3144848     -13.25     316.12  2
        2004012709  2890470     -14.13     316.01  2
        2004012712  2790912     -14.60     316.07  2
        2004012715  2742886     -14.83     316.04  2
        2004012718  2915488     -15.05     315.69  2
        2004012721  2836438     -14.80     315.67  2
        2004012800  2537937     -13.97     316.22  2
        2004012803  2483287     -12.93     316.64  2
        2004012806  2498804     -11.77     316.96  1
        2004012809  2264452     -10.18     317.22  1
        2004012812  1849308      -7.81     318.17  1
        2004012815  1565228      -5.86     319.02  1
        2004012818  1725843      -6.37     318.19  1
        2004012821  1923839      -6.65     317.51  1
        2004012900  1856877      -6.44     317.45  1
        2004012903  1869964      -6.27     317.36  1
        2004012906  2023091      -6.09     317.41  1
        2004012909  2089305      -5.83     317.65  1
        2004012912  2133740      -5.64     317.80  1
        2004012915  2146948      -5.40     318.14  1
        2004012918  2317313      -5.36     318.00  1
        2004012921  2417106      -5.16     318.13  1
        2004013000  2404050      -4.99     318.24  1
        2004013003  2374987      -4.77     318.41  1
        2004013006  2368752      -4.59     318.48  1
        2004013009  2384060      -4.38     318.70  1
        2004013012  2370571      -4.27     318.78  1
        2004013015  2358080      -4.32     318.42  1
        2004013018  2451028      -4.53     317.68  1
        2004013021  2379671      -4.53     317.40  1
        2004013100  2178768      -4.43     317.19  1
        2004013103  1920027      -4.36     317.10  1
        2004013106  1611974      -4.28     316.82  1
        2004013109  1173912      -4.08     316.76  1
        2004013112   779977      -3.82     316.97  1
        2004013115   674464      -3.77     317.18  1
        2004013118   855217      -4.05     316.56  1
        2004013121   932089      -4.16     316.22  1
        2004020100   778153      -4.13     316.43  1
        2004020103   748046      -4.20     316.70  1
        2004020106   612454      -4.28     316.94  1
LPT    25.0100
        2004020118   328418      -8.30     309.84  1
        2004020121   716563      -8.58     309.27  1
        2004020200   740834      -8.30     309.67  1
        2004020203   849844      -8.37     309.78  1
        2004020206   917006      -9.00     309.41  1
        2004020209   891624      -9.42     309.22  1
        2004020212   768904      -9.87     308.91  1
        2004020215   777389      -9.83     308.91  1
        2004020218  1068082      -9.97     308.63  1
        2004020221  1340922     -10.17     307.69  1
        2004020300  1247019     -10.12     307.78  1
        2004020303  1241678     -10.15     307.71  1
        2004020306  1275369     -10.08     307.67  1
        2004020309  1253364     -10.09     307.79  1
        2004020312  1210320     -10.02     308.07  1
        2004020315  1323938      -9.90     308.49  1
        2004020318  1632947      -9.76     308.45  1
        2004020321  1714783      -9.52     308.21  1
        2004020400  1687438      -9.37     308.19  1
        2004020403  1718525      -9.09     308.26  1
        2004020406  1879280      -8.92     307.99  1
        2004020409  1947754      -8.79     307.77  1
        2004020412  2047309      -8.56     307.76  1
        2004020415  2154612      -8.32     307.98  1
        2004020418  2395100      -8.26     307.70  1
        2004020421  2349327      -8.15     307.91  1
        2004020500  1991261      -7.88     308.89  1
        2004020503  1908337      -7.80     309.25  1
        2004020506  1842426      -7.81     309.44  1
        2004020509  1814854      -7.59     310.17  1
        2004020512  1852145      -7.39     310.71  1
        2004020515  2020578      -7.27     311.15  1
        2004020518  2307177      -7.60     310.78  1
        2004020521  2306651      -7.49     311.09  1
        2004020600  1967610      -6.48     312.93  1
        2004020603  1990850      -6.21     313.27  1
        2004020606  2025100      -6.03     313.36  1
        2004020609  2055713      -5.65     313.81  1
        2004020612  2032378      -5.33     314.04  1
        2004020615  2031030      -5.06     314.30  1
        2004020618  2203100      -5.49     313.29  1
        2004020621  1992564      -5.14     313.69  1
        2004020700  1446694      -3.38     316.27  1
        2004020703  1310641      -3.18     316.46  1
        2004020706  1249100      -3.09     316.32  1
        2004020709  1117538      -2.89     316.57  1
        2004020712  1059043      -2.81     316.45  1
        2004020715   955052      -2.70     316.42  1
        2004020718   840119      -2.73     315.93  1
        2004020721   731419      -2.68     315.87  1
        2004020800   625047      -2.55     315.68  1
        2004020803   635836      -2.54     315.57  1
        2004020806   632697      -2.61     315.28  1
        2004020809   628877      -2.54     315.16  1
        2004020812   610339      -2.58     314.86  1
        2004020815   560913      -2.70     314.53  1
        2004020818  1200519      -7.19     310.41  1
        2004020821  1298033      -6.94     310.67  1
        2004020900  1335052      -6.70     310.99  1
        2004020903  1240577      -6.91     310.89  1
        2004020906  1366715      -7.24     310.81  1
        2004020909  1337189      -7.69     310.59  1
        2004020912  1362468      -8.40     310.27  1
        2004020915  1402560      -8.94     310.15  1
        2004020918  1597809      -9.56     309.97  1
        2004020921  1653256     -10.05     310.09  1
        2004021000  1632773     -10.41     310.12  1
        2004021003  1649052     -10.81     310.12  1
        2004021006  1700940     -11.15     310.07  1
        2004021009  1677985     -11.48     310.07  1
        2004021012  1692924     -11.64     310.09  1
        2004021015  1674613     -11.80     310.31  1
        2004021018  1721222     -11.83     310.38  1
        2004021021  1683121     -11.78     310.41  1
        2004021100  1595243     -11.71     310.36  1
        2004021103  1483874     -11.65     310.35  1
        2004021106  1278089     -11.56     310.36  1
        2004021109  1097494     -11.56     310.35  1
        2004021112   924939     -11.63     310.40  1
        2004021115   753782     -11.76     310.55  1
        2004021118   766920     -11.92     310.68  1
        2004021121   765111     -12.01     310.54  1
        2004021200   669894     -12.05     310.34  1
        2004021203   552031     -12.10     310.06  1
        2004021206   517716     -11.89     309.71  1
        2004021209   384658     -11.95     309.51  1
LPT    26.0100
        2004021421  1084970      -9.04     304.39  1
        2004021500  1162869      -9.10     304.39  1
        2004021503  1330980      -9.39     304.32  1
        2004021506  1515819      -9.44     304.25  1
        2004021509  1530134      -9.77     304.07  1
        2004021512  1580180      -9.94     303.83  1
        2004021515  1551876     -10.00     303.68  1
        2004021518  1814222     -10.25     303.48  1
        2004021521  2044146      -9.91     303.46  1
        2004021600  1817518      -9.25     303.64  1
        2004021603  1742306      -8.64     303.88  1
        2004021606  1867220      -8.17     304.10  1
        2004021609  1798917      -7.50     304.57  1
        2004021612  1834798      -6.89     305.18  1
        2004021615  1912142      -6.37     305.82  1
        2004021618  2218327      -6.26     306.31  1
        2004021621  2411556      -6.27     306.34  1
        2004021700  2166326      -5.73     307.32  1
        2004021703  2211878      -6.05     307.11  1
        2004021706  2241420      -6.32     306.99  1
        2004021709  2027102      -6.14     307.65  1
        2004021712  1835422      -6.20     307.79  1
        2004021715  1767973      -6.44     307.83  1
        2004021718  1868138      -6.88     307.64  1
        2004021721  1727910      -7.17     307.53  1
        2004021800  1305946      -7.12     308.02  1
        2004021803  1213478      -7.38     307.72  1
        2004021806  1159072      -7.44     307.66  1
        2004021809  1048074      -7.48     307.75  1
        2004021812  1014679      -7.36     307.65  1
        2004021815  1042431      -7.27     307.48  1
        2004021818  1347768      -7.24     307.40  1
        2004021821  1466926      -7.06     307.25  1
        2004021900  1394991      -6.78     307.27  1
        2004021903  1489497      -6.67     307.22  1
        2004021906  1568403      -6.64     306.99  1
        2004021909  1627873      -6.70     306.80  1
        2004021912  1687163      -6.79     306.63  1
        2004021915  1761785      -6.86     306.58  1
        2004021918  2044944      -7.31     306.25  1
        2004021921  2228593      -7.66     305.61  1
        2004022000  2301293      -7.88     305.27  1
        2004022003  2395185      -8.12     304.82  1
        2004022006  2506797      -8.32     304.28  1
        2004022009  2517714      -8.54     303.68  1
        2004022012  2504217      -8.65     303.43  1
        2004022015  2531364      -8.74     302.83  1
        2004022018  2668248      -8.80     302.31  1
        2004022021  2835414      -8.52     301.32  1
        2004022100  2763630      -8.37     301.13  1
        2004022103  2742916      -8.31     300.84  1
        2004022106  2854179      -8.02     300.53  1
        2004022109  2940682      -7.88     300.26  1
        2004022112  3001811      -7.77     300.04  1
        2004022115  3105503      -7.67     299.94  1
        2004022118  3395955      -7.68     300.27  1
        2004022121  3484529      -7.63     300.50  1
        2004022200  3404984      -7.80     301.12  1
        2004022203  3553984      -7.90     301.44  1
        2004022206  3648235      -7.98     301.64  1
        2004022209  3677306      -8.02     302.15  1
        2004022212  3634207      -7.97     302.46  1
        2004022215  3616406      -7.89     302.73  1
        2004022218  3741033      -7.92     303.13  1
        2004022221  3688780      -7.89     303.53  1
        2004022300  3402392      -7.85     304.44  1
        2004022303  3288192      -7.80     305.17  1
        2004022306  3199836      -7.79     305.60  1
        2004022309  3088589      -7.71     306.00  1
        2004022312  3054829      -7.67     306.19  1
        2004022315  3051428      -7.56     306.30  1
        2004022318  3214787      -7.65     306.60  1
        2004022321  3272580      -7.58     306.71  1
        2004022400  3187083      -7.66     306.99  1
        2004022403  3156559      -7.67     307.11  1
        2004022406  3138015      -7.53     307.16  1
        2004022409  3006679      -7.51     307.31  1
        2004022412  2913399      -7.56     307.46  1
        2004022415  2859822      -7.61     307.60  1
        2004022418  2924821      -7.56     307.78  1
        2004022421  2814874      -7.41     307.91  1
        2004022500  2680491      -7.28     307.95  1
        2004022503  2637179      -7.08     307.88  1
        2004022506  2420601      -6.89     307.82  1
        2004022509  2241550      -6.59     307.61  1
        2004022512  2013026      -6.49     307.32  1
        2004022515  1835823      -6.35     307.12  1
        2004022518  1868634      -6.54     307.19  1
        2004022521  1774076      -6.33     306.96  1
        2004022600  1557281      -6.07     306.79  1
        2004022603  1475119      -5.71     306.76  1
        2004022606  1199680      -5.55     306.83  1
        2004022609  1060912      -5.54     307.04  1
        2004022612   948032      -5.60     307.33  1
        2004022615   969492      -5.63     307.84  1
        2004022618  1204081      -5.73     308.20  1
        2004022621  1314146      -5.60     308.18  1
        2004022700  1308727      -5.30     308.34  1
        2004022703  1364250      -4.85     308.50  1
        2004022706  1372579      -4.55     308.67  1
        2004022709  1334770      -4.23     308.83  1
        2004022712  1311321      -4.03     309.01  1
        2004022715  1321778      -3.78     309.23  1
        2004022718  1489039      -3.60     309.14  1
        2004022721  1490995      -3.39     308.72  1
        2004022800  1382843      -3.16     308.58  1
        2004022803  1236007      -2.96     308.50  1
        2004022806   950347      -2.73     308.56  1
        2004022809   656620      -2.67     308.91  1
LPT    27.0100
        2004021715   313653     -14.83     202.64  1
        2004021718   337819     -14.65     202.26  1
        2004021721   408817     -14.64     202.14  1
        2004021800   400886     -14.49     201.95  1
        2004021803   429402     -14.44     201.90  1
        2004021806   450324     -14.44     201.84  1
        2004021809   509338     -14.47     201.91  1
        2004021812   574253     -14.52     201.97  1
        2004021815   616535     -14.63     202.07  1
        2004021818   619769     -14.81     202.01  1
        2004021821   644803     -14.92     201.95  1
        2004021900   583366     -15.03     201.99  1
        2004021903   523640     -15.05     202.06  1
        2004021906   509973     -15.16     202.14  1
        2004021909   586592     -15.21     202.35  1
        2004021912   749646     -15.23     202.67  1
        2004021915   867260     -15.24     202.85  1
        2004021918  1003250     -15.29     203.03  1
        2004021921  1090884     -15.33     203.18  1
        2004022000  1112498     -15.46     203.33  1
        2004022003  1156068     -15.51     203.38  1
        2004022006  1193688     -15.69     203.41  1
        2004022009  1221528     -15.87     203.43  1
        2004022012  1301089     -15.95     203.42  1
        2004022015  1370445     -16.00     203.24  1
        2004022018  1457525     -15.93     203.01  1
        2004022021  1510354     -15.80     202.69  1
        2004022100  1563941     -15.67     202.42  1
        2004022103  1663963     -15.40     201.93  1
        2004022106  1729109     -15.24     201.59  1
        2004022109  1805598     -15.07     201.28  1
        2004022112  1887646     -14.95     201.04  1
        2004022115  1958131     -14.87     200.86  1
        2004022118  2022730     -14.72     200.58  1
        2004022121  2049895     -14.60     200.36  1
        2004022200  2057271     -14.44     200.17  1
        2004022203  2055132     -14.28     199.99  1
        2004022206  2027524     -14.04     199.72  1
        2004022209  1940213     -13.70     199.33  1
        2004022212  1880234     -13.35     198.78  1
        2004022215  1733443     -12.93     198.16  1
        2004022218  1616337     -12.59     197.58  1
        2004022221  1441323     -12.15     196.79  1
        2004022300  1287756     -11.65     195.76  1
        2004022303  1173883     -11.25     194.81  1
        2004022306  1106803     -10.81     193.36  1
        2004022309  1546192     -10.66     187.94  1
        2004022312  1734031     -10.45     186.45  1
        2004022315  1831853     -10.19     185.20  1
        2004022318  1925998     -10.05     183.74  1
        2004022321  1962809      -9.98     182.65  1
        2004022400  1898400      -9.92     181.49  1
        2004022403  1871082      -9.89     180.81  1
        2004022406  1878292      -9.94     179.97  1
        2004022409  1970915     -10.06     179.24  1
        2004022412  2204429     -10.21     178.14  1
        2004022415  2284354     -10.27     177.42  1
        2004022418  2525082     -10.41     176.14  1
        2004022421  2579069     -10.55     175.25  1
        2004022500  2653675     -10.67     174.66  1
        2004022503  2740472     -10.77     174.28  1
        2004022506  2897329     -10.88     173.93  1
        2004022509  3025870     -10.95     173.76  1
        2004022512  3198357     -10.94     173.76  1
        2004022515  3338296     -10.93     173.63  1
        2004022518  3485832     -10.98     173.60  1
        2004022521  3623324     -10.99     173.53  1
        2004022600  3857600     -10.95     173.68  1
        2004022603  4021350     -10.85     173.51  1
        2004022606  4232226     -10.82     173.21  1
        2004022609  4505357     -10.76     172.82  1
        2004022612  4658495     -10.76     172.14  1
        2004022615  4807292     -10.70     171.49  1
        2004022618  4896872     -10.60     170.00  1
        2004022621  4269411     -10.67     166.01  1
        2004022700  4477388     -10.74     165.43  1
        2004022703  5390145     -10.71     161.94  1
        2004022706  5869635     -10.78     161.00  1
        2004022709  6132386     -10.98     160.75  1
        2004022712  6476562     -11.16     160.54  1
        2004022715  7919935     -15.22     161.08  1
        2004022718  8239645     -15.46     161.37  1
        2004022721  8424864     -15.67     161.81  1
        2004022800  8521872     -15.44     162.29  1
        2004022803  8736100     -15.43     162.78  1
        2004022806  8908289     -15.51     163.11  1
        2004022809  8973585     -15.48     163.29  1
        2004022812  9040601     -15.43     163.31  1
        2004022815  8849690     -15.56     162.93  1
        2004022818  8916506     -15.80     162.70  1
        2004022821  8713555     -16.27     162.67  1
        2004022900  8068904     -16.52     162.51  1
        2004022903  3726395      -7.11     152.97  1
        2004022906  3320076      -7.28     152.19  1
        2004022909  2815640      -7.80     151.62  1
        2004022912  2536612      -8.19     151.19  1
        2004022915  2404327      -8.05     151.49  1
        2004022918  2336314      -6.93     153.16  1
        2004022921  1738359      -3.83     159.34  1
        2004030100  1736892      -3.20     160.24  1
        2004030103  1510869      -3.31     159.60  1
        2004030106  1541803      -3.74     159.15  1
        2004030109  1456541      -4.19     158.80  1
        2004030112  1484438      -4.48     158.43  1
        2004030115  1463578      -4.90     157.91  1
        2004030118  1670259      -5.89     156.90  1
        2004030121  1703871      -7.08     156.58  1
        2004030200  1536418      -7.56     156.81  1
        2004030203  1344516      -8.33     157.07  1
        2004030206  1561771      -9.57     157.37  1
        2004030209  1765160     -10.57     157.68  1
        2004030212  1824913     -11.32     158.10  1
        2004030215  1971978     -12.02     158.09  1
        2004030218  2301764     -12.37     157.95  1
        2004030221  2581952     -12.93     157.85  1
        2004030300  2735398     -13.47     157.49  1
        2004030303  2832948     -13.85     157.33  1
        2004030306  3031186     -14.17     157.31  1
        2004030309  3212276     -14.35     157.17  1
        2004030312  3311741     -14.54     156.99  1
        2004030315  3350609     -14.72     156.88  1
        2004030318  3436477     -14.89     156.68  1
        2004030321  3546085     -15.00     156.33  1
        2004030400  3600374     -15.12     156.04  1
        2004030403  3635146     -15.21     155.80  1
        2004030406  3689419     -15.35     155.79  1
        2004030409  3761720     -15.48     155.62  1
        2004030412  3774430     -15.62     155.59  1
        2004030415  3786993     -15.69     155.55  1
        2004030418  3868271     -15.81     155.54  1
        2004030421  3828108     -15.99     155.42  1
        2004030500  3772829     -16.06     155.22  1
        2004030503  3833623     -16.22     155.01  1
        2004030506  3932813     -16.47     155.03  1
        2004030509  3932422     -16.53     154.87  1
        2004030512  3949085     -16.46     154.68  1
        2004030515  3942253     -16.53     154.65  1
        2004030518  4181322     -15.98     154.34  1
        2004030521  4203038     -15.78     154.24  1
        2004030600  4088635     -15.67     154.27  1
        2004030603  3959043     -15.55     154.36  1
        2004030606  3884973     -15.40     154.51  1
        2004030609  3703038     -15.16     154.57  1
        2004030612  3451257     -15.18     154.91  1
        2004030615  3102750     -15.33     155.27  1
        2004030618  2679370     -15.61     155.73  1
        2004030621   608384      -1.44     157.12  1
        2004030700   681059      -1.02     157.57  1
        2004030703   762162      -0.82     157.85  1
        2004030706   948964      -0.73     158.05  1
        2004030709  1181246      -0.71     158.42  1
        2004030712  1416584      -0.81     158.96  1
        2004030715  3826948      -8.41     175.54  1
        2004030718  4590083      -8.38     175.15  1
        2004030721  4878612      -8.41     174.75  1
        2004030800  4949213      -8.56     174.65  1
        2004030803  4944612      -8.86     174.94  1
        2004030806  4964525      -9.14     175.17  1
        2004030809  4961420      -9.18     175.03  1
        2004030812  4843086      -9.44     175.35  1
        2004030815  4700024      -9.58     175.81  1
        2004030818  4657265      -9.84     176.37  1
        2004030821  4387532     -10.31     177.34  1
        2004030900  4193707     -10.48     177.80  1
        2004030903  4190997     -10.54     177.93  1
        2004030906  4285652     -10.21     177.53  1
        2004030909  4262953      -9.56     176.80  1
        2004030912  4207068      -8.72     175.74  1
        2004030915  4095697      -7.79     174.37  1
        2004030918  4018314      -6.92     173.04  1
        2004030921  3279032      -3.44     168.02  1
        2004031000  3370719      -3.05     167.23  1
        2004031003  3481509      -2.84     166.97  1
        2004031006  3560751      -2.58     166.70  1
        2004031009  3578089      -2.36     166.65  1
        2004031012  3610765      -2.20     166.62  1
        2004031015  3656634      -2.02     166.49  1
        2004031018  3784656      -1.83     166.28  1
        2004031021  3767957      -1.63     166.30  1
        2004031100  3821101      -1.44     166.57  1
        2004031103  3801019      -1.31     166.64  1
        2004031106  3821709      -1.23     166.63  1
        2004031109  3828475      -1.18     166.57  1
        2004031112  3793008      -1.17     166.45  1
        2004031115  3808357      -1.16     166.42  1
        2004031118  3811491      -1.16     166.33  1
        2004031121  3780043      -1.17     166.09  1
        2004031200  3717105      -1.11     165.96  1
        2004031203  3644092      -1.07     165.74  1
        2004031206  3531964      -0.99     165.65  1
        2004031209  3413048      -0.91     165.32  1
        2004031212  3284222      -0.75     164.88  1
        2004031215  3103378      -0.69     164.53  1
        2004031218  2939776      -0.52     164.05  1
        2004031221  7368793      -0.93     143.82  1
        2004031300  7335793      -0.86     141.56  1
        2004031303  7101967      -0.88     139.63  1
        2004031306  7110672      -0.86     138.80  1
        2004031309  7280661      -0.90     138.28  1
        2004031312  7416077      -1.02     137.59  1
        2004031315  7516949      -1.16     137.36  1
        2004031318  7696022      -1.21     137.55  1
        2004031321  7719718      -1.27     137.73  1
        2004031400  7797015      -1.31     137.97  1
        2004031403  7860622      -1.43     138.31  1
        2004031406  8139135      -1.57     138.48  1
        2004031409  8344702      -1.68     138.46  1
        2004031412  8604991      -1.82     138.39  1
        2004031415  8722015      -1.87     138.29  1
        2004031418  9065970      -1.95     138.18  1
        2004031421  9223474      -1.91     138.29  1
        2004031500  9299988      -1.88     138.60  1
        2004031503  9420429      -1.87     138.99  1
        2004031506  9837635      -2.09     139.62  1
        2004031509 10136880      -2.22     140.12  1
        2004031512 10284981      -2.33     140.46  1
        2004031515 10252319      -2.47     140.94  1
        2004031518 10464587      -2.63     141.38  1
        2004031521 10241491      -2.64     142.09  1
        2004031600  9940958      -2.62     142.75  1
        2004031603  9772803      -2.68     143.25  1
        2004031606  9841541      -2.76     143.58  1
        2004031609  9939877      -2.90     143.71  1
        2004031612 10045042      -3.01     143.91  1
        2004031615 10104825      -3.04     144.22  1
        2004031618 10377290      -3.23     144.35  1
        2004031621 10492985      -3.40     144.44  1
        2004031700 10443144      -3.58     144.60  1
        2004031703 10497689      -3.72     144.73  1
        2004031706 10548117      -3.78     144.88  1
        2004031709 10418286      -3.89     145.26  1
        2004031712 10259454      -4.03     145.53  1
        2004031715 10160103      -4.12     145.79  1
        2004031718 10390520      -4.25     146.00  1
        2004031721 10308915      -4.28     146.21  1
        2004031800 10283060      -4.38     146.26  1
        2004031803 10357504      -4.35     146.30  1
        2004031806 10360559      -4.43     146.40  1
        2004031809 10447279      -4.59     146.46  1
        2004031812 10461258      -4.78     146.50  1
        2004031815 10322567      -5.04     146.65  2
        2004031818 10643417      -5.06     146.59  1
        2004031821  9047041      -7.81     148.53  1
        2004031900  9073430      -8.11     148.43  1
        2004031903  9062516      -8.34     148.52  1
        2004031906  9136807      -8.54     148.45  1
        2004031909  9312074      -8.76     148.30  1
        2004031912  9407939      -8.99     148.25  1
        2004031915  9420348      -9.15     148.31  1
        2004031918  9445284      -9.43     148.31  1
        2004031921  9412418      -9.51     148.62  1
        2004032000  9427866      -9.63     148.88  1
        2004032003  9496784      -9.74     149.21  1
        2004032006  9576836      -9.88     149.59  1
        2004032009  9766227      -9.99     149.97  1
        2004032012  9887515     -10.19     150.37  1
        2004032015  9930797     -10.27     150.86  1
        2004032018  8941088     -10.16     154.24  1
        2004032021  8931774     -10.30     154.79  1
        2004032100  8904437     -10.55     155.27  1
        2004032103  8862488     -10.80     155.72  1
        2004032106  8856434     -11.07     156.24  1
        2004032109  8825021     -11.36     156.77  1
        2004032112  8706438     -11.70     157.37  1
        2004032115  8628089     -12.01     158.02  1
        2004032118  8576470     -12.32     158.53  1
        2004032121  8339390     -12.67     159.07  1
        2004032200  8105768     -13.05     159.62  1
        2004032203  7930480     -13.44     160.02  1
        2004032206  7821925     -13.74     160.36  1
        2004032209  7628521     -13.88     160.59  1
        2004032212  7283208     -14.30     161.16  1
        2004032215  7141100     -14.37     161.67  1
        2004032218  7121055     -14.46     162.06  1
        2004032221  6986789     -14.43     162.38  1
        2004032300  6781183     -14.55     162.62  1
        2004032303  6531914     -14.66     162.85  1
        2004032306  6462712     -14.45     162.97  1
        2004032309  6276336     -14.49     163.29  1
        2004032312  5939256     -14.63     163.59  1
        2004032315  5680776     -14.57     163.90  1
        2004032318  5440841     -14.61     164.10  1
        2004032321  4985695     -14.89     164.34  1
        2004032400  4465596     -15.15     164.60  1
        2004032403  3823510     -15.43     164.81  1
        2004032406  3369861     -15.10     165.03  1
        2004032409  1854434     -11.65     167.70  1
        2004032412  1581875     -10.70     167.49  1
        2004032415   988816      -9.50     167.21  1
        2004032418   597689      -5.94     163.22  1
        2004032421   633883      -5.11     162.47  1
        2004032500   828421      -4.41     162.23  1
        2004032503  1045138      -4.00     162.37  1
        2004032506  1411236      -3.62     162.57  1
        2004032509  1642074      -3.17     162.41  1
        2004032512  1634588      -3.09     162.68  1
        2004032515  1633466      -2.80     162.55  1
        2004032518  1733081      -2.61     162.52  1
        2004032521  1657827      -2.45     162.74  1
        2004032600  1517814      -2.30     162.80  1
        2004032603  1367656      -2.22     163.08  1
        2004032606  1230486      -2.23     163.37  1
        2004032609   990671      -2.34     163.79  1
        2004032612   770838      -2.49     164.17  1
        2004032615   517775      -2.68     164.56  1
LPT    27.0200
        2004021715   313653     -14.83     202.64  1
        2004021718   337819     -14.65     202.26  1
        2004021721   408817     -14.64     202.14  1
        2004021800   400886     -14.49     201.95  1
        2004021803   429402     -14.44     201.90  1
        2004021806   450324     -14.44     201.84  1
        2004021809   509338     -14.47     201.91  1
        2004021812   574253     -14.52     201.97  1
        2004021815   616535     -14.63     202.07  1
        2004021818   619769     -14.81     202.01  1
        2004021821   644803     -14.92     201.95  1
        2004021900   583366     -15.03     201.99  1
        2004021903   523640     -15.05     202.06  1
        2004021906   509973     -15.16     202.14  1
        2004021909   586592     -15.21     202.35  1
        2004021912   749646     -15.23     202.67  1
        2004021915   867260     -15.24     202.85  1
        2004021918  1003250     -15.29     203.03  1
        2004021921  1090884     -15.33     203.18  1
        2004022000  1112498     -15.46     203.33  1
        2004022003  1156068     -15.51     203.38  1
        2004022006  1193688     -15.69     203.41  1
        2004022009  1221528     -15.87     203.43  1
        2004022012  1301089     -15.95     203.42  1
        2004022015  1370445     -16.00     203.24  1
        2004022018  1457525     -15.93     203.01  1
        2004022021  1510354     -15.80     202.69  1
        2004022100  1563941     -15.67     202.42  1
        2004022103  1663963     -15.40     201.93  1
        2004022106  1729109     -15.24     201.59  1
        2004022109  1805598     -15.07     201.28  1
        2004022112  1887646     -14.95     201.04  1
        2004022115  1958131     -14.87     200.86  1
        2004022118  2022730     -14.72     200.58  1
        2004022121  2049895     -14.60     200.36  1
        2004022200  2057271     -14.44     200.17  1
        2004022203  2055132     -14.28     199.99  1
        2004022206  2027524     -14.04     199.72  1
        2004022209  1940213     -13.70     199.33  1
        2004022212  1880234     -13.35     198.78  1
        2004022215  1733443     -12.93     198.16  1
        2004022218  1616337     -12.59     197.58  1
        2004022221  1441323     -12.15     196.79  1
        2004022300  1287756     -11.65     195.76  1
        2004022303  1173883     -11.25     194.81  1
        2004022306  1106803     -10.81     193.36  1
        2004022309  1546192     -10.66     187.94  1
        2004022312  1734031     -10.45     186.45  1
        2004022315  1831853     -10.19     185.20  1
        2004022318  1925998     -10.05     183.74  1
        2004022321  1962809      -9.98     182.65  1
        2004022400  1898400      -9.92     181.49  1
        2004022403  1871082      -9.89     180.81  1
        2004022406  1878292      -9.94     179.97  1
        2004022409  1970915     -10.06     179.24  1
        2004022412  2204429     -10.21     178.14  1
        2004022415  2284354     -10.27     177.42  1
        2004022418  2525082     -10.41     176.14  1
        2004022421  2579069     -10.55     175.25  1
        2004022500  2653675     -10.67     174.66  1
        2004022503  2740472     -10.77     174.28  1
        2004022506  2897329     -10.88     173.93  1
        2004022509  3025870     -10.95     173.76  1
        2004022512  3198357     -10.94     173.76  1
        2004022515  3338296     -10.93     173.63  1
        2004022518  3485832     -10.98     173.60  1
        2004022521  3623324     -10.99     173.53  1
        2004022600  3857600     -10.95     173.68  1
        2004022603  4021350     -10.85     173.51  1
        2004022606  4232226     -10.82     173.21  1
        2004022609  4505357     -10.76     172.82  1
        2004022612  4658495     -10.76     172.14  1
        2004022615  4807292     -10.70     171.49  1
        2004022618  4896872     -10.60     170.00  1
        2004022621  4269411     -10.67     166.01  1
        2004022700  4477388     -10.74     165.43  1
        2004022703  5390145     -10.71     161.94  1
        2004022706  5869635     -10.78     161.00  1
        2004022709  6132386     -10.98     160.75  1
        2004022712  6476562     -11.16     160.54  1
        2004022715  7919935     -15.22     161.08  1
        2004022718  8239645     -15.46     161.37  1
        2004022721  8424864     -15.67     161.81  1
        2004022800  8521872     -15.44     162.29  1
        2004022803  8736100     -15.43     162.78  1
        2004022806  8908289     -15.51     163.11  1
        2004022809  8973585     -15.48     163.29  1
        2004022812  9040601     -15.43     163.31  1
        2004022815  8849690     -15.56     162.93  1
        2004022818  8916506     -15.80     162.70  1
        2004022821  8713555     -16.27     162.67  1
        2004022900  8068904     -16.52     162.51  1
        2004022903  3726395      -7.11     152.97  1
        2004022906  3320076      -7.28     152.19  1
        2004022909  2815640      -7.80     151.62  1
        2004022912  2536612      -8.19     151.19  1
        2004022915  2404327      -8.05     151.49  1
        2004022918  2336314      -6.93     153.16  1
        2004022921  1738359      -3.83     159.34  1
        2004030100  1736892      -3.20     160.24  1
        2004030103  1510869      -3.31     159.60  1
        2004030106  1541803      -3.74     159.15  1
        2004030109  1456541      -4.19     158.80  1
        2004030112  1484438      -4.48     158.43  1
        2004030115  1463578      -4.90     157.91  1
        2004030118  1670259      -5.89     156.90  1
        2004030121  1703871      -7.08     156.58  1
        2004030200  1536418      -7.56     156.81  1
        2004030203  1344516      -8.33     157.07  1
        2004030206  1561771      -9.57     157.37  1
        2004030209  1765160     -10.57     157.68  1
        2004030212  1824913     -11.32     158.10  1
        2004030215  1971978     -12.02     158.09  1
        2004030218  2301764     -12.37     157.95  1
        2004030221  2581952     -12.93     157.85  1
        2004030300  2735398     -13.47     157.49  1
        2004030303  2832948     -13.85     157.33  1
        2004030306  3031186     -14.17     157.31  1
        2004030309  3212276     -14.35     157.17  1
        2004030312  3311741     -14.54     156.99  1
        2004030315  3350609     -14.72     156.88  1
        2004030318  3436477     -14.89     156.68  1
        2004030321  3546085     -15.00     156.33  1
        2004030400  3600374     -15.12     156.04  1
        2004030403  3635146     -15.21     155.80  1
        2004030406  3689419     -15.35     155.79  1
        2004030409  3761720     -15.48     155.62  1
        2004030412  3774430     -15.62     155.59  1
        2004030415  3786993     -15.69     155.55  1
        2004030418  3868271     -15.81     155.54  1
        2004030421  3828108     -15.99     155.42  1
        2004030500  3772829     -16.06     155.22  1
        2004030503  3833623     -16.22     155.01  1
        2004030506  3932813     -16.47     155.03  1
        2004030509  3932422     -16.53     154.87  1
        2004030512  3949085     -16.46     154.68  1
        2004030515  3942253     -16.53     154.65  1
        2004030518  4181322     -15.98     154.34  1
        2004030521  4203038     -15.78     154.24  1
        2004030600  4088635     -15.67     154.27  1
        2004030603  3959043     -15.55     154.36  1
        2004030606  3884973     -15.40     154.51  1
        2004030609  3703038     -15.16     154.57  1
        2004030612  3451257     -15.18     154.91  1
        2004030615  3102750     -15.33     155.27  1
        2004030618  2679370     -15.61     155.73  1
        2004030621   608384      -1.44     157.12  1
        2004030700   681059      -1.02     157.57  1
        2004030703   762162      -0.82     157.85  1
        2004030706   948964      -0.73     158.05  1
        2004030709  1181246      -0.71     158.42  1
        2004030712  1416584      -0.81     158.96  1
        2004030715  3826948      -8.41     175.54  1
        2004030718  4590083      -8.38     175.15  1
        2004030721  4878612      -8.41     174.75  1
        2004030800  4949213      -8.56     174.65  1
        2004030803  4944612      -8.86     174.94  1
        2004030806  4964525      -9.14     175.17  1
        2004030809  4961420      -9.18     175.03  1
        2004030812  4843086      -9.44     175.35  1
        2004030815  4700024      -9.58     175.81  1
        2004030818  4657265      -9.84     176.37  1
        2004030821  4387532     -10.31     177.34  1
        2004030900  4193707     -10.48     177.80  1
        2004030903  4190997     -10.54     177.93  1
        2004030906  4285652     -10.21     177.53  1
        2004030909  4262953      -9.56     176.80  1
        2004030912  4207068      -8.72     175.74  1
        2004030915  4095697      -7.79     174.37  1
        2004030918  4018314      -6.92     173.04  1
        2004030921  3279032      -3.44     168.02  1
        2004031000  3370719      -3.05     167.23  1
        2004031003  3481509      -2.84     166.97  1
        2004031006  3560751      -2.58     166.70  1
        2004031009  3578089      -2.36     166.65  1
        2004031012  3610765      -2.20     166.62  1
        2004031015  3656634      -2.02     166.49  1
        2004031018  3784656      -1.83     166.28  1
        2004031021  3767957      -1.63     166.30  1
        2004031100  3821101      -1.44     166.57  1
        2004031103  3801019      -1.31     166.64  1
        2004031106  3821709      -1.23     166.63  1
        2004031109  3828475      -1.18     166.57  1
        2004031112  3793008      -1.17     166.45  1
        2004031115  3808357      -1.16     166.42  1
        2004031118  3811491      -1.16     166.33  1
        2004031121  3780043      -1.17     166.09  1
        2004031200  3717105      -1.11     165.96  1
        2004031203  3644092      -1.07     165.74  1
        2004031206  3531964      -0.99     165.65  1
        2004031209  3413048      -0.91     165.32  1
        2004031212  3284222      -0.75     164.88  1
        2004031215  3103378      -0.69     164.53  1
        2004031218  2939776      -0.52     164.05  1
        2004031221  7368793      -0.93     143.82  1
        2004031300  7335793      -0.86     141.56  1
        2004031303  7101967      -0.88     139.63  1
        2004031306  7110672      -0.86     138.80  1
        2004031309  7280661      -0.90     138.28  1
        2004031312  7416077      -1.02     137.59  1
        2004031315  7516949      -1.16     137.36  1
        2004031318  7696022      -1.21     137.55  1
        2004031321  7719718      -1.27     137.73  1
        2004031400  7797015      -1.31     137.97  1
        2004031403  7860622      -1.43     138.31  1
        2004031406  8139135      -1.57     138.48  1
        2004031409  8344702      -1.68     138.46  1
        2004031412  8604991      -1.82     138.39  1
        2004031415  8722015      -1.87     138.29  1
        2004031418  9065970      -1.95     138.18  1
        2004031421  9223474      -1.91     138.29  1
        2004031500  9299988      -1.88     138.60  1
        2004031503  9420429      -1.87     138.99  1
        2004031506  9837635      -2.09     139.62  1
        2004031509 10136880      -2.22     140.12  1
        2004031512 10284981      -2.33     140.46  1
        2004031515 10252319      -2.47     140.94  1
        2004031518 10464587      -2.63     141.38  1
        2004031521 10241491      -2.64     142.09  1
        2004031600  9940958      -2.62     142.75  1
        2004031603  9772803      -2.68     143.25  1
        2004031606  9841541      -2.76     143.58  1
        2004031609  9939877      -2.90     143.71  1
        2004031612 10045042      -3.01     143.91  1
        2004031615 10104825      -3.04     144.22  1
        2004031618 10377290      -3.23     144.35  1
        2004031621 10492985      -3.40     144.44  1
        2004031700 10443144      -3.58     144.60  1
        2004031703 10497689      -3.72     144.73  1
        2004031706 10548117      -3.78     144.88  1
        2004031709 10418286      -3.89     145.26  1
        2004031712 10259454      -4.03     145.53  1
        2004031715 10160103      -4.12     145.79  1
        2004031718 10390520      -4.25     146.00  1
        2004031721 10308915      -4.28     146.21  1
        2004031800 10283060      -4.38     146.26  1
        2004031803 10357504      -4.35     146.30  1
        2004031806 10360559      -4.43     146.40  1
        2004031809 10447279      -4.59     146.46  1
        2004031812 10461258      -4.78     146.50  1
        2004031815 10322567      -5.04     146.65  2
        2004031818 10643417      -5.06     146.59  1
        2004031821  9047041      -7.81     148.53  1
        2004031900  9073430      -8.11     148.43  1
        2004031903  9062516      -8.34     148.52  1
        2004031906  9136807      -8.54     148.45  1
        2004031909  9312074      -8.76     148.30  1
        2004031912  9407939      -8.99     148.25  1
        2004031915  9420348      -9.15     148.31  1
        2004031918  9445284      -9.43     148.31  1
        2004031921  9412418      -9.51     148.62  1
        2004032000  9427866      -9.63     148.88  1
        2004032003  9496784      -9.74     149.21  1
        2004032006  9576836      -9.88     149.59  1
        2004032009  9766227      -9.99     149.97  1
        2004032012  9887515     -10.19     150.37  1
        2004032015  9930797     -10.27     150.86  1
        2004032018   941375     -12.38     125.50  1
        2004032021   872734     -12.38     125.06  1
        2004032100   853741     -12.42     124.69  1
        2004032103   844474     -12.48     124.37  1
        2004032106   843502     -12.55     124.24  1
        2004032109   907925     -12.65     124.11  1
        2004032112   918939     -12.72     123.85  1
        2004032115   933043     -12.77     123.57  1
        2004032118   920157     -12.80     123.42  1
        2004032121   892894     -12.85     123.19  1
        2004032200   770846     -12.90     122.99  1
        2004032203   657748     -12.99     122.76  1
        2004032206   630557     -13.03     122.60  1
        2004032209   612344     -13.10     122.39  1
        2004032212   540723     -13.19     122.15  1
        2004032215   481231     -13.24     121.87  1
        2004032218   460848     -13.29     121.74  1
        2004032221   474335     -13.31     121.42  1
        2004032300   495334     -13.33     121.22  1
        2004032303   473436     -13.38     121.10  1
        2004032306   470391     -13.40     121.01  1
        2004032309   444821     -13.42     120.91  1
        2004032312   425157     -13.50     120.76  1
        2004032315   412370     -13.51     120.60  1
        2004032318   394305     -13.53     120.51  1
        2004032321   418973     -13.59     120.44  1
        2004032400   424870     -13.65     120.43  1
        2004032403   375165     -13.76     120.40  1
LPT    27.0300
        2004022815   636393      -7.00      72.48  1
        2004022818  1002868      -6.92      73.03  1
        2004022821  1223742      -6.84      73.09  1
        2004022900  1499447      -6.86      73.17  1
        2004022903  1630623      -6.99      73.51  1
        2004022906  1757914      -7.12      74.13  1
        2004022909  1791386      -7.15      74.54  1
        2004022912  2342867      -6.64      77.82  1
        2004022915  2687818      -6.45      79.10  1
        2004022918  2966918      -6.28      79.96  1
        2004022921  3110911      -6.14      80.30  1
        2004030100  3367020      -6.06      80.49  1
        2004030103  3450956      -6.07      80.81  1
        2004030106  3543799      -6.09      81.06  1
        2004030109  3606984      -6.10      81.33  1
        2004030112  3706036      -6.13      81.35  1
        2004030115  3775926      -6.18      81.43  1
        2004030118  3839840      -6.24      81.39  1
        2004030121  3888132      -6.34      81.30  1
        2004030200  4033073      -6.41      81.43  1
        2004030203  4102255      -6.48      81.59  1
        2004030206  4127745      -6.53      81.79  1
        2004030209  4103069      -6.63      82.04  1
        2004030212  4180636      -6.73      82.08  1
        2004030215  4121032      -6.85      82.31  1
        2004030218  4101757      -6.83      82.63  1
        2004030221  4031657      -6.75      83.07  1
        2004030300  4097496      -6.77      83.14  1
        2004030303  4042922      -6.60      83.59  1
        2004030306  4067181      -6.34      84.08  1
        2004030309  4077883      -6.16      84.49  1
        2004030312  4338219      -6.14      84.49  1
        2004030315  4397034      -6.17      84.33  1
        2004030318  1363744     -10.58      67.98  1
        2004030321  1386565     -10.56      67.31  1
        2004030400  1466303     -10.52      66.60  1
        2004030403  1447307     -10.51      65.72  1
        2004030406  1465747     -10.45      65.16  1
        2004030409  1525920     -10.38      64.63  1
        2004030412  1610427     -10.31      64.19  1
        2004030415  1668265     -10.26      63.71  1
        2004030418  1753123     -10.27      63.27  1
        2004030421  1812579     -10.34      62.89  1
        2004030500  1863807     -10.38      62.41  1
        2004030503  1910159     -10.48      61.78  1
        2004030506  1918851     -10.55      61.28  1
        2004030509  1944368     -10.58      60.89  1
        2004030512  2012095     -10.64      60.42  1
        2004030515  2098181     -10.67      59.75  1
        2004030518  2125737     -10.73      59.26  1
        2004030521  2136519     -10.80      58.95  1
        2004030600  2192899     -10.95      58.52  1
        2004030603  2215670     -11.13      57.89  1
        2004030606  2285127     -11.42      57.32  1
        2004030609  2282088     -11.60      56.94  1
        2004030612  2308238     -11.81      56.57  1
        2004030615  2457732     -12.03      55.82  1
        2004030618  2557568     -12.29      55.25  1
        2004030621  2542879     -12.48      54.87  1
        2004030700  2603961     -12.61      54.43  1
        2004030703  2589651     -12.76      54.02  1
        2004030706  2597122     -12.91      53.58  1
        2004030709  2620536     -13.04      53.22  1
        2004030712  2681642     -13.15      52.77  1
        2004030715  2732934     -13.32      52.34  1
        2004030718  2784375     -13.47      51.92  1
        2004030721  2938197     -13.67      51.32  1
        2004030800  2976141     -13.80      50.97  1
        2004030803  3010414     -13.92      50.54  1
        2004030806  3013724     -14.07      50.08  1
        2004030809  3063958     -14.22      49.70  1
        2004030812  3115776     -14.40      49.43  1
        2004030815  3123885     -14.56      49.11  1
        2004030818  3071229     -14.79      48.82  1
        2004030821  3096183     -15.01      48.50  1
        2004030900  3177607     -15.29      48.29  1
        2004030903  3244722     -15.61      47.99  1
        2004030906  3276198     -15.96      47.70  1
        2004030909  3291572     -16.29      47.45  1
        2004030912  3374279     -16.60      47.29  1
        2004030915  3398122     -16.89      47.21  1
        2004030918  3331333     -17.40      47.00  1
        2004030921  3243565     -17.78      46.82  1
        2004031000  3254278     -18.06      46.77  1
        2004031003  3200859     -18.42      46.76  1
        2004031006  3157197     -18.69      46.78  1
        2004031009  3126135     -19.00      46.86  1
        2004031012  3123329     -19.23      46.91  1
        2004031015  3055473     -19.61      47.00  1
        2004031018  2978641     -19.91      47.04  1
        2004031021  2851532     -20.28      47.12  1
        2004031100  2615823     -20.82      47.22  1
        2004031103  2521264     -21.12      47.31  1
        2004031106  2419812     -21.37      47.44  1
        2004031109  2308380     -21.63      47.56  1
        2004031112  2204104     -21.82      47.69  1
        2004031115  2138648     -21.91      47.69  1
        2004031118  2065827     -22.01      47.83  1
        2004031121  1982829     -22.03      47.89  1
        2004031200  1915396     -22.06      48.00  1
        2004031203  1766956     -22.00      47.97  1
        2004031206  1585115     -22.05      48.12  1
        2004031209  1398888     -22.04      48.22  1
        2004031212  1215820     -22.14      48.33  1
        2004031215  1011740     -22.32      48.42  1
        2004031218   864893     -22.42      48.47  1
        2004031221   654699     -22.53      48.50  1
        2004031300   437060     -22.82      48.74  1
LPT    27.0400
        2004022815   636393      -7.00      72.48  1
        2004022818  1002868      -6.92      73.03  1
        2004022821  1223742      -6.84      73.09  1
        2004022900  1499447      -6.86      73.17  1
        2004022903  1630623      -6.99      73.51  1
        2004022906  1757914      -7.12      74.13  1
        2004022909  1791386      -7.15      74.54  1
        2004022912  2342867      -6.64      77.82  1
        2004022915  2687818      -6.45      79.10  1
        2004022918  2966918      -6.28      79.96  1
        2004022921  3110911      -6.14      80.30  1
        2004030100  3367020      -6.06      80.49  1
        2004030103  3450956      -6.07      80.81  1
        2004030106  3543799      -6.09      81.06  1
        2004030109  3606984      -6.10      81.33  1
        2004030112  3706036      -6.13      81.35  1
        2004030115  3775926      -6.18      81.43  1
        2004030118  3839840      -6.24      81.39  1
        2004030121  3888132      -6.34      81.30  1
        2004030200  4033073      -6.41      81.43  1
        2004030203  4102255      -6.48      81.59  1
        2004030206  4127745      -6.53      81.79  1
        2004030209  4103069      -6.63      82.04  1
        2004030212  4180636      -6.73      82.08  1
        2004030215  4121032      -6.85      82.31  1
        2004030218  4101757      -6.83      82.63  1
        2004030221  4031657      -6.75      83.07  1
        2004030300  4097496      -6.77      83.14  1
        2004030303  4042922      -6.60      83.59  1
        2004030306  4067181      -6.34      84.08  1
        2004030309  4077883      -6.16      84.49  1
        2004030312  4338219      -6.14      84.49  1
        2004030315  4397034      -6.17      84.33  1
        2004030318  3008830      -4.12      92.06  1
        2004030321  2936589      -4.16      92.43  1
        2004030400  2966312      -4.25      92.90  1
        2004030403  2900830      -4.31      93.35  1
        2004030406  2891325      -4.26      94.51  1
        2004030409  2968290      -4.17      96.24  1
        2004030412  2976015      -4.19      96.62  1
        2004030415  2966817      -4.24      97.54  1
        2004030418  2989967      -4.25      98.37  1
        2004030421  2994475      -4.29      98.88  1
        2004030500  2990882      -4.40      99.31  1
        2004030503  2890580      -4.51     100.01  1
        2004030506  2762746      -4.59     100.65  1
        2004030509  2704612      -4.72     101.19  1
        2004030512  2518083      -4.85     101.09  1
        2004030515  2435400      -4.99     101.49  1
        2004030518  2403651      -5.05     101.89  1
        2004030521  2368191      -5.06     102.27  1
        2004030600  2310560      -5.25     102.43  1
        2004030603  2176084      -5.24     103.12  1
        2004030606  2125211      -5.23     103.89  1
        2004030609  2073298      -5.02     104.84  1
        2004030612  1779348      -5.07     105.03  1
        2004030615  1519741      -4.91     105.86  1
        2004030618  1429667      -4.95     105.95  1
        2004030621  1319749      -5.04     105.99  1
        2004030700  1137881      -5.75     104.66  1
        2004030703   752827      -7.39     101.75  1
        2004030706   804021      -7.44     101.61  1
        2004030709   894378      -7.41     101.55  1
        2004030712   865518      -7.67     100.76  1
        2004030715   870271      -7.57     100.63  1
        2004030718   782677      -7.34     100.79  1
        2004030721   860071      -6.38     102.06  1
        2004030800  1271178      -4.62     104.77  1
        2004030803  1441572      -3.23     106.99  1
        2004030806  1590392      -2.67     107.67  1
        2004030809  1818639      -2.49     107.98  1
        2004030812  1969149      -2.30     108.03  1
        2004030815  2121152      -2.08     107.95  1
        2004030818  2300750      -1.96     107.96  1
        2004030821  2341627      -1.89     107.64  1
        2004030900  2359862      -2.01     107.32  1
        2004030903  2347316      -2.10     107.10  1
        2004030906  2383223      -2.22     107.00  1
        2004030909  2359637      -2.43     106.89  1
        2004030912  2210584      -2.69     106.69  1
        2004030915  2151914      -2.78     106.68  1
        2004030918  2133998      -2.90     106.81  1
        2004030921  2107692      -3.00     106.96  1
        2004031000  2031015      -2.96     107.41  1
        2004031003  1936791      -2.85     107.92  1
        2004031006  1947159      -2.74     108.51  1
        2004031009  1907337      -2.67     109.00  1
        2004031012  1781389      -2.49     109.43  1
        2004031015  1758472      -2.41     110.11  1
        2004031018  1822009      -2.25     110.86  1
        2004031021  1837747      -2.08     111.30  1
        2004031100  1795017      -1.81     111.82  1
        2004031103  1586467      -1.46     112.40  1
        2004031106  1377687      -1.13     113.39  1
        2004031109  1189359      -1.09     114.62  1
        2004031112  1059655      -1.07     115.68  1
        2004031115   844911      -1.19     117.18  1
        2004031118   762997      -1.34     118.00  1
        2004031121   741998      -1.72     117.97  1
        2004031200   740338      -2.00     117.84  1
        2004031203   657698      -2.15     117.91  1
        2004031206   724768      -2.31     118.36  1
        2004031209   784916      -2.39     118.83  1
        2004031212  2389955      -1.64     129.92  1
        2004031215  2806508      -1.54     130.00  1
        2004031218  3778376      -1.52     131.07  1
        2004031221  7368793      -0.93     143.82  1
        2004031300  7335793      -0.86     141.56  1
        2004031303  7101967      -0.88     139.63  1
        2004031306  7110672      -0.86     138.80  1
        2004031309  7280661      -0.90     138.28  1
        2004031312  7416077      -1.02     137.59  1
        2004031315  7516949      -1.16     137.36  1
        2004031318  7696022      -1.21     137.55  1
        2004031321  7719718      -1.27     137.73  1
        2004031400  7797015      -1.31     137.97  1
        2004031403  7860622      -1.43     138.31  1
        2004031406  8139135      -1.57     138.48  1
        2004031409  8344702      -1.68     138.46  1
        2004031412  8604991      -1.82     138.39  1
        2004031415  8722015      -1.87     138.29  1
        2004031418  9065970      -1.95     138.18  1
        2004031421  9223474      -1.91     138.29  1
        2004031500  9299988      -1.88     138.60  1
        2004031503  9420429      -1.87     138.99  1
        2004031506  9837635      -2.09     139.62  1
        2004031509 10136880      -2.22     140.12  1
        2004031512 10284981      -2.33     140.46  1
        2004031515 10252319      -2.47     140.94  1
        2004031518 10464587      -2.63     141.38  1
        2004031521 10241491      -2.64     142.09  1
        2004031600  9940958      -2.62     142.75  1
        2004031603  9772803      -2.68     143.25  1
        2004031606  9841541      -2.76     143.58  1
        2004031609  9939877      -2.90     143.71  1
        2004031612 10045042      -3.01     143.91  1
        2004031615 10104825      -3.04     144.22  1
        2004031618 10377290      -3.23     144.35  1
        2004031621 10492985      -3.40     144.44  1
        2004031700 10443144      -3.58     144.60  1
        2004031703 10497689      -3.72     144.73  1
        2004031706 10548117      -3.78     144.88  1
        2004031709 10418286      -3.89     145.26  1
        2004031712 10259454      -4.03     145.53  1
        2004031715 10160103      -4.12     145.79  1
        2004031718 10390520      -4.25     146.00  1
        2004031721 10308915      -4.28     146.21  1
        2004031800 10283060      -4.38     146.26  1
        2004031803 10357504      -4.35     146.30  1
        2004031806 10360559      -4.43     146.40  1
        2004031809 10447279      -4.59     146.46  1
        2004031812 10461258      -4.78     146.50  1
        2004031815 10322567      -5.04     146.65  2
        2004031818 10643417      -5.06     146.59  1
        2004031821  9047041      -7.81     148.53  1
        2004031900  9073430      -8.11     148.43  1
        2004031903  9062516      -8.34     148.52  1
        2004031906  9136807      -8.54     148.45  1
        2004031909  9312074      -8.76     148.30  1
        2004031912  9407939      -8.99     148.25  1
        2004031915  9420348      -9.15     148.31  1
        2004031918  9445284      -9.43     148.31  1
        2004031921  9412418      -9.51     148.62  1
        2004032000  9427866      -9.63     148.88  1
        2004032003  9496784      -9.74     149.21  1
        2004032006  9576836      -9.88     149.59  1
        2004032009  9766227      -9.99     149.97  1
        2004032012  9887515     -10.19     150.37  1
        2004032015  9930797     -10.27     150.86  1
        2004032018  8941088     -10.16     154.24  1
        2004032021  8931774     -10.30     154.79  1
        2004032100  8904437     -10.55     155.27  1
        2004032103  8862488     -10.80     155.72  1
        2004032106  8856434     -11.07     156.24  1
        2004032109  8825021     -11.36     156.77  1
        2004032112  8706438     -11.70     157.37  1
        2004032115  8628089     -12.01     158.02  1
        2004032118  8576470     -12.32     158.53  1
        2004032121  8339390     -12.67     159.07  1
        2004032200  8105768     -13.05     159.62  1
        2004032203  7930480     -13.44     160.02  1
        2004032206  7821925     -13.74     160.36  1
        2004032209  7628521     -13.88     160.59  1
        2004032212  7283208     -14.30     161.16  1
        2004032215  7141100     -14.37     161.67  1
        2004032218  7121055     -14.46     162.06  1
        2004032221  6986789     -14.43     162.38  1
        2004032300  6781183     -14.55     162.62  1
        2004032303  6531914     -14.66     162.85  1
        2004032306  6462712     -14.45     162.97  1
        2004032309  6276336     -14.49     163.29  1
        2004032312  5939256     -14.63     163.59  1
        2004032315  5680776     -14.57     163.90  1
        2004032318  5440841     -14.61     164.10  1
        2004032321  4985695     -14.89     164.34  1
        2004032400  4465596     -15.15     164.60  1
        2004032403  3823510     -15.43     164.81  1
        2004032406  3369861     -15.10     165.03  1
        2004032409  1854434     -11.65     167.70  1
        2004032412  1581875     -10.70     167.49  1
        2004032415   988816      -9.50     167.21  1
        2004032418   597689      -5.94     163.22  1
        2004032421   633883      -5.11     162.47  1
        2004032500   828421      -4.41     162.23  1
        2004032503  1045138      -4.00     162.37  1
        2004032506  1411236      -3.62     162.57  1
        2004032509  1642074      -3.17     162.41  1
        2004032512  1634588      -3.09     162.68  1
        2004032515  1633466      -2.80     162.55  1
        2004032518  1733081      -2.61     162.52  1
        2004032521  1657827      -2.45     162.74  1
        2004032600  1517814      -2.30     162.80  1
        2004032603  1367656      -2.22     163.08  1
        2004032606  1230486      -2.23     163.37  1
        2004032609   990671      -2.34     163.79  1
        2004032612   770838      -2.49     164.17  1
        2004032615   517775      -2.68     164.56  1
LPT    27.0500
        2004022815   636393      -7.00      72.48  1
        2004022818  1002868      -6.92      73.03  1
        2004022821  1223742      -6.84      73.09  1
        2004022900  1499447      -6.86      73.17  1
        2004022903  1630623      -6.99      73.51  1
        2004022906  1757914      -7.12      74.13  1
        2004022909  1791386      -7.15      74.54  1
        2004022912  2342867      -6.64      77.82  1
        2004022915  2687818      -6.45      79.10  1
        2004022918  2966918      -6.28      79.96  1
        2004022921  3110911      -6.14      80.30  1
        2004030100  3367020      -6.06      80.49  1
        2004030103  3450956      -6.07      80.81  1
        2004030106  3543799      -6.09      81.06  1
        2004030109  3606984      -6.10      81.33  1
        2004030112  3706036      -6.13      81.35  1
        2004030115  3775926      -6.18      81.43  1
        2004030118  3839840      -6.24      81.39  1
        2004030121  3888132      -6.34      81.30  1
        2004030200  4033073      -6.41      81.43  1
        2004030203  4102255      -6.48      81.59  1
        2004030206  4127745      -6.53      81.79  1
        2004030209  4103069      -6.63      82.04  1
        2004030212  4180636      -6.73      82.08  1
        2004030215  4121032      -6.85      82.31  1
        2004030218  4101757      -6.83      82.63  1
        2004030221  4031657      -6.75      83.07  1
        2004030300  4097496      -6.77      83.14  1
        2004030303  4042922      -6.60      83.59  1
        2004030306  4067181      -6.34      84.08  1
        2004030309  4077883      -6.16      84.49  1
        2004030312  4338219      -6.14      84.49  1
        2004030315  4397034      -6.17      84.33  1
        2004030318  3008830      -4.12      92.06  1
        2004030321  2936589      -4.16      92.43  1
        2004030400  2966312      -4.25      92.90  1
        2004030403  2900830      -4.31      93.35  1
        2004030406  2891325      -4.26      94.51  1
        2004030409  2968290      -4.17      96.24  1
        2004030412  2976015      -4.19      96.62  1
        2004030415  2966817      -4.24      97.54  1
        2004030418  2989967      -4.25      98.37  1
        2004030421  2994475      -4.29      98.88  1
        2004030500  2990882      -4.40      99.31  1
        2004030503  2890580      -4.51     100.01  1
        2004030506  2762746      -4.59     100.65  1
        2004030509  2704612      -4.72     101.19  1
        2004030512  2518083      -4.85     101.09  1
        2004030515  2435400      -4.99     101.49  1
        2004030518  2403651      -5.05     101.89  1
        2004030521  2368191      -5.06     102.27  1
        2004030600  2310560      -5.25     102.43  1
        2004030603  2176084      -5.24     103.12  1
        2004030606  2125211      -5.23     103.89  1
        2004030609  2073298      -5.02     104.84  1
        2004030612  1779348      -5.07     105.03  1
        2004030615  1519741      -4.91     105.86  1
        2004030618  1429667      -4.95     105.95  1
        2004030621  1319749      -5.04     105.99  1
        2004030700  1137881      -5.75     104.66  1
        2004030703   752827      -7.39     101.75  1
        2004030706   804021      -7.44     101.61  1
        2004030709   894378      -7.41     101.55  1
        2004030712   865518      -7.67     100.76  1
        2004030715   870271      -7.57     100.63  1
        2004030718   782677      -7.34     100.79  1
        2004030721   860071      -6.38     102.06  1
        2004030800  1271178      -4.62     104.77  1
        2004030803  1441572      -3.23     106.99  1
        2004030806  1590392      -2.67     107.67  1
        2004030809  1818639      -2.49     107.98  1
        2004030812  1969149      -2.30     108.03  1
        2004030815  2121152      -2.08     107.95  1
        2004030818  2300750      -1.96     107.96  1
        2004030821  2341627      -1.89     107.64  1
        2004030900  2359862      -2.01     107.32  1
        2004030903  2347316      -2.10     107.10  1
        2004030906  2383223      -2.22     107.00  1
        2004030909  2359637      -2.43     106.89  1
        2004030912  2210584      -2.69     106.69  1
        2004030915  2151914      -2.78     106.68  1
        2004030918  2133998      -2.90     106.81  1
        2004030921  2107692      -3.00     106.96  1
        2004031000  2031015      -2.96     107.41  1
        2004031003  1936791      -2.85     107.92  1
        2004031006  1947159      -2.74     108.51  1
        2004031009  1907337      -2.67     109.00  1
        2004031012  1781389      -2.49     109.43  1
        2004031015  1758472      -2.41     110.11  1
        2004031018  1822009      -2.25     110.86  1
        2004031021  1837747      -2.08     111.30  1
        2004031100  1795017      -1.81     111.82  1
        2004031103  1586467      -1.46     112.40  1
        2004031106  1377687      -1.13     113.39  1
        2004031109  1189359      -1.09     114.62  1
        2004031112  1059655      -1.07     115.68  1
        2004031115   844911      -1.19     117.18  1
        2004031118   762997      -1.34     118.00  1
        2004031121   741998      -1.72     117.97  1
        2004031200   740338      -2.00     117.84  1
        2004031203   657698      -2.15     117.91  1
        2004031206   724768      -2.31     118.36  1
        2004031209   784916      -2.39     118.83  1
        2004031212  2389955      -1.64     129.92  1
        2004031215  2806508      -1.54     130.00  1
        2004031218  3778376      -1.52     131.07  1
        2004031221  7368793      -0.93     143.82  1
        2004031300  7335793      -0.86     141.56  1
        2004031303  7101967      -0.88     139.63  1
        2004031306  7110672      -0.86     138.80  1
        2004031309  7280661      -0.90     138.28  1
        2004031312  7416077      -1.02     137.59  1
        2004031315  7516949      -1.16     137.36  1
        2004031318  7696022      -1.21     137.55  1
        2004031321  7719718      -1.27     137.73  1
        2004031400  7797015      -1.31     137.97  1
        2004031403  7860622      -1.43     138.31  1
        2004031406  8139135      -1.57     138.48  1
        2004031409  8344702      -1.68     138.46  1
        2004031412  8604991      -1.82     138.39  1
        2004031415  8722015      -1.87     138.29  1
        2004031418  9065970      -1.95     138.18  1
        2004031421  9223474      -1.91     138.29  1
        2004031500  9299988      -1.88     138.60  1
        2004031503  9420429      -1.87     138.99  1
        2004031506  9837635      -2.09     139.62  1
        2004031509 10136880      -2.22     140.12  1
        2004031512 10284981      -2.33     140.46  1
        2004031515 10252319      -2.47     140.94  1
        2004031518 10464587      -2.63     141.38  1
        2004031521 10241491      -2.64     142.09  1
        2004031600  9940958      -2.62     142.75  1
        2004031603  9772803      -2.68     143.25  1
        2004031606  9841541      -2.76     143.58  1
        2004031609  9939877      -2.90     143.71  1
        2004031612 10045042      -3.01     143.91  1
        2004031615 10104825      -3.04     144.22  1
        2004031618 10377290      -3.23     144.35  1
        2004031621 10492985      -3.40     144.44  1
        2004031700 10443144      -3.58     144.60  1
        2004031703 10497689      -3.72     144.73  1
        2004031706 10548117      -3.78     144.88  1
        2004031709 10418286      -3.89     145.26  1
        2004031712 10259454      -4.03     145.53  1
        2004031715 10160103      -4.12     145.79  1
        2004031718 10390520      -4.25     146.00  1
        2004031721 10308915      -4.28     146.21  1
        2004031800 10283060      -4.38     146.26  1
        2004031803 10357504      -4.35     146.30  1
        2004031806 10360559      -4.43     146.40  1
        2004031809 10447279      -4.59     146.46  1
        2004031812 10461258      -4.78     146.50  1
        2004031815 10322567      -5.04     146.65  2
        2004031818 10643417      -5.06     146.59  1
        2004031821  9047041      -7.81     148.53  1
        2004031900  9073430      -8.11     148.43  1
        2004031903  9062516      -8.34     148.52  1
        2004031906  9136807      -8.54     148.45  1
        2004031909  9312074      -8.76     148.30  1
        2004031912  9407939      -8.99     148.25  1
        2004031915  9420348      -9.15     148.31  1
        2004031918  9445284      -9.43     148.31  1
        2004031921  9412418      -9.51     148.62  1
        2004032000  9427866      -9.63     148.88  1
        2004032003  9496784      -9.74     149.21  1
        2004032006  9576836      -9.88     149.59  1
        2004032009  9766227      -9.99     149.97  1
        2004032012  9887515     -10.19     150.37  1
        2004032015  9930797     -10.27     150.86  1
        2004032018   941375     -12.38     125.50  1
        2004032021   872734     -12.38     125.06  1
        2004032100   853741     -12.42     124.69  1
        2004032103   844474     -12.48     124.37  1
        2004032106   843502     -12.55     124.24  1
        2004032109   907925     -12.65     124.11  1
        2004032112   918939     -12.72     123.85  1
        2004032115   933043     -12.77     123.57  1
        2004032118   920157     -12.80     123.42  1
        2004032121   892894     -12.85     123.19  1
        2004032200   770846     -12.90     122.99  1
        2004032203   657748     -12.99     122.76  1
        2004032206   630557     -13.03     122.60  1
        2004032209   612344     -13.10     122.39  1
        2004032212   540723     -13.19     122.15  1
        2004032215   481231     -13.24     121.87  1
        2004032218   460848     -13.29     121.74  1
        2004032221   474335     -13.31     121.42  1
        2004032300   495334     -13.33     121.22  1
        2004032303   473436     -13.38     121.10  1
        2004032306   470391     -13.40     121.01  1
        2004032309   444821     -13.42     120.91  1
        2004032312   425157     -13.50     120.76  1
        2004032315   412370     -13.51     120.60  1
        2004032318   394305     -13.53     120.51  1
        2004032321   418973     -13.59     120.44  1
        2004032400   424870     -13.65     120.43  1
        2004032403   375165     -13.76     120.40  1
LPT    27.0600
        2004030315   529257     -16.88     208.77  1
        2004030318   732626     -16.64     208.27  1
        2004030321   935289     -16.48     207.92  1
        2004030400  1082388     -16.37     207.66  1
        2004030403  1186730     -16.37     207.64  1
        2004030406  1337400     -16.20     207.24  1
        2004030409  1473651     -16.10     206.98  1
        2004030412  1567569     -15.93     206.68  1
        2004030415  1591367     -15.82     206.43  1
        2004030418  1611317     -15.64     205.94  1
        2004030421  1569149     -15.52     205.52  1
        2004030500  1489684     -15.41     204.97  1
        2004030503  1420077     -15.37     204.70  1
        2004030506  1441621     -15.27     204.11  1
        2004030509  1428025     -15.18     203.61  1
        2004030512  1464402     -15.09     203.27  1
        2004030515  1416434     -14.92     202.92  1
        2004030518  1399376     -14.79     202.57  1
        2004030521  1349765     -14.62     202.23  1
        2004030600  1271795     -14.43     201.88  1
        2004030603  1265617     -14.34     201.57  1
        2004030606  1284687     -14.27     201.18  1
        2004030609  1224229     -14.26     200.69  1
        2004030612  1196182     -14.33     200.25  1
        2004030615  1163038     -14.38     199.84  1
        2004030618  1101801     -14.38     199.03  1
        2004030621  1043373     -14.42     198.14  1
        2004030700   958192     -14.42     197.02  1
        2004030703  1075787     -14.54     195.50  1
        2004030706  1355883     -14.78     193.74  1
        2004030709  1542511     -15.14     191.96  1
        2004030712  1684602     -15.39     190.79  1
        2004030715  3826948      -8.41     175.54  1
        2004030718  4590083      -8.38     175.15  1
        2004030721  4878612      -8.41     174.75  1
        2004030800  4949213      -8.56     174.65  1
        2004030803  4944612      -8.86     174.94  1
        2004030806  4964525      -9.14     175.17  1
        2004030809  4961420      -9.18     175.03  1
        2004030812  4843086      -9.44     175.35  1
        2004030815  4700024      -9.58     175.81  1
        2004030818  4657265      -9.84     176.37  1
        2004030821  4387532     -10.31     177.34  1
        2004030900  4193707     -10.48     177.80  1
        2004030903  4190997     -10.54     177.93  1
        2004030906  4285652     -10.21     177.53  1
        2004030909  4262953      -9.56     176.80  1
        2004030912  4207068      -8.72     175.74  1
        2004030915  4095697      -7.79     174.37  1
        2004030918  4018314      -6.92     173.04  1
        2004030921  3279032      -3.44     168.02  1
        2004031000  3370719      -3.05     167.23  1
        2004031003  3481509      -2.84     166.97  1
        2004031006  3560751      -2.58     166.70  1
        2004031009  3578089      -2.36     166.65  1
        2004031012  3610765      -2.20     166.62  1
        2004031015  3656634      -2.02     166.49  1
        2004031018  3784656      -1.83     166.28  1
        2004031021  3767957      -1.63     166.30  1
        2004031100  3821101      -1.44     166.57  1
        2004031103  3801019      -1.31     166.64  1
        2004031106  3821709      -1.23     166.63  1
        2004031109  3828475      -1.18     166.57  1
        2004031112  3793008      -1.17     166.45  1
        2004031115  3808357      -1.16     166.42  1
        2004031118  3811491      -1.16     166.33  1
        2004031121  3780043      -1.17     166.09  1
        2004031200  3717105      -1.11     165.96  1
        2004031203  3644092      -1.07     165.74  1
        2004031206  3531964      -0.99     165.65  1
        2004031209  3413048      -0.91     165.32  1
        2004031212  3284222      -0.75     164.88  1
        2004031215  3103378      -0.69     164.53  1
        2004031218  2939776      -0.52     164.05  1
        2004031221  7368793      -0.93     143.82  1
        2004031300  7335793      -0.86     141.56  1
        2004031303  7101967      -0.88     139.63  1
        2004031306  7110672      -0.86     138.80  1
        2004031309  7280661      -0.90     138.28  1
        2004031312  7416077      -1.02     137.59  1
        2004031315  7516949      -1.16     137.36  1
        2004031318  7696022      -1.21     137.55  1
        2004031321  7719718      -1.27     137.73  1
        2004031400  7797015      -1.31     137.97  1
        2004031403  7860622      -1.43     138.31  1
        2004031406  8139135      -1.57     138.48  1
        2004031409  8344702      -1.68     138.46  1
        2004031412  8604991      -1.82     138.39  1
        2004031415  8722015      -1.87     138.29  1
        2004031418  9065970      -1.95     138.18  1
        2004031421  9223474      -1.91     138.29  1
        2004031500  9299988      -1.88     138.60  1
        2004031503  9420429      -1.87     138.99  1
        2004031506  9837635      -2.09     139.62  1
        2004031509 10136880      -2.22     140.12  1
        2004031512 10284981      -2.33     140.46  1
        2004031515 10252319      -2.47     140.94  1
        2004031518 10464587      -2.63     141.38  1
        2004031521 10241491      -2.64     142.09  1
        2004031600  9940958      -2.62     142.75  1
        2004031603  9772803      -2.68     143.25  1
        2004031606  9841541      -2.76     143.58  1
        2004031609  9939877      -2.90     143.71  1
        2004031612 10045042      -3.01     143.91  1
        2004031615 10104825      -3.04     144.22  1
        2004031618 10377290      -3.23     144.35  1
        2004031621 10492985      -3.40     144.44  1
        2004031700 10443144      -3.58     144.60  1
        2004031703 10497689      -3.72     144.73  1
        2004031706 10548117      -3.78     144.88  1
        2004031709 10418286      -3.89     145.26  1
        2004031712 10259454      -4.03     145.53  1
        2004031715 10160103      -4.12     145.79  1
        2004031718 10390520      -4.25     146.00  1
        2004031721 10308915      -4.28     146.21  1
        2004031800 10283060      -4.38     146.26  1
        2004031803 10357504      -4.35     146.30  1
        2004031806 10360559      -4.43     146.40  1
        2004031809 10447279      -4.59     146.46  1
        2004031812 10461258      -4.78     146.50  1
        2004031815 10322567      -5.04     146.65  2
        2004031818 10643417      -5.06     146.59  1
        2004031821  9047041      -7.81     148.53  1
        2004031900  9073430      -8.11     148.43  1
        2004031903  9062516      -8.34     148.52  1
        2004031906  9136807      -8.54     148.45  1
        2004031909  9312074      -8.76     148.30  1
        2004031912  9407939      -8.99     148.25  1
        2004031915  9420348      -9.15     148.31  1
        2004031918  9445284      -9.43     148.31  1
        2004031921  9412418      -9.51     148.62  1
        2004032000  9427866      -9.63     148.88  1
        2004032003  9496784      -9.74     149.21  1
        2004032006  9576836      -9.88     149.59  1
        2004032009  9766227      -9.99     149.97  1
        2004032012  9887515     -10.19     150.37  1
        2004032015  9930797     -10.27     150.86  1
        2004032018  8941088     -10.16     154.24  1
        2004032021  8931774     -10.30     154.79  1
        2004032100  8904437     -10.55     155.27  1
        2004032103  8862488     -10.80     155.72  1
        2004032106  8856434     -11.07     156.24  1
        2004032109  8825021     -11.36     156.77  1
        2004032112  8706438     -11.70     157.37  1
        2004032115  8628089     -12.01     158.02  1
        2004032118  8576470     -12.32     158.53  1
        2004032121  8339390     -12.67     159.07  1
        2004032200  8105768     -13.05     159.62  1
        2004032203  7930480     -13.44     160.02  1
        2004032206  7821925     -13.74     160.36  1
        2004032209  7628521     -13.88     160.59  1
        2004032212  7283208     -14.30     161.16  1
        2004032215  7141100     -14.37     161.67  1
        2004032218  7121055     -14.46     162.06  1
        2004032221  6986789     -14.43     162.38  1
        2004032300  6781183     -14.55     162.62  1
        2004032303  6531914     -14.66     162.85  1
        2004032306  6462712     -14.45     162.97  1
        2004032309  6276336     -14.49     163.29  1
        2004032312  5939256     -14.63     163.59  1
        2004032315  5680776     -14.57     163.90  1
        2004032318  5440841     -14.61     164.10  1
        2004032321  4985695     -14.89     164.34  1
        2004032400  4465596     -15.15     164.60  1
        2004032403  3823510     -15.43     164.81  1
        2004032406  3369861     -15.10     165.03  1
        2004032409  1854434     -11.65     167.70  1
        2004032412  1581875     -10.70     167.49  1
        2004032415   988816      -9.50     167.21  1
        2004032418   597689      -5.94     163.22  1
        2004032421   633883      -5.11     162.47  1
        2004032500   828421      -4.41     162.23  1
        2004032503  1045138      -4.00     162.37  1
        2004032506  1411236      -3.62     162.57  1
        2004032509  1642074      -3.17     162.41  1
        2004032512  1634588      -3.09     162.68  1
        2004032515  1633466      -2.80     162.55  1
        2004032518  1733081      -2.61     162.52  1
        2004032521  1657827      -2.45     162.74  1
        2004032600  1517814      -2.30     162.80  1
        2004032603  1367656      -2.22     163.08  1
        2004032606  1230486      -2.23     163.37  1
        2004032609   990671      -2.34     163.79  1
        2004032612   770838      -2.49     164.17  1
        2004032615   517775      -2.68     164.56  1
LPT    27.0700
        2004030315   529257     -16.88     208.77  1
        2004030318   732626     -16.64     208.27  1
        2004030321   935289     -16.48     207.92  1
        2004030400  1082388     -16.37     207.66  1
        2004030403  1186730     -16.37     207.64  1
        2004030406  1337400     -16.20     207.24  1
        2004030409  1473651     -16.10     206.98  1
        2004030412  1567569     -15.93     206.68  1
        2004030415  1591367     -15.82     206.43  1
        2004030418  1611317     -15.64     205.94  1
        2004030421  1569149     -15.52     205.52  1
        2004030500  1489684     -15.41     204.97  1
        2004030503  1420077     -15.37     204.70  1
        2004030506  1441621     -15.27     204.11  1
        2004030509  1428025     -15.18     203.61  1
        2004030512  1464402     -15.09     203.27  1
        2004030515  1416434     -14.92     202.92  1
        2004030518  1399376     -14.79     202.57  1
        2004030521  1349765     -14.62     202.23  1
        2004030600  1271795     -14.43     201.88  1
        2004030603  1265617     -14.34     201.57  1
        2004030606  1284687     -14.27     201.18  1
        2004030609  1224229     -14.26     200.69  1
        2004030612  1196182     -14.33     200.25  1
        2004030615  1163038     -14.38     199.84  1
        2004030618  1101801     -14.38     199.03  1
        2004030621  1043373     -14.42     198.14  1
        2004030700   958192     -14.42     197.02  1
        2004030703  1075787     -14.54     195.50  1
        2004030706  1355883     -14.78     193.74  1
        2004030709  1542511     -15.14     191.96  1
        2004030712  1684602     -15.39     190.79  1
        2004030715  3826948      -8.41     175.54  1
        2004030718  4590083      -8.38     175.15  1
        2004030721  4878612      -8.41     174.75  1
        2004030800  4949213      -8.56     174.65  1
        2004030803  4944612      -8.86     174.94  1
        2004030806  4964525      -9.14     175.17  1
        2004030809  4961420      -9.18     175.03  1
        2004030812  4843086      -9.44     175.35  1
        2004030815  4700024      -9.58     175.81  1
        2004030818  4657265      -9.84     176.37  1
        2004030821  4387532     -10.31     177.34  1
        2004030900  4193707     -10.48     177.80  1
        2004030903  4190997     -10.54     177.93  1
        2004030906  4285652     -10.21     177.53  1
        2004030909  4262953      -9.56     176.80  1
        2004030912  4207068      -8.72     175.74  1
        2004030915  4095697      -7.79     174.37  1
        2004030918  4018314      -6.92     173.04  1
        2004030921  3279032      -3.44     168.02  1
        2004031000  3370719      -3.05     167.23  1
        2004031003  3481509      -2.84     166.97  1
        2004031006  3560751      -2.58     166.70  1
        2004031009  3578089      -2.36     166.65  1
        2004031012  3610765      -2.20     166.62  1
        2004031015  3656634      -2.02     166.49  1
        2004031018  3784656      -1.83     166.28  1
        2004031021  3767957      -1.63     166.30  1
        2004031100  3821101      -1.44     166.57  1
        2004031103  3801019      -1.31     166.64  1
        2004031106  3821709      -1.23     166.63  1
        2004031109  3828475      -1.18     166.57  1
        2004031112  3793008      -1.17     166.45  1
        2004031115  3808357      -1.16     166.42  1
        2004031118  3811491      -1.16     166.33  1
        2004031121  3780043      -1.17     166.09  1
        2004031200  3717105      -1.11     165.96  1
        2004031203  3644092      -1.07     165.74  1
        2004031206  3531964      -0.99     165.65  1
        2004031209  3413048      -0.91     165.32  1
        2004031212  3284222      -0.75     164.88  1
        2004031215  3103378      -0.69     164.53  1
        2004031218  2939776      -0.52     164.05  1
        2004031221  7368793      -0.93     143.82  1
        2004031300  7335793      -0.86     141.56  1
        2004031303  7101967      -0.88     139.63  1
        2004031306  7110672      -0.86     138.80  1
        2004031309  7280661      -0.90     138.28  1
        2004031312  7416077      -1.02     137.59  1
        2004031315  7516949      -1.16     137.36  1
        2004031318  7696022      -1.21     137.55  1
        2004031321  7719718      -1.27     137.73  1
        2004031400  7797015      -1.31     137.97  1
        2004031403  7860622      -1.43     138.31  1
        2004031406  8139135      -1.57     138.48  1
        2004031409  8344702      -1.68     138.46  1
        2004031412  8604991      -1.82     138.39  1
        2004031415  8722015      -1.87     138.29  1
        2004031418  9065970      -1.95     138.18  1
        2004031421  9223474      -1.91     138.29  1
        2004031500  9299988      -1.88     138.60  1
        2004031503  9420429      -1.87     138.99  1
        2004031506  9837635      -2.09     139.62  1
        2004031509 10136880      -2.22     140.12  1
        2004031512 10284981      -2.33     140.46  1
        2004031515 10252319      -2.47     140.94  1
        2004031518 10464587      -2.63     141.38  1
        2004031521 10241491      -2.64     142.09  1
        2004031600  9940958      -2.62     142.75  1
        2004031603  9772803      -2.68     143.25  1
        2004031606  9841541      -2.76     143.58  1
        2004031609  9939877      -2.90     143.71  1
        2004031612 10045042      -3.01     143.91  1
        2004031615 10104825      -3.04     144.22  1
        2004031618 10377290      -3.23     144.35  1
        2004031621 10492985      -3.40     144.44  1
        2004031700 10443144      -3.58     144.60  1
        2004031703 10497689      -3.72     144.73  1
        2004031706 10548117      -3.78     144.88  1
        2004031709 10418286      -3.89     145.26  1
        2004031712 10259454      -4.03     145.53  1
        2004031715 10160103      -4.12     145.79  1
        2004031718 10390520      -4.25     146.00  1
        2004031721 10308915      -4.28     146.21  1
        2004031800 10283060      -4.38     146.26  1
        2004031803 10357504      -4.35     146.30  1
        2004031806 10360559      -4.43     146.40  1
        2004031809 10447279      -4.59     146.46  1
        2004031812 10461258      -4.78     146.50  1
        2004031815 10322567      -5.04     146.65  2
        2004031818 10643417      -5.06     146.59  1
        2004031821  9047041      -7.81     148.53  1
        2004031900  9073430      -8.11     148.43  1
        2004031903  9062516      -8.34     148.52  1
        2004031906  9136807      -8.54     148.45  1
        2004031909  9312074      -8.76     148.30  1
        2004031912  9407939      -8.99     148.25  1
        2004031915  9420348      -9.15     148.31  1
        2004031918  9445284      -9.43     148.31  1
        2004031921  9412418      -9.51     148.62  1
        2004032000  9427866      -9.63     148.88  1
        2004032003  9496784      -9.74     149.21  1
        2004032006  9576836      -9.88     149.59  1
        2004032009  9766227      -9.99     149.97  1
        2004032012  9887515     -10.19     150.37  1
        2004032015  9930797     -10.27     150.86  1
        2004032018   941375     -12.38     125.50  1
        2004032021   872734     -12.38     125.06  1
        2004032100   853741     -12.42     124.69  1
        2004032103   844474     -12.48     124.37  1
        2004032106   843502     -12.55     124.24  1
        2004032109   907925     -12.65     124.11  1
        2004032112   918939     -12.72     123.85  1
        2004032115   933043     -12.77     123.57  1
        2004032118   920157     -12.80     123.42  1
        2004032121   892894     -12.85     123.19  1
        2004032200   770846     -12.90     122.99  1
        2004032203   657748     -12.99     122.76  1
        2004032206   630557     -13.03     122.60  1
        2004032209   612344     -13.10     122.39  1
        2004032212   540723     -13.19     122.15  1
        2004032215   481231     -13.24     121.87  1
        2004032218   460848     -13.29     121.74  1
        2004032221   474335     -13.31     121.42  1
        2004032300   495334     -13.33     121.22  1
        2004032303   473436     -13.38     121.10  1
        2004032306   470391     -13.40     121.01  1
        2004032309   444821     -13.42     120.91  1
        2004032312   425157     -13.50     120.76  1
        2004032315   412370     -13.51     120.60  1
        2004032318   394305     -13.53     120.51  1
        2004032321   418973     -13.59     120.44  1
        2004032400   424870     -13.65     120.43  1
        2004032403   375165     -13.76     120.40  1
LPT    28.0100
        2004032215   429442      -6.13     296.57  1
        2004032218   717652      -5.98     297.27  1
        2004032221  1019201      -5.71     298.06  1
        2004032300  1168543      -5.56     298.76  1
        2004032303  1278037      -5.36     299.37  1
        2004032306  1293089      -5.14     300.01  1
        2004032309  1353290      -5.02     300.02  1
        2004032312  1340496      -4.88     300.25  1
        2004032315  1358337      -4.80     300.66  1
        2004032318  1495353      -4.74     300.81  1
        2004032321  1565461      -4.68     301.13  1
        2004032400  1468584      -4.65     301.78  1
        2004032403  1377931      -4.57     302.57  1
        2004032406  1258892      -4.43     303.44  1
        2004032409  1162907      -4.26     304.17  1
        2004032412  1053792      -4.10     304.87  1
        2004032415  1002371      -3.95     305.47  1
        2004032418  1166446      -3.89     305.75  1
        2004032421  1195042      -3.80     306.08  1
        2004032500  1146575      -3.76     306.58  1
        2004032503  1102677      -3.76     307.16  1
        2004032506  1032631      -3.73     307.67  1
        2004032509  1055020      -3.70     307.95  1
        2004032512  1043513      -3.66     308.33  1
        2004032515  1044373      -3.58     308.72  1
        2004032518  1079908      -3.49     309.08  1
        2004032521  1066928      -3.40     309.40  1
        2004032600   889050      -3.27     310.13  1
        2004032603   879807      -3.24     310.66  1
        2004032606   825140      -3.15     310.97  1
        2004032609   796598      -3.17     311.24  1
        2004032612   817412      -3.14     311.32  1
        2004032615   790445      -3.13     311.39  1
        2004032618   855197      -3.12     311.23  1
        2004032621   866875      -3.01     311.18  1
        2004032700   814610      -2.84     311.30  1
        2004032703   819386      -2.69     311.23  1
        2004032706   909707      -2.64     311.05  1
        2004032709  2320278      -3.69     301.11  1
        2004032712  2530515      -3.71     301.13  1
        2004032715  2691508      -3.69     301.56  1
        2004032718  3070976      -3.68     301.50  1
        2004032721  3481844      -3.62     300.61  1
        2004032800  3526551      -3.57     300.40  1
        2004032803  3565264      -3.49     300.36  1
        2004032806  3798020      -3.33     299.88  1
        2004032809  3914174      -3.28     299.37  1
        2004032812  3853196      -3.30     298.94  1
        2004032815  3912456      -3.26     298.68  1
        2004032818  4120964      -3.23     298.64  1
        2004032821  4433249      -3.10     298.11  1
        2004032900  4294669      -2.98     297.97  1
        2004032903  4244094      -2.95     298.00  1
        2004032906  4258046      -2.92     298.00  1
        2004032909  4330049      -2.98     297.86  1
        2004032912  4241892      -2.93     297.96  1
        2004032915  4155639      -2.93     297.92  1
        2004032918  4274031      -2.92     298.15  1
        2004032921  4286232      -2.87     298.07  1
        2004033000  4039375      -2.59     298.15  1
        2004033003  3788846      -2.47     297.90  1
        2004033006  3689714      -2.34     297.86  1
        2004033009  3572036      -2.29     297.55  1
        2004033012  3363619      -2.19     297.35  1
        2004033015  3261914      -2.16     297.26  1
        2004033018  3527338      -2.17     297.51  1
        2004033021  3542927      -2.04     297.63  1
        2004033100  3149990      -1.92     298.00  1
        2004033103  2929155      -1.73     297.98  1
        2004033106  2890572      -1.60     297.85  1
        2004033109  2493725      -1.47     298.02  1
        2004033112  2187740      -1.25     298.06  1
        2004033115  1912584      -0.98     298.34  1
        2004033118  1722999      -0.55     298.93  1
        2004033121  1415526       0.06     299.76  1
        2004040100   705032       0.81     301.22  1
        2004040103   453366       0.97     301.48  1
LPT    29.0100
        2004032615   347522     -11.49     188.28  1
        2004032618   695413     -11.32     184.66  1
        2004032621  1369694     -10.47     180.84  1
        2004032700  1695753     -10.48     180.57  1
        2004032703  1894326     -10.47     180.46  1
        2004032706  2231604     -10.33     180.09  1
        2004032709  2419373     -10.24     180.11  1
        2004032712  2603105     -10.09     180.14  1
        2004032715  2621817     -10.12     180.43  1
        2004032718  2694793     -10.08     180.66  1
        2004032721  2658996     -10.09     181.01  1
        2004032800  2626184     -10.21     181.48  1
        2004032803  2638781     -10.22     181.69  1
        2004032806  2610649     -10.32     181.85  1
        2004032809  2564892     -10.45     181.97  1
        2004032812  2569855     -10.58     182.05  1
        2004032815  2511402     -10.69     181.93  1
        2004032818  2466655     -10.78     181.65  1
        2004032821  2387144     -10.87     181.34  1
        2004032900  2383239     -10.96     181.08  1
        2004032903  2432959     -11.05     180.88  1
        2004032906  2482500     -11.06     180.60  1
        2004032909  2547155     -10.98     180.23  1
        2004032912  2608994     -10.96     180.04  1
        2004032915  2660531     -10.91     179.98  1
        2004032918  2710227     -10.78     179.73  1
        2004032921  2675582     -10.64     179.60  1
        2004033000  2678810     -10.57     179.54  1
        2004033003  2596071     -10.57     179.46  1
        2004033006  2484892     -10.65     179.46  1
        2004033009  2230633     -10.77     179.48  1
        2004033012  1945829     -11.23     179.69  1
        2004033015  1616731     -12.09     180.22  1
        2004033018  1294827     -13.01     180.76  1
        2004033021   945571     -14.06     181.32  1
        2004033100   735549     -14.71     181.69  1
        2004033103   554954     -15.01     181.79  1
        2004033106   414965     -15.30     182.01  1
        2004033109   397847     -15.30     182.15  1
        2004033112   426072     -14.95     182.03  1
        2004033115  1975433      -4.47     172.96  1
        2004033118  2361035      -3.35     171.97  1
        2004033121  2446113      -2.33     170.99  1
        2004040100  2554443      -1.25     169.92  1
        2004040103  2617493      -0.50     169.14  1
        2004040106  2807134      -0.20     168.67  1
        2004040109  2794468       0.11     168.52  1
        2004040112  2665717       0.66     168.06  1
        2004040115  2586485       0.92     167.86  1
        2004040118  2680942       1.32     167.31  1
        2004040121  2412819       1.70     167.08  1
        2004040200  2190672       2.06     166.91  1
        2004040203  1980224       2.37     166.65  1
        2004040206  1961581       2.38     166.57  1
        2004040209  2193790       1.28     167.71  1
        2004040212  8090129      -7.66     193.61  1
        2004040215  8406241      -7.72     193.19  1
        2004040218  8609066      -7.71     192.66  1
        2004040221  8750039      -7.67     192.22  1
        2004040300  8723677      -7.69     191.93  1
        2004040303  8787320      -7.67     191.61  1
        2004040306  8870776      -7.67     191.38  1
        2004040309  8824786      -7.75     191.16  1
        2004040312  8926183      -7.77     191.01  1
        2004040315  8875669      -7.89     191.40  1
        2004040318  9046339      -7.97     191.32  1
        2004040321  9047732      -8.24     191.69  1
        2004040400  8806603      -8.53     192.17  1
        2004040403  8462027      -9.10     193.35  2
        2004040406  8276789      -9.55     194.17  2
        2004040409  8036278      -9.90     194.63  2
        2004040412  7854307     -10.17     194.79  2
        2004040415  7967932     -10.08     194.02  2
        2004040418  4965880      -5.90     177.45  2
        2004040421  4978136      -6.05     177.31  2
        2004040500  5186935      -5.78     176.61  2
        2004040503  5335173      -5.67     176.14  2
        2004040506  5490607      -5.45     175.36  2
        2004040509  5587136      -5.41     174.81  2
        2004040512  5679866      -5.32     173.97  2
        2004040515  5754736      -5.15     173.19  2
        2004040518  5884766      -4.88     172.12  2
        2004040521  5906098      -4.67     170.85  2
        2004040600  4754427      -3.99     164.63  2
        2004040603  4874568      -3.91     164.24  2
        2004040606  5042048      -4.05     164.09  2
        2004040609  5194572      -4.12     163.81  2
        2004040612  5359506      -4.36     163.65  2
        2004040615  5636639      -4.64     163.49  1
        2004040618  6135294      -4.71     162.93  1
        2004040621  6477801      -4.68     162.39  1
        2004040700  6740534      -4.72     162.25  1
        2004040703  6888512      -4.86     162.25  1
        2004040706  7093140      -4.91     162.21  1
        2004040709  7440632      -4.84     162.00  1
        2004040712  7787946      -4.80     161.71  1
        2004040715  8214650      -4.64     161.40  1
        2004040718  8613165      -4.65     161.14  1
        2004040721  8674077      -4.82     161.29  1
        2004040800  8811206      -5.05     161.56  1
        2004040803  8834609      -5.15     161.62  1
        2004040806  8866135      -5.21     161.60  1
        2004040809  8884852      -5.21     161.45  1
        2004040812  8875089      -5.13     161.24  1
        2004040815  8852319      -5.09     161.17  1
        2004040818  8814795      -4.95     161.00  1
        2004040821  8789616      -4.79     160.87  1
        2004040900  8677673      -4.62     160.66  1
        2004040903  8532583      -4.53     160.65  1
        2004040906  8450522      -4.34     160.57  1
        2004040909  8301435      -4.08     160.36  1
        2004040912  8290000      -3.78     160.35  1
        2004040915  8314320      -3.42     160.26  1
        2004040918  8359853      -2.97     159.99  1
        2004040921  8355444      -2.49     159.77  1
        2004041000  8228596      -2.09     159.61  1
        2004041003  7978380      -1.62     159.27  1
        2004041006  7873122      -1.33     159.11  1
        2004041009  7823780      -1.06     158.86  1
        2004041012  6286132      -2.92     162.71  1
        2004041015  6118384      -2.66     162.64  1
        2004041018  5808456      -2.31     162.48  1
        2004041021  5138468      -2.02     162.76  1
        2004041100  4693233      -1.65     162.67  1
        2004041103  4227589      -1.34     162.78  1
        2004041106  3999895      -1.09     162.77  1
        2004041109  3794350      -0.80     162.80  1
        2004041112  3738545      -0.68     162.93  1
        2004041115  3846220      -0.72     163.19  1
        2004041118  3987144      -1.04     163.36  1
        2004041121  4116339      -1.25     163.38  1
        2004041200  4098174      -1.41     163.32  1
        2004041203  4217783      -1.57     163.40  1
        2004041206  4306885      -1.69     163.38  1
        2004041209  4360341      -1.88     163.17  1
        2004041212  4437561      -2.10     163.00  1
        2004041215  4398523      -2.22     162.65  1
        2004041218  4312197      -2.38     162.27  1
        2004041221  4098945      -2.58     161.83  1
        2004041300  3811762      -2.87     161.33  1
        2004041303  3634998      -3.03     160.98  1
        2004041306  3478621      -3.27     160.65  1
        2004041309  3340159      -3.38     160.38  1
        2004041312  3058502      -3.66     160.24  1
        2004041315  2878166      -3.66     160.25  1
        2004041318  2616991      -3.80     160.34  1
        2004041321  2451453      -4.00     160.31  1
        2004041400  2396020      -3.98     160.19  1
        2004041403  2185786      -4.50     160.41  1
        2004041406  2069255      -4.76     160.37  1
        2004041409  1941932      -5.53     160.54  1
        2004041412  1824812      -6.43     160.72  1
        2004041415  1679087      -6.90     160.69  1
        2004041418  1354888      -7.89     160.63  1
        2004041421  1067077      -8.23     160.24  1
        2004041500   749061      -8.93     159.77  1
        2004041503   474739      -9.41     159.17  1
LPT    29.0200
        2004032615   347522     -11.49     188.28  1
        2004032618   695413     -11.32     184.66  1
        2004032621  1369694     -10.47     180.84  1
        2004032700  1695753     -10.48     180.57  1
        2004032703  1894326     -10.47     180.46  1
        2004032706  2231604     -10.33     180.09  1
        2004032709  2419373     -10.24     180.11  1
        2004032712  2603105     -10.09     180.14  1
        2004032715  2621817     -10.12     180.43  1
        2004032718  2694793     -10.08     180.66  1
        2004032721  2658996     -10.09     181.01  1
        2004032800  2626184     -10.21     181.48  1
        2004032803  2638781     -10.22     181.69  1
        2004032806  2610649     -10.32     181.85  1
        2004032809  2564892     -10.45     181.97  1
        2004032812  2569855     -10.58     182.05  1
        2004032815  2511402     -10.69     181.93  1
        2004032818  2466655     -10.78     181.65  1
        2004032821  2387144     -10.87     181.34  1
        2004032900  2383239     -10.96     181.08  1
        2004032903  2432959     -11.05     180.88  1
        2004032906  2482500     -11.06     180.60  1
        2004032909  2547155     -10.98     180.23  1
        2004032912  2608994     -10.96     180.04  1
        2004032915  2660531     -10.91     179.98  1
        2004032918  2710227     -10.78     179.73  1
        2004032921  2675582     -10.64     179.60  1
        2004033000  2678810     -10.57     179.54  1
        2004033003  2596071     -10.57     179.46  1
        2004033006  2484892     -10.65     179.46  1
        2004033009  2230633     -10.77     179.48  1
        2004033012  1945829     -11.23     179.69  1
        2004033015  1616731     -12.09     180.22  1
        2004033018  1294827     -13.01     180.76  1
        2004033021   945571     -14.06     181.32  1
        2004033100   735549     -14.71     181.69  1
        2004033103   554954     -15.01     181.79  1
        2004033106   414965     -15.30     182.01  1
        2004033109   397847     -15.30     182.15  1
        2004033112   426072     -14.95     182.03  1
        2004033115  1975433      -4.47     172.96  1
        2004033118  2361035      -3.35     171.97  1
        2004033121  2446113      -2.33     170.99  1
        2004040100  2554443      -1.25     169.92  1
        2004040103  2617493      -0.50     169.14  1
        2004040106  2807134      -0.20     168.67  1
        2004040109  2794468       0.11     168.52  1
        2004040112  2665717       0.66     168.06  1
        2004040115  2586485       0.92     167.86  1
        2004040118  2680942       1.32     167.31  1
        2004040121  2412819       1.70     167.08  1
        2004040200  2190672       2.06     166.91  1
        2004040203  1980224       2.37     166.65  1
        2004040206  1961581       2.38     166.57  1
        2004040209  2193790       1.28     167.71  1
        2004040212  8090129      -7.66     193.61  1
        2004040215  8406241      -7.72     193.19  1
        2004040218  8609066      -7.71     192.66  1
        2004040221  8750039      -7.67     192.22  1
        2004040300  8723677      -7.69     191.93  1
        2004040303  8787320      -7.67     191.61  1
        2004040306  8870776      -7.67     191.38  1
        2004040309  8824786      -7.75     191.16  1
        2004040312  8926183      -7.77     191.01  1
        2004040315  8875669      -7.89     191.40  1
        2004040318  9046339      -7.97     191.32  1
        2004040321  9047732      -8.24     191.69  1
        2004040400  8806603      -8.53     192.17  1
        2004040403  8462027      -9.10     193.35  2
        2004040406  8276789      -9.55     194.17  2
        2004040409  8036278      -9.90     194.63  2
        2004040412  7854307     -10.17     194.79  2
        2004040415  7967932     -10.08     194.02  2
        2004040418  4965880      -5.90     177.45  2
        2004040421  4978136      -6.05     177.31  2
        2004040500  5186935      -5.78     176.61  2
        2004040503  5335173      -5.67     176.14  2
        2004040506  5490607      -5.45     175.36  2
        2004040509  5587136      -5.41     174.81  2
        2004040512  5679866      -5.32     173.97  2
        2004040515  5754736      -5.15     173.19  2
        2004040518  5884766      -4.88     172.12  2
        2004040521  5906098      -4.67     170.85  2
        2004040600  4754427      -3.99     164.63  2
        2004040603  4874568      -3.91     164.24  2
        2004040606  5042048      -4.05     164.09  2
        2004040609  5194572      -4.12     163.81  2
        2004040612  5359506      -4.36     163.65  2
        2004040615  5636639      -4.64     163.49  1
        2004040618  6135294      -4.71     162.93  1
        2004040621  6477801      -4.68     162.39  1
        2004040700  6740534      -4.72     162.25  1
        2004040703  6888512      -4.86     162.25  1
        2004040706  7093140      -4.91     162.21  1
        2004040709  7440632      -4.84     162.00  1
        2004040712  7787946      -4.80     161.71  1
        2004040715  8214650      -4.64     161.40  1
        2004040718  8613165      -4.65     161.14  1
        2004040721  8674077      -4.82     161.29  1
        2004040800  8811206      -5.05     161.56  1
        2004040803  8834609      -5.15     161.62  1
        2004040806  8866135      -5.21     161.60  1
        2004040809  8884852      -5.21     161.45  1
        2004040812  8875089      -5.13     161.24  1
        2004040815  8852319      -5.09     161.17  1
        2004040818  8814795      -4.95     161.00  1
        2004040821  8789616      -4.79     160.87  1
        2004040900  8677673      -4.62     160.66  1
        2004040903  8532583      -4.53     160.65  1
        2004040906  8450522      -4.34     160.57  1
        2004040909  8301435      -4.08     160.36  1
        2004040912  8290000      -3.78     160.35  1
        2004040915  8314320      -3.42     160.26  1
        2004040918  8359853      -2.97     159.99  1
        2004040921  8355444      -2.49     159.77  1
        2004041000  8228596      -2.09     159.61  1
        2004041003  7978380      -1.62     159.27  1
        2004041006  7873122      -1.33     159.11  1
        2004041009  7823780      -1.06     158.86  1
        2004041012  1247143       9.03     138.74  1
        2004041015  1195120       9.11     138.43  1
        2004041018  1107712       9.31     137.93  1
        2004041021  1087395       9.48     137.49  1
        2004041100  1067110       9.64     137.07  1
        2004041103  1035499       9.78     136.79  1
        2004041106  1053036       9.99     136.35  1
        2004041109  1089942      10.31     135.87  1
        2004041112  1093843      10.70     135.21  1
        2004041115  1007367      10.95     134.82  1
        2004041118  1001983      11.19     134.50  1
        2004041121  1038466      11.55     134.05  1
        2004041200  1067832      11.96     133.58  1
        2004041203  1147135      12.46     133.09  1
        2004041206  1191648      12.76     132.85  1
        2004041209  1230848      13.04     132.63  1
        2004041212  1256407      13.32     132.38  1
        2004041215  1233783      13.49     132.26  1
        2004041218  1223110      13.67     132.10  1
        2004041221  1243411      13.93     131.95  1
        2004041300  1202839      14.25     131.74  1
        2004041303  1170508      14.57     131.61  1
        2004041306  1150779      14.77     131.53  1
        2004041309  1130385      14.96     131.49  1
        2004041312  1112389      15.13     131.45  1
        2004041315  1120775      15.37     131.48  1
        2004041318  1119277      15.51     131.49  1
        2004041321  1106185      15.74     131.53  1
        2004041400  1081670      16.02     131.58  1
        2004041403  1083312      16.39     131.70  1
        2004041406  1058156      16.53     131.74  1
        2004041409   981153      16.84     131.86  1
        2004041412   889423      17.19     132.01  1
        2004041415   795021      17.72     132.31  1
        2004041418   770800      17.88     132.47  1
        2004041421   729860      18.19     132.68  1
        2004041500   615157      18.70     133.09  1
        2004041503   451672      19.14     133.45  1
LPT    29.0300
        2004033003   345640     -14.28     211.88  1
        2004033006   788644     -12.68     209.50  1
        2004033009  1008093     -12.05     208.51  1
        2004033012  1550526     -11.69     207.35  1
        2004033015  2206055     -11.50     206.41  1
        2004033018  2612109     -11.25     205.52  1
        2004033021  3000912     -11.15     205.13  1
        2004033100  3264790     -11.08     204.90  1
        2004033103  3399801     -10.99     204.76  1
        2004033106  3503531     -10.79     204.47  1
        2004033109  3591136     -10.67     204.28  1
        2004033112  3696094     -10.62     204.21  1
        2004033115  3813202     -10.63     204.51  1
        2004033118  3935360     -10.65     204.87  1
        2004033121  4034638     -10.68     205.32  1
        2004040100  4110778     -10.74     205.70  1
        2004040103  4152760     -10.76     205.96  1
        2004040106  4215105     -10.78     206.25  1
        2004040109  4276716     -10.79     206.43  1
        2004040112  4351739     -10.78     206.41  1
        2004040115  4506455     -10.84     206.53  1
        2004040118  4580352     -10.89     206.58  1
        2004040121  4696565     -10.95     206.47  1
        2004040200  4786077     -11.01     206.40  1
        2004040203  4883996     -11.06     206.32  1
        2004040206  5011525     -11.06     206.13  1
        2004040209  5141522     -11.06     205.72  1
        2004040212  8090129      -7.66     193.61  1
        2004040215  8406241      -7.72     193.19  1
        2004040218  8609066      -7.71     192.66  1
        2004040221  8750039      -7.67     192.22  1
        2004040300  8723677      -7.69     191.93  1
        2004040303  8787320      -7.67     191.61  1
        2004040306  8870776      -7.67     191.38  1
        2004040309  8824786      -7.75     191.16  1
        2004040312  8926183      -7.77     191.01  1
        2004040315  8875669      -7.89     191.40  1
        2004040318  9046339      -7.97     191.32  1
        2004040321  9047732      -8.24     191.69  1
        2004040400  8806603      -8.53     192.17  1
        2004040403  8462027      -9.10     193.35  2
        2004040406  8276789      -9.55     194.17  2
        2004040409  8036278      -9.90     194.63  2
        2004040412  7854307     -10.17     194.79  2
        2004040415  7967932     -10.08     194.02  2
        2004040418  4965880      -5.90     177.45  2
        2004040421  4978136      -6.05     177.31  2
        2004040500  5186935      -5.78     176.61  2
        2004040503  5335173      -5.67     176.14  2
        2004040506  5490607      -5.45     175.36  2
        2004040509  5587136      -5.41     174.81  2
        2004040512  5679866      -5.32     173.97  2
        2004040515  5754736      -5.15     173.19  2
        2004040518  5884766      -4.88     172.12  2
        2004040521  5906098      -4.67     170.85  2
        2004040600  4754427      -3.99     164.63  2
        2004040603  4874568      -3.91     164.24  2
        2004040606  5042048      -4.05     164.09  2
        2004040609  5194572      -4.12     163.81  2
        2004040612  5359506      -4.36     163.65  2
        2004040615  5636639      -4.64     163.49  1
        2004040618  6135294      -4.71     162.93  1
        2004040621  6477801      -4.68     162.39  1
        2004040700  6740534      -4.72     162.25  1
        2004040703  6888512      -4.86     162.25  1
        2004040706  7093140      -4.91     162.21  1
        2004040709  7440632      -4.84     162.00  1
        2004040712  7787946      -4.80     161.71  1
        2004040715  8214650      -4.64     161.40  1
        2004040718  8613165      -4.65     161.14  1
        2004040721  8674077      -4.82     161.29  1
        2004040800  8811206      -5.05     161.56  1
        2004040803  8834609      -5.15     161.62  1
        2004040806  8866135      -5.21     161.60  1
        2004040809  8884852      -5.21     161.45  1
        2004040812  8875089      -5.13     161.24  1
        2004040815  8852319      -5.09     161.17  1
        2004040818  8814795      -4.95     161.00  1
        2004040821  8789616      -4.79     160.87  1
        2004040900  8677673      -4.62     160.66  1
        2004040903  8532583      -4.53     160.65  1
        2004040906  8450522      -4.34     160.57  1
        2004040909  8301435      -4.08     160.36  1
        2004040912  8290000      -3.78     160.35  1
        2004040915  8314320      -3.42     160.26  1
        2004040918  8359853      -2.97     159.99  1
        2004040921  8355444      -2.49     159.77  1
        2004041000  8228596      -2.09     159.61  1
        2004041003  7978380      -1.62     159.27  1
        2004041006  7873122      -1.33     159.11  1
        2004041009  7823780      -1.06     158.86  1
        2004041012  6286132      -2.92     162.71  1
        2004041015  6118384      -2.66     162.64  1
        2004041018  5808456      -2.31     162.48  1
        2004041021  5138468      -2.02     162.76  1
        2004041100  4693233      -1.65     162.67  1
        2004041103  4227589      -1.34     162.78  1
        2004041106  3999895      -1.09     162.77  1
        2004041109  3794350      -0.80     162.80  1
        2004041112  3738545      -0.68     162.93  1
        2004041115  3846220      -0.72     163.19  1
        2004041118  3987144      -1.04     163.36  1
        2004041121  4116339      -1.25     163.38  1
        2004041200  4098174      -1.41     163.32  1
        2004041203  4217783      -1.57     163.40  1
        2004041206  4306885      -1.69     163.38  1
        2004041209  4360341      -1.88     163.17  1
        2004041212  4437561      -2.10     163.00  1
        2004041215  4398523      -2.22     162.65  1
        2004041218  4312197      -2.38     162.27  1
        2004041221  4098945      -2.58     161.83  1
        2004041300  3811762      -2.87     161.33  1
        2004041303  3634998      -3.03     160.98  1
        2004041306  3478621      -3.27     160.65  1
        2004041309  3340159      -3.38     160.38  1
        2004041312  3058502      -3.66     160.24  1
        2004041315  2878166      -3.66     160.25  1
        2004041318  2616991      -3.80     160.34  1
        2004041321  2451453      -4.00     160.31  1
        2004041400  2396020      -3.98     160.19  1
        2004041403  2185786      -4.50     160.41  1
        2004041406  2069255      -4.76     160.37  1
        2004041409  1941932      -5.53     160.54  1
        2004041412  1824812      -6.43     160.72  1
        2004041415  1679087      -6.90     160.69  1
        2004041418  1354888      -7.89     160.63  1
        2004041421  1067077      -8.23     160.24  1
        2004041500   749061      -8.93     159.77  1
        2004041503   474739      -9.41     159.17  1
LPT    29.0400
        2004033003   345640     -14.28     211.88  1
        2004033006   788644     -12.68     209.50  1
        2004033009  1008093     -12.05     208.51  1
        2004033012  1550526     -11.69     207.35  1
        2004033015  2206055     -11.50     206.41  1
        2004033018  2612109     -11.25     205.52  1
        2004033021  3000912     -11.15     205.13  1
        2004033100  3264790     -11.08     204.90  1
        2004033103  3399801     -10.99     204.76  1
        2004033106  3503531     -10.79     204.47  1
        2004033109  3591136     -10.67     204.28  1
        2004033112  3696094     -10.62     204.21  1
        2004033115  3813202     -10.63     204.51  1
        2004033118  3935360     -10.65     204.87  1
        2004033121  4034638     -10.68     205.32  1
        2004040100  4110778     -10.74     205.70  1
        2004040103  4152760     -10.76     205.96  1
        2004040106  4215105     -10.78     206.25  1
        2004040109  4276716     -10.79     206.43  1
        2004040112  4351739     -10.78     206.41  1
        2004040115  4506455     -10.84     206.53  1
        2004040118  4580352     -10.89     206.58  1
        2004040121  4696565     -10.95     206.47  1
        2004040200  4786077     -11.01     206.40  1
        2004040203  4883996     -11.06     206.32  1
        2004040206  5011525     -11.06     206.13  1
        2004040209  5141522     -11.06     205.72  1
        2004040212  8090129      -7.66     193.61  1
        2004040215  8406241      -7.72     193.19  1
        2004040218  8609066      -7.71     192.66  1
        2004040221  8750039      -7.67     192.22  1
        2004040300  8723677      -7.69     191.93  1
        2004040303  8787320      -7.67     191.61  1
        2004040306  8870776      -7.67     191.38  1
        2004040309  8824786      -7.75     191.16  1
        2004040312  8926183      -7.77     191.01  1
        2004040315  8875669      -7.89     191.40  1
        2004040318  9046339      -7.97     191.32  1
        2004040321  9047732      -8.24     191.69  1
        2004040400  8806603      -8.53     192.17  1
        2004040403  8462027      -9.10     193.35  2
        2004040406  8276789      -9.55     194.17  2
        2004040409  8036278      -9.90     194.63  2
        2004040412  7854307     -10.17     194.79  2
        2004040415  7967932     -10.08     194.02  2
        2004040418  4965880      -5.90     177.45  2
        2004040421  4978136      -6.05     177.31  2
        2004040500  5186935      -5.78     176.61  2
        2004040503  5335173      -5.67     176.14  2
        2004040506  5490607      -5.45     175.36  2
        2004040509  5587136      -5.41     174.81  2
        2004040512  5679866      -5.32     173.97  2
        2004040515  5754736      -5.15     173.19  2
        2004040518  5884766      -4.88     172.12  2
        2004040521  5906098      -4.67     170.85  2
        2004040600  4754427      -3.99     164.63  2
        2004040603  4874568      -3.91     164.24  2
        2004040606  5042048      -4.05     164.09  2
        2004040609  5194572      -4.12     163.81  2
        2004040612  5359506      -4.36     163.65  2
        2004040615  5636639      -4.64     163.49  1
        2004040618  6135294      -4.71     162.93  1
        2004040621  6477801      -4.68     162.39  1
        2004040700  6740534      -4.72     162.25  1
        2004040703  6888512      -4.86     162.25  1
        2004040706  7093140      -4.91     162.21  1
        2004040709  7440632      -4.84     162.00  1
        2004040712  7787946      -4.80     161.71  1
        2004040715  8214650      -4.64     161.40  1
        2004040718  8613165      -4.65     161.14  1
        2004040721  8674077      -4.82     161.29  1
        2004040800  8811206      -5.05     161.56  1
        2004040803  8834609      -5.15     161.62  1
        2004040806  8866135      -5.21     161.60  1
        2004040809  8884852      -5.21     161.45  1
        2004040812  8875089      -5.13     161.24  1
        2004040815  8852319      -5.09     161.17  1
        2004040818  8814795      -4.95     161.00  1
        2004040821  8789616      -4.79     160.87  1
        2004040900  8677673      -4.62     160.66  1
        2004040903  8532583      -4.53     160.65  1
        2004040906  8450522      -4.34     160.57  1
        2004040909  8301435      -4.08     160.36  1
        2004040912  8290000      -3.78     160.35  1
        2004040915  8314320      -3.42     160.26  1
        2004040918  8359853      -2.97     159.99  1
        2004040921  8355444      -2.49     159.77  1
        2004041000  8228596      -2.09     159.61  1
        2004041003  7978380      -1.62     159.27  1
        2004041006  7873122      -1.33     159.11  1
        2004041009  7823780      -1.06     158.86  1
        2004041012  1247143       9.03     138.74  1
        2004041015  1195120       9.11     138.43  1
        2004041018  1107712       9.31     137.93  1
        2004041021  1087395       9.48     137.49  1
        2004041100  1067110       9.64     137.07  1
        2004041103  1035499       9.78     136.79  1
        2004041106  1053036       9.99     136.35  1
        2004041109  1089942      10.31     135.87  1
        2004041112  1093843      10.70     135.21  1
        2004041115  1007367      10.95     134.82  1
        2004041118  1001983      11.19     134.50  1
        2004041121  1038466      11.55     134.05  1
        2004041200  1067832      11.96     133.58  1
        2004041203  1147135      12.46     133.09  1
        2004041206  1191648      12.76     132.85  1
        2004041209  1230848      13.04     132.63  1
        2004041212  1256407      13.32     132.38  1
        2004041215  1233783      13.49     132.26  1
        2004041218  1223110      13.67     132.10  1
        2004041221  1243411      13.93     131.95  1
        2004041300  1202839      14.25     131.74  1
        2004041303  1170508      14.57     131.61  1
        2004041306  1150779      14.77     131.53  1
        2004041309  1130385      14.96     131.49  1
        2004041312  1112389      15.13     131.45  1
        2004041315  1120775      15.37     131.48  1
        2004041318  1119277      15.51     131.49  1
        2004041321  1106185      15.74     131.53  1
        2004041400  1081670      16.02     131.58  1
        2004041403  1083312      16.39     131.70  1
        2004041406  1058156      16.53     131.74  1
        2004041409   981153      16.84     131.86  1
        2004041412   889423      17.19     132.01  1
        2004041415   795021      17.72     132.31  1
        2004041418   770800      17.88     132.47  1
        2004041421   729860      18.19     132.68  1
        2004041500   615157      18.70     133.09  1
        2004041503   451672      19.14     133.45  1
LPT    30.0100
        2004041406   345839     -13.81     214.94  1
        2004041409   460088     -13.30     214.00  1
        2004041412   634735     -12.58     212.74  1
        2004041415   970254     -12.09     211.89  1
        2004041418  1186514     -11.80     211.32  1
        2004041421  1417207     -11.56     210.99  1
        2004041500  1505542     -11.43     210.67  1
        2004041503  1633406     -11.27     210.26  1
        2004041506  1790857     -11.12     209.74  1
        2004041509  1921784     -10.99     209.13  1
        2004041512  2000774     -10.84     208.69  1
        2004041515  2054126     -10.69     208.22  1
        2004041518  2088566     -10.54     207.76  1
        2004041521  2138392     -10.46     207.35  1
        2004041600  2129016     -10.39     207.02  1
        2004041603  2172162     -10.29     206.69  1
        2004041606  2178704     -10.22     206.35  1
        2004041609  2187816     -10.11     206.02  1
        2004041612  2152313      -9.97     205.54  1
        2004041615  2177897      -9.77     205.11  1
        2004041618  2258697      -9.64     204.35  1
        2004041621  2565674      -9.54     202.21  1
        2004041700  3099942      -9.41     199.05  1
        2004041703  3524881      -9.22     197.02  1
        2004041706  3879341      -9.08     195.34  1
        2004041709  4305878      -8.95     193.65  1
        2004041712  4578532      -8.83     192.38  1
        2004041715  4891099      -8.77     190.88  1
        2004041718  5640779     -10.66     188.70  1
        2004041721  5715079     -10.66     187.92  1
        2004041800  5788337     -10.97     187.34  1
        2004041803  5827806     -11.04     186.97  1
        2004041806  5878160     -11.32     186.45  1
        2004041809  5872772     -11.45     186.01  1
        2004041812  5993080     -11.76     185.67  1
        2004041815  6194225     -12.21     185.57  1
        2004041818  6314669     -12.58     185.48  1
        2004041821  6418626     -12.89     185.41  1
        2004041900  6428375     -13.02     185.40  1
        2004041903  6441927     -12.96     185.42  1
        2004041906  6376830     -12.81     185.37  1
        2004041909  6311854     -12.75     185.32  1
        2004041912  6166032     -12.52     185.24  1
        2004041915  6062230     -12.43     185.15  1
        2004041918  5190250      -9.66     183.53  1
        2004041921  4967897      -9.48     183.15  1
        2004042000  4748201      -9.37     182.84  1
        2004042003  4501669      -9.24     182.55  1
        2004042006  4271480      -9.08     182.21  1
        2004042009  4006765      -9.02     182.09  1
        2004042012  3724941      -8.91     181.87  1
        2004042015  3514391      -8.76     181.57  1
        2004042018  3206010      -8.54     181.24  1
        2004042021  2920892      -8.09     180.44  1
        2004042100  2556401      -7.38     179.21  1
        2004042103  2256812      -6.31     177.42  1
        2004042106  1894618      -4.63     174.12  1
        2004042109  1605308      -3.20     170.44  1
        2004042112  1567107      -2.94     169.32  1
        2004042115  1548605      -2.91     168.41  1
        2004042118  1453783      -2.89     167.89  1
        2004042121  1243240      -2.97     167.13  1
        2004042200   967832      -3.19     166.22  1
        2004042203   665453      -3.46     165.28  1
        2004042206   329990      -3.71     164.36  1
LPT    31.0100
        2004042803   506342       2.01      88.21  1
        2004042806   794239       1.45      88.34  1
        2004042809  1113696       0.63      88.41  1
        2004042812  1455228       0.10      88.24  1
        2004042815  1757995      -0.33      88.14  1
        2004042818  2056037      -0.54      88.05  1
        2004042821  2318483      -0.77      87.95  1
        2004042900  2448599      -0.73      87.98  1
        2004042903  2525872      -0.52      88.05  1
        2004042906  2622335      -0.33      88.27  1
        2004042909  2932161      -0.15      88.90  1
        2004042912  3018394      -0.04      89.25  1
        2004042915  3059922       0.04      89.52  1
        2004042918  3156716       0.05      89.85  1
        2004042921  3257105      -0.05      89.97  1
        2004043000  3318214      -0.14      90.02  1
        2004043003  3463717      -0.30      89.94  1
        2004043006  3572572      -0.40      89.99  1
        2004043009  3690877      -0.40      90.07  1
        2004043012  3786161      -0.47      90.01  1
        2004043015  3833926      -0.58      89.91  1
        2004043018  3990041      -0.65      89.97  1
        2004043021  4133872      -0.60      89.84  1
        2004050100  4169416      -0.49      89.80  1
        2004050103  4129714      -0.34      89.74  1
        2004050106  4107800      -0.22      89.63  1
        2004050109  4067895      -0.05      89.59  1
        2004050112  3871898       0.19      89.32  1
        2004050115  3800918       0.35      89.21  1
        2004050118  3726070       0.55      89.05  1
        2004050121  3625662       0.69      88.80  1
        2004050200  3650697       0.73      88.41  1
        2004050203  3759693       0.65      87.86  1
        2004050206  3872416       0.58      87.37  1
        2004050209  3974272       0.66      86.93  1
        2004050212  4058398       0.73      86.16  1
        2004050215  4323045       0.75      85.46  1
        2004050218  4721699       0.80      84.51  1
        2004050221  5068930       0.80      83.67  1
        2004050300  5338955       0.91      83.02  1
        2004050303  5588331       0.89      82.36  1
        2004050306  5743972       0.92      81.99  1
        2004050309  5876618       0.97      81.64  1
        2004050312  5974136       0.98      81.34  1
        2004050315  6160955       0.98      81.08  1
        2004050318  6360595       1.10      81.00  1
        2004050321  6428975       1.14      81.05  1
        2004050400  6484392       1.13      81.06  1
        2004050403  6563741       1.03      80.97  1
        2004050406  6637320       0.92      80.94  1
        2004050409  6738982       0.92      81.13  1
        2004050412  6883439       0.85      81.26  1
        2004050415  7144507       0.79      81.50  1
        2004050418  7269643       0.67      81.57  1
        2004050421  7492768       0.62      81.84  1
        2004050500  7813868       0.54      82.19  1
        2004050503  8062948       0.47      82.36  1
        2004050506  8321900       0.44      82.64  1
        2004050509  8541491       0.45      83.04  1
        2004050512  8912051       0.42      83.43  1
        2004050515  9132049       0.30      83.76  1
        2004050518  9287166       0.22      84.07  1
        2004050521  9343645       0.13      84.51  1
        2004050600  9432582       0.08      84.79  1
        2004050603  9459588       0.05      85.06  1
        2004050606  9545875       0.16      85.48  1
        2004050609  9510079       0.19      85.75  1
        2004050612  9497565       0.22      85.80  1
        2004050615  9396275       0.19      86.18  1
        2004050618  9280813       0.30      86.70  1
        2004050621  9190960       0.28      87.43  1
        2004050700  9246878       0.39      88.17  1
        2004050703  9190770       0.41      89.04  1
        2004050706  7522551      -1.48      93.05  1
        2004050709  7482137      -1.25      93.96  1
        2004050712  7338591      -1.00      94.66  1
        2004050715  7065408      -0.70      95.63  1
        2004050718  6634126      -0.19      96.96  1
        2004050721  5770293       1.11      99.67  1
        2004050800  5690750       1.30     100.33  1
        2004050803  5589644       1.54     101.08  1
        2004050806  5615138       1.75     101.99  1
        2004050809  5674542       1.91     103.01  1
        2004050812  5559523       2.11     104.11  1
        2004050815  5307925       2.21     105.31  1
        2004050818  5153012       2.42     106.72  1
        2004050821  5037028       2.61     108.56  1
        2004050900  4747774       2.67     111.15  1
        2004050903  3769470       2.16     116.64  1
        2004050906  4033908       2.12     117.71  1
        2004050909  4272154       2.02     118.76  1
        2004050912  4422047       1.93     119.75  1
        2004050915  4629012       1.79     120.77  1
        2004050918  4740361       1.80     121.65  1
        2004050921  4781835       1.80     122.64  1
        2004051000  4816185       1.83     123.84  1
        2004051003  4958096       1.87     124.81  1
        2004051006  5387175       1.95     126.80  1
        2004051009  5701078       1.98     127.98  1
        2004051012  5947601       2.03     129.00  1
        2004051015  6170673       2.06     129.71  1
        2004051018  6579003       2.07     131.09  1
        2004051021  6749857       2.07     132.12  1
        2004051100  6910385       2.06     132.91  1
        2004051103  7101777       2.03     133.80  1
        2004051106  7265010       1.97     134.60  1
        2004051109  7511830       1.90     135.71  1
        2004051112  7716060       1.82     136.70  1
        2004051115  7897428       1.74     137.69  1
        2004051118  8387725       1.76     139.11  1
        2004051121  8574145       1.78     139.68  1
        2004051200  8633153       1.79     140.50  1
        2004051203  8617865       1.81     141.21  1
        2004051206  8594580       1.82     141.61  1
        2004051209  8503703       1.80     142.07  1
        2004051212  8472276       1.76     142.66  1
        2004051215  8389258       1.74     143.18  1
        2004051218  8332935       1.69     143.70  1
        2004051221  8322924       1.72     143.83  1
        2004051300  8299393       1.78     143.94  1
        2004051303  8248120       1.82     144.21  1
        2004051306  8160062       1.85     144.62  1
        2004051309  8090269       1.85     144.79  1
        2004051312  8034129       1.86     144.98  1
        2004051315  7933642       1.87     145.09  1
        2004051318  7946665       1.93     144.92  1
        2004051321  7912549       2.00     144.62  1
        2004051400  7878944       2.10     144.28  1
        2004051403  7620114       2.15     144.11  1
        2004051406  7248387       2.15     144.07  1
        2004051409  4776988       0.60     153.04  1
        2004051412  4560212       0.52     153.12  1
        2004051415  4321993       0.52     153.23  1
        2004051418  4081522       0.46     153.19  1
        2004051421  3548346       0.37     152.81  1
        2004051500  3070896       0.22     152.53  1
        2004051503  2523809      -0.06     152.02  1
        2004051506  2079658      -0.28     151.51  1
        2004051509  1676122      -0.38     151.21  1
        2004051512  1144442      -0.51     150.83  1
        2004051515   410886      -0.39     150.17  1
LPT    32.0100
        2004050218   344351       1.86     286.40  1
        2004050221   365923       2.01     286.10  1
        2004050300   418347       2.17     285.84  1
        2004050303   459164       2.37     285.61  1
        2004050306   584085       2.43     285.57  1
        2004050309   574113       2.27     285.70  1
        2004050312   567250       2.08     285.91  1
        2004050315   503345       1.70     286.36  1
        2004050318   458781       0.67     287.70  1
        2004050321   705780       0.69     288.09  1
        2004050400   616300       0.29     288.58  1
        2004050403   687330       0.18     288.96  1
        2004050406   754490       0.03     289.31  1
        2004050409   674997      -0.00     289.40  1
        2004050412   568485       0.02     289.74  1
        2004050415   575453       0.19     290.25  1
        2004050418   681239       0.48     291.11  1
        2004050421   861865       0.78     291.91  1
        2004050500   563117       0.77     291.71  1
        2004050503   726048       0.55     292.18  1
        2004050506   867341       0.41     292.35  1
        2004050509   990803       0.10     292.30  1
        2004050512  1116584      -0.01     292.39  1
        2004050515  1235408      -0.14     292.66  1
        2004050518  2942191      -0.13     305.12  1
        2004050521  3499973       0.03     304.95  1
        2004050600  3572467       0.09     304.73  1
        2004050603  3708244       0.30     303.86  1
        2004050606  3603143       0.43     302.45  1
        2004050609  3164851       0.76     299.88  1
        2004050612  3023536       0.71     299.52  1
        2004050615  2882215       0.62     299.17  1
        2004050618  2888946       0.58     299.21  1
        2004050621  2733892       0.69     299.79  1
        2004050700  2355760       0.81     300.82  1
        2004050703  2294015       0.82     301.00  1
        2004050706  2049396       0.87     301.68  1
        2004050709  1809478       0.89     302.59  1
        2004050712  1740078       0.84     303.13  1
        2004050715  1656724       0.83     303.76  1
        2004050718  1616595       0.85     304.42  1
        2004050721  1591088       0.85     304.91  1
        2004050800  1522377       0.93     305.39  1
        2004050803  1591818       0.83     305.49  1
        2004050806  1666579       0.83     305.83  1
        2004050809  1692818       0.86     306.19  1
        2004050812  1716723       0.84     306.24  1
        2004050815  1700535       0.84     306.46  1
        2004050818  1757582       0.84     306.52  1
        2004050821  1793028       0.79     306.56  1
        2004050900  1719806       0.68     306.57  1
        2004050903  1746806       0.60     306.63  1
        2004050906  1613415       0.55     306.57  1
        2004050909  1560214       0.52     306.41  1
        2004050912  1418310       0.49     306.41  1
        2004050915  1253226       0.45     306.53  1
        2004050918  1065728       0.40     306.54  1
        2004050921   864274       0.32     306.68  1
        2004051000   606396       0.28     306.64  1
        2004051003   393242       0.27     306.88  1
LPT    33.0100
        2004051218   337342      12.34      94.16  1
        2004051221   548062      12.20      94.16  1
        2004051300   755912      12.06      94.17  1
        2004051303   879786      12.03      94.25  1
        2004051306   976076      12.10      94.35  1
        2004051309  1098423      12.25      94.42  1
        2004051312  1105236      12.24      94.27  1
        2004051315  1163028      12.30      94.19  1
        2004051318  1234085      12.40      94.04  1
        2004051321  1288839      12.45      93.85  1
        2004051400  1409244      12.45      93.66  1
        2004051403  1491577      12.39      93.55  1
        2004051406  1546041      12.35      93.41  1
        2004051409  1681701      12.35      92.89  1
        2004051412  1834970      12.39      92.37  1
        2004051415  1906921      12.43      92.15  1
        2004051418  2032237      12.63      92.01  1
        2004051421  2121927      12.67      91.90  1
        2004051500  2292875      12.97      91.97  1
        2004051503  2541272      13.63      92.18  1
        2004051506  2564556      13.70      92.19  1
        2004051509  2647340      13.95      92.19  1
        2004051512  2749418      14.15      92.00  1
        2004051515  2788196      14.33      91.92  1
        2004051518  2834976      14.37      91.76  1
        2004051521  2891561      14.44      91.68  1
        2004051600  2958505      14.46      91.42  1
        2004051603  3046867      14.67      91.24  1
        2004051606  3080459      14.73      91.11  1
        2004051609  3137670      14.78      91.03  1
        2004051612  3127221      14.84      90.93  1
        2004051615  3142219      14.84      90.96  1
        2004051618  3129519      14.82      91.02  1
        2004051621  3112739      14.70      90.96  1
        2004051700  3188588      14.82      91.00  1
        2004051703  3092083      14.88      90.96  1
        2004051706  3126409      15.13      91.07  1
        2004051709  3193515      15.52      91.21  1
        2004051712  3099073      15.83      91.50  1
        2004051715  2979822      16.09      91.68  1
        2004051718  2921680      16.37      91.75  1
        2004051721  2745180      16.21      91.70  1
        2004051800  2807488      16.51      91.55  1
        2004051803  2754719      16.66      91.36  1
        2004051806  2772533      16.91      91.23  1
        2004051809  2894145      17.22      91.39  1
        2004051812  2952745      17.53      91.63  1
        2004051815  3031542      18.09      92.11  1
        2004051818  3255617      18.58      92.60  1
        2004051821  3490240      19.04      93.07  1
        2004051900  3576835      19.33      93.38  1
        2004051903  3545988      19.62      93.67  1
        2004051906  3472286      19.86      93.93  1
        2004051909  3456971      20.03      94.13  1
        2004051912  3375802      20.35      94.29  1
        2004051915  3287621      20.60      94.39  1
        2004051918  3237671      20.82      94.52  1
        2004051921  3219020      20.99      94.65  1
        2004052000  3124266      21.20      94.87  1
        2004052003  3009951      21.40      95.12  1
        2004052006  2992644      21.44      95.30  1
        2004052009  2917041      21.53      95.48  1
        2004052012  2789635      21.47      95.58  1
        2004052015  2734061      21.50      95.66  1
        2004052018  2696022      21.36      95.77  1
        2004052021  2679558      21.04      95.69  1
        2004052100  2656243      20.89      95.72  1
        2004052103  2479584      20.83      95.92  1
        2004052106  2385927      20.66      96.03  1
        2004052109  2325871      20.38      96.27  1
        2004052112  2170749      20.17      96.35  1
        2004052115  2065436      19.94      96.37  1
        2004052118  1895744      19.49      96.33  1
        2004052121  1680227      19.05      96.48  1
        2004052200  1400118      18.41      96.86  1
        2004052203  1170194      17.59      97.27  1
        2004052206  1085601      16.86      97.60  1
        2004052209  1012648      16.30      97.76  1
        2004052212   890713      15.77      97.96  1
        2004052215   852766      15.45      98.03  1
        2004052218   820537      15.14      98.05  1
        2004052221   803578      14.90      98.00  1
        2004052300   762670      14.66      97.94  1
        2004052303   747035      14.43      97.87  1
        2004052306   768316      14.32      97.76  1
        2004052309   726782      14.22      97.70  1
        2004052312   718933      14.10      97.62  1
        2004052315   684913      13.97      97.55  1
        2004052318   650087      13.83      97.49  1
        2004052321   552328      13.66      97.33  1
        2004052400   419046      13.53      97.23  1
        2004052403   332925      13.37      97.06  1
        2004052406   330982      13.15      96.93  1
        2004052409   330748      12.76      96.83  1
        2004052415   350835      11.82      96.45  1
        2004052418   359667      11.41      96.28  1
        2004052421   410301      10.93      96.21  1
        2004052500   468120      10.29      96.04  1
        2004052503   456192       9.57      95.89  1
        2004052506   594193       8.47      95.80  1
        2004052509   750005       6.99      95.89  1
        2004052512  1000499       5.32      96.33  1
        2004052515  1336410       4.10      96.65  1
        2004052518  1636990       3.10      97.03  1
        2004052521  1946239       1.91      97.41  1
        2004052600  2229138       1.61      97.57  1
        2004052603  2436901       1.28      97.63  1
        2004052606  2649579       1.27      97.61  1
        2004052609  2841954       1.01      97.66  1
        2004052612  3045649       0.99      97.58  1
        2004052615  3150575       0.89      97.51  1
        2004052618  3260752       0.66      97.42  1
        2004052621  3285139       0.60      97.32  1
        2004052700  3306536       0.40      97.31  1
        2004052703  3249101       0.22      97.35  1
        2004052706  3184914      -0.03      97.41  1
        2004052709  3175864      -0.23      97.58  1
        2004052712  2997048      -0.56      97.81  1
        2004052715  2727159      -1.41      98.31  1
        2004052718  2368430      -2.62      99.04  1
        2004052721  1894683      -4.74     100.20  1
        2004052800  1914623      -5.10     100.02  1
        2004052803  1979844      -5.42      99.82  1
        2004052806  1985569      -5.59      99.59  1
        2004052809  1951515      -5.75      99.50  1
        2004052812  1718051      -5.88      99.19  1
        2004052815  1580025      -5.89      98.98  1
        2004052818  1405803      -5.92      98.63  1
        2004052821  1268110      -6.06      97.73  1
        2004052900   494727      -6.89      92.26  1
        2004052903   378697      -7.16      90.51  1
LPT    34.0100
        2004051612   354561       0.69     287.25  1
        2004051615   508181       0.88     287.02  1
        2004051618   724820       1.50     286.54  1
        2004051621  1143955       2.67     285.58  1
        2004051700  1247420       3.07     285.13  1
        2004051703  1288717       3.30     284.96  1
        2004051706  1349258       3.50     284.84  1
        2004051709  1462519       3.89     284.64  1
        2004051712  1576422       4.21     284.35  1
        2004051715  1687791       4.56     284.09  1
        2004051718  1950475       5.05     283.62  1
        2004051721  2130689       5.31     283.56  1
        2004051800  2284025       5.52     283.51  1
        2004051803  2426658       5.73     283.56  1
        2004051806  2626687       5.74     283.81  1
        2004051809  2692638       5.77     283.91  1
        2004051812  2673119       5.89     283.88  1
        2004051815  2581108       5.94     283.94  1
        2004051818  2645790       6.07     283.98  1
        2004051821  2742135       6.18     284.33  1
        2004051900  2658811       6.35     284.37  1
        2004051903  2586511       6.48     284.59  1
        2004051906  2626194       6.41     285.28  1
        2004051909  2609413       6.58     285.11  1
        2004051912  2566314       6.81     284.49  1
        2004051915  2640136       7.07     283.49  1
        2004051918  3045113       7.31     282.63  1
        2004051921  3299477       7.49     282.10  1
        2004052000  3277333       7.81     280.64  1
        2004052003  3522753       7.98     280.11  1
        2004052006  3764461       8.10     279.58  1
        2004052009  3866660       8.28     278.80  1
        2004052012  3837678       8.51     277.99  1
        2004052015  4062373       8.69     277.91  1
        2004052018  4354720       8.70     278.77  1
        2004052021  4568506       8.79     279.41  1
        2004052100  4558198       9.03     279.15  1
        2004052103  4717158       9.10     279.73  1
        2004052106  4821960       9.16     280.17  1
        2004052109  4861348       9.35     280.43  1
        2004052112  4854105       9.50     280.81  1
        2004052115  4839951       9.63     281.20  1
        2004052118  4997218       9.70     281.63  1
        2004052121  5048939       9.82     282.11  1
        2004052200  4766344       9.97     282.67  1
        2004052203  4525229      10.02     283.72  1
        2004052206  4330238      10.09     284.56  1
        2004052209  4038848      10.23     285.45  1
        2004052212  3608329      10.41     286.96  1
        2004052215  2945784      10.47     291.01  1
        2004052218  2933772      10.55     291.51  1
        2004052221  2837428      10.80     291.56  1
        2004052300  2680552      11.29     291.32  1
        2004052303  2671294      11.35     291.58  1
        2004052306  2716288      11.39     292.02  1
        2004052309  2763706      11.56     292.37  1
        2004052312  2772686      11.59     292.65  1
        2004052315  2803460      11.34     293.29  1
        2004052318  2994133      10.76     294.06  1
        2004052321  2872842      10.92     293.91  1
        2004052400  2480438      11.68     293.31  1
        2004052403  2217566      12.12     292.99  1
        2004052406  1522731      15.13     290.65  1
        2004052409  1565694      15.55     290.33  1
        2004052412  1449137      15.86     290.02  1
        2004052415  1347218      16.24     289.83  1
        2004052418  1329792      16.61     289.75  1
        2004052421  1268238      16.98     289.74  1
        2004052500  1164878      17.46     289.76  1
        2004052503  1139494      17.86     289.81  1
        2004052506  1100090      18.40     289.81  1
        2004052509  1043364      18.93     289.84  1
        2004052512   958216      19.27     289.86  1
        2004052515   876147      19.64     289.88  1
        2004052518   754865      20.08     289.88  1
        2004052521   681399      20.47     289.96  1
        2004052600   615141      20.94     290.10  1
        2004052603   543583      21.39     290.22  1
        2004052606   454508      21.84     290.38  1
        2004052609   327803      22.40     290.58  1
LPT    35.0100
        2004052915   524266      -9.40     127.24  1
        2004052918   804200      -9.19     127.42  1
        2004052921  1133199      -8.67     128.01  1
        2004053000  1675540      -7.42     129.31  1
        2004053003  1965905      -6.97     129.65  1
        2004053006  2167471      -6.63     129.81  1
        2004053009  2340873      -6.65     129.74  1
        2004053012  2621403      -6.73     129.66  1
        2004053015  2841316      -6.71     129.73  1
        2004053018  3083548      -6.66     129.65  1
        2004053021  3128478      -6.75     129.65  1
        2004053100  3140209      -6.81     129.50  1
        2004053103  3129851      -6.94     129.45  1
        2004053106  3236358      -6.68     129.58  1
        2004053109  3209187      -6.56     129.60  1
        2004053112  3239214      -6.33     129.66  1
        2004053115  3451539      -5.94     129.64  1
        2004053118  3831031      -5.40     128.66  1
        2004053121  3727993      -5.47     128.31  1
        2004060100  3564931      -5.54     127.49  1
        2004060103  3496931      -5.28     126.98  1
        2004060106  3441678      -4.88     125.93  1
        2004060109  3487713      -4.29     124.88  1
        2004060112  3466688      -3.60     124.36  1
        2004060115  3334415      -2.98     124.06  1
        2004060118  3442474      -2.33     123.70  1
        2004060121  3438126      -2.01     123.57  1
        2004060200  3231405      -1.51     123.10  1
        2004060203  3083397      -0.98     123.05  1
        2004060206  3120958      -0.49     123.06  1
        2004060209  3214502      -0.27     123.33  1
        2004060212  3291880      -0.12     123.66  1
        2004060215  3327735       0.08     124.14  1
        2004060218  8932676      -4.48     149.19  1
        2004060221  9080319      -4.46     149.40  1
        2004060300  8930480      -4.46     149.63  1
        2004060303  5324740      -0.40     132.31  1
        2004060306  5432106      -0.41     132.70  1
        2004060309  5406955      -0.48     133.13  1
        2004060312  5269648      -0.92     134.44  1
        2004060315  5233264      -1.13     135.23  1
        2004060318  4867124      -1.74     136.89  1
        2004060321  4658076      -1.75     137.80  1
        2004060400  4558607      -1.68     138.26  1
        2004060403  4439226      -1.59     138.51  1
        2004060406  4391572      -1.46     138.71  1
        2004060409  4359177      -1.33     138.66  1
        2004060412  4336913      -1.15     138.88  1
        2004060415  4260057      -0.92     139.07  1
        2004060418  4261698      -0.73     139.40  1
        2004060421  4036899      -0.45     139.84  1
        2004060500  3834342      -0.18     140.49  1
        2004060503  3692446       0.04     141.06  1
        2004060506  3598252       0.31     141.80  1
        2004060509  3507118       0.55     142.38  1
        2004060512  3445323       0.68     143.04  1
        2004060515  3430412       0.78     143.68  1
        2004060518  3460268       0.96     144.21  1
        2004060521  3406262       1.15     144.88  1
        2004060600  3397767       1.21     145.39  1
        2004060603  3396135       1.26     145.69  1
        2004060606  3391445       1.32     145.96  1
        2004060609  3369165       1.38     146.18  1
        2004060612  3350744       1.42     146.50  1
        2004060615  3326108       1.56     147.03  1
        2004060618  3339824       1.71     147.73  1
        2004060621  3285807       1.88     148.47  1
        2004060700  3110127       2.05     149.30  1
        2004060703  3059087       2.22     150.08  1
        2004060706  3122994       2.29     150.84  1
        2004060709  3161724       2.28     151.65  1
        2004060712  3202748       2.23     152.26  1
        2004060715  3295603       2.12     152.99  1
        2004060718  3403003       1.98     153.69  1
        2004060721  3304053       1.88     154.32  1
        2004060800  3156505       1.76     155.52  1
        2004060803  3091933       1.65     156.54  1
        2004060806  3128134       1.63     157.56  1
        2004060809  3018671       1.68     158.38  1
        2004060812  2967688       1.75     158.97  1
        2004060815  2924436       1.88     159.30  1
        2004060818  2870469       2.00     159.36  1
        2004060821  2500435       2.21     159.76  1
        2004060900  2061602       2.43     160.83  1
        2004060903  1584891       2.46     162.85  1
        2004060906  1271524       2.42     164.99  1
        2004060909  1182838       2.34     165.34  1
        2004060912  1161348       2.14     165.28  1
        2004060915  1174596       1.87     164.94  1
        2004060918  1119867       1.70     164.85  1
        2004060921   988797       1.40     164.65  1
        2004061000   906257       1.18     164.39  1
        2004061003   812943       0.95     163.99  1
        2004061006   623969       0.44     163.38  1
        2004061009   349926      -0.57     162.10  1
LPT    36.0100
        2004060409   498173       1.52      82.70  1
        2004060412  1144081       1.86      83.36  1
        2004060415  1751567       2.07      83.25  1
        2004060418  2322830       2.31      82.98  1
        2004060421  2698491       2.61      82.59  1
        2004060500  2962246       2.83      82.29  1
        2004060503  3124169       3.08      81.95  1
        2004060506  3350853       3.23      81.88  1
        2004060509  3599094       3.52      81.81  1
        2004060512  3857770       3.92      81.81  1
        2004060515  4073205       4.17      81.78  1
        2004060518  4191150       4.28      82.13  1
        2004060521  4285665       4.21      83.01  1
        2004060600  4563215       4.42      83.98  1
        2004060603  4763512       4.62      84.50  1
        2004060606  4996203       4.84      85.13  1
        2004060609  5264270       4.99      85.88  1
        2004060612  5385965       5.07      86.15  1
        2004060615  5172241       5.05      87.17  1
        2004060618  4924056       5.07      88.30  2
        2004060621  4954145       5.12      88.89  2
        2004060700  5177784       5.12      89.12  2
        2004060703  5279182       5.16      89.09  2
        2004060706  5451724       5.37      89.06  2
        2004060709  5733246       5.69      89.33  2
        2004060712  5931690       6.07      89.30  2
        2004060715  5922657       6.35      89.61  2
        2004060718  7471720       8.17      95.80  2
        2004060721  7471446       8.63      96.45  2
        2004060800  7429966       8.89      96.23  2
        2004060803  7450120       9.23      95.97  2
        2004060806  7576358       9.51      95.92  2
        2004060809  7444558       9.79      95.65  2
        2004060812  7348767       9.94      95.36  2
        2004060815  7287671       9.99      95.28  2
        2004060818  7361555       9.97      95.52  2
        2004060821  7533449       9.99      95.34  2
        2004060900  7534984       9.96      94.07  3
        2004060903  7588995      10.00      93.38  3
        2004060906  7607582      10.11      92.89  3
        2004060909  7721922      10.28      92.39  3
        2004060912  7357605      10.64      91.40  3
        2004060915  7315311      10.95      90.97  2
        2004060918  7377726      11.01      91.45  2
        2004060921  7660728      10.97      92.12  2
        2004061000  7471160      10.82      91.15  2
        2004061003  7081198      10.70      89.76  3
        2004061006  7527796      10.57      90.27  3
        2004061009  7817115      10.37      90.87  2
        2004061012  8005654      10.32      91.43  2
        2004061015  8086792      10.23      91.83  2
        2004061018  8232343      10.27      92.21  2
        2004061021  8395081      10.24      92.55  2
        2004061100  8410810      10.47      92.56  2
        2004061103  8692045      10.71      92.90  1
        2004061106  8860798      10.92      93.43  1
        2004061109  8785086      11.24      93.43  1
        2004061112  8438840      11.95      93.01  1
        2004061115  8047193      12.66      92.39  1
        2004061118  8005996      12.76      92.88  1
        2004061121  8195190      13.05      92.88  1
        2004061200  8215472      13.24      92.81  1
        2004061203  8115716      13.44      93.06  1
        2004061206  8038953      13.65      93.47  1
        2004061209  8072453      13.82      94.30  1
        2004061212  6950443      13.63      98.62  1
        2004061215  6887810      13.81      98.71  1
        2004061218  6877203      14.02      98.65  1
        2004061221  6830137      14.21      98.37  1
        2004061300  6811450      14.42      98.09  1
        2004061303  6788575      14.57      98.02  1
        2004061306  6816310      14.78      97.98  1
        2004061309  6697829      15.00      97.98  1
        2004061312  6665016      15.16      97.80  1
        2004061315  6541720      15.24      97.67  1
        2004061318  6462611      15.30      97.52  1
        2004061321  6412995      15.49      97.23  1
        2004061400  6303175      15.57      97.00  1
        2004061403  6178445      15.70      96.84  1
        2004061406  6060882      15.92      96.59  1
        2004061409  5950675      16.15      96.43  1
        2004061412  5819112      16.28      96.33  1
        2004061415  5609433      16.32      96.22  1
        2004061418  5477659      16.36      96.06  1
        2004061421  5728926      16.51      94.19  1
        2004061500  5512636      16.62      93.73  1
        2004061503  5305570      16.68      93.86  1
        2004061506  5288792      16.82      93.33  1
        2004061509  5329101      16.92      92.88  1
        2004061512  5156377      17.08      92.12  1
        2004061515  4943379      17.09      91.79  1
        2004061518  4911040      17.18      91.45  1
        2004061521  4775359      17.16      91.54  1
        2004061600  4728029      17.26      91.17  1
        2004061603  3563870      16.82      96.45  1
        2004061606  3440976      16.81      96.56  1
        2004061609  3403632      16.86      96.57  1
        2004061612  3318159      16.91      96.49  1
        2004061615  3242802      16.93      96.40  1
        2004061618  3314516      17.10      96.21  1
        2004061621  3372503      17.21      96.08  1
        2004061700  3376387      17.19      95.95  1
        2004061703  3408478      17.27      95.74  1
        2004061706  3443132      17.42      95.44  1
        2004061709  3516018      17.56      95.20  1
        2004061712  3525990      17.68      94.99  1
        2004061715  3531850      17.82      94.79  1
        2004061718  3622253      18.14      94.56  1
        2004061721  3597067      18.32      94.39  1
        2004061800  3604021      18.54      94.22  1
        2004061803  3577510      18.68      94.08  1
        2004061806  3557614      18.86      94.00  1
        2004061809  3535111      18.93      93.92  1
        2004061812  3476953      19.07      93.80  1
        2004061815  3383560      19.14      93.72  1
        2004061818  3404306      19.36      93.58  1
        2004061821  3349517      19.48      93.52  1
        2004061900  3300453      19.65      93.38  1
        2004061903  3253764      19.80      93.24  1
        2004061906  3191052      19.94      93.16  1
        2004061909  3134540      20.10      93.09  1
        2004061912  3024623      20.23      93.02  1
        2004061915  2907234      20.31      92.96  1
        2004061918  2816896      20.44      92.94  1
        2004061921  2694903      20.43      92.85  1
        2004062000  2606883      20.49      92.80  1
        2004062003  2468199      20.57      92.80  1
        2004062006  2382753      20.70      92.76  1
        2004062009  2273464      20.84      92.77  1
        2004062012  2170968      21.01      92.80  1
        2004062015  2103159      21.18      92.76  1
        2004062018  2051240      21.25      92.80  1
        2004062021  1949644      21.24      92.80  1
        2004062100  1926286      21.21      92.83  1
        2004062103  1860552      21.19      92.89  1
        2004062106  1793137      21.25      92.93  1
        2004062109  1728443      21.44      92.95  1
        2004062112  1613633      21.64      92.90  1
        2004062115  1472178      21.96      92.80  1
        2004062118  1398367      22.20      92.71  1
        2004062121  1261874      22.40      92.62  1
        2004062200  1228414      22.63      92.48  1
        2004062203  1163644      22.89      92.46  1
        2004062206  1105191      23.10      92.52  1
        2004062209  1006470      23.40      92.56  1
        2004062212   924318      23.61      92.62  1
        2004062215   864345      23.71      92.65  1
        2004062218   829470      23.75      92.64  1
        2004062221   778617      23.76      92.64  1
        2004062300   687466      23.77      92.64  1
        2004062303   597433      23.86      92.63  1
        2004062306   481926      23.98      92.64  1
        2004062309   321922      24.22      92.68  1
LPT    37.0100
        2004061018   352185      -1.42     159.90  1
        2004061021   384639      -1.31     159.34  1
        2004061100  1108232       0.27     153.06  1
        2004061103  1436250       0.33     152.55  1
        2004061106  1736388       0.37     152.26  1
        2004061109  1860576       0.54     151.58  1
        2004061112  2324022       0.73     151.37  1
        2004061115  2816611       1.04     150.44  1
        2004061118  3398564       1.28     148.97  1
        2004061121  3601977       1.37     148.39  1
        2004061200  3824407       1.49     148.05  1
        2004061203  4016834       1.60     147.63  1
        2004061206  4220560       1.72     147.42  1
        2004061209  4402031       1.78     147.17  1
        2004061212  4568525       1.90     147.06  1
        2004061215  4750998       2.01     146.93  1
        2004061218  4839431       2.16     146.72  1
        2004061221  4924792       2.29     146.41  1
        2004061300  4930077       2.49     146.05  1
        2004061303  4943019       2.68     145.67  1
        2004061306  5001163       2.87     145.18  1
        2004061309  5111503       3.05     144.88  1
        2004061312  5144928       3.24     144.52  1
        2004061315  5196842       3.38     144.37  1
        2004061318  5233024       3.55     144.02  1
        2004061321  5196154       3.74     143.85  1
        2004061400  5166845       3.94     143.64  1
        2004061403  5153030       4.10     143.57  1
        2004061406  5124636       4.27     143.45  1
        2004061409  5152721       4.46     143.38  1
        2004061412  5253084       4.56     143.45  1
        2004061415  5300233       4.69     143.40  1
        2004061418  5278145       4.74     143.45  1
        2004061421  5263049       4.86     143.46  1
        2004061500  5374864       5.01     143.36  1
        2004061503  5449292       5.14     143.27  1
        2004061506  5527128       5.27     143.23  1
        2004061509  5615587       5.41     143.16  1
        2004061512  5774602       5.56     143.18  1
        2004061515  5955343       5.72     143.20  1
        2004061518  6046254       5.88     143.16  1
        2004061521  6164337       6.05     143.16  1
        2004061600  6242888       6.24     143.16  1
        2004061603  6311512       6.32     143.27  1
        2004061606  6445075       6.35     143.42  1
        2004061609  6570642       6.37     143.60  1
        2004061612  6660419       6.35     143.84  1
        2004061615  6733716       6.32     144.07  1
        2004061618  6726473       6.52     144.02  1
        2004061621  6853837       6.73     144.05  1
        2004061700  6851518       7.09     143.86  1
        2004061703  6733824       7.45     143.72  1
        2004061706  6640864       7.90     143.55  1
        2004061709  4879678      12.30     139.10  1
        2004061712  4741893      12.90     138.61  1
        2004061715  4687482      13.37     138.29  1
        2004061718  4573482      13.79     138.15  1
        2004061721  4577575      14.17     138.07  1
        2004061800  4562632      14.55     138.03  1
        2004061803  4535305      14.96     138.16  1
        2004061806  4543265      15.27     138.28  1
        2004061809  4544936      15.54     138.44  1
        2004061812  4600140      15.80     138.66  1
        2004061815  4579625      16.04     138.81  1
        2004061818  4597569      16.23     138.96  1
        2004061821  4592894      16.41     139.08  1
        2004061900  4601123      16.61     139.15  1
        2004061903  4594229      16.83     139.47  1
        2004061906  4614861      16.99     139.72  1
        2004061909  4612178      17.18     140.07  1
        2004061912  4634159      17.37     140.53  1
        2004061915  4664458      17.55     140.87  1
        2004061918  4803983      17.59     141.64  1
        2004061921  4906240      17.58     142.42  1
        2004062000  4905075      17.62     143.13  1
        2004062003  7512242      12.40     149.76  1
        2004062006  8144135      11.78     150.65  1
        2004062009  6345410       8.70     157.19  1
        2004062012  6719239       8.35     157.06  1
        2004062015  6928834       8.08     157.17  1
        2004062018  7173590       7.85     157.15  1
        2004062021  7387183       7.46     157.08  1
        2004062100  7551946       7.16     157.09  1
        2004062103  7645313       7.06     156.98  1
        2004062106  7713012       6.93     156.90  1
        2004062109  7805314       6.77     156.76  1
        2004062112  7907346       6.67     156.60  1
        2004062115  7999468       6.49     156.57  1
        2004062118  8147484       6.33     156.49  1
        2004062121  8263275       6.09     156.47  1
        2004062200  8365120       5.90     156.43  1
        2004062203  8442792       5.70     156.45  1
        2004062206  8548241       5.49     156.39  1
        2004062209  8653383       5.26     156.23  1
        2004062212  8716431       4.99     156.11  1
        2004062215  8788733       4.68     156.02  1
        2004062218  8922676       4.43     155.94  1
        2004062221  8819099       4.16     155.91  1
        2004062300  8693435       3.87     156.05  1
        2004062303  8563693       3.68     156.22  1
        2004062306  8552407       3.47     156.46  1
        2004062309  8525678       3.30     156.71  1
        2004062312  8459272       3.10     157.19  1
        2004062315  8183589       2.77     158.10  1
        2004062318  8207445       2.56     158.62  1
        2004062321  8210554       2.31     159.20  1
        2004062400  8263273       2.15     159.47  1
        2004062403  8242001       2.10     159.59  1
        2004062406  8327161       1.95     159.82  1
        2004062409  8478259       1.84     159.87  1
        2004062412  8645618       1.69     159.90  1
        2004062415  8770143       1.61     159.89  1
        2004062418  9034432       1.58     159.52  1
        2004062421  9328336       1.77     159.03  1
        2004062500  9660385       2.02     158.65  1
        2004062503  9776154       2.16     158.46  1
        2004062506  9972984       2.37     158.20  1
        2004062509 10121504       2.53     157.98  1
        2004062512 10353995       2.75     157.76  1
        2004062515 10632391       2.95     157.59  1
        2004062518 11027011       3.16     157.36  1
        2004062521 11283334       3.38     157.17  1
        2004062600 11581980       3.50     157.13  1
        2004062603 12062163       3.40     157.67  1
        2004062606 12577893       3.21     158.18  1
        2004062609 12968331       3.09     158.63  1
        2004062612 13281475       3.01     158.84  1
        2004062615 13485744       2.96     158.90  1
        2004062618 13714204       2.98     158.84  1
        2004062621 13966882       2.96     158.61  1
        2004062700 13910471       3.07     158.37  1
        2004062703 13648062       3.27     158.24  1
        2004062706 12271320       4.53     158.64  1
        2004062709 12196761       4.61     158.36  1
        2004062712 12128266       4.68     158.12  1
        2004062715 12010818       4.72     157.94  1
        2004062718 11833580       4.82     157.69  1
        2004062721 11699340       5.00     157.22  1
        2004062800 11253284       5.06     156.92  1
        2004062803  4648893      -4.94     177.33  1
        2004062806  4507366      -5.13     177.75  1
        2004062809  4429870      -5.28     178.09  1
        2004062812  4356649      -5.35     178.34  1
        2004062815  4202154      -5.45     178.41  1
        2004062818  4088741      -5.68     178.53  1
        2004062821  3886503      -5.92     178.47  1
        2004062900  3644904      -6.13     178.29  1
        2004062903  7044470     -16.44     172.51  1
        2004062906  6969425     -17.56     172.29  1
        2004062909  6340045     -19.12     172.03  1
        2004062912  5325282     -21.72     171.50  1
        2004062915  4555715     -23.84     171.17  1
        2004062918  4118480     -25.10     171.46  1
        2004062921  3799797     -26.10     171.95  1
        2004063000  3469786     -26.50     172.36  1
        2004063003  3231507     -26.72     172.84  1
        2004063006  2869612     -27.29     174.16  1
        2004063009  2708111     -27.75     174.86  1
        2004063012  2465818     -28.43     175.88  1
        2004063015  2191611     -28.90     176.66  1
        2004063018  1983620     -29.34     177.36  1
        2004063021  1772739     -29.72     177.96  1
